3161 7354
1728 9841
4972 6982
4480 391
115 3012
6416 8199
8498 1942
5852 3306
2472 7316
9191 3418
5249 3040
6199 7237
3533 7480
9801 6053
5934 4282
8715 6862
2964 5983
9274 9720
8183 9333
3374 5191
5874 3187
9805 4002
7149 1673
3531 742
5736 4868
3580 9215
805 3049
5338 1867
8147 5883
2552 1356
9889 4336
6158 8115
7133 4315
9455 1942
1398 1422
9060 6315
1130 4384
9728 5855
6591 7865
7772 4610
8108 4986
4085 9426
3513 9694
7235 5147
4773 5721
7665 7015
1100 2530
7658 4158
4885 8877
4349 752
3480 3711
706 4996
7098 3451
2208 9033
2872 5331
7677 6566
7872 7678
215 7644
9038 7773
610 1196
3839 7452
4022 9437
6697 2133
4243 7829
3543 9801
7120 2069
173 8327
8076 5965
8241 1928
3586 8834
9305 4234
3208 7952
8346 7978
5381 3280
1775 2769
4711 5025
8845 2902
387 5930
4255 186
5715 2198
3433 980
5018 4462
9427 5398
157 4762
6197 2084
9465 7102
3489 4808
3587 4108
7756 8418
5356 9533
189 5917
8559 5795
2202 394
2346 1199
6021 8461
485 8692
3952 9069
7984 6776
281 8138
3443 3271
149 7030
4908 3891
9003 8669
6434 1473
1977 7228
9801 5392
3575 2129
6625 8635
4644 7945
9572 4649
71 8825
9186 221
8732 2290
2719 8797
9097 9718
5189 8034
8905 3173
8383 225
267 2098
8578 644
6535 7957
183 2232
4648 4891
8708 9164
1099 1924
5050 4640
2110 6782
8493 4327
8814 8201
1302 5813
5884 2378
1981 1523
7067 6437
3631 4513
5961 5697
3085 7963
8575 6738
2809 8332
7230 2621
5425 3177
8396 6191
5932 5104
968 2903
5043 6196
7987 9191
4119 5010
1776 3630
8965 3931
1997 4045
5494 589
5335 4032
8461 2836
214 2730
7456 3458
8072 9456
6782 7429
1926 3298
1840 4303
6827 4452
7871 3034
3241 2902
5757 3524
4648 9368
4932 5394
2262 1536
6324 2734
1913 6390
9351 4255
2857 5390
6135 3180
6641 687
1063 6899
8451 5617
7938 838
6285 7385
9295 62
7833 2704
4938 6248
3219 6897
5548 8351
5518 8358
562 6377
85 820
5336 3855
2733 1598
1771 7581
3456 7320
6494 3347
3628 1794
6337 1038
3723 7511
7537 4734
9916 4635
5457 7227
4036 376
9023 4555
8676 856
4921 909
4526 2124
852 2896
2132 5254
910 7686
9478 2847
2968 7411
1601 7492
9356 8549
8448 8821
4419 8194
2778 8191
9497 8689
722 4789
8219 6028
1149 4540
3708 255
8618 3026
2569 1078
354 8172
8873 3512
8981 6869
675 2034
9131 2330
4206 5633
712 4228
7982 1215
4941 7775
5969 9184
7195 1923
7152 1798
4836 2173
9967 6165
9279 7100
6305 4238
2871 4984
8794 9574
7087 3043
3110 495
7614 9097
2796 2972
4683 7185
8411 1084
5163 8420
666 9465
1811 152
680 7103
0 5615
4872 4670
4840 5220
8153 6924
2826 5326
90 7406
4203 8845
8059 6708
1173 6459
7434 9131
7650 1606
1456 3122
8117 2375
2997 5898
1598 5737
8305 2328
4864 2363
7113 265
6997 6979
9731 9684
518 23
7665 8927
9006 993
4593 7073
3861 9626
8779 4111
9217 9703
5884 3793
5907 31
802 2127
3202 6878
1636 3257
8956 9226
2421 8716
9960 8520
2569 8610
9289 6067
3452 7009
8095 7836
1403 6492
6114 6212
2679 208
7384 5555
2373 8010
9742 8907
1671 5485
8256 9583
8171 1006
1552 8065
9130 9397
9958 5170
307 3823
797 2130
3760 6637
1562 1738
8267 7084
1431 8599
5434 140
4578 759
2923 7132
3868 9748
9922 683
2608 4547
7043 9858
9521 3720
3828 7127
7029 1275
5206 3228
8235 2270
9422 6479
4636 6499
6550 4082
9512 9465
6498 452
9642 9131
3796 4911
9099 9155
4501 8368
7690 9363
6464 8522
856 4112
9972 2566
2280 1724
3225 9123
302 1229
4246 8183
4259 6852
4100 1784
8442 7393
4940 1581
4872 8840
2022 810
3565 6037
9677 1471
9467 119
7059 8638
8686 562
2848 3871
8905 1673
5552 1501
847 7971
8217 2996
1797 7373
9861 6609
7034 2313
5144 7060
5293 9432
2807 237
2146 8853
1662 9562
2687 250
8184 6455
5580 6494
3703 5801
8153 6042
7448 2182
5464 3948
3899 1301
5592 974
1239 1904
8088 7549
473 7633
2368 2361
7861 3504
4478 6955
3806 417
8697 9033
9714 7053
4282 5977
3165 9480
6234 8966
7439 2528
3143 8752
9086 3840
7307 286
9890 5936
9764 5933
3016 900
3670 6272
3706 9391
1026 8645
5252 5042
8709 5078
417 3483
8480 280
8903 7935
7149 7764
7333 1158
1029 8126
3647 4425
9378 7665
6631 3139
8787 4060
7189 9344
974 9356
8027 1333
6838 6125
4618 7599
1970 3987
5111 1068
5159 537
1959 5559
1723 6827
7007 2536
9626 9851
5307 6981
9697 8539
2639 3286
8770 8583
4599 6148
5513 9726
5216 8091
1988 4723
3522 9359
1537 3345
1612 4269
402 2213
4311 6322
3756 9313
2995 8073
9216 9094
5199 1140
4512 1327
3275 5058
2892 1095
974 1055
7662 3630
523 6997
9339 6434
4330 9013
9123 1496
1717 9517
3303 2244
391 2161
9639 9204
1481 5801
2587 9025
3857 8339
3717 4054
8356 1270
4763 5028
3402 2148
4049 8842
1445 2520
6544 9971
5507 8205
5581 232
8969 1237
7915 926
408 1095
1486 9059
1645 1136
3486 8095
7248 3119
8087 7808
4708 1858
4253 4245
9678 470
1945 5952
9953 2267
4599 4139
3982 778
4095 1329
6036 6513
4179 2015
7828 7125
2831 9774
9969 8438
2301 8089
8778 5100
5205 1483
5355 4757
7943 5674
8224 4545
4719 8500
1273 4983
7171 5620
9645 9339
28 5642
6596 9077
3336 3358
6593 6222
6545 1664
8408 4081
6743 2134
6967 9164
7770 8881
2799 9985
4869 3374
154 6972
3751 369
2268 2200
1410 5959
3394 5237
6206 1336
5458 2542
3855 9034
172 1326
5461 9645
9418 7655
4099 7298
4266 4430
3621 1315
9969 4567
9176 8253
1259 5648
9995 4708
9278 9544
1531 7057
2974 6351
4484 8130
1354 2610
3442 1583
3587 1748
7704 8528
3867 2906
557 8361
5595 1054
2632 4696
527 2689
5756 2098
6207 3407
1342 9239
4904 7084
5807 3437
924 1772
6910 797
8112 7747
1501 1042
6961 372
3188 3889
2912 6905
4912 563
7441 8809
8872 9962
6433 82
6738 2812
1004 7409
3152 9639
3696 3305
9536 8638
1946 8040
1882 537
6470 412
2122 9109
2983 3398
219 537
1307 6291
1386 48
9971 5109
5625 8644
3779 7913
7016 6496
6958 445
5434 9130
8609 460
6825 2543
1290 2641
8893 1635
8182 1172
787 5394
8977 8704
6541 3751
2899 4860
607 8352
2014 8693
3137 850
6335 9551
3399 1380
910 5297
7468 478
4673 4646
8439 4385
6913 5826
5618 473
7945 9107
9128 1312
469 3490
5742 3325
3218 3031
3886 2675
5495 1127
8398 164
6018 4677
4589 8955
2705 2319
533 1472
7099 5782
3919 8980
9467 7752
8495 8632
4244 2560
8549 8712
2314 3242
7302 1839
1256 2393
1937 4965
6795 6534
2711 4719
7103 8257
5126 8510
8672 4567
6467 4957
659 3855
8260 1246
2399 2558
2378 7811
9579 118
3224 3297
5017 8847
2827 5236
6257 8862
4882 5717
1453 3380
606 3435
5818 5992
2135 8777
1703 5302
5213 7179
6657 5157
2146 9814
4153 4235
153 1327
9156 608
8484 9691
7623 9241
7272 5816
6082 6730
3304 7461
9006 2430
2644 1653
7423 5014
7979 5217
6663 5056
6288 5603
4622 4537
7020 6450
1579 8512
4659 4926
5907 3430
2481 5958
9970 5452
5584 4876
1119 273
294 5271
9071 9246
6381 3508
1671 1745
6856 5956
125 9340
2694 1783
7144 8263
4347 3550
8556 4418
5378 1022
5229 8420
7078 6797
1973 9288
6020 8930
5792 893
6049 6311
9977 994
1236 5972
3799 757
7966 729
3732 8
2459 235
3413 4411
555 9155
6122 5004
9488 8026
4075 25
1361 7086
3174 6240
637 2871
4986 1913
6721 5656
2937 8736
9134 7730
5305 472
4861 789
1880 9107
6200 6140
1478 95
4984 3805
3899 4419
8924 2921
2282 3152
5337 728
8933 2855
4954 9501
1822 2407
7382 2488
699 7309
2668 5913
9418 2563
4833 1094
7903 7105
8397 7318
8374 7104
2379 572
57 5608
5165 1985
6110 9567
6266 5988
4049 3313
7250 3466
2927 6253
2760 7171
6587 9003
3978 6763
8792 4320
7567 3326
7541 9496
2689 4867
300 65
3903 5138
937 6753
4302 6236
5354 8159
6703 2020
1960 1556
9797 7165
1210 7978
9491 4273
6931 1511
5617 106
9099 8563
8073 6868
940 9360
8653 1999
8206 8827
7256 613
8171 8462
6065 3080
6779 6789
4487 3586
2755 3155
6504 2962
1351 4892
8685 9996
7346 5599
449 447
6249 3739
3116 1628
6913 7444
5935 8445
6077 2504
3759 6908
6451 3986
2574 1904
5386 2945
6402 6669
3344 8475
4625 3417
307 4310
5901 1080
5113 8352
8677 6673
6453 5055
2261 2700
2949 6581
7943 2069
1068 5435
1883 6829
8953 4977
9299 8427
4643 4899
7695 7216
9780 9379
5218 5181
8470 6289
3575 7358
8382 5298
3585 1281
5445 4276
3047 4785
9756 2061
694 1633
4533 4982
8562 7788
5336 5452
4264 4792
9095 6810
1070 8092
8252 9694
4087 1550
2762 2121
9684 743
1952 257
7958 6458
1585 2768
191 7295
9345 4182
5012 8069
3146 1270
5838 9958
1541 5393
919 1703
9650 9406
5597 1165
613 7020
5228 4404
6670 1407
3905 6162
2870 2936
8862 8578
9762 1523
2249 6555
3675 3831
7093 3546
3936 1450
2539 6064
6155 7414
3307 121
2760 4546
2643 9234
5908 5498
7580 101
6415 4346
874 2572
7351 7055
3243 8335
8653 9094
4425 4833
5376 6347
7221 8952
1155 2191
4332 5661
8289 5065
416 4662
6457 848
6235 6919
497 725
7815 6553
6584 5907
5451 2326
365 864
6404 3161
212 1268
2008 6907
8880 7659
8017 1466
5912 4210
7864 7456
254 8055
5087 504
3380 873
6467 8101
7140 6627
9140 3162
6180 8446
63 7024
4538 7490
2805 8413
8320 8750
1869 6815
1017 9559
6291 6572
5376 6806
2194 1405
3246 4600
3062 828
396 475
5242 9282
7714 1604
2158 8817
1539 1520
6514 493
6484 203
719 637
9697 8917
7014 5980
2101 2225
7548 6321
6115 4606
8095 6767
3359 9495
7517 1421
2134 9136
2749 3472
3324 8341
6395 4500
2156 8139
5503 8365
2356 258
1829 1239
927 5240
2744 4601
7715 1589
9714 8083
5782 3793
9750 6503
6760 8510
4479 1232
8168 229
7480 5789
4984 1027
4124 3545
580 4178
7947 2495
7135 9507
9153 3503
7513 3103
8869 6008
8215 9772
6878 7925
2787 3952
4968 8106
2536 1921
1090 3202
1834 4006
5180 9358
7373 2931
8783 2023
1473 4729
7683 5682
7759 9180
7162 4384
824 944
205 7277
2651 6942
683 5925
8364 8903
8515 8728
7973 6803
9441 9985
1359 2279
6249 4337
7291 7458
1792 1991
6764 9058
7403 1918
6132 2038
1136 5487
5392 4652
9169 2878
104 2627
1144 1904
5540 6042
2785 8631
7616 4186
4837 2398
5181 6550
6220 6444
8417 2278
5097 9327
5001 3896
6562 3484
1868 4454
2390 1145
6486 4945
4983 7184
7168 4476
8070 9752
1157 2248
9344 3870
2883 4293
9018 6064
231 5915
2122 535
2205 6518
5625 3627
4840 5676
1497 4571
8080 3516
6233 785
8955 4131
8408 581
4740 1406
3388 6958
3376 274
9897 5529
2959 2665
7890 5700
6387 3761
653 2302
1871 337
3897 1424
2083 9790
9669 6401
1942 895
7518 9573
8112 1786
9467 6721
7423 2961
318 7564
3919 102
6880 4762
890 9122
3724 6914
3048 1834
7392 3864
2256 6313
520 1375
3178 2450
6539 7998
8222 2601
4849 2706
6408 3110
8162 3998
567 2477
120 7328
2269 2824
5753 1557
8097 1131
9586 8184
3687 5777
6808 3275
136 2248
4301 849
647 1349
6381 5239
9435 855
7367 864
4309 1080
898 4425
7507 8603
4827 2712
4945 7256
3454 3092
916 7618
1816 5409
87 7286
3250 9091
1490 6851
529 4131
6864 5997
2764 9081
7383 9794
5171 4876
6241 1964
6360 2611
539 5450
561 9280
2755 5450
4942 2528
8068 458
6242 4212
3144 9611
3868 9246
5537 4241
3018 8309
728 7218
4439 3296
698 3327
9095 9624
5047 9645
8801 2190
6091 8898
5406 8863
8897 9610
4907 6194
3099 8535
3032 766
5166 5081
7703 401
1153 6953
7712 1420
6292 5383
926 9205
6435 9380
529 2462
3997 2675
8131 1099
4945 4607
7191 8825
1673 5506
8719 4500
8588 5233
8562 5826
9969 1715
5642 2864
8759 3358
9219 4462
5882 1412
5208 6326
5405 7549
656 1626
7387 8409
1917 9249
7971 4260
4449 390
6578 1498
7532 8778
1430 8904
9282 1881
728 9436
988 4049
9558 1164
3038 8555
1316 3550
7449 5406
7849 5298
3144 4580
676 7604
8161 9483
4947 3963
7151 8494
7909 3007
4066 7302
2920 9425
8968 3477
3914 1972
5519 5495
1683 442
2447 3056
3397 7501
2623 4054
9366 5316
1678 2219
9172 3234
4635 9585
8415 260
7091 3565
909 5809
4459 6552
220 2035
3242 5465
7427 2525
9083 4419
4553 8069
1033 5478
9544 9905
9555 9865
8517 4216
3852 5285
4068 2254
1226 6011
308 9300
348 5974
9378 5926
8314 8825
201 4748
8346 2275
6239 313
6352 9912
3655 9951
4738 6788
3659 5457
7746 3588
9799 206
2739 2610
87 9072
6851 605
7362 4879
5075 6205
4795 9258
8751 8290
2742 9509
1845 3459
4182 5760
4874 5104
6413 4871
3179 4216
5072 7217
8371 8791
8704 9491
6748 9125
6810 8636
9356 5126
4120 8815
2107 1280
2423 9810
3148 8780
6224 9851
9738 9050
8883 4960
5426 7672
4053 7506
4984 7776
6551 5739
4712 7801
5966 4917
910 7922
9836 3123
5808 4693
2082 9033
8978 6309
6369 3682
2010 1870
4092 2321
4959 3474
6521 7059
1478 2992
6141 3366
8286 5499
6431 320
6101 6137
6035 4490
3701 3060
2248 742
8747 7768
200 7659
8931 4789
618 8524
1634 4966
768 5920
648 1357
1262 7256
5467 7146
1478 5532
9585 7325
8357 750
3720 3242
3938 318
2820 3635
7733 8845
1871 4754
5908 8120
1505 8528
1579 177
3359 6830
6467 406
9745 649
4984 590
5237 3841
7981 298
1466 8182
8356 6877
4576 4372
6317 6693
9162 898
4902 3005
3801 9262
2603 3117
9374 3695
8236 2719
5104 910
4062 1364
9949 6966
1467 5033
8159 8531
5628 276
3476 3650
5342 8395
2635 7046
6796 3594
4033 1317
6405 5199
4862 96
2405 1697
2890 9451
6343 5981
1962 4529
1119 1991
4568 1343
2918 1958
7994 7573
6863 2144
5140 9711
8882 3543
2295 5895
5703 7640
5536 4404
9716 4560
4249 7105
4109 1588
9693 3907
7642 2308
3694 2891
6680 739
1920 3185
9013 9775
4959 5322
1154 9123
6388 302
7532 3449
9763 7917
5326 1698
4 6048
9633 4690
8923 4446
2257 2464
2882 9314
7195 8475
986 6955
9091 4012
2772 727
9233 7265
9369 198
2744 7974
751 4717
3201 2260
8873 9536
8232 1999
6487 1867
5080 9019
8709 6029
5737 8944
9813 3375
4176 5675
6739 7777
2369 5085
7404 2082
5767 6319
4279 3475
5213 3899
8850 1488
4212 4833
3503 4585
6869 9682
9893 1103
3109 1642
8158 5612
8671 3020
8930 3412
546 4217
6903 3501
2095 2856
7211 9194
4806 3540
1192 1127
9886 9208
0 9537
3350 7604
6627 7841
6222 9564
5483 1315
7951 527
8020 28
3304 870
5914 7266
7612 5737
6367 7376
7064 7739
7219 5886
2863 354
374 4517
4512 4577
7081 1741
6561 715
9428 7304
1329 6804
3315 6029
8071 4237
1767 1096
7703 8562
3406 6197
8624 5264
380 9598
4924 9755
3982 9286
8483 4082
9667 6824
6109 743
8235 6878
9842 1923
9037 8794
5091 7806
7856 1159
6334 7607
34 3954
1817 6533
405 8728
8988 1330
9055 9970
4879 3795
3504 4531
2110 9375
3978 5606
5687 7937
4882 3408
7353 1600
7340 140
5296 1492
5019 4945
5111 8342
8767 9832
5285 660
5779 3786
1865 3015
1515 7656
8061 6497
1563 9170
2849 1979
1209 7106
6442 6600
2619 2931
7487 2335
563 9885
487 5249
3462 6042
5863 114
1781 4841
7648 6954
1524 9747
4064 4301
769 2276
4995 5865
5772 4577
7293 6446
8612 7358
5897 7179
874 4693
1938 5597
6929 5977
7688 3796
6144 5818
40 3010
440 9969
4258 6006
5080 2947
9180 1952
3255 6272
7151 7296
7483 5926
3080 8309
9921 9034
2190 1023
3857 6148
8626 1130
8362 7243
4225 9348
1573 3802
6560 74
798 3089
6599 7788
2229 2343
2363 4980
186 5567
9372 2842
9640 4113
8186 3494
4587 342
973 6823
174 4067
3177 9064
4936 4743
2370 4374
6577 1432
9981 7250
7997 4062
7511 1963
1742 7229
674 450
5768 7845
3214 9140
4362 6740
9094 7991
7091 8175
4082 7317
6431 7487
4900 4652
4397 6508
1948 46
5221 840
789 4309
6247 5268
7472 1426
110 8828
559 788
8987 537
2057 7277
687 2833
8899 7452
2856 3241
8498 4137
3134 3101
1610 2310
5203 8021
3773 7298
8594 5838
2269 8760
4320 2754
8539 5798
6192 6476
1205 4881
5869 1427
93 2385
1020 4896
5248 8234
3322 5847
9643 8243
7455 2091
96 6729
8113 9044
5969 984
5963 9899
7090 9991
1132 3673
3743 8946
3918 5547
1368 8190
9789 5531
3513 9038
7204 5571
1627 2620
7747 6107
5305 515
5849 1902
9961 507
1354 3184
3540 9959
2851 6700
9143 363
8900 1680
7787 4850
5702 9849
2576 6123
6864 531
6205 3082
3413 7325
3198 5357
5106 463
5617 3407
7084 8883
3906 3511
272 9823
4802 8501
5267 7932
2762 2484
401 4139
1975 3062
5054 6852
7915 196
779 3932
5693 9981
2065 646
3135 5453
9285 817
3107 9667
4639 1471
2149 17
7395 9616
333 2237
4577 906
2215 4138
9967 5694
5776 663
3585 8895
6289 7918
2790 7411
7049 27
8455 686
3398 2291
895 4528
7617 9355
9292 6725
5281 1057
6364 1404
3363 7124
7446 4228
3452 7693
1574 2232
9440 5053
6248 3169
4361 8995
2946 5250
368 2196
6849 4389
5669 2788
4946 3499
2277 3493
1954 5894
8287 7792
2579 9044
6364 12
8357 6961
1461 3780
4242 2706
1504 738
9052 9292
7682 3239
6876 2406
6574 6027
4682 7373
3300 2172
2117 9554
7176 4814
8150 658
1665 8889
293 2540
2175 8496
2626 7707
1432 3275
7038 7540
5196 9007
2934 3067
5599 2494
1784 8306
6615 3664
5738 591
5041 523
5728 7062
9577 1299
3159 3611
8448 5835
920 6099
7351 3982
6326 3938
9544 2866
852 9106
9144 5765
3017 7004
1478 2464
2802 9367
70 1024
3948 4528
2311 7651
2023 4213
335 2273
769 1644
9005 7984
8908 16
1800 1936
1997 8560
8491 4083
6061 8507
6313 3997
411 1785
7579 4682
6253 7449
6361 3088
7746 4964
2324 9845
4878 7862
5204 6437
6796 3148
6284 9405
6702 3773
3202 9912
1880 1098
8215 1376
600 8156
6782 9576
1219 4966
566 3825
752 8638
9090 6876
326 1102
6898 3072
4962 3193
8080 3945
4933 6368
830 8508
3364 2958
4293 4494
3291 178
5876 6416
4947 6811
6753 5813
8924 3041
1459 1915
2547 8637
8552 132
7854 196
3843 6053
6481 1712
9574 382
4142 2288
8033 2178
6113 6126
3223 6921
2101 8432
7475 1794
5993 2341
7958 7021
9006 9029
8413 2413
2323 5336
686 3665
3713 3361
1745 3324
9505 8924
2284 372
3276 4241
5749 5567
38 3063
1995 8368
2950 4037
6602 8065
6461 7184
2281 5714
3287 1436
2653 2271
2269 7742
7487 397
1727 9318
3644 411
4971 568
3748 3692
1506 4712
1642 9137
1543 4864
8128 4981
4852 5805
4292 6116
1122 1708
5445 1394
1867 1829
5328 4251
6396 8110
8754 9804
9053 937
8181 9776
9575 1467
7220 5436
37 1549
9650 1546
2481 1499
5828 1562
8321 311
1292 9552
2547 6969
8885 9842
8830 6534
2651 7136
5377 2159
525 9107
3021 4976
2013 5623
2421 4604
8981 9289
7396 2946
8156 3520
7037 478
5445 4282
2404 6226
8169 5390
7572 7550
8528 7253
5237 3455
948 3184
3646 3787
9320 2337
3004 8296
587 1876
2598 7013
1525 2122
877 2744
3263 4102
4770 3254
5257 4962
7142 4517
4200 6097
2762 6890
8307 7441
3931 7064
5520 4284
7866 7528
4547 109
7918 4255
7535 9980
784 5621
5327 9942
8561 4165
7137 7793
9608 4923
2253 235
4366 4407
5464 6966
3970 7908
2642 1654
9162 6432
4835 8222
4143 3162
9640 2647
6785 915
4422 7675
2931 530
8255 24
1735 180
825 7375
3851 1896
5928 876
4356 8632
6616 926
3898 3621
3131 852
1984 1962
4035 4867
5024 238
3228 5098
7703 9526
6627 2842
8688 8083
1168 9343
8428 3949
8543 913
1301 7557
6707 2578
9051 6698
6888 836
6366 5208
5666 7160
2779 2737
7757 2870
8650 9619
3464 3507
4213 976
6393 2339
7263 4957
6035 3444
7414 2143
6164 3697
6259 2604
219 6508
180 8728
3055 1754
1697 357
6859 1417
1512 6832
6067 9701
4123 865
6600 9861
1691 2533
1484 6727
1344 1148
605 9466
4942 2233
4939 4371
9181 1628
3393 4287
3143 3097
4104 3168
1142 5371
985 5115
6103 1165
6745 2243
1281 1073
2691 8271
5017 4745
8287 3992
2515 5025
474 91
3742 2668
6270 2701
7902 1703
3036 5966
8103 8312
8200 5326
902 5777
7701 4315
8975 2249
6413 4602
1310 1910
5937 402
6304 8264
3150 8547
2104 584
2596 7293
7762 2824
6171 3220
7869 6288
7980 4916
8687 173
6278 9107
8322 8799
4257 591
4471 5601
7803 2216
8059 3969
2685 4008
7171 5724
9474 650
1883 7138
8990 8725
1826 2465
6759 3653
4986 5893
8051 3933
2338 1085
8446 1784
8531 1493
4077 7063
3102 9303
5109 4115
70 3475
8784 9809
3419 8560
4500 7091
2089 84
5310 7589
3238 6818
9089 6590
4018 1811
9258 7320
9596 5956
8007 9786
1137 8993
2309 8145
1375 270
8121 2758
7380 9744
5418 2264
7702 7239
4875 1079
7576 5031
7389 2425
9657 9855
4649 5393
1250 4604
6153 7579
4400 2783
9149 6120
8976 1956
7380 7812
5444 7386
436 4519
8400 664
336 4227
2915 5393
8162 3515
1883 6
9765 2931
3636 4978
4658 5072
4766 9393
1405 5113
7371 9409
5389 9583
7819 6647
2964 2433
3726 3406
8854 4431
5702 7353
3686 3745
7834 9548
4803 9573
4525 6365
6437 5813
3198 8165
735 9608
4451 1355
7498 1179
2313 919
7720 4220
9671 5594
3347 4152
2394 6550
5252 8447
1450 8496
1312 2914
2250 2146
8669 9544
9143 1101
6776 7823
2355 7153
8425 376
6642 8023
232 4212
1658 2129
7438 7752
5458 9213
960 6275
6028 6754
6639 8861
9043 2017
3665 1721
365 5845
8522 2222
5603 8227
1363 806
4915 9404
2663 946
2606 4605
9828 1232
5104 2174
5291 3784
9949 2633
621 9059
1614 6425
1296 3718
2470 9803
9996 1871
7377 3913
7590 7491
1150 8870
458 3647
9822 9162
4406 3028
2321 4362
1985 3148
6280 34
2983 8144
984 9086
4609 1504
8436 2766
5449 6016
6378 8338
8273 2001
5459 4596
106 6728
9202 2488
6357 5659
9926 7978
941 5996
381 5597
731 9107
7691 5880
8386 7851
7920 3273
4804 662
5965 4199
3725 8621
8626 9991
3476 1028
4584 5733
2958 4859
6529 7938
6864 1327
6969 6680
8575 6764
5776 3325
3207 2112
4727 9722
4409 7465
3452 3104
407 8783
6138 9503
9011 1736
8068 4738
2481 7885
7339 3592
4616 9844
2878 8538
4832 3800
5608 3522
9100 4201
2931 8955
4217 2969
2611 8182
4205 2906
1482 9051
7789 104
2584 8599
8490 5903
3430 9273
8459 8926
9103 569
8198 4929
8288 5785
5692 6308
4002 3741
6078 4102
5456 914
643 641
9245 7420
9360 6344
9970 9302
4979 6390
2522 453
5906 3736
572 6104
5423 8444
6474 1184
6028 769
4941 8298
1941 5086
9376 1072
9568 4471
6078 3248
9898 3766
6287 9002
4721 8721
7945 4307
6951 4596
4969 7002
4738 9475
7738 9655
3893 558
3759 3656
7916 6692
52 9958
1093 6230
7300 9145
5858 5064
1104 7779
8450 8468
6379 7275
2357 957
8970 3809
7533 1431
7032 3654
82 5596
693 259
5028 5285
7948 4188
2107 8259
9733 4187
7942 5106
3284 5466
4690 1300
8988 7191
9203 2714
8120 673
1823 9169
100 1425
4642 8869
4376 992
3558 9264
2915 4465
5991 2360
6507 8504
7861 735
47 2958
7698 5530
4916 5359
1426 7242
2483 2969
71 361
1146 7764
9917 1462
6440 4891
3404 5470
3358 914
7529 2208
7235 5152
1626 3243
9485 4771
4388 1995
9568 5285
8577 2926
635 7004
2742 7393
2738 1742
6957 2033
3026 3027
3128 289
297 3235
3663 6545
895 2453
2975 9425
3873 9563
2984 149
294 52
4851 9231
7277 9408
4631 8277
852 6392
1430 8536
3836 1355
4325 8877
8537 6024
922 7035
9812 5339
7437 9978
1365 5076
8429 5412
1105 4374
56 3039
6114 6090
7250 4873
9467 5322
7554 2101
7364 8288
2363 1283
6770 4650
2401 103
8090 5994
715 8302
8762 3997
4338 5506
4571 4358
4198 4946
6639 2336
6720 5852
651 4912
6467 5939
1699 539
668 1547
6276 2901
4016 8092
1117 4611
7526 4669
1058 1719
4796 2772
9754 188
5861 2556
6226 3620
9848 6574
9768 7725
8084 5399
6946 216
5331 8469
7227 9232
2509 1281
422 7537
5317 2409
2067 4663
4623 2359
2783 5054
7871 6061
7960 3626
9674 2960
1822 7414
4096 8476
1377 6197
749 980
5597 3355
3532 768
5337 2898
6814 8125
1075 6931
2912 6481
4074 5182
7731 4616
2492 5209
4901 7411
5437 1191
2316 6407
3332 8824
344 8498
3818 6605
7497 8924
5225 8154
7294 2734
6232 1392
7279 6744
6057 9527
2598 6009
1598 8007
7194 1524
8053 4049
1515 44
6689 2
389 85
7535 2652
3564 4261
8900 4827
2745 4533
5902 7195
159 1010
3730 168
6515 3771
8138 4505
1343 8830
5238 2049
5522 1971
1278 7535
2801 2061
4536 9614
1302 8476
1873 8039
1515 7644
8503 5010
5210 7449
498 2772
8742 7785
3158 1891
1783 2259
1592 9208
8079 1159
5568 3281
3734 3473
7775 1716
6013 8462
4172 9413
4668 5669
944 3018
5234 4373
8367 3757
4741 4143
1217 2626
6126 622
4583 3134
2212 4555
9057 1768
9385 5258
7320 493
8125 7168
3505 4215
8371 5978
599 8277
4812 9735
7055 5302
62 1590
2971 2709
8262 8051
8876 3473
4450 5093
3888 1158
4249 4487
3418 5405
1014 9038
2210 94
3616 8034
1096 8230
4967 3223
3080 9992
2002 6241
1589 7991
176 9116
5988 6852
9322 3237
9340 9237
6939 1697
5258 6011
7080 829
3072 5363
5773 1536
4278 5064
105 9414
2053 5678
2916 8849
1333 767
9100 813
5357 8518
4915 1837
107 2907
3508 462
2437 7152
8086 7614
8819 1883
2626 937
5294 7582
2169 1004
6790 1071
3395 3222
7061 1603
2954 4339
7620 163
381 3768
9457 5384
3383 9118
1843 1243
4148 6581
5414 2163
8765 6240
8931 8703
3669 9277
8161 9464
342 6528
3985 4221
14 33
1113 5221
9750 4873
6885 9051
9994 6114
1186 9073
9031 9619
4868 1386
1120 6606
8522 3410
7614 68
9636 7933
1489 1301
4466 2580
7046 9949
2948 7030
668 4574
1325 5302
5951 1374
6460 6376
6882 9893
2424 8422
2408 7240
4062 2298
6734 9379
2834 8649
7154 2118
8531 9062
4129 7702
5840 3301
8426 2555
8227 2889
2923 5939
1452 8714
1612 4543
9124 2041
5266 7246
1817 2952
459 144
3905 1684
9346 2382
9015 958
3256 3752
636 1022
6235 3590
2379 7195
3089 4410
193 1905
9636 8191
368 1572
1230 5880
9373 5101
529 4507
5334 8379
1007 5294
9055 8285
4788 3413
8956 6491
9439 2040
4839 8746
6671 9087
8985 2428
48 444
8416 305
288 6350
6964 211
42 6190
7342 9440
3782 5413
3516 1323
6932 8012
5572 5839
179 6451
2885 4643
8785 9168
5370 1595
3310 566
1209 4809
7889 8290
4339 9944
2150 1067
2196 3587
7473 2181
4549 8701
5425 5677
5648 3255
246 3171
7908 9171
3767 7645
4801 6336
4288 8824
1928 7237
6153 8618
5824 6650
1911 7984
1824 3288
7321 345
6094 6542
7284 3946
3489 8330
1987 4439
3466 287
4604 6270
1446 2017
9807 1625
4155 5856
1269 4659
5195 3215
5032 9407
9088 5833
3970 3316
6679 7634
9889 3019
6440 46
4901 1773
4926 4387
2375 8338
8037 4776
8255 3894
1607 5821
4007 4934
2313 7349
85 315
4632 881
8965 7499
8584 32
5029 4190
6522 2475
3068 4649
3198 5030
1358 9735
2586 1884
4097 5427
4075 2108
2090 6198
6242 6511
473 5955
1701 7027
8844 4330
4004 9108
2529 4963
9558 6013
2374 7237
2444 4764
9056 4466
4980 4170
4745 5407
9665 562
8537 1345
9565 6166
5575 9868
8940 9253
8092 27
9575 4466
2686 4608
274 4309
9678 9453
9922 91
2681 2539
7157 6171
6296 1105
4511 1267
1711 9132
7162 5855
2395 5721
7819 6560
5812 6275
673 2600
1247 9794
9372 9773
8777 5112
2724 624
9 1958
8174 8162
3184 2959
8827 5963
1621 6540
6514 9397
9819 9465
4372 4540
6149 3124
6988 3204
6708 9861
7241 6887
2366 2864
6718 3366
2362 6160
1397 5507
9309 3713
6878 1953
1776 5032
410 8434
9413 6320
1429 6144
4109 8639
810 5064
9863 8637
140 1705
2304 4347
4311 8701
6856 690
6094 7761
1091 2849
841 6390
851 272
2169 9323
265 1323
9334 9831
4639 3802
3926 3187
8705 3866
4106 6622
1528 6029
9265 3020
5245 4149
8160 9157
7137 3150
1095 5553
6479 5884
4517 2993
1518 22
7873 4475
6406 7233
6989 3663
6009 5480
7289 4830
548 1017
3923 2267
9688 2377
6164 7537
3558 2538
5560 9961
6723 6443
3349 8147
7667 6038
4126 4198
8590 9277
6784 8848
1643 2200
6882 3485
4298 8845
789 400
6368 9344
5769 3470
7533 1782
9253 5759
9178 3034
8934 1010
7340 5605
4426 4851
8820 3096
6477 7072
2630 9261
7916 2151
5116 1680
114 7404
998 6041
4571 3656
1533 8515
4621 2567
6954 6528
785 7823
7442 2970
9286 6272
1152 9936
4706 2275
8420 1055
8988 3272
4643 1759
3075 9638
3673 937
2389 4497
7288 4493
1271 7777
3703 9456
1526 4398
9038 1688
8418 7282
7531 7482
6847 6737
9891 361
8562 3447
7070 993
1782 4359
9678 8563
9248 5207
3911 7109
6054 8772
2617 759
3930 8121
4698 31
6571 2552
5743 5828
4817 8250
9063 4416
614 342
4256 3439
5497 5323
7275 359
1075 8281
4359 8171
5794 2195
2394 3348
4125 5264
1887 4343
6524 3850
8231 1970
7199 3591
9295 4715
6555 6029
7200 2268
5610 2214
6587 2046
2388 4052
6139 8916
6916 8819
8612 3167
2548 2955
2577 2625
3571 4614
4758 194
4034 8867
2336 1514
561 2970
3910 878
8913 3897
3372 4206
449 6779
4277 8373
7795 3810
8467 4869
3658 1304
3123 1123
8060 9888
432 3860
9356 6691
3477 4486
7889 6552
7117 3093
9112 6079
3171 103
1528 8488
6854 7403
2625 4554
9455 5258
1797 8659
8915 6264
5589 2545
2135 4879
5563 1689
3625 9058
6037 8356
8648 176
181 9865
8784 199
7022 1064
9813 8608
2867 9392
4540 9648
7150 1808
1756 9459
578 5502
9294 5174
1524 9606
7677 1531
3333 1417
2281 6982
4088 8230
1168 1339
5043 7999
2560 418
6726 6200
4518 32
1801 6781
9442 937
9464 7402
5079 6071
7122 6281
5028 6488
484 2255
8844 7440
6233 9517
4655 6829
404 7829
2905 5057
5295 6362
2128 3202
5088 1797
7449 9593
4116 6623
5717 8150
2843 7583
5623 8071
6962 8092
1841 4553
7924 4031
9314 6252
5650 8936
1630 9225
454 2384
413 7330
9742 5408
8159 7593
1213 8049
1527 2752
3430 7894
859 1489
9366 4987
6935 4736
3012 1819
308 5677
4425 7075
8640 5521
1351 7603
2847 9035
7136 916
7170 9372
5579 4880
4748 2042
697 1762
7900 8615
452 95
8428 1148
8291 9393
3651 6007
6359 7768
1322 4192
1577 8324
8637 8091
6235 1522
4394 324
8414 8585
3653 238
9371 1388
8760 6012
3697 7954
2301 706
7974 44
342 9560
8838 5031
8400 2324
2088 280
3519 5870
3054 6238
345 7515
8945 9222
4528 37
4866 4163
6166 6507
5806 7737
8002 1779
8621 3912
3837 9115
6037 3364
7168 7904
3393 3032
7772 4482
4202 2574
2968 8335
1729 7621
2452 5400
5817 9649
8293 80
2230 7710
4617 6763
3800 1283
9347 1335
9496 6479
197 1772
6591 9525
2325 5345
6848 559
8061 4652
264 3705
6843 63
5349 9494
9575 2597
8353 7062
2347 2793
2360 6184
2752 4383
9284 707
6022 7255
1877 3496
6945 7526
9289 8912
8258 3757
6786 7
1285 715
9145 8292
8014 2321
9943 6159
192 6567
2655 7791
5911 1954
1589 5448
1570 3503
6242 6131
7741 3826
1249 1065
9267 6487
9485 9509
4471 4318
9663 9784
9240 2850
1414 5363
7947 8606
4729 2954
2223 4100
7234 1458
6319 5991
5206 5609
4820 8230
4794 962
1624 8639
9613 8752
165 1822
5505 2509
192 8620
7496 2292
1493 8159
2702 990
8201 9138
9595 4632
3970 5412
5180 6908
203 3057
63 376
3715 3980
5044 3361
6438 1424
3960 7809
5491 4541
6645 2446
8815 8989
3937 2459
1047 6840
718 717
1320 2729
6758 926
1343 9504
9807 5453
8363 3808
125 5140
4035 3375
9960 9906
8070 7840
2703 6870
1198 8524
837 7634
7718 3129
9356 2521
9462 8308
1611 1083
5190 5550
5329 6727
7381 4105
945 2798
5715 627
7723 2271
4182 8334
2054 1432
1392 9114
656 3785
2191 1435
9943 8024
8469 9298
4598 3402
9207 4109
1739 7810
821 3789
4993 2343
6425 5913
4339 4479
6024 6111
9048 7909
3953 8685
4586 3194
875 8159
2792 3217
2157 6142
731 2032
1435 7073
4183 8279
4941 9764
1732 4201
9257 1307
3750 8937
2678 9149
7969 160
1715 6877
3163 6203
5923 1182
4585 8018
311 1335
3159 6157
9326 1498
497 8566
26 3594
578 4665
9965 4850
1481 3561
1562 8987
9436 7111
7738 6096
7725 9080
6531 2460
266 895
3819 1333
8255 532
9306 248
9982 8119
6980 6617
8217 2641
9014 6684
3637 6995
5449 909
268 4954
442 3836
2953 3069
6186 8821
827 2916
3823 2104
5043 53
87 1023
55 9155
98 8190
1023 2630
7925 5994
4847 801
1140 8290
7376 7421
874 3066
2245 4842
7478 3817
7452 5969
4131 1069
9074 7801
3653 9654
6115 7589
4361 7979
6046 5805
1259 9254
2145 5565
5145 8044
1214 1448
3487 5973
3808 9534
2128 7739
3090 3021
9568 6237
1510 2631
5628 1788
4526 9504
6399 1616
1890 2964
4051 2067
478 5704
7789 6986
5023 691
9240 4657
6820 7928
9603 4483
7571 899
6639 1799
9262 9828
7753 6812
4945 2449
844 5942
3187 3483
3327 7559
6987 3214
8470 888
3671 2975
2259 3931
1320 4862
3704 9284
3165 7610
277 1865
4485 4263
8501 8784
7774 131
4307 6986
7155 1270
8801 1736
609 4934
4790 1782
4520 3043
4952 8974
3408 4061
535 1021
3478 7374
283 1110
4150 4869
5178 9721
9946 5742
2035 6020
6634 3240
3944 1514
2740 8617
8499 8034
6321 379
1497 4316
9254 927
9371 4133
7999 1196
9095 8378
1341 4633
123 4079
854 360
9772 4559
9057 2120
7973 9807
1159 5895
3477 2791
4640 4394
3787 1972
229 2077
8023 6918
266 1648
5867 7349
7640 4889
1955 561
2605 3755
6675 7317
8765 3294
7429 235
2788 9821
8622 9104
7760 5055
5098 5544
8037 2505
8108 9873
742 2287
1768 8202
2137 3184
6462 9969
3669 2893
5356 9722
4565 6814
6407 5773
7003 9694
4982 7962
7456 7616
1649 6136
1494 8706
7942 8234
8860 4838
2306 5591
9892 8675
2203 1473
1176 525
9385 6972
6418 6114
7554 93
1009 6919
4486 2527
1764 6989
8911 611
7203 2617
7497 7196
465 319
1316 2080
5763 4757
6199 375
1719 2654
1341 4641
9980 6523
7207 6017
6775 6423
8091 3167
4043 3676
6668 9941
7510 1474
1114 1350
1702 5773
5067 7806
3747 3548
42 8334
978 996
350 4607
1934 8162
6071 4857
7249 5404
2125 5380
1693 3764
3558 8259
632 5923
2579 5530
4999 9554
5854 5806
8600 9837
1331 9154
3098 7036
9602 353
5583 5812
2995 5504
6251 9321
2385 3434
5611 9382
4177 1257
9922 3461
8668 6388
5042 6173
8568 9865
2272 5411
8252 9430
1474 738
8867 5531
179 7600
6647 5510
6626 4646
8981 1281
263 4177
7826 846
4983 3423
6286 6958
3847 5171
1273 4971
5637 3233
2010 3932
7977 4862
5152 8402
6396 989
3067 9313
4445 5749
8890 8833
7845 8010
4749 5107
731 8301
9574 3591
9584 2900
6060 2728
177 3112
3118 9786
3828 3888
6909 5740
9277 8576
9883 1214
1225 9420
7064 9415
3191 596
6376 4769
7653 7801
6586 1679
8981 2804
2875 787
4830 2680
3701 9053
9407 3473
4458 389
1981 5302
6221 5286
3273 6617
9273 6979
801 4114
1135 5095
6779 2147
4099 9616
6166 8222
4918 2155
8527 5374
9589 1488
8775 9170
9787 1054
4184 1390
8 4645
3730 2279
6516 9258
6618 4164
7536 1202
2488 1284
9422 386
4199 6671
7451 3434
7868 499
9564 847
1841 7723
7554 7628
3678 8836
2316 3886
4893 2429
7786 9988
2908 8659
6150 3328
9350 3859
3115 2563
994 2599
725 3276
9297 9804
2059 3851
7854 4262
1162 3992
3042 8115
8681 4623
8797 9896
9621 5765
4536 1307
918 6559
8772 8049
7993 9353
2897 2056
1113 7420
1660 9145
9230 5048
7045 6168
8270 7605
3407 9508
780 8916
6954 1249
410 7361
2311 5524
5826 9169
4017 4990
8842 785
5519 4155
8632 2816
4414 1550
9595 4467
3506 5188
8482 2807
8099 5396
2086 3389
2447 232
544 4943
227 6048
2366 872
8465 4002
7276 92
7863 5976
4981 3101
534 3118
3836 94
2582 6048
8202 921
4505 6520
5296 3512
2030 3756
1394 6228
4585 8644
5863 2756
3511 3735
1587 7731
3150 6896
9362 9878
9607 4325
8988 6233
6435 6752
6185 2398
4053 7161
5272 1360
3385 419
8487 5756
2176 215
233 356
1281 3410
9926 8598
8198 6172
7746 9847
3257 5340
1151 4152
9280 7203
2538 7617
3678 6485
5171 4208
5224 9622
6790 2887
1640 9672
3839 2519
5497 4580
3974 4326
4758 9477
4978 3842
1925 4593
7499 5876
3947 9125
9373 4167
7425 4787
963 2330
4656 316
6031 9144
1590 8136
2221 6029
7985 1747
2613 7072
3686 1475
9311 1435
2612 5494
9610 2685
403 9649
9178 9287
7725 3723
1033 3813
4673 186
6502 419
8483 5689
2050 9217
9268 5521
4192 6319
4793 1099
2188 485
8023 9151
4668 8614
2893 8454
4153 5862
3013 7847
1388 2765
938 9767
5230 7351
5304 4820
2913 8856
5630 161
2647 4010
2054 771
9067 3301
1915 6772
2868 5653
6473 6245
7812 3918
4173 2876
6402 1134
3858 226
8674 5197
8377 2157
8908 3715
7055 8213
1624 6254
6329 2733
8521 7554
5047 8136
1303 4526
778 6009
6583 1254
6577 6986
2331 5382
2067 7972
5780 380
4614 7314
7363 898
9364 314
9975 9539
2593 4678
5862 260
5897 4268
503 4894
2785 5531
9188 7150
4487 1140
6348 2520
504 7380
6084 1050
4281 1809
8766 7418
3775 6561
4717 1568
43 912
8891 9099
6314 494
265 4699
4312 4038
7233 5879
7236 1765
9509 3422
4331 1064
3798 5547
2638 4033
3467 1522
8588 5283
2621 8340
9934 1981
9346 5749
8683 4628
6963 3187
6036 4873
651 8675
2078 4068
4775 7446
38 9290
9065 7888
3230 2832
594 1
3378 5941
4079 8004
5001 4339
5320 7910
4389 9233
9822 5029
9898 2483
271 6962
4048 1251
960 7496
7331 1904
1278 3129
3833 8563
9860 1964
3693 5127
7120 8494
5867 2732
5077 4673
7801 1974
8372 3906
3890 4513
5469 2365
6497 741
5422 5207
7798 4820
8336 6551
4555 7843
3718 1468
10 5801
5130 3584
5694 3738
5617 9857
9412 2177
2784 8607
8314 151
3010 4633
2242 2361
1661 8258
3870 6539
3722 2964
9758 214
9728 3052
1610 5734
7622 7087
8274 6063
921 2570
9861 2803
4717 3842
922 9971
1985 4216
7043 236
4628 4933
1861 3277
2599 7293
6771 8179
743 7639
8807 1092
7240 6851
8579 5555
8978 8941
5028 4656
2891 8353
358 6464
2818 1647
7538 7431
4172 5905
373 1604
227 7666
4240 1145
1800 8611
265 8816
7767 5338
1861 9338
7710 5350
458 6081
4329 6327
1773 8302
2403 1325
7640 3801
4929 4323
2124 8377
1582 1197
7448 4131
5219 3674
48 7225
7745 5041
4061 290
610 2482
9578 5497
6579 9709
531 7442
1939 3653
9897 5017
4902 7519
1656 5164
3434 800
8924 9269
6106 3567
3507 1713
4090 6765
5376 4097
1151 9513
2025 9177
1967 542
1182 9189
4933 757
36 1981
889 3763
8141 6987
1274 1772
6638 5837
7028 8355
7998 761
374 9124
3403 2442
4591 9677
509 243
5566 1146
1990 4763
5438 7463
3956 9409
7732 5862
6020 3265
1333 1138
8098 9529
7504 5762
1445 8171
31 2885
603 7253
3021 1948
7079 1800
8169 3315
1902 3764
7385 7657
2088 8886
6308 2911
7062 5934
1713 5898
6581 661
4593 1312
1683 6065
8604 7802
1014 9633
762 8505
9686 7114
2709 3752
445 5285
1147 5262
7608 7920
885 7604
4789 7210
4539 5669
3611 8378
8261 9536
6706 6019
6938 8963
285 2126
8352 2066
1162 2602
311 6494
1738 5359
6618 9822
5190 5700
9184 413
8846 6116
1205 4145
6917 9163
9236 1192
853 745
781 6613
6139 3947
6461 6814
5988 7925
619 948
6154 4996
3748 1256
1390 2572
6562 9066
2062 7682
5448 6835
835 634
2636 2318
9822 4407
1959 5472
4753 2854
1461 9260
5602 7731
2189 8471
9641 2138
1004 4695
9633 5678
9373 87
5453 7314
1845 626
7872 303
9816 4653
5386 291
4166 9244
7494 1078
5447 2796
4841 626
1842 269
1385 6341
7163 3155
3315 2226
4474 6851
5512 4496
1867 8756
2092 2547
636 6743
1472 6333
6347 0
5079 2956
3661 6184
27 4358
7376 1482
5440 4775
61 7177
7283 8353
2425 8230
6737 5737
9009 5093
8522 4327
6742 8025
266 8347
5445 3070
1391 4563
705 3570
4591 8891
2539 404
4172 9728
8458 1134
3275 6705
3739 267
5841 9335
9193 2761
1171 6403
913 3758
5945 6697
604 2073
9123 1593
7102 8730
1562 1033
840 2775
438 2181
7154 2682
7995 9830
751 2043
7484 2305
4238 8640
8358 9156
818 5327
8059 9628
4601 1734
8549 9174
7287 8567
6920 9676
9502 4725
7268 6373
5918 7001
357 5413
7637 4149
1951 1916
1249 3492
1035 3347
5323 9604
2846 2930
4882 2598
3548 7704
2242 379
7575 9703
4264 5980
5335 4612
7550 5217
540 9757
6286 8758
9795 9995
4049 4415
3638 3081
8685 6933
2673 8627
7913 7262
6331 6317
5071 4583
3179 4561
9859 1265
7961 5366
1559 7199
8998 2899
9652 107
9472 3999
4422 8843
1184 5680
2100 1026
1299 1188
3630 6934
3695 7803
5509 8990
3240 9932
9931 905
597 2112
1326 234
8058 2081
1342 5598
3381 514
2654 4295
4242 7936
2962 9925
7760 3264
9387 3044
61 4289
61 2860
9229 9757
2365 8807
5456 4077
3155 5414
3731 8670
1698 3451
1834 4596
1988 7866
8690 3077
6382 2352
7027 734
5325 2289
6050 1858
8659 2170
7803 7805
9600 1982
6534 1030
5209 3775
2569 9268
1100 2080
6804 1024
3829 2799
1011 9636
8438 765
6643 8163
1777 3603
1835 9268
4735 8475
1541 324
9640 8317
3449 3632
2613 3388
7989 9557
3564 7243
2994 6863
5547 5310
9250 2419
5511 3509
5032 9517
8970 7698
3254 6888
6313 3017
3518 9751
5817 6709
2501 3053
9762 1583
1956 2320
1566 8434
782 8325
3131 6683
2927 1772
4161 2466
9142 4700
1326 9811
1848 1011
3665 6980
8524 4047
6458 7194
4272 5403
8708 2529
4644 44
3182 8061
7685 6760
5246 5635
9109 5565
401 2651
1226 9993
4480 563
2675 1944
1649 9952
155 6835
1812 2054
6162 1766
8485 8556
8943 6790
3403 5021
8408 5002
6452 7145
6457 1760
634 7746
1100 3385
6416 4338
4850 1189
119 2074
4477 8599
2891 4885
9981 9991
5923 7320
2994 7697
2900 8215
4131 2997
8763 4609
3081 6471
5560 2371
4185 9863
7428 8761
9125 5016
3054 5006
1108 6786
2980 2688
4711 983
3993 2600
9157 337
7972 2896
2034 735
3617 3544
8843 8847
882 2085
8261 9908
3647 4303
763 8095
7848 2903
2539 6753
405 2086
8732 8949
6585 8211
1604 5858
1372 5787
9831 2216
7210 1164
8120 8397
9600 502
480 8917
5193 9454
6850 7203
3974 7507
7099 7882
3733 3827
9696 2480
0 1903
9044 9902
9831 5369
3797 2172
6331 9037
9286 695
4278 1029
630 3090
2007 6483
6699 9045
8330 4206
1421 5262
9969 9232
5019 6400
9458 9706
6466 2704
4566 4198
963 9652
300 1514
469 5832
3511 7514
7921 3428
5630 3898
4379 5861
6575 7049
1605 9908
4456 9122
9718 7821
2079 8012
3117 3608
2079 7349
3444 1040
209 444
2781 2100
2580 3236
1855 5948
4804 141
8585 1080
4900 6895
1923 2557
4407 3018
5302 9871
7977 8275
6174 7140
3062 8506
6271 3472
7805 6261
7391 5971
1524 25
8015 9390
4870 7854
9020 2270
3710 9774
2424 8911
7445 2749
3118 3904
8046 7908
6730 9836
2726 1903
2196 2009
6020 8411
5178 1274
2146 8126
8900 5846
2283 7817
5840 6784
9091 2487
4073 4326
9634 472
2144 3075
1779 6046
5123 9471
726 6253
9290 360
7710 1188
3444 3436
4262 358
7236 4944
3440 8523
3590 7509
3086 4359
9825 6065
2768 9145
494 7853
6589 6750
5155 7975
7004 8403
818 4147
7758 5163
1612 7755
2861 7379
5106 5696
9747 6420
6323 716
2483 8225
6802 4412
1484 2406
5146 5810
8454 5191
6671 5
5927 5284
7224 6436
1677 9052
3308 6895
4888 5478
6075 6199
5381 2229
3560 3051
6736 2616
86 2610
36 8227
6941 6171
305 6369
9814 5109
3884 5321
8340 1184
9105 5500
4403 1480
9175 7480
1952 2976
7416 7237
5519 57
7711 6075
9887 3582
938 7074
4597 3107
4864 9458
9833 5763
1981 9029
9720 4082
2588 2206
2616 1256
8873 4714
3574 5368
5734 5680
951 3217
6656 2647
9331 7545
2007 3666
5394 8280
3258 5068
7257 2140
4222 6847
4054 2911
9998 9387
2377 5064
1778 3262
6205 9871
5548 2326
1971 13
9425 1009
3103 9688
6570 8750
1913 7836
5750 4115
2014 754
88 6503
1548 7725
7529 9026
7994 2552
2181 1365
8613 5562
9967 194
8335 1787
1571 103
8714 9307
3000 5298
8917 4192
5332 2339
6189 9398
8743 1948
7334 6945
8065 3181
987 2076
8064 7091
4646 4830
7953 8766
5497 6825
58 6818
3577 2305
8128 9503
5054 1979
6973 712
7801 4373
5611 927
6738 9141
7274 2568
9509 1292
4582 7830
1736 7932
279 8512
8693 1844
796 861
4883 6730
4623 7679
8078 5308
7514 9954
7278 2723
9839 1988
51 1475
6739 2022
7991 7017
7733 7890
2437 9038
2877 1592
9266 5344
7714 8527
6731 242
2988 9186
6464 8099
3436 3354
9064 7631
5694 5432
1600 384
7407 6504
2726 5188
7884 703
1498 9935
6321 1344
8616 3466
6280 3007
1382 3737
5816 2314
4996 3106
7636 4304
3719 3863
7977 6308
5746 1530
411 8784
90 4899
3516 2363
6847 4715
4870 8375
777 8136
4900 7814
9427 1125
3890 5758
8744 5753
3984 8255
4527 1493
9494 8202
8915 6708
7947 7426
965 93
2725 198
3803 3245
4584 7262
6171 5291
2173 6985
6833 8602
5746 6749
9888 8616
3125 7784
769 7658
8170 2421
6936 1669
4671 4410
7796 5843
1555 5979
3162 8337
349 3886
3321 4710
910 1395
8771 8911
2943 4304
9211 2562
5768 3417
6455 1100
8127 9386
6292 3105
5402 7559
4386 5801
1871 8244
9496 3608
2371 8868
9548 6643
4933 3172
2760 4282
8236 9707
4591 6399
8311 1549
1698 7315
739 5332
9179 9664
61 786
4872 5025
3610 8473
7026 5284
1277 4278
7661 2653
2416 9271
3906 7132
4652 2346
7553 6583
4173 6439
1793 486
9851 7324
2564 4357
7224 3842
2958 4754
7477 5272
3771 3004
1498 834
695 3301
8695 6400
1433 3306
9777 4059
9905 6892
7557 9196
1678 8945
2846 1398
554 4288
8929 2008
7406 4970
5728 5794
9804 8361
368 3330
3820 2886
770 4999
6777 7060
9243 5936
316 4872
430 6585
7738 7506
89 6223
9373 393
6700 4231
76 5553
8554 1717
5665 6264
8638 1190
5810 7162
6118 5508
1017 8480
6403 2279
4553 5087
125 4030
7608 9131
7636 2392
1218 8356
9131 8494
1569 2869
1927 9345
8769 4854
9439 8948
9435 3566
4514 3483
5726 2511
2607 5788
9219 388
8672 4689
8945 6699
298 2835
735 3326
2274 8531
4222 5578
8259 4370
2099 9843
2240 6775
7711 4459
3237 2378
2586 6002
2309 2060
5868 1099
5815 2828
7048 887
6038 4059
7557 9252
4999 4571
6735 6250
2052 4234
912 5400
1397 7090
1810 1920
9280 9567
1413 1605
9585 2899
8912 9478
7265 8213
3479 9981
1764 5156
7204 2973
899 3636
2985 1047
2297 5282
1436 9695
5222 331
8228 1370
9320 4488
4340 4637
1593 8755
1058 2567
6106 6098
5470 967
2781 9610
1985 2103
2165 4646
3137 6632
8890 2884
2934 4283
779 1928
6968 8426
8417 9172
1046 8353
4668 1743
5350 7198
727 5687
1454 7857
3849 1314
6968 9930
9428 397
1890 4740
6984 5986
6712 5554
9896 3973
207 5265
673 4869
9851 3792
2250 4631
2959 6423
8224 7078
8225 4130
7951 6504
1837 2694
8982 5830
2900 7624
1999 1065
44 6494
9950 4391
7173 1795
3617 6956
1156 3158
4172 345
5167 5170
8255 6743
32 719
1913 9327
4299 6158
1918 7379
7038 6732
4821 2759
9044 687
2462 267
9819 8060
7251 1455
7549 515
9982 1153
7042 8626
9969 7261
3610 3607
7247 5334
9246 8680
1717 2379
8438 7108
2823 9967
8269 9342
4258 5039
7461 6441
1508 3897
1119 721
648 7402
9481 9349
9594 8677
1674 5915
8818 940
8255 9227
4769 4566
9032 984
4502 6195
4285 232
4931 3867
641 9767
5781 6790
7202 7271
3881 699
7148 2455
7419 7209
3151 7115
6810 7463
9393 9119
8871 3740
1173 7335
9573 1133
3981 2985
3091 3533
1039 3845
7139 5016
5476 2079
7178 9593
6535 4705
7948 3775
9751 5372
2560 7397
9659 5124
6947 44
8561 322
7018 8188
3225 3646
7899 3703
3747 5883
8901 8050
8012 3744
7617 9996
3594 4127
8407 4539
1645 2104
3973 6537
174 8160
4626 2139
3367 7389
2238 9610
5793 4954
1626 157
3768 9062
8662 7213
7709 5004
5323 9036
364 4796
6278 9686
1078 5076
483 4515
2481 8285
582 6188
3843 752
1596 9272
1886 1978
6002 3902
304 5655
9563 2862
1534 724
4916 4615
6630 9970
6271 7373
2388 4092
4950 1955
3302 3569
8109 2513
6738 6766
8123 4665
9996 1319
2980 8733
8735 3455
3262 5347
2636 8457
6688 582
441 5457
7184 7791
5799 7011
723 3309
5632 7540
2903 9641
6739 572
7459 8432
7852 9087
2307 7475
8530 9639
1693 8146
8449 4303
6046 331
7151 6454
7106 4812
6359 2077
1095 7468
5866 9661
4131 3811
8495 8651
9031 2180
5575 515
145 2380
7114 2990
9279 9177
3848 9724
19 4396
8169 6930
6595 3169
3705 4917
9594 1404
4799 147
7586 1410
7150 3239
2392 805
6366 33
8672 6033
7720 8044
3960 6559
5363 3631
985 7176
69 3238
3978 1597
6776 2634
7393 1235
1164 422
8364 9783
9164 4908
99 7935
3906 7063
4744 16
7842 4513
5495 8499
902 2205
8557 6727
2945 6427
6618 1137
6350 7326
5056 3099
3953 7041
7934 162
8393 7738
7494 7161
8897 8663
4945 663
44 2757
5451 551
7865 4341
992 102
2911 304
7996 8327
3640 5486
9232 8484
5478 6449
4135 420
2830 6231
1954 671
7315 202
2122 3939
3999 5612
7836 8697
3378 7865
9453 3902
9845 3834
5005 8288
7914 7132
8891 7035
920 4270
9081 8662
5377 9649
7200 5139
4627 9983
1482 4886
2298 6901
6844 7200
151 9899
5286 6047
9058 9317
5763 8541
7410 2694
4737 3726
6299 2163
6234 9020
6213 9728
2039 2455
8328 9484
7067 8398
4040 2262
4532 4557
7376 3057
4898 6303
5244 5484
2135 8017
1807 5009
7232 5174
3027 4927
748 7622
4144 5067
2321 1853
4661 4188
5278 8104
6429 2533
8732 8030
2066 3223
101 5585
6565 2343
6206 6527
7423 8374
1904 3826
8188 3192
5782 5869
1055 7861
7944 9915
2118 4828
7021 290
3373 5927
7494 235
2052 835
3665 1251
5353 2244
8691 1198
6771 7867
3786 9281
8516 2836
9680 9520
8735 5320
5404 6022
7772 9006
8532 4928
916 5253
5675 9790
2492 4078
568 2753
7518 5627
4713 5499
9832 9442
1369 4170
3244 2509
981 7671
8873 9312
8346 7561
2209 9991
3154 8694
5729 6731
2876 7717
4547 4192
9376 1319
6318 5895
6658 9145
4128 500
5026 9230
7862 5530
7262 8653
2566 6113
3813 6202
9170 7326
7856 1179
6297 4806
3951 3763
4241 3514
2423 1378
6186 7310
2882 1765
6592 8107
7950 7902
4125 2546
2348 7679
5550 2135
5091 5559
3544 7548
5526 2416
1984 1735
6586 4222
9988 2970
57 7783
9717 6239
6544 7223
3414 7010
2145 4417
9474 6237
5562 1468
8201 4638
8098 3704
5057 4205
9898 1436
4795 7383
3722 4946
8039 8390
4192 6042
6714 6349
347 8013
2600 6760
80 6623
5826 2397
4430 473
7386 6862
6965 3861
5138 4621
5949 6728
1472 9583
3191 1426
9103 6263
8958 9923
1120 1099
9351 6909
4416 4878
5642 1836
7374 639
4197 4860
6783 5273
737 9908
3622 341
5534 6516
246 1777
1 3452
6053 8594
8513 8548
4427 4909
6751 4947
5776 1201
8804 2302
3358 376
1762 5533
8955 3910
3231 9211
7062 4959
8121 9715
4775 5540
3213 8884
5283 5836
3287 1479
2579 3188
1277 9141
5498 7877
8987 6969
5984 4571
9014 449
8138 2663
2534 7712
5903 6817
2951 9457
7250 3521
524 1032
8547 8880
422 8843
9591 6374
2117 9842
4251 5339
4037 8103
2905 3352
4361 4417
8450 6529
6433 7728
8349 587
7228 5290
1914 9645
7543 684
2548 4662
4322 6074
534 7455
8849 7486
3200 5513
1355 4328
1183 1280
9204 7529
4420 8622
1379 3284
182 3267
48 7179
3205 9385
6589 2205
8671 776
6228 9784
1196 3239
2229 274
9054 1038
8109 1773
7300 9424
6542 6386
3652 8928
9073 5844
445 9190
6711 276
4727 4907
55 246
9796 8254
8388 2222
9890 7023
9509 2670
6545 1923
9095 5511
8378 5907
8875 950
9939 4854
2500 4549
3036 1880
6626 9906
6511 330
6301 5939
511 8128
8698 8927
6681 4196
3764 9105
6626 2431
8237 3779
7719 2984
6682 6817
1421 5940
444 5834
996 1632
6361 7099
4153 9220
3453 1873
6993 9753
1672 1648
4242 7608
8267 1226
9692 7380
1168 6264
4773 608
1650 2569
9998 8605
5204 804
100 9123
7808 1758
7852 5347
1950 9221
4178 7968
767 4985
6100 2104
94 5036
6689 3087
8345 8411
5443 3076
4326 6263
1103 9431
9368 6280
1651 3929
5269 7367
5693 1577
3347 1695
9481 1615
7997 9148
4139 7809
7043 2479
2154 982
4320 9896
2680 6324
7606 2145
670 5864
4397 8172
9754 5142
9472 1028
7382 4375
4495 1051
3866 4910
6329 6866
8982 676
6397 3068
3462 8068
2561 2043
8142 3549
8513 5402
9936 2609
722 1959
5643 4593
9342 1951
6696 3795
7752 9326
7360 746
3963 3734
7223 6860
5130 8054
5680 9155
5762 606
6271 5828
9131 3448
2229 4101
8452 2494
1072 5502
4681 1487
2922 2245
97 3262
9897 9106
2603 7775
5740 9278
5823 338
7523 8013
2797 1689
6181 2546
208 1857
5412 5993
550 9609
3554 7728
9594 9301
9912 6921
5743 6193
1820 4558
3142 7112
1907 1624
9943 4083
827 7644
3420 2664
6654 257
1894 2024
4946 1544
1955 2638
514 6677
1174 4336
7627 6749
595 7220
6374 3060
8256 4508
8597 2728
2364 8963
6411 1620
8141 7649
3848 3377
2710 5917
1606 225
2194 8039
5439 3252
248 3086
2785 8310
4105 9263
2726 322
2632 8764
4680 6808
7584 823
6228 799
5871 2345
2725 110
5156 2201
1636 9664
6615 5067
9869 1198
204 9548
2483 5233
942 2473
6991 2395
898 9908
5734 7075
4548 3443
9123 7274
6991 3183
2006 1717
7429 8393
9270 8507
214 3871
8046 6624
9915 9317
3880 2741
918 9429
7923 2866
5009 4192
6635 3941
9975 5270
9708 1057
9052 1207
8408 1373
4853 9498
7008 9240
9437 2863
3277 5046
2339 9734
7579 6960
1595 3263
4550 9137
2821 3018
9966 3489
5785 7861
7126 7715
3397 444
4072 8487
7639 4477
6199 4009
7133 3080
8608 1230
7622 7028
9514 8269
8067 2328
1404 1348
979 7240
7116 929
1003 1973
3575 5330
4004 5518
3740 8994
2750 5180
6697 2927
3646 7236
8225 4447
5224 780
457 4982
279 6338
561 1197
3833 8742
3054 1985
4041 5710
9056 9053
1471 4524
1569 9851
2918 6581
792 4175
8659 337
7490 1459
18 6689
9655 8288
5622 8165
3752 2013
2004 2370
5269 736
7418 8551
2903 7376
3364 8188
7727 8228
9634 7836
7281 4147
756 3695
249 306
2514 5309
3082 4985
2920 9682
2157 2888
5925 9696
2827 2797
9126 3783
3902 9038
7444 1471
3437 3582
9717 184
4306 6519
671 9933
1388 410
5101 6432
2259 7261
4248 1241
7970 4532
4662 6062
4640 640
3372 1228
5231 6357
4621 2250
411 4999
883 5496
6445 4536
9001 7698
5662 8246
2653 547
1771 6948
3718 3139
2810 5682
3819 5104
5976 6166
5660 9124
8722 4319
222 3224
5144 9767
6202 7757
733 4586
2603 2938
9495 8931
7533 2096
9972 2861
1032 2358
7921 5393
9753 8126
7595 5686
5701 5585
5019 4606
743 2284
310 6587
2804 8433
8679 849
4872 5946
918 8931
5433 1605
7188 2642
7563 2408
7628 1908
6688 3823
6136 3274
3830 2379
7259 6030
6066 8216
1117 378
5014 5895
8946 2536
7746 404
1687 1243
8311 7195
8514 8539
1522 7801
6914 4432
3120 2939
6287 1950
2293 5223
5673 4910
4460 7424
3817 9329
2412 2829
2274 2559
1783 9026
3630 3443
5993 8579
472 645
7821 5187
7306 5277
656 7775
8473 203
1901 5963
3757 1781
9598 3032
5825 154
7266 6631
664 1998
1717 8612
8842 9746
9534 9584
3661 914
5362 8209
1832 2793
8374 754
145 3206
6038 4730
7878 5353
6727 976
1141 9375
4501 4345
3578 4905
1560 2264
273 1252
5272 9397
6394 774
1191 7079
8163 64
7887 8725
9308 3660
9447 1271
650 8659
7524 8505
5881 2869
4828 6340
5201 8385
1486 1929
9404 433
7058 5440
2968 5368
8308 1303
4978 2993
3334 8119
8478 742
1006 5190
6969 3037
4394 2459
9541 4286
3117 8239
2610 6003
9800 4888
5276 2222
3347 1867
4956 2028
8528 8393
6822 6857
2040 1156
2568 5092
5600 1546
5059 5431
3378 7894
7216 3113
1793 1188
5465 1576
6876 9185
660 9577
8093 1417
681 323
1933 8227
4036 5724
6391 5866
1867 6527
9680 5444
3515 5422
7639 5323
6313 9925
3187 2784
7747 6166
7198 1381
841 927
7992 1955
4454 3502
3310 4021
114 9957
8810 7983
6888 3733
2632 8741
3473 709
9560 8055
9915 4572
8968 6061
7203 963
3911 7719
7716 6860
4431 8245
4679 1159
3931 3616
1791 6106
2537 3050
9270 4846
6090 2782
7674 101
9744 3012
4025 8509
8278 6516
9508 8314
8717 6935
7472 1136
6087 5324
2243 2272
8538 1271
1014 6475
8236 679
5511 2403
9586 2456
2559 4834
3794 2855
7654 2562
5870 1737
7730 1964
8514 2720
9128 445
2796 3420
2418 3172
898 3621
2875 897
1945 2556
8198 5096
6248 2256
6030 6617
2032 2115
1547 5943
4391 2538
2206 7517
9947 5124
8544 9817
2446 3204
7499 4650
8262 3105
6679 3393
1203 7560
4602 8967
5813 3568
1291 9112
3142 4942
9283 6171
7753 5438
3597 1750
9341 8112
2993 5440
753 9515
3187 5339
7669 6222
7739 6218
2278 8927
7202 3368
6179 9368
4667 6577
15 5026
2941 4137
7266 6662
4184 5676
8242 7079
9640 808
8854 4908
8196 7795
1115 1163
1807 6432
7497 7148
4600 6231
2697 6610
668 9821
8498 4385
7463 9723
2501 5035
3300 6870
351 4095
6883 876
2473 3746
828 9870
7122 8965
3850 703
5173 5012
9428 5545
2867 3106
3305 9378
3221 4023
8155 6686
330 2576
2921 1542
4080 5431
145 5555
2351 8662
2899 2145
755 8287
9944 2372
1881 6910
3643 1923
4259 4590
8749 1372
8602 8931
6538 2275
446 2862
4889 3053
5820 1898
5795 36
5252 7215
9080 8342
3209 7597
2859 3099
8434 4265
6170 9911
9014 5615
3835 7042
6057 7370
8571 8147
7155 7833
9488 7453
8091 5385
9915 139
9185 2684
6655 7030
5051 9532
976 4187
5896 1265
7308 2350
4922 9953
8858 3862
3471 5154
9164 7921
2803 92
1274 8770
2600 7778
2041 1422
1437 1352
1816 3606
771 9523
4574 6686
8961 2276
3012 9423
6437 1595
3830 1761
1363 45
2828 5112
9418 3402
9371 6264
4959 5479
8133 5373
2112 8752
1844 2042
7518 7135
39 3987
5260 6798
3445 6464
905 1203
2463 6907
4470 695
7269 5210
6079 4197
1502 6525
7079 8992
450 6471
4624 3381
5329 2136
3956 6697
8908 9819
7201 7512
4092 8024
3553 3173
733 7485
5817 5803
9731 3551
3523 2217
5458 9841
3879 9274
4888 7877
9451 4695
1020 1760
9138 4834
3010 805
3291 7873
3089 6562
5243 8206
4113 607
4147 697
9678 8991
3521 3487
6639 9800
2281 8176
2505 625
6870 542
6151 9278
5855 6030
377 4423
6797 2881
6205 172
9462 7486
7516 828
2684 7913
6283 3533
3196 5748
962 1313
5648 9146
5768 6304
773 8898
383 6171
4943 1581
9686 927
5383 2798
7786 4931
8420 1124
7868 1746
2277 5042
901 3917
9641 297
5611 5134
3116 7157
4275 2263
5039 2160
1042 8493
8347 1498
8508 8608
5388 6674
2410 1350
6916 2844
4929 4068
3812 9069
2582 2115
6918 1203
191 7755
685 5432
8199 8442
8987 1309
6768 8874
8952 8991
5093 5069
2040 9249
5162 4151
485 6387
5724 4147
858 5662
1524 1170
2901 8643
5918 2325
314 9190
189 259
4952 8720
6206 3733
8700 7471
2552 7491
5112 6908
354 9564
3513 2592
1262 6063
6751 7275
1896 612
4309 9871
1624 7414
2986 3659
597 4157
5667 694
7940 5102
3298 4510
2172 2671
1665 2900
7796 6979
9373 8092
4528 4124
2581 6697
7466 9510
2143 1335
2200 8031
7247 5165
3039 6267
4011 6054
9944 9380
6440 3570
8876 4386
7706 9839
8378 3038
6440 8724
3769 1831
2312 404
2001 5662
2929 7777
9058 9381
957 5258
2358 8218
5140 3495
9598 3757
6477 9403
9446 7951
6317 3895
4201 5701
5706 6882
5826 5700
6943 4396
6480 4648
9342 5830
4698 3125
3336 1923
8380 6225
8903 1071
4321 7713
6718 6201
877 4413
2815 2167
3405 4923
8185 7639
2548 4135
7951 8950
7000 3654
4755 234
7441 5738
8389 7969
8244 3708
1948 1881
1109 9468
1088 3185
9881 9620
558 4884
3193 1837
4760 5972
9593 4446
3557 7199
9574 9797
1515 7642
5532 7355
7152 3871
5811 8041
5606 1002
2880 3459
1742 3453
2216 7233
5375 6269
3427 4841
1014 1941
3367 9046
3057 9970
1282 6312
1587 910
2372 1801
9548 6322
8105 3573
5020 6052
209 5640
537 8905
9729 5783
2369 5009
8586 1632
4740 6600
3830 9701
7098 496
1715 41
6108 2019
1231 9223
1729 4795
6994 2623
2714 2966
6093 651
3186 9569
5434 6712
4641 5612
5371 9993
4598 3983
6971 930
8445 2880
3305 5730
5589 1309
9116 8638
8255 5409
38 2050
8315 2370
9230 4093
5487 60
3446 1075
6882 843
958 2840
2919 7191
4529 4015
5152 3398
5324 890
6577 5898
8438 8569
3724 5024
261 4253
9012 1867
1117 9357
2905 8732
8944 1837
6258 6198
8098 6806
5360 2360
2237 8704
8528 4324
7893 8935
7668 540
85 5506
2402 7092
2156 3507
3530 9635
4833 838
3021 8926
9431 189
9265 6573
2917 7374
6809 9489
2258 9987
2464 8125
3801 8
4713 804
9013 7969
8262 3537
5580 2503
9844 1254
1868 3822
614 1355
9859 2821
1771 4086
9882 1238
1670 2821
6444 5870
7138 6206
5068 4566
2832 8410
1201 2430
2987 135
89 5169
4657 4664
4334 6431
7215 541
7999 2238
6656 6592
774 3181
6260 4156
928 2882
8764 8555
5056 355
4032 1541
8263 5308
8808 8865
3024 3984
2081 5982
3381 779
43 5263
4328 64
4929 8909
5381 9359
5801 107
3164 1624
8013 361
9815 1085
3024 1389
1224 2495
1014 4837
4823 6083
1324 414
2957 7180
5197 7972
153 6923
5378 3486
1795 4364
8071 4960
3548 3982
8547 9992
4711 6770
6553 1350
8029 9785
2620 5428
4324 3157
2885 3196
3929 9165
3026 3126
4251 2793
7754 3131
8886 8490
6887 2717
8252 8235
5243 3444
6619 750
9766 6637
3610 1336
2357 4777
2312 284
3338 3827
3581 1085
6218 2111
8695 847
726 5905
9760 3257
4524 7970
7639 390
4107 8728
7115 3763
5618 5558
2401 5777
4544 4676
7908 5060
5988 5093
5237 8639
8048 2547
8742 3557
9022 6600
6051 7183
3544 4471
8671 8915
7009 4499
3553 6165
8480 696
9884 872
4153 6300
6710 7694
9880 9750
8878 2177
2557 4621
2418 5271
2018 5558
1345 7576
4232 2743
5313 733
6238 7117
9044 1669
4964 923
5647 830
6755 9717
1173 9513
1140 4679
6668 3602
1120 5635
9977 6656
5094 8424
637 5754
2351 1481
4738 253
3469 7320
6877 50
2546 7716
1458 2389
1026 5667
5473 3916
491 5270
6829 9016
9427 8119
9914 5889
1538 4165
4316 2869
7046 636
893 320
3011 3505
1742 8930
6743 5151
7667 4924
3071 9124
3059 4407
5246 3913
9511 9550
1625 189
4565 659
6878 6889
7168 3336
4875 2886
6134 1844
209 738
7637 6942
9945 6439
8757 6757
7427 5792
5619 7418
9399 9599
8835 8143
4062 6588
8221 2527
608 8146
5756 2608
1606 818
8141 9878
4449 6361
6661 3623
2432 448
1238 1271
5945 9939
7739 547
952 9206
9982 4513
601 6152
3617 4127
6375 1799
3532 6975
8249 1951
8319 1974
5926 9623
7294 306
3536 1384
8136 2294
1661 7681
734 6901
6576 8897
8313 3724
7692 8360
900 4297
4529 9701
9222 1713
937 544
5451 6884
1765 9314
7931 9037
6714 1743
9069 8039
8750 513
8996 1466
7406 8416
19 9518
3560 512
2663 5857
1764 7796
410 1764
5474 5771
4186 175
5180 3437
4535 3908
8361 622
3151 6645
8997 5533
1426 9352
7308 877
5307 5661
2746 5940
1314 2845
7518 4110
4409 7570
9519 5837
1873 8286
2974 2911
1803 7261
2936 100
4039 5213
7410 3329
3676 2300
9337 3564
4913 753
4968 451
1568 9833
5279 6564
6678 7271
4114 7357
9742 5393
8053 6319
2475 8469
2943 470
7222 3940
1787 7178
8306 947
8291 8760
6551 9146
2330 1322
6225 6637
1458 4162
2017 8507
9894 5866
2379 5775
9691 5883
362 893
1276 22
1353 5453
9739 4175
6679 2137
1718 5209
6882 368
189 8253
7337 5979
2196 8716
346 2604
8215 7783
8625 5080
1581 3312
4597 5740
7785 3660
9043 6567
283 5359
1963 7319
8298 6496
5737 7384
7328 49
1946 4518
4544 402
3480 8544
17 8289
6528 9511
4498 3442
6908 6892
8049 6376
5274 9053
3535 5723
4525 9824
6524 8799
2918 44
7117 1455
5517 5651
1477 584
1316 3401
2633 1471
4131 37
3704 9496
2065 2929
8131 765
7430 9718
554 3336
8833 2744
3529 6337
1640 2213
7898 3353
250 4152
9652 3082
6979 2369
2809 6905
6384 3593
1345 3338
7539 107
8032 2580
6903 9381
2835 1952
6267 2738
7886 5053
4830 2046
729 5500
6765 3921
7112 8820
2159 7934
5184 2941
1469 4606
9311 337
9329 748
5205 3010
5815 9125
2369 9728
8407 2927
7038 5573
7901 6469
2421 2128
8992 267
3210 8124
2035 7428
5365 6308
4002 1983
3122 9660
6708 6115
1261 8342
1678 6651
3413 1596
4588 4258
3195 8152
673 7880
9984 8423
5907 5228
8259 1456
6471 61
7982 2496
2947 6640
1493 9229
1475 4367
4995 6999
471 9543
90 2339
5218 1530
6279 5771
4431 6391
9261 6375
6890 1722
539 4443
4958 2936
1535 7543
5014 2332
3921 620
2751 4560
7284 5476
6769 2369
1102 2670
5107 7486
7248 5474
8667 4032
101 9516
1449 5997
9302 6652
9542 3914
2924 6144
3204 1392
1500 4041
6104 7008
8807 4717
4577 4751
5819 8326
2270 8119
5243 1933
7978 6839
813 3893
8861 3014
8898 946
5716 5243
1596 8453
8191 2018
8076 4161
2905 7981
2139 3360
3588 1737
5361 6966
6104 7358
4919 3716
2841 4139
7699 6429
2095 8168
4902 2065
5021 8088
3168 4953
8789 5056
4743 4599
2686 2388
5478 7614
7097 9247
1868 1806
9145 4078
1698 5976
3196 6381
8392 9851
7695 9438
9034 7578
1084 1555
5607 7797
824 3459
2325 3327
7151 2163
1558 5444
3142 9442
6898 3751
431 1542
3441 6006
9199 1793
7511 7453
6573 7597
8764 1298
3848 2052
7512 857
5386 8340
962 7047
4758 7767
9499 18
1711 3890
5746 7758
6634 7560
1632 9193
6623 8567
3456 7113
8094 5550
3947 650
3033 5048
9933 7733
6523 6170
6980 1536
7528 3613
3324 5505
2888 3919
7338 7197
2718 6541
5642 4509
3667 2231
8355 4099
3492 2958
4992 9744
3007 5596
216 9523
1189 2298
9278 1367
7311 1511
9725 8528
376 3594
7869 9393
8465 1775
6060 6752
6757 9377
8929 4209
6683 7173
228 5336
7406 1663
6776 569
4333 9604
3945 5123
8357 9618
16 1384
4270 7964
7554 6268
7863 5682
2230 7475
9583 9911
8362 8323
4398 1545
9060 9643
2496 9564
628 8774
4467 8100
2294 8749
9367 7720
6070 4622
6476 5043
2613 6680
6416 8556
571 7593
3138 5284
6100 4842
7324 9015
2923 8293
2331 2414
4532 7918
4135 3615
4681 7505
6497 5921
845 980
1612 8487
2990 5545
5192 7102
5805 9210
1713 2134
6194 8729
5326 8867
9851 2481
3499 7820
365 5995
786 7267
2163 7812
621 3122
9610 5782
6673 3434
6859 3901
112 2851
395 6455
4200 9322
2058 5076
1892 675
4542 8512
5369 3530
5675 6233
1749 2324
3915 8983
3363 6467
8706 225
577 1688
5358 8780
4893 4966
1560 2752
9823 2328
8445 2804
7802 7831
4207 1550
8177 1021
6361 4792
7367 7855
9967 7256
8814 6155
5189 9953
464 2645
5409 2004
7154 6854
7619 4630
1095 2309
5163 67
5046 5485
9516 9683
3916 935
9900 5241
150 959
4153 1459
6298 5929
7517 502
8859 176
1473 4377
9243 625
4431 3741
2749 2669
6669 6543
8540 1093
2733 9031
2439 5530
3426 725
9998 48
8931 485
8726 273
1242 172
9414 3326
1574 7923
1095 9409
8383 3087
1850 5291
9146 3546
4249 598
1249 1619
9950 4579
6043 3436
6556 5082
6842 8190
7116 7114
1529 9440
4316 4576
8461 8761
3485 9315
6227 7078
716 7081
3511 5923
2396 7012
5035 4277
9168 8822
2772 1823
6264 5439
9420 7549
2132 9866
8082 4352
5232 6147
3187 2067
4462 1533
8580 4462
8418 9314
7633 4628
5968 1242
6118 3081
4506 5084
4496 4616
38 8302
225 5711
318 6767
1844 6869
8020 2255
2267 9149
3742 7553
4003 1683
2446 9101
5382 7627
193 8634
4372 3070
2887 5351
8403 710
7714 4717
8819 5427
4622 6189
7705 371
6246 7015
4466 2313
3553 8254
6313 2541
8087 4513
4853 8708
9648 7212
3388 9221
3355 4997
5417 3213
2884 257
4005 3601
1204 606
2832 6400
6104 3014
5259 7799
9757 943
4780 7610
4821 9858
5201 2150
2801 7009
1976 880
4911 5905
1071 4350
9671 9197
3007 662
1590 8366
1646 7740
8183 4482
8647 3125
7520 8467
7347 6914
3318 6389
5802 746
2174 9200
3663 5873
4336 8577
1636 5013
7731 6325
3527 9973
2926 2616
5218 958
8386 191
1527 1295
891 1170
4151 3662
6503 4565
3115 8662
1668 8232
744 9724
7732 8087
931 5223
3004 7840
7095 4737
6833 8860
796 4835
9145 4386
1869 6772
5138 2418
1630 3994
3143 7681
8471 6611
4999 4385
436 8488
9177 7218
4135 6744
8052 600
1633 5784
1843 9352
5542 6177
796 4633
879 6675
6657 2130
8341 3441
8798 8484
5536 5290
7814 6667
7498 308
1040 7522
560 1851
811 4394
2346 668
4935 6651
1667 5101
4320 2705
8742 6512
7262 531
5890 4183
3976 5221
7042 7578
1293 4650
7675 2982
3080 3605
6525 6320
1634 416
5726 9406
9632 7454
2702 2553
4420 2839
1429 4
3827 7260
2216 8368
9959 9010
5835 8741
5709 6226
4404 7703
7669 9599
1722 189
1976 6540
8688 5953
3342 9493
8920 8800
7676 8266
460 9957
5601 4631
328 503
4517 2672
6065 539
7829 9927
3154 130
6351 2318
2622 8787
3140 4509
3197 4600
2257 9992
1255 8625
8293 7090
403 3622
7255 331
7735 6029
4565 5862
6825 7084
988 2278
7673 8035
9835 8892
5567 1938
1045 1535
7952 2890
7528 2045
2723 7287
2999 2041
6049 4668
5516 1961
4018 7443
4459 106
8177 6811
8555 6272
6415 1477
8291 7207
670 4069
2116 282
4285 9804
3330 9247
8211 5862
6910 5130
1082 4113
9839 3150
5579 8764
3798 2162
9312 4546
8925 9469
4172 4488
709 3452
7294 869
9895 7449
7285 7411
1143 9271
1606 284
1616 2253
6666 1027
70 2103
7788 621
5698 6742
3492 1087
1221 7744
9860 1753
9916 6224
3782 27
2013 6421
3833 8697
8947 7372
7391 769
8276 7017
9293 8452
2379 5067
1568 5942
120 300
2177 9228
4049 6819
734 6027
359 5437
8318 7176
3088 6509
3617 4256
1776 5450
8191 4858
1982 9611
9076 9928
6602 6116
4819 9833
6558 1085
4607 522
9364 6524
7448 9462
187 3993
80 8479
1325 3232
6038 8574
7421 3321
3587 6616
5013 7418
6534 9573
1424 1604
3297 7716
5190 8512
7736 8595
5173 7539
9714 1209
6629 6201
4866 2115
1825 9528
8397 5641
2883 5702
253 9404
529 8310
6094 8030
6146 5743
842 9561
700 2197
2129 6906
7843 6069
3504 9363
2050 1821
5306 8523
6667 2240
2548 7541
7059 4812
8991 1049
1989 6972
6030 7206
2968 284
604 2983
3388 8853
4410 3963
9525 8970
7725 6140
5996 5250
1729 7200
5018 8717
1340 5825
7759 6081
8653 7816
9787 5260
2105 9263
7469 1235
4154 5050
4428 5281
692 57
7856 4653
3175 162
6411 5262
2403 1486
7123 6842
8420 3774
6836 587
4646 3910
382 238
8896 2195
1297 1012
3703 3190
220 4987
5677 2498
4597 2881
3069 3914
217 310
2511 3537
4759 214
7682 7635
4863 5683
6636 8171
8573 7294
6692 9094
7190 5131
648 5378
5022 203
236 1039
6522 6353
2579 1143
2246 3308
8275 4861
9099 4936
1203 3479
3991 5519
3295 7582
5818 4838
1520 6741
2042 2068
8314 8028
7794 419
9131 9728
773 2850
5297 6984
5427 3405
9548 9725
2288 4195
5908 9274
910 876
8009 3447
2176 6156
7195 3506
9835 2190
1098 3670
3187 5255
5313 635
657 9628
2182 1033
3821 9273
9166 5277
7291 5273
5726 5765
8475 8320
6900 4665
872 8749
4786 5991
113 4300
4109 3467
1893 7072
3424 6906
4367 2391
4661 4985
9443 5389
6439 3828
5350 1228
1773 3718
9098 8078
2856 4788
2621 6867
7499 4537
9719 9078
8231 667
8216 5949
7699 1316
2947 650
8015 9357
2993 8388
5374 5130
6284 4689
2834 8868
4084 3899
8841 9493
8932 5591
7174 9832
4652 2221
8208 1394
2792 4461
5729 7587
2467 9069
6034 5763
2083 666
5671 6928
5482 1018
1733 4757
7772 1971
9564 3199
8539 4080
2832 1108
9567 2207
6813 5724
2723 4774
4512 6419
7980 558
693 4735
3641 9396
1435 1952
5544 9400
9052 2653
2188 8736
9734 3649
1813 6224
9267 2469
4168 7133
5673 8288
9424 5706
9195 6164
1774 3700
7479 8254
73 6690
5725 289
3863 5641
5954 8438
954 871
3215 9114
7265 5697
4660 6744
2166 5578
6022 1092
9872 6024
6481 4298
6678 9280
2825 3153
7348 3406
5710 2877
4717 6033
6709 5655
3701 6990
1590 9381
7601 8633
8239 9257
6793 2396
6174 2358
1429 3005
8494 825
5454 2158
8857 1960
8023 6831
4028 6194
5023 228
2590 8614
3447 2122
5825 4047
3054 8567
4590 8679
3635 6209
1057 7682
859 9715
4809 1679
9554 7212
6744 5298
559 9100
1333 7595
398 7492
6771 8508
4754 6603
6618 9999
2593 4914
7959 8669
7800 292
6572 9374
9541 1227
8363 1901
6914 7467
3778 7000
7342 885
6067 1537
8502 8682
9788 3056
9428 7238
2997 8117
8066 605
6478 9386
3187 3663
269 3880
7802 6901
8369 3627
3021 7194
2114 8047
3145 3698
3840 5717
1729 349
6376 8111
9111 1811
1481 3508
8330 6802
4782 2668
2576 4394
7476 5679
8194 6853
1421 2404
429 7065
3084 4502
6279 2080
5115 9804
6772 8180
5652 1340
8097 9733
2437 3415
1829 818
5069 9328
8849 8348
4750 7161
1577 6686
4162 9652
9328 3179
4269 5484
2603 5863
4485 5571
5894 6249
2746 8851
9561 2252
8525 4174
1511 916
6763 4067
4262 4114
3755 6415
8634 6604
7606 6901
5439 1507
4698 1370
3932 5671
9023 1758
3600 3434
8042 9146
8287 8675
2200 4240
293 7785
1486 3896
9500 1300
5707 5122
8659 6451
8818 5281
6339 1501
9744 1116
1219 3067
3112 3657
126 4232
9489 9959
5129 6419
4057 7270
1263 3408
7915 9868
4345 7100
8562 5355
8258 4574
713 3836
5973 636
5393 9511
7715 3118
5417 6343
570 7743
9845 9005
8799 6217
9837 2077
8279 3558
5048 5056
1744 7610
3906 297
2720 8225
1024 1410
7702 2360
5638 3997
1611 8497
7572 9724
8784 8292
7640 5576
3416 9763
3832 6535
9396 6062
7802 5852
3821 677
8473 3463
5698 8657
3427 8132
5693 993
9907 2645
1591 9858
4442 7064
2651 8568
3076 8709
2778 3055
3519 525
4529 9274
178 8528
7475 3432
2025 6728
6421 6576
7489 644
852 354
1539 1308
9171 7475
186 6162
6132 1957
4272 3231
6003 4672
7887 1545
3522 1018
7269 9567
9445 1677
2106 7014
2443 3906
7474 5739
2359 888
6510 5657
1930 9422
2633 7779
1763 9910
6117 3297
6873 185
3087 8982
6788 8471
7687 1701
7924 9219
8423 301
6030 5790
6870 6247
6984 1760
3423 7526
429 2473
2560 9778
8444 8629
516 9619
3355 4003
9162 7802
2198 3335
9080 3869
4596 5
6899 763
4513 289
6428 3796
9065 4185
127 8797
3545 6440
428 1833
2421 8399
250 7579
3533 2639
2427 9031
7573 5074
9186 8704
1635 7822
7193 9816
9275 6507
3469 2207
3115 4312
4722 3750
5018 5628
366 133
4222 3439
7065 8543
1637 877
519 8718
9580 450
7806 5747
5853 5118
4631 1487
4603 4008
8486 5875
2067 2530
5788 3310
5403 5696
2200 5384
7784 738
5714 1616
2831 6040
8440 3180
530 969
7224 8389
1499 5257
4102 3784
1876 2987
2341 3365
5402 3172
1999 638
1643 4906
9482 4806
3195 6405
7079 296
2633 7145
1829 1100
3830 3785
6370 2459
7044 5181
1287 8874
6127 8343
2459 5153
8462 8508
183 3655
6984 9741
3346 9250
5479 7694
2487 897
2371 5599
22 1166
297 8058
1060 443
8123 2963
6132 9248
9914 6082
5137 2936
7282 8749
1734 9652
2496 3790
2011 4354
5334 4536
4203 4593
2317 6968
3591 3038
4558 4400
3693 6729
2284 2282
3502 8500
1906 4903
7184 6811
4840 2731
2882 9215
538 1993
3955 2001
3694 5220
2666 3102
1657 8755
3451 7777
8026 3882
7983 4891
9323 8506
3557 8396
1543 382
2961 3530
3425 9649
5382 5332
3331 9839
4590 5075
6546 706
1692 1548
3858 9633
804 3621
4107 2935
1003 6657
3475 3997
4158 5065
7742 4054
474 5986
1455 9966
1926 3395
9992 9152
9873 7123
8407 3895
6097 2736
756 255
2330 4443
5544 4020
2677 9584
2942 2752
626 227
2624 7239
8740 7980
9043 2628
5942 6684
6861 7652
1307 7447
2867 523
7629 8278
8489 9841
4986 4639
2417 3601
7889 8535
7422 953
2950 8286
4083 5772
5579 272
1229 9866
1154 1898
2429 801
2625 4330
83 7748
5381 8000
7415 9593
3247 9531
9663 2279
369 1492
2626 1988
8252 3836
2566 8275
5336 3183
8427 2783
1004 9481
3328 7028
1162 3744
5197 9228
8906 4402
8396 9577
8445 187
7415 8022
1218 7162
5823 71
9287 9782
93 9632
3813 4312
9055 3405
6127 7968
2514 5594
104 1475
8905 4126
8379 5134
1725 9946
7835 3798
6516 3044
6590 9353
5784 5860
1983 8167
7228 3723
4052 8694
7776 6776
287 9801
1108 4631
1010 1777
2470 702
4770 1251
8156 9315
8521 6145
9435 5696
2287 2170
6506 6440
5266 3383
1369 8712
2808 1451
3993 2072
3051 4349
4969 892
9464 4696
1417 4554
5505 5073
1595 7028
9417 5888
7257 1075
8735 1451
5599 341
8061 6984
1742 9399
626 8596
4954 4057
6735 3643
1967 937
6563 1583
1995 5128
3825 5091
9922 1524
3580 2121
5019 8086
8040 2924
3903 1416
8634 8239
8529 797
2955 6812
8038 1548
4808 2544
4322 2850
6725 3702
4794 6098
2493 2831
8739 1798
5285 1403
7193 8547
2255 6761
722 5138
7816 3091
7806 3295
4832 3225
2640 3791
2245 2422
4768 922
9794 9839
2113 2199
4412 9534
2584 5460
6190 6993
7719 2680
6963 4759
9560 2128
4386 4028
5109 1365
3282 1656
6197 2882
729 5350
2944 6575
2643 8023
896 8843
214 7697
7411 4460
6403 2370
8586 7136
9663 2151
5915 5812
6651 2113
3398 9500
3619 2599
1242 9709
1573 6065
349 5806
4799 8297
896 2395
6391 9683
2518 8000
9575 3620
7628 5148
5265 9501
1605 1031
3641 1532
4004 7729
9822 2973
2385 7803
511 2896
6063 7153
984 9155
7136 9978
6070 6049
3275 295
2346 4051
5142 2638
1287 7260
3110 4861
538 5192
2226 9754
9235 7788
1031 7322
8238 8436
6294 3720
4716 8363
4753 4825
8309 1349
5604 2065
3205 486
4668 1169
5400 8314
5621 698
954 9930
5796 5612
7136 6898
5386 3844
3266 101
2567 2665
3551 5296
1964 5917
7682 8298
436 3312
9078 5035
5250 2827
2093 6875
7053 9800
626 110
8209 2707
4152 6720
4291 3485
6112 3476
7987 6126
6179 5046
160 4235
2482 3962
503 1367
6686 6007
3441 6268
8329 7441
5117 5442
9639 6126
3882 8050
4151 1158
7060 6983
6010 3275
5607 3041
1678 2363
9659 7462
2673 9560
4631 9715
4227 8043
2394 8246
8568 4212
4604 5154
5514 6840
1265 4466
5839 2900
3075 4587
7846 2083
4445 1144
9437 1775
5555 6048
3783 5609
4830 1022
9134 8746
3451 5364
6534 1103
9631 3783
1972 7239
2522 3819
5507 3799
808 2
9151 2371
3376 3487
9819 7479
3682 7902
5701 7876
4215 1475
6963 5589
8769 8291
7176 6107
1371 1897
1820 5555
5621 4373
4988 7664
2656 6221
8844 802
9414 3101
7540 9762
5650 8314
6363 2227
1587 709
1535 3083
4505 5998
5562 5385
5813 2614
714 7315
351 7634
634 3086
9620 4932
3599 3133
7894 4725
9832 909
7398 1060
9089 7104
6899 5897
6128 5278
1119 1886
754 7318
8377 2414
3525 758
5490 7192
5562 9219
9526 1499
5788 7441
4302 7619
6537 7987
6322 2416
7656 308
3115 1398
5631 5572
7898 5073
5153 5896
2924 4432
4092 3493
4855 2227
8299 6597
7093 660
5124 9261
1545 1131
6619 6853
5068 3100
3189 8787
1831 2158
6097 9577
469 8693
3984 1727
4971 4445
3740 3494
1941 9884
6310 249
1059 1063
7170 6625
5658 6508
7550 1760
7949 9371
3853 3087
9339 8861
475 4973
3679 7905
6745 6556
5898 3704
1043 3002
1424 7983
2198 4110
5088 9176
5696 342
8837 6325
3626 2854
8386 8162
215 980
6066 2129
9358 988
2001 3641
7061 8694
8888 2275
7902 9994
6048 4978
778 5575
4197 3914
2016 8497
9952 2142
9845 765
2898 6906
2225 6731
9940 6570
107 679
1711 6587
6351 3799
6289 8791
6816 6872
5427 1036
3454 779
7210 5124
3039 1146
6948 4299
4637 7134
8112 7676
8440 5225
1685 7194
6240 5054
2026 2771
4840 9302
4306 5387
9586 572
5996 5622
5336 1757
7466 1530
6535 7649
4207 4704
3917 1285
2187 7284
6168 5963
3457 9362
5677 1029
5449 2491
8655 5778
8673 3445
5140 7716
7957 4000
3031 5613
5297 6847
4216 1086
6530 8653
7330 6673
3301 6777
1904 7165
9098 7415
8292 9839
4171 8784
2463 9869
4076 587
6925 3548
5764 6458
6833 8303
7441 6564
2056 2598
2912 1099
4614 1306
6912 6305
402 8110
1828 8216
8336 3588
1201 1651
7242 26
6009 1360
2406 9379
8322 7228
7303 9501
7055 8295
3351 6169
7633 7038
6764 8389
5221 3661
4685 9368
4810 7841
2888 5473
6089 3629
523 4408
4306 3893
1185 1502
9076 9885
9809 8271
1596 7217
8121 9951
3062 6587
6635 3737
3333 6948
1996 7736
6416 1764
141 1513
8905 9081
1562 1461
3869 5027
6586 7341
2655 5
6222 8413
3311 3497
4261 5156
2279 7620
7390 3264
7148 8075
1966 1972
5663 1387
5220 2922
1170 424
8587 583
4668 9955
7750 4173
4720 1647
7722 3744
7859 2349
2631 8682
237 6610
8238 9610
1067 2576
9505 190
7146 6867
9707 4666
955 1886
4247 7096
9375 2326
1769 3871
5753 3943
8463 824
9427 5522
829 7636
829 2213
4196 7131
5587 6061
1625 4022
1397 172
2994 5128
9935 8442
1317 5291
6215 9017
3983 2670
2590 4737
1879 5196
4808 1304
7170 7884
5987 3983
5030 850
5331 5577
1861 6997
7222 7956
5413 3686
4959 1985
9534 6215
4940 8696
2812 1354
8501 1454
6191 9243
2731 799
8634 918
5789 3647
3104 1812
1838 6977
8377 9146
7400 8968
2055 3934
1549 610
4666 9954
7216 115
4871 6015
6845 708
9159 3036
6690 4546
1849 8073
3545 6374
4186 7198
5616 1763
6652 5953
4678 9987
8592 6691
6961 3460
8472 5074
1696 3971
7834 1986
2747 9056
7247 6331
8687 1198
796 4732
7955 5403
3414 9558
1433 7031
4900 2244
6720 155
1414 3007
668 5195
591 7292
1073 3633
1361 1850
601 2656
9074 6822
5251 456
7242 3935
8359 3936
7874 8585
5461 3058
3059 8890
1394 6028
2971 1281
2058 9259
4045 8098
5417 8649
6923 8065
2509 3184
5819 3792
1501 7778
5864 3188
7307 7749
2069 5749
2149 3443
8590 3069
8034 5796
8521 6459
2426 2682
2798 7812
718 212
616 9755
2990 6827
8156 1955
1380 2323
2038 6583
9565 7995
896 7367
7595 8483
6766 4990
531 7662
9816 3405
5244 3456
4937 5085
4800 7620
9889 4426
5929 6936
8342 8115
9373 6436
6029 2432
3841 7188
5191 1627
5178 5598
3453 308
8351 8018
6638 1482
6415 6939
8612 8912
1149 3103
2837 2523
1541 8889
5074 8320
5807 9392
8526 7020
7964 7271
7474 2492
8039 149
6153 248
6213 6684
4258 4319
9232 8098
55 2799
6599 1163
4007 3518
5701 6384
8603 7875
594 5900
699 3372
1230 2213
2029 4046
888 5911
2058 4090
4066 76
3785 2345
7170 9999
9641 3960
9721 3945
9919 4791
4145 861
5648 5237
5394 8275
6587 3378
2944 1914
8164 3546
9003 4501
4806 3923
5919 5498
4526 643
5298 5267
8882 4186
2153 756
7814 4699
4714 3918
8660 8543
1728 734
7770 8777
8923 1251
5020 3057
9276 5322
8077 8405
8009 4471
1552 542
6933 3318
7043 5570
2086 3246
8564 1215
9468 582
5234 99
9543 3318
8320 4666
6644 8628
6388 6887
3243 8072
7664 4190
5557 1345
9548 9903
2411 2206
9426 8200
3328 9924
8552 8535
3738 7198
9239 472
6010 6857
2618 2601
9210 1267
2809 3511
2091 2682
9638 3743
6516 4403
7229 4928
2626 7912
6347 2842
799 3889
3387 6612
9303 3425
8652 3999
4607 9966
1367 8017
1110 3210
9406 2327
2268 4289
635 3324
8688 6372
8571 9733
3390 6415
5141 9282
1743 2784
7237 9523
7406 1649
2671 4303
2987 3087
9338 1614
3667 5017
6891 4528
2120 9790
6543 4092
5562 2359
3084 5234
9175 5882
6341 8739
2917 1217
3099 3262
1134 87
3235 8493
7561 9462
70 1135
1496 5447
7630 6838
23 9019
3079 4495
3366 143
1283 5170
2239 4677
39 4609
8951 3025
5377 6921
2214 2232
8613 7820
7504 5541
7749 5596
1152 8913
3821 725
1571 5562
9530 245
8435 6468
1337 126
4837 5726
8157 5194
7404 1795
2859 693
4938 1608
3278 2767
7230 4526
8555 8446
7733 2712
9767 9329
281 6565
7104 8890
9888 2264
5682 2866
3384 4451
7262 3925
7712 2089
8271 7213
3503 4498
7646 648
7422 7868
9424 6576
7268 6529
3325 1749
5093 9537
7845 7323
7665 5005
4575 1835
7153 6920
1570 8988
6012 4626
5449 6880
3484 3798
7480 7936
2335 8135
8564 6948
3802 9047
6421 4628
1666 2469
5014 1258
3253 5709
4188 5658
2812 9458
4267 4733
954 7835
6719 1054
946 4870
1281 8672
5866 951
85 7827
8914 6204
2286 8486
7342 897
7749 3416
6648 4052
6425 7744
1499 7338
3688 296
7657 3403
9898 2089
4625 3432
6455 5083
5647 3173
4739 9711
9858 1763
2789 9734
46 6896
6250 6140
1868 7561
6013 9974
4160 1424
6652 5242
6703 9372
7687 633
9285 9409
4924 9867
9439 3433
8484 1237
6056 3817
3237 8029
5525 5648
6194 2324
238 6905
9761 1109
5811 9521
50 9651
5318 8995
7248 7338
4023 3664
8062 3274
8487 4320
8605 6807
1840 4227
9018 6682
7189 2096
8080 9993
7400 9411
6070 5471
8001 7821
2311 5665
5947 9442
7177 8283
2408 6976
2126 9423
9182 1530
1774 2528
534 3094
2926 8405
2454 2803
7383 745
3806 5594
3572 5019
1143 6508
2703 1896
61 6812
2533 7106
8918 1846
1458 1048
4741 8669
8482 6876
9152 3710
8251 4007
5569 5299
3346 7470
4184 5442
969 7610
8373 5853
1355 9750
8811 6598
7062 3063
206 6654
6189 6565
4557 6883
4069 143
7677 7729
1578 1530
1540 8422
477 961
7968 3124
9545 9012
9547 111
5854 4037
5605 4247
4843 9387
3614 5897
2918 3469
8063 9116
5887 6143
6519 3696
801 93
1056 4841
2653 9468
5346 7404
9404 4049
4837 8372
7735 1846
8765 8439
5950 6947
9434 7743
4486 1084
5765 7424
7981 3143
8544 4814
9351 5366
6036 7984
5932 6271
9302 3938
9575 1624
6818 4183
37 1212
9463 6478
5313 8149
6116 7538
9786 9442
7502 3107
9257 9002
2539 9854
9909 1762
2898 4525
6025 9383
7298 6994
1817 1081
4765 8407
1851 5375
3907 2562
4028 6609
2952 5978
4496 2793
2517 6296
2074 2245
6517 946
4608 725
4811 7820
7901 9063
7406 8923
9099 6750
9828 6937
1689 225
5626 5276
5076 3368
823 751
5392 9942
4840 1599
6906 7473
8566 6027
7111 1598
887 4559
4573 8543
6865 2531
1463 4855
9971 9686
1482 1390
7961 8099
6827 6037
9992 7880
1076 6726
1959 2644
919 9466
9505 251
3916 7836
4063 5980
5764 7708
3409 1189
1237 577
3533 852
1160 2110
5666 4137
6274 854
2260 555
2428 6777
803 4195
4106 7753
6870 9720
1176 1012
4489 5922
1418 7829
4669 1381
5548 8537
5316 6628
9279 3430
2276 5568
5348 920
5512 7924
9496 8260
8007 5960
3363 3445
4373 7518
1318 4906
5883 8547
6891 3231
6194 1105
5735 5242
7040 4302
9291 3870
3850 8908
768 6730
2166 205
2439 5844
4530 86
4582 632
6616 3763
3609 5637
564 8587
214 5290
7878 4683
6786 8402
1507 4894
3046 5838
7257 7865
4470 3260
681 5432
9404 2155
5994 8682
3371 297
3604 6722
4962 958
1054 1937
1821 2933
9906 6107
4016 2470
8708 6165
6729 9288
7235 9448
8222 3401
5733 3946
4943 4734
7430 460
803 2182
3699 7191
8956 1951
9260 6389
4672 9099
3620 5381
1202 2737
6044 7668
2468 7521
3606 4905
3950 5587
1696 5582
7299 7278
5277 2332
3051 423
8347 1216
9233 3576
6358 4993
9690 9676
2921 4372
8928 397
609 4462
4588 8158
6702 9696
4416 9546
1155 1178
2376 6279
2015 2655
1456 136
5862 2661
4150 2867
5506 3067
5141 5335
7877 2761
9784 4239
3902 4579
4546 9962
2754 195
616 5191
8220 3147
865 1496
8513 6185
3677 9968
6382 7951
298 2891
7885 1137
3670 4560
9303 8041
7101 479
943 548
8150 9587
6491 375
5407 9148
5191 6457
7804 1276
5001 900
4282 1419
24 3478
3307 8154
3028 1696
5361 4612
1030 390
7141 7910
4760 6655
7767 241
9571 1444
3387 7799
9176 2430
4036 6807
3431 5157
8390 5366
5558 2106
7207 9742
193 2815
2839 5255
4956 6804
2050 1547
1456 6253
560 8841
2355 6834
6091 4393
5167 3369
6253 9395
1136 6992
1727 9301
7415 3587
4305 8621
5339 1184
7635 6981
3166 8964
4249 4626
4981 9235
7814 6122
6354 6008
1576 9882
2099 333
7710 9680
3942 6503
3002 577
7654 3183
4074 3531
3779 575
6272 2277
8045 995
3919 3085
7707 325
2139 9117
23 6756
4528 1051
7917 7361
1635 3241
4584 5848
7387 1669
8333 8087
5564 8177
2398 1043
5737 1421
7432 2045
1417 5998
2614 7265
9690 28
1327 3089
5260 4622
8731 3921
8864 2914
7265 7105
4218 6660
5062 3651
4462 483
4627 7972
8772 7579
910 6523
1 8603
9850 6631
9523 2470
8747 5842
5335 9791
139 5394
6096 6711
9181 7581
4508 5968
7255 8497
6475 1712
6299 2561
1067 4665
9591 743
2274 467
6421 3667
1665 5624
6692 1437
2407 6783
4546 99
6584 5011
7910 3829
8679 3361
8549 1425
3094 9936
5150 734
9017 6049
8050 2889
2352 9027
183 1490
2091 402
2205 4638
5482 894
7380 5543
6144 628
2189 914
209 9535
3692 2419
2163 6009
4838 2207
3772 4628
5849 3560
8594 9413
3389 3767
2806 4043
7550 4354
7000 4765
3686 8397
3652 8825
2478 3905
7548 3228
1854 5507
5698 5590
6510 3126
7991 5621
2660 1248
5454 3978
2479 3163
8458 2364
7121 403
8831 6942
4807 4008
3366 618
2052 9757
4174 2242
2372 6261
110 3819
8839 28
166 3050
1823 3077
278 4825
225 6189
1121 4213
4655 4723
6160 3328
176 1939
8956 5282
2107 6883
8251 9921
9497 9849
6099 7575
735 1339
6078 2637
8865 4831
6371 4726
2662 9224
2342 3294
1065 8091
2424 9314
11 280
9882 5146
1482 8785
4676 8289
8043 3328
8860 6813
9439 5750
7732 5265
6602 2768
3619 2123
6873 8314
9682 8065
4639 5882
6874 4501
4175 160
7796 6878
6559 9720
4926 9236
8362 1776
6171 2110
4061 8188
6285 8615
3689 3381
7783 8163
621 3184
1556 4330
7920 9107
2614 3919
1480 4796
5079 3902
4233 9692
5954 9693
8083 2442
7559 8456
6591 8468
9862 1805
3880 3643
1698 2715
4257 2448
5180 6708
3298 9537
5331 6880
5039 7907
3676 6492
5738 4975
8308 7178
3642 3796
3635 2689
701 6866
7294 6485
8204 7918
6306 8248
8301 7452
9504 5526
2333 5318
655 4257
6855 8558
2926 3167
7824 5915
6324 4803
5588 1415
8779 9303
4416 4907
2891 4119
1460 423
584 4494
1460 7395
2117 7470
7076 4855
3333 7244
4166 9346
7208 3645
9386 3224
5808 516
1410 3443
5603 9503
2332 545
8775 7969
7751 3990
1740 4537
3633 5262
8409 5685
1497 5097
8300 368
9527 5366
5812 4931
2082 2859
7429 9794
648 3050
4159 4256
5015 2255
4822 1142
6674 1159
7622 5551
875 2871
8298 3436
2344 8718
8232 7231
882 2369
4850 5355
8810 8309
5826 7965
6123 3512
1354 9715
843 8465
9207 524
9619 7759
2342 6988
3053 1210
5444 1723
1768 5571
2022 2562
845 5378
3361 508
4615 8757
510 428
5413 8418
28 5627
2938 6132
6381 2521
7093 6443
2273 4212
9764 2042
1720 3161
6378 3326
3515 3626
5109 7994
9866 5167
1790 4915
4203 5801
5205 6712
7990 12
6113 5287
5336 154
5698 2531
1938 2620
9802 4615
221 9524
4379 5358
52 1418
9126 9351
4038 9776
6209 3112
8957 1411
9864 868
1575 9892
180 5020
791 4554
1191 8961
7725 8781
1541 1179
8432 1190
6763 7158
1027 6966
8865 7737
3204 5907
9640 7847
7246 5166
8577 2406
6639 2168
9370 7358
3185 4160
1563 4663
1048 5286
1552 915
9050 5534
7759 6355
4242 8219
8604 7401
4239 2909
5571 9590
9232 2620
8647 5509
5349 6974
6826 709
548 4128
103 2697
7504 4724
88 4264
7093 205
3074 5845
6947 2197
5984 6454
619 3673
6545 693
6677 3092
3357 487
6539 5587
4226 2422
137 1453
4983 6203
8266 4275
8551 3770
5030 8611
6133 7874
1337 6248
35 9428
8182 6917
7630 2586
4795 9854
3359 2291
916 5419
7964 6577
3456 8817
9143 9720
1661 9316
3599 5357
2025 6674
8709 9572
1313 6942
8753 627
6581 1762
548 9884
2972 3601
3711 3235
7521 1898
6922 6373
2660 848
9755 9894
7457 8566
2258 2306
3037 585
1847 6344
4604 8128
8359 4559
4270 5739
519 271
4399 5331
8947 6786
650 2387
7957 4189
6529 7918
3916 548
1425 8051
1163 7345
1376 6384
3796 4569
684 2802
7817 7227
3562 1616
2603 377
5473 898
8863 6362
8223 771
3146 6816
2892 6350
1467 7331
8389 3912
7663 7585
4345 3022
6542 5617
8575 2767
984 3860
4280 8992
3446 9760
5722 9217
5086 154
7812 6266
1447 4351
3676 4823
7066 4921
8533 7980
4274 4519
9819 2567
7624 516
7135 5451
4391 6556
9795 9777
1049 1119
4008 3284
5428 7388
1944 3593
3550 5119
6533 8727
8575 6935
175 1098
9922 7039
3156 4334
5781 4070
5754 3148
7569 5407
6464 7230
5430 6596
984 5119
3399 426
1342 2533
5022 1951
4959 2426
6417 3169
5472 1112
5344 2327
3458 7714
4183 8099
8181 5628
8424 8044
2941 4732
1259 7435
7676 7265
5972 8010
883 5154
2077 5606
3017 9025
3665 8854
2329 5259
6834 4032
379 4476
5571 6796
3661 9612
6812 1610
7411 9832
5925 1398
2132 9936
5967 2590
3617 4966
9189 6706
9495 7815
9477 2880
9637 5700
8430 3921
3770 895
4997 9524
8253 5297
5819 5598
7650 2648
6580 4671
7134 7240
7216 9447
9807 9897
6575 8516
8129 8903
2784 4928
498 3258
4807 631
411 503
4431 4578
834 612
3779 8704
3929 1556
4969 8407
6602 5449
8760 3479
7039 4429
8106 6749
8170 3828
125 6075
6840 5619
4098 6591
253 9349
5936 1934
960 2441
6510 1137
6423 7519
5456 4295
8279 9102
5154 8469
5594 2124
2167 4056
3758 7479
3596 2793
403 9576
8985 8887
176 5750
5325 6593
6366 2985
2116 5746
1588 828
3234 6919
785 5162
1020 2785
6457 2435
4426 6152
1532 5696
1987 4494
9121 6859
2458 1860
4578 6187
9028 5880
4926 6140
9026 4879
9823 603
7419 8991
1428 5039
1400 9388
8891 5924
745 79
6290 8044
562 1632
9882 4336
7988 5390
2217 2368
5633 2462
3132 6712
2399 1652
3437 494
7200 4635
309 629
4189 5110
8139 7020
6052 3560
2279 415
3908 7890
7667 9982
5136 8791
2021 6623
3865 7427
2330 6046
4841 14
9862 3363
6432 4057
6225 334
2255 2582
8359 33
2296 7646
4773 7182
9941 8541
788 3829
834 1597
5604 7942
941 1013
9191 3165
1118 1075
4841 1697
5772 2755
9691 8555
9774 9466
6476 7374
4172 8259
886 7868
9443 9787
9764 6620
3910 2011
4660 262
4146 5783
7087 5643
638 9319
647 5265
4074 9100
9091 8892
1928 1924
8158 9373
9919 1621
504 9247
3564 1240
7915 997
9606 8387
2259 3493
2366 5198
7634 3514
1365 3373
3984 100
6706 4969
713 2589
8335 4073
6404 925
2258 6112
5591 9117
1935 8377
5671 8331
9613 7978
6896 3782
880 142
929 4373
6018 2864
1635 5181
734 3183
4010 5185
9167 1757
1959 6736
5487 3169
8978 7363
9894 4546
171 3359
788 6657
2544 4593
5767 6949
8341 9074
7713 4877
3941 8035
3681 9430
6643 1927
6577 6747
2800 5435
4538 160
3841 22
1020 3776
8849 9155
3082 8902
714 9843
2280 4029
4802 9289
422 3517
8804 6270
7254 7558
6603 2516
202 4238
3594 5337
4048 347
7262 7718
1667 9964
4628 4581
9078 9107
7549 3107
8349 293
9091 7884
8253 1343
128 9621
7230 5870
3926 1259
42 1495
4418 6045
4261 4784
777 8632
1356 447
7028 8936
9957 4497
1938 2978
8957 293
5704 4572
4691 6723
3317 5506
4142 9557
6546 3260
8414 8572
8790 6503
995 5351
88 1497
7209 987
1959 5754
1775 2825
9919 8276
2308 6459
8412 2723
352 939
2005 7665
7710 1999
5577 9159
121 3267
4688 71
4575 2334
1667 1512
8765 6108
4539 1213
5475 4747
200 2798
6119 5513
3922 9431
7273 9456
5801 1017
9553 2923
7114 1949
8417 4503
9513 9180
4189 3034
4344 1481
5724 4546
867 5239
8146 6544
7729 851
3511 4360
4087 5612
4757 6470
1316 7396
2364 5582
6556 791
8656 1502
4244 3260
2620 6588
4992 5747
6328 8506
5362 7698
3381 5489
6477 5758
293 1567
8935 7471
4602 4951
9238 9239
2344 6662
8229 1076
1978 7047
9445 3324
1925 2330
1586 3399
8153 7562
4437 7726
3659 6668
9754 1840
6512 137
7544 909
7011 5352
7535 2904
4461 3207
1300 4833
6616 732
6551 8550
3345 1868
9333 766
5039 2617
5367 451
9281 8910
6174 7567
1829 7530
4090 4311
4917 1397
7587 9490
6685 1208
4365 5379
5041 3384
1621 5748
9039 8625
9501 8402
3023 1086
3011 4317
9051 2232
9493 9713
9712 4247
59 787
311 3959
2841 2698
2714 4795
3320 598
6794 3863
6199 1318
4876 5800
668 4547
381 4401
4947 5134
3481 6779
6727 618
5301 2601
5016 9257
6423 2403
869 962
6074 4651
6167 3613
6045 9091
9847 3120
596 5631
4649 6957
540 6668
8464 961
3775 6142
1246 4284
6368 2045
2578 7465
7330 5234
3045 5754
1982 1921
476 9679
8552 7419
573 4010
9131 842
7781 4148
6481 3033
4834 9985
4496 9518
9805 7193
7871 6272
8003 5026
7288 2640
1177 6417
4064 1884
5806 839
4292 8851
3609 2632
8083 9957
2903 494
159 4884
5279 5752
4626 1080
5295 5227
1557 7897
31 2798
2241 1407
384 1178
7743 3691
57 450
7715 6586
1362 6781
388 8342
3560 7842
4064 4560
5833 2806
5348 5952
7980 4790
6838 4712
1010 7909
5021 9448
4788 4839
7664 2683
6983 7560
7946 4477
2497 973
3058 5855
584 3599
9791 2884
2691 3073
1470 7133
9565 9118
5372 9581
6455 2037
7366 4034
4997 9644
2721 217
309 3506
126 4008
4678 9506
7275 5798
5114 2608
6743 3182
3572 2546
4287 7077
8182 1285
6677 4231
9800 2650
7736 6767
4846 1787
443 2455
5318 9270
2904 7701
2664 1342
5515 6844
4103 5457
3238 4540
2651 4240
3407 8194
4396 7446
7273 4101
4118 2277
4251 855
9432 9492
9905 4869
2469 7250
422 8097
5357 8295
685 5566
3586 9040
3957 5731
6069 2345
3687 1788
5425 4278
5779 2395
7292 3895
2705 352
7304 7533
2665 7317
8654 1551
3242 3705
1170 8751
1553 2196
5962 7320
6491 2137
7421 1036
4592 9793
6733 6152
9901 7512
5524 980
3567 9357
7113 1843
3193 7285
5171 4679
3584 9394
2741 8194
6304 3857
1625 9967
8460 6141
9542 6087
2233 9212
3276 9152
8736 943
4480 1125
2301 8129
8704 9498
3039 7454
203 8719
1979 974
6267 6505
2373 8443
4699 9960
2416 9656
3675 2034
6768 9788
6322 7473
7401 1307
5328 1765
6564 6216
5431 8214
9877 688
3074 5714
350 4783
8957 7496
2752 7542
9605 8609
1364 7538
5094 5327
5761 3261
7745 555
6337 4532
2688 4105
2060 6044
4788 1422
8132 9767
4522 290
1912 3651
2321 547
753 7659
6226 532
2641 5652
8430 1840
3670 7455
7707 1538
270 9272
2311 9054
5511 3223
2504 3771
8076 5049
4270 6727
4468 6420
7084 3865
6971 543
4347 4790
9389 2077
6759 8308
3990 5924
7766 3696
6306 6511
7846 6821
5556 970
8903 8708
7070 3280
5838 2889
4460 2195
4916 1577
6319 5650
9661 4258
5727 3916
7390 5766
7153 4850
3851 8679
8742 195
402 7367
9022 7935
855 5995
6682 4533
8846 9077
5635 6458
9682 9495
4328 9257
3978 4671
8321 4989
2182 3038
2613 4435
6285 2288
1052 2297
7857 7621
5787 952
110 3881
1299 5504
9275 9940
1651 6749
5931 3054
5298 8616
4873 7216
5999 273
4987 2457
2822 5922
5903 5120
3031 2128
781 1249
5099 7247
1572 9636
1912 2386
8535 6692
4491 1552
7980 5002
2057 3691
5515 5595
5322 2647
609 9746
1268 6521
2442 6114
4447 3851
6036 4969
6794 1710
7367 2377
6583 9066
6282 8280
8308 9218
2687 2682
3253 9166
1374 9441
4450 2734
3571 132
2229 9710
2262 3930
8138 9865
3012 8164
4498 7009
2419 3886
3768 2012
5854 6707
4517 1817
9397 4411
6308 6403
9026 8386
5079 8564
389 1240
5249 2004
9023 4320
1884 4695
5041 9201
8425 2952
4470 8493
6368 746
199 1553
6576 171
6529 3752
334 8285
3496 1154
7205 2990
8342 5377
8496 6104
3442 7226
9855 3185
6102 6785
9016 8246
9875 2234
4869 2024
7444 4431
6425 5819
1315 4944
9304 7696
6513 4928
7825 9550
3019 3753
7524 6651
829 5521
8785 5700
3436 2821
4859 8674
4660 8300
9989 1734
8049 32
2031 5692
4225 3273
4629 3010
7478 5620
1477 3928
5527 7122
8746 8293
5972 2928
8422 726
849 1362
4005 5342
4432 7716
7778 5568
4369 6713
5935 3909
4626 8975
6227 8305
2072 2785
1932 5914
8073 9293
2722 2145
8060 983
6882 5146
1721 935
767 6447
7068 768
5557 1837
409 9839
9515 4109
6395 4427
5096 7164
6445 2822
6222 9384
9237 7754
2505 5587
5777 7107
1451 5652
4948 362
9334 6220
9336 2939
2261 4504
7589 7768
7668 2443
9129 1761
2233 8814
5953 2032
6214 8672
472 1533
7299 6308
61 3279
1272 9409
5969 6419
1492 48
3679 5249
2433 7357
8820 6408
4171 6863
1832 7026
2828 7735
6543 8508
144 2768
8690 6007
4125 5222
4133 2602
7401 7984
614 3452
8245 9870
8049 2131
1594 5328
1139 8740
4911 6422
4318 6038
1419 7484
3533 6209
1219 5108
3468 4884
9795 3777
6207 4539
7813 6733
9359 614
7513 1051
2851 5439
9524 7926
358 6579
8362 6169
790 8801
8223 7371
5648 7456
9886 2243
7125 6750
1567 5288
2343 5807
6152 6763
4401 1629
9511 9881
1941 6888
5458 9463
9286 4989
1070 9297
7954 2331
93 3093
7019 4445
3697 5178
8135 8454
3696 2451
5406 2769
7661 1303
3988 7501
7162 3800
7621 8308
4534 6817
6855 9845
8332 7396
9505 5609
3346 8034
9967 3517
6948 737
3726 2601
7288 9837
1487 4090
1194 8007
2476 5999
9973 3429
8077 653
4364 8942
7113 4956
6355 3387
8765 5664
5714 3180
9483 4431
1096 8990
9079 9490
3801 6543
6826 8678
2436 3973
7007 2548
4441 4802
5591 1134
2261 9573
425 749
5425 5782
471 6313
5132 1496
7665 498
4898 5534
9289 4378
4817 9756
4403 8829
9611 234
6633 3440
8757 1525
3398 2726
6847 2336
5138 3418
6051 5981
4390 1621
5050 5231
8985 5250
9634 10
1732 8454
4370 8247
9434 9148
6864 3986
8296 8818
5200 668
3529 544
3641 1129
6181 6734
5480 2946
8736 5099
7246 9948
3728 3238
5637 4858
9993 349
3551 8377
7181 457
1588 5324
9007 4128
422 7798
5476 986
2271 8330
2157 2784
8715 882
5248 2514
5880 6827
6842 1010
9206 433
1205 7734
2472 5760
3439 6491
2640 2882
6471 7998
349 8
9581 8608
3655 3119
2493 9266
9681 5678
3159 1980
4607 8485
2775 9292
7505 8455
159 7907
9531 2574
6845 7083
5503 1476
6446 2989
1201 1151
3209 2389
6554 7487
5277 8778
4946 6155
2523 4093
2953 716
3817 2780
6175 219
2126 3679
9220 3710
4914 6912
7606 9433
8017 3989
8071 8536
8930 5864
1715 5602
5758 1160
9039 1997
7909 7219
4477 9688
8226 8127
5844 2158
1536 3982
5879 2075
249 8992
5068 9996
4328 4189
3132 8681
2942 6006
4004 1284
1161 6613
814 460
4328 4282
1712 5509
7473 8923
4567 5914
2399 1614
6482 3751
3777 2242
148 1398
3289 6593
4021 7139
4792 2423
8229 3766
7720 2391
5778 5727
1116 9824
350 7250
6403 4323
6485 3604
7903 221
5058 447
8984 3554
380 7615
3043 1124
6856 9508
6355 8842
6529 2896
2171 4565
8433 838
1128 9306
1096 3416
8190 4489
3751 5776
5176 4377
9593 655
2537 1220
8295 8599
5662 5384
8946 3315
5763 397
1718 5017
2140 5516
7463 7946
9886 9768
6325 6390
1623 9726
302 3657
7638 951
5124 49
6152 3448
1450 1855
8851 4256
7300 5959
5488 2142
7941 1288
5600 6253
3712 8128
5392 2714
5076 8847
9330 5357
2440 4603
4459 1478
5492 9659
2927 6876
4779 8872
2927 9902
5018 4777
5322 79
5255 8445
6130 663
7731 7475
5833 4839
6031 3633
8434 6049
2457 1010
5106 4965
6038 8214
9708 4847
1744 5359
5279 5776
7328 8418
3214 4787
6172 9711
2908 7289
5836 975
6135 1899
5815 5023
8377 8105
9523 7874
9347 5857
707 5333
3223 8796
8558 3055
2249 7815
3923 5421
7533 1857
2051 6378
7434 9684
9842 3215
5125 6377
2452 6433
8102 3666
5835 3553
6748 1669
888 812
3368 6485
8525 3885
6364 6154
4066 1130
261 4096
9962 6388
5975 8478
9809 6063
276 7469
7461 7624
7762 4752
7288 1307
7368 8007
4055 1714
6971 7482
9825 2321
7749 7368
9586 318
5627 5882
8014 8210
7969 6692
5770 6439
3345 5604
8561 8698
9320 3322
4315 606
9737 3763
6394 8117
1756 1464
2922 2335
8277 3442
6201 7774
7872 6885
217 1777
9454 1131
2813 8494
9804 7870
9940 4437
7538 7774
8607 8442
6181 5814
7543 3335
8431 9215
2645 8043
6549 911
1091 5172
2962 4124
8694 48
1733 804
206 1394
8329 5839
4148 1275
6862 2789
3770 83
8932 2250
8436 8266
4500 8356
2323 2268
9708 2439
568 4851
5256 8700
7361 328
3643 7195
8396 4239
2862 3602
7647 1591
217 2454
3014 2021
2836 6978
173 8128
8287 8812
2349 2716
4238 8856
9301 5501
952 5231
9186 98
6369 2773
7116 1810
4886 3878
4659 1996
6006 7475
6586 2874
964 9314
1537 5564
6671 6328
7530 8022
5215 4755
3617 781
1150 147
8911 6608
2210 9459
4277 2037
7358 714
4157 6782
4435 9118
8380 4918
6868 9723
100 4529
9640 4942
2219 5725
4133 4415
2642 3159
2859 114
3426 1359
3632 21
3593 7570
7437 9404
2329 6896
1885 4108
6809 8456
9825 125
4411 1983
8344 8494
1462 3683
5694 2957
9372 8745
7392 6040
4055 7375
7263 5819
3703 8097
1401 5751
58 853
4480 6261
4598 9953
1548 7446
8436 2698
3998 182
2560 9373
4701 8511
3116 7308
1349 3804
3845 8497
1759 8906
1590 6163
5055 8769
7550 6262
8702 5274
6832 2738
4020 4552
2908 4493
5388 4217
4936 5711
7452 9860
5061 1372
5368 5846
4357 5673
1080 1381
3109 9978
8958 9224
4992 2791
4704 6292
70 2654
5799 4887
8078 6455
8705 6942
1408 3444
4541 8945
1052 4807
3524 3572
2814 885
3475 2290
4998 1420
8059 1212
5593 2777
3840 7460
1027 1846
8169 8426
8993 4331
4776 6825
5633 5864
5141 8739
7418 3147
5070 9350
2779 3822
4730 5073
9229 1996
7186 7410
7262 8512
3689 5515
3586 440
2683 6863
9263 7194
6127 7059
7620 5534
4545 3032
8605 2648
1511 9197
480 6181
2658 3393
9767 3109
6830 1714
7213 7745
4810 2079
7144 7797
2954 8099
7940 1969
8650 5248
2807 1879
7750 3967
8640 8871
8437 8096
5888 2876
4127 2259
7715 3079
6802 1580
9140 4840
1042 7048
291 4982
1729 1247
8246 9796
8950 5525
3044 7355
993 5980
2241 2922
5811 2651
5045 8654
9128 1960
1923 2409
8448 9355
1824 183
5774 9643
9648 9962
3309 7759
4433 707
7681 2769
155 8136
3062 682
8252 6719
2055 8235
5146 7782
3245 6848
8351 6227
7976 1742
6514 7470
8221 5364
7133 9574
8676 340
8407 2748
1225 9408
3277 8320
4984 5230
8311 1043
8437 2906
4356 4440
6900 4258
858 7236
7653 4997
7343 6320
4149 4607
4652 3324
3635 7113
2650 1891
6462 1659
2737 1189
9870 5520
1163 9095
3413 8186
7118 3710
2273 7320
1548 2030
1559 113
1275 1665
1285 665
6114 3281
126 842
738 6935
5191 7865
2983 2673
9548 6465
3748 4965
169 1708
8675 4742
9246 9098
1222 5419
8453 7933
2625 877
3182 8388
1581 6980
5141 3474
3035 6576
7212 3479
453 7075
2752 8442
8789 709
983 3577
9000 3723
9057 8223
8018 2806
6807 4561
2738 4698
9459 5545
3900 4348
1949 3226
3052 609
8993 614
5444 2485
1798 9431
6945 5641
5113 1809
6140 4617
87 8251
4232 6766
9372 7675
8767 2155
7772 9477
973 1169
4563 595
8761 939
3694 4028
5079 7034
4619 5726
6990 6164
3609 5541
2331 4206
128 8193
1722 9838
817 4631
8665 4869
8597 8306
1410 7046
372 6338
4948 4830
4443 1534
117 5046
8695 134
7874 8834
9491 8557
70 5898
1676 1408
6111 4001
6911 9290
3187 3419
9176 6215
9380 7685
9646 593
9 3963
8028 3520
3023 6324
6084 2551
4907 609
9353 7117
4230 4744
6738 1083
5115 9418
983 7094
765 4476
9787 7274
2526 8622
6479 3321
9534 4545
3068 5610
7428 1483
7887 5907
9146 2623
4135 6560
9249 9085
9692 8623
992 1409
9689 4541
8286 2726
505 8565
8924 2677
7142 1711
6215 2691
8079 1466
4758 9766
9996 3935
9490 7573
6125 4782
5925 9358
4149 4893
5422 6114
87 4661
6835 2670
9655 4336
4755 1128
7615 2657
7920 5574
5548 9490
3389 8153
8183 8812
3688 2201
7749 3929
5233 8570
1617 3814
8342 8825
8525 9472
43 484
6924 7043
2886 5335
1907 6940
887 7668
6553 3160
8013 4977
3407 4230
9776 5654
9925 593
4613 364
1546 4359
628 630
6867 8556
5113 9281
2472 89
6856 3306
7842 5242
680 2955
4506 9432
2518 5219
8406 1288
8682 7289
7428 8272
7951 1679
4854 8497
6023 6677
5822 3863
5094 8558
3919 783
907 5907
2611 4686
1059 8969
5670 7846
148 5114
4991 1285
4801 1718
3234 5772
4885 4331
7817 8416
4612 9561
8623 607
2867 9058
9610 4563
7793 6318
5420 780
6939 5126
6819 3419
9659 4717
6019 4180
6513 9290
1691 8199
5443 1998
2529 4677
2469 5916
2918 7256
903 6241
5742 5081
417 3006
4410 2714
892 9299
5607 7662
5552 5086
1391 898
6114 8579
6168 8935
1755 8655
42 7506
7873 1913
7756 4889
6286 2354
6384 1457
7714 7365
7835 6533
1203 1513
3778 3008
4626 6066
9542 3744
8078 5050
8451 785
670 2052
7961 6901
2024 9856
288 8926
7777 4261
7805 1544
871 1302
1655 2123
6800 7425
6522 5147
7919 6165
9836 8697
1620 532
5911 6436
8732 7799
632 3345
8499 8488
8156 4343
5760 1397
3631 7494
9326 1353
4043 9317
5239 8123
3029 2340
7543 7017
1504 2444
2306 6258
1756 1761
6864 9345
960 8388
62 3739
2250 2099
7066 8684
8853 9952
70 1427
2685 6227
5215 7716
8229 8926
1422 8009
1233 837
2194 6102
6670 2645
6876 138
9613 9113
5857 5623
2006 356
5924 732
4431 6520
6238 7150
8484 823
8194 8027
4802 9387
8127 1398
3812 6908
2683 1042
2688 2495
720 2505
7796 1211
591 6282
5984 7698
476 6085
1583 8949
5988 917
1499 9937
2359 8848
4097 3998
3939 1765
6948 3995
3342 7952
9316 2646
1166 3848
358 2077
3598 2249
6444 7737
6376 5705
3144 2502
4824 5114
1984 6929
5052 6065
6075 3153
2175 4369
242 592
6229 3086
9713 1807
2281 5597
6930 2344
132 8539
461 9282
4912 1833
299 2554
3236 2570
4043 9414
7125 6828
1799 7445
2578 1539
9283 8493
1730 6596
6876 8455
5078 6190
6647 4807
3232 8188
5119 8442
3813 7367
2828 8913
8616 1854
1144 8031
9478 4891
557 3168
4010 8583
5503 47
2299 4629
8339 3888
3143 1502
1679 6038
5036 4782
9510 3236
803 4167
971 9206
6955 7941
8592 9657
863 9439
3686 728
5577 7840
4299 4471
5907 1521
5785 55
3793 4282
7853 1117
1695 903
8132 3671
7548 8692
1795 3851
5257 4481
149 1561
2343 3986
9478 2020
8868 1739
9758 6957
1884 3101
1473 5990
2559 1583
232 3066
3153 1245
1055 6487
1576 8519
8903 3157
4373 9054
970 3159
5431 3993
422 3909
451 8289
4712 7714
6377 8447
1088 3433
6664 8311
7613 5104
6451 6239
1134 9337
1187 8996
2056 533
584 4340
2097 2162
2232 1985
2217 8304
9275 1291
9998 2634
5635 1960
3062 8670
8426 6692
5474 3573
8975 3090
7933 5444
7791 8922
1173 1869
543 8482
2599 9266
6556 1583
5454 4337
8219 5582
5524 6667
5798 8831
1244 8323
1648 4905
6733 7567
1885 7813
1326 7845
9729 6052
43 4047
6510 9663
90 1217
8867 8363
251 5282
2094 7954
5917 5466
7339 9835
6786 2385
7633 7389
8418 2403
7727 2309
4292 1413
7793 2601
8360 6324
9055 5011
3848 9710
291 3583
5541 6727
2288 1734
6391 8962
2813 3241
9959 5736
370 6446
1462 7041
5620 6408
7115 4516
7700 7914
8782 1348
9837 7245
410 3988
3138 4568
9548 89
800 7667
7098 7651
8100 1805
5269 9806
7514 2029
1668 4722
1422 6645
1156 7936
6252 9942
6161 4422
6197 1058
5760 5881
5598 5138
2671 8617
4870 7349
9378 9492
2662 9323
6380 7279
3820 1832
8673 5414
8687 473
5530 7263
4838 2825
3349 600
6083 4231
2937 8645
8911 3043
7895 9875
4573 3829
912 8825
9358 1171
553 3592
5687 6594
8516 359
5795 4706
7218 7431
4028 3842
5374 2984
9034 3881
5214 8569
8825 7563
466 9787
5058 1567
8021 9953
6628 5779
6684 5012
5920 8280
6739 8732
6694 6829
7015 6141
8732 1584
9805 6408
8574 1454
3358 9104
5089 5528
653 6308
8692 1422
5415 5734
7114 578
2049 9626
3825 2937
1057 5316
5165 1064
1605 504
1979 4604
9543 7576
9224 5285
1428 6594
3072 5272
678 9291
5667 3295
8302 9522
4589 3744
5209 5323
5644 599
3841 4185
1234 3100
878 3091
2512 8530
2906 2790
1849 1857
9518 52
8652 9491
5925 254
2752 9939
6181 3618
5085 5961
2402 6215
2040 9244
2172 5154
9521 7375
5957 9455
5686 3250
3787 4481
3853 3521
6650 1275
8612 2207
9428 9129
6860 8338
262 6920
8224 778
780 8378
2615 5853
8554 7374
6899 7155
1863 8429
9915 2968
9257 3847
4575 399
4826 3187
6110 390
4475 3626
4373 5308
3746 4939
8163 249
6391 2764
1016 5104
2483 9392
6712 6218
2951 5405
5193 4020
9812 6243
274 6568
3548 4551
7083 650
3082 3965
1208 7803
9997 1572
4278 5486
591 9637
7981 7506
3757 5210
1159 4087
8404 4042
213 5448
1404 6105
5483 1747
533 5977
10 4936
3214 1628
594 8345
3635 8221
2406 7317
5647 4375
6694 890
5262 4190
9897 5133
2254 3200
3426 7007
7066 8900
8787 3617
3506 8903
8524 5832
7225 9465
1886 4012
1495 8079
6651 19
6641 7257
4178 2420
8470 7407
9459 270
2712 2354
8956 4274
4514 7195
1006 4011
6405 6855
6858 6524
1003 8696
8258 6008
2741 7221
6379 8089
9599 7171
5776 8262
3775 7995
6083 8533
2076 832
8085 9197
3110 9929
7189 7914
6394 9953
696 3632
1966 9215
2218 6509
5536 8305
2723 1620
1226 1871
8318 5561
700 2180
9947 3858
7877 6590
7226 1563
5363 594
4570 8648
790 3190
6219 7509
3589 1944
9299 1264
6973 6706
5757 2517
3511 5399
4138 8782
5807 846
8063 1888
6123 3391
5296 1580
4675 5022
2051 4721
3611 921
3700 9384
7318 6743
6301 9772
2782 6937
2605 3481
6891 7293
8737 8722
8578 679
522 5537
2053 4132
2412 1397
2303 6125
7226 1466
7907 8505
3246 1077
4263 5794
860 3029
3832 8778
1517 5508
5819 76
2750 3973
3362 9862
4856 4582
4269 9830
6810 206
2562 9916
1069 9370
2243 8794
9103 7961
2059 9108
7819 7685
458 4168
5808 989
156 1066
5038 8389
8826 1731
4499 4413
6519 2718
4903 1167
6070 6760
241 8230
9259 1328
3883 5824
5077 9530
457 4202
8715 7053
6596 1855
4835 4495
2383 2499
9388 5800
2677 3224
9837 5011
1746 147
7783 9142
4646 6929
1711 1670
3622 4723
3410 2493
934 8652
3208 6814
542 8143
7584 6382
3491 7665
6165 7733
5900 6093
3486 3129
9101 3276
4627 1720
8838 8785
1104 3888
6991 9720
4253 6805
4147 1824
5006 3719
6809 1734
9256 3183
3492 4638
9508 1325
5664 978
263 8083
9958 8959
6084 2263
1714 3432
9701 8422
2075 1497
4573 1199
663 4802
4326 4581
6417 8524
6789 2416
3295 9494
1653 4072
5390 874
8587 6035
8184 9884
3094 126
5582 3574
8969 6504
1004 9785
5137 3138
7820 6344
2897 4259
871 5803
1427 7362
7746 7854
9680 8905
8663 3762
3861 9568
5377 6081
761 4997
5603 2698
1234 3998
1024 8160
1258 8357
5961 9511
8445 6760
3663 9487
902 3163
6434 3014
8300 818
3662 1064
9517 6108
5933 4229
5166 5881
1720 4713
1826 7360
2907 7875
2243 8804
6822 441
9403 5874
235 6361
4289 3281
2536 4257
382 314
3337 3545
3606 4417
3852 4890
7312 3391
2821 7958
1744 1932
7899 5711
2391 8072
3036 526
3997 378
2345 4778
1452 9149
8294 7804
1716 6065
8678 4929
1949 8515
1842 9958
484 9926
8976 1729
261 8844
8426 7611
1787 7276
4253 5872
8857 650
7181 6895
6116 87
5974 2604
912 4654
7163 9011
378 3997
8615 9621
1333 9233
2749 1892
8238 6849
4240 5962
2825 4648
707 8464
2681 8035
6289 7877
8107 4033
8403 2171
356 7326
5858 1627
7285 9727
2082 6295
9476 2446
7831 2158
6446 8478
8419 3628
3992 5195
4476 970
9151 4281
6073 751
9741 1712
5390 6787
6643 246
2324 6883
1043 8362
7341 1748
1397 2721
6910 8406
1041 24
3998 5911
1117 2956
7884 3249
2558 7783
3405 1341
8521 5595
7391 6451
6656 4306
2626 3455
6718 1038
8827 6553
3172 7937
3900 758
852 1614
4607 6050
3126 888
6596 6389
8128 9004
7902 3714
123 2373
4562 8651
1696 2350
2226 7691
9808 232
243 3134
636 564
1547 6335
599 1614
8226 1358
5925 3064
7252 5447
9998 1456
2553 9581
1717 4626
8703 6943
9284 6337
541 3206
2305 4493
3785 8254
2669 9903
3639 2385
9062 3512
7678 6547
8676 2075
3105 5265
596 6498
6369 803
4564 9289
2915 8726
8323 4424
5242 6800
4338 1948
9166 5600
2163 4387
1964 6281
5498 9010
2610 2942
8612 6146
5013 3832
8542 9183
4332 1697
2755 2569
4506 1116
7101 3279
5708 7635
9917 2938
3288 66
2256 4938
8591 141
342 1513
600 24
7496 5491
7458 9688
8943 9673
2344 1713
3360 817
4553 5300
9640 2577
3791 8705
2617 34
7655 7972
1236 5025
1218 9082
635 7385
4297 7101
81 2063
4774 4072
9751 478
4008 130
2108 6500
8933 7382
913 308
6607 3544
7562 6445
8094 2464
8249 3411
6333 272
932 6601
8434 5558
6224 1738
3682 2284
592 3920
9629 9530
1535 6513
876 3549
7681 2378
3866 9528
2 6062
301 4795
3881 5962
9751 6236
1424 9460
3308 6160
8622 9318
9318 8109
6034 694
8037 7997
4683 3625
6058 2994
699 437
3135 4960
3614 4385
110 4659
2564 794
1833 4490
6965 7656
3587 9759
8571 7672
7448 3442
6626 9889
2901 9650
9911 1558
7603 8312
9904 8628
3780 416
2679 7248
5877 2113
9574 5725
3229 8445
6627 5191
4601 1886
5489 3667
325 9258
3809 7406
4588 9824
9002 8408
4932 3310
1796 4141
4156 4419
1280 748
8961 8501
9783 8595
1663 9245
4138 6710
5265 2374
3246 195
975 6702
4678 8359
5170 4459
2422 8202
9484 7863
4749 6426
9373 249
1870 7243
6669 6831
4682 6091
1032 6432
8264 1541
4507 183
2276 6746
4984 3954
6096 5857
8366 6969
6221 5544
2518 7971
9741 1533
6262 5365
2374 5784
1730 7475
7788 2705
8104 9278
3962 2033
6589 8932
9408 4144
8612 1198
2830 6030
8864 539
8994 3566
9918 5511
7020 7954
9404 5502
4637 4957
441 9922
9437 7675
8911 7533
8028 4095
2126 8111
6099 9392
4522 2804
7098 2813
5488 2661
2236 7247
2852 5652
7433 5532
4224 4161
4137 1595
8321 8043
6436 1854
6489 8862
2666 711
7076 2507
1445 3902
5955 4399
5941 1889
3014 8377
4812 8044
5335 7242
1150 3903
4550 68
2191 8716
4733 1676
8121 8366
2003 1937
7873 3561
627 7392
6880 6204
7370 1995
6041 7629
3105 5623
8541 8841
2268 9534
6794 829
8045 1176
4061 6085
484 8332
3284 4479
2602 7473
9902 350
8968 6996
4055 6983
5102 6872
2030 371
1201 9813
8534 5374
1021 8307
7314 6210
4911 1639
6333 5963
4163 1728
1151 6694
1282 7605
8969 9077
389 6037
8949 1809
5203 5378
9086 9546
1340 5800
3067 1752
4709 3900
2008 4295
1428 6265
7633 8676
2796 9129
3684 3216
6815 983
7249 2135
2104 7798
4574 7439
6996 7209
5046 2526
9599 5809
2795 4185
4420 5575
9369 2668
5352 6455
4159 9896
2144 361
9174 2789
3009 6291
2847 6938
3364 5734
1829 6232
8279 7851
8145 8187
976 1320
5884 9779
4338 474
6351 4629
442 8498
8561 7702
4270 8701
8697 8884
3984 2414
8355 7031
7521 8740
6154 1503
9280 4885
4137 4333
1870 5682
5674 5846
7831 609
1876 5908
2136 1084
7613 7532
5100 2471
5930 1319
3452 6134
383 9490
1513 3152
3208 8774
5775 1960
2911 883
3189 4916
6635 9446
5513 7696
6475 5136
6994 5011
4475 5896
3410 349
7446 6588
7151 7583
3063 8859
5425 8962
9212 7910
3931 4693
8412 3760
4280 8559
1127 6027
4632 2618
8026 3191
3104 8194
4473 7393
7879 4025
9375 5188
3866 7639
7830 8062
6603 3472
1131 1193
167 2304
8236 9118
3454 1222
15 6973
9907 8393
2864 185
5233 1176
1140 1399
6737 9541
1393 652
8688 1525
2206 2353
320 5132
8221 4953
1395 695
9561 7128
8458 7497
1671 769
1073 5774
3055 8680
1709 3950
7273 826
8421 9594
8421 2415
2283 1134
3850 2493
6622 4284
6369 9440
8878 4285
434 3197
1578 9500
4409 8931
9414 34
2781 1488
6737 7805
2399 8567
7639 8900
4434 5427
6477 2717
1469 4577
3672 1518
2821 9749
9031 1556
6457 1498
8007 4656
3636 7906
2963 3488
299 2581
499 7131
1698 8087
1107 4169
2075 7075
2246 2232
2912 5679
5032 1275
3536 5604
5933 6825
5908 7143
51 8662
8782 3947
6566 7590
5270 2111
123 4927
9126 8943
1486 1651
5487 5331
6306 1076
7940 1219
249 5751
7302 2950
8264 819
9241 5586
3039 9596
8082 2161
323 9055
700 5570
1154 8370
3610 8833
5782 9131
461 5530
5327 7416
3965 3008
8128 274
3066 3683
140 8866
3688 9628
8546 3509
5281 7429
7817 944
9012 2608
6556 1707
8231 6427
9265 9354
5330 5734
2335 4879
821 3297
4132 2407
9321 4010
7370 8252
4256 5224
1155 3622
1469 6499
4588 5912
4380 3076
9633 8711
9916 5404
8592 5181
4192 9888
8132 5436
9196 9663
1372 1361
4215 6776
4615 3665
1244 4224
5403 1093
4804 1630
7696 8669
3231 4840
5891 6403
3796 1489
6596 2065
102 5739
7453 6641
6281 8962
329 1637
9184 755
1143 2170
4124 4036
6483 8126
5000 1330
1706 3729
5393 325
5471 6260
85 2013
885 7961
3181 6521
4829 6433
948 3648
162 9135
6925 6144
9307 9696
6947 995
3481 2007
4004 2462
6367 3031
3952 859
4690 9512
7506 818
3314 9924
8950 8991
283 8211
3940 407
1948 7574
8155 855
4096 2962
1868 3944
3458 6886
3202 3055
3733 5912
7062 4070
6505 5758
9131 6866
8494 6897
9360 5335
57 946
985 4984
8097 942
5026 2036
2348 8428
2456 393
7054 7696
1081 8756
8951 7494
5662 9814
6239 2345
9640 7646
3642 4459
2394 4553
4009 86
1753 3416
4364 2338
2750 9122
4588 4020
8508 1041
9680 4387
5795 8418
740 5975
9737 6161
5508 9738
2713 6674
111 5578
6520 6567
4713 9119
498 8358
649 362
478 4739
9792 6538
8768 2334
5990 5424
4647 2386
3607 7605
607 1576
7928 1662
7253 2234
8470 4918
3160 8705
8347 6587
8322 5208
9082 1002
1188 4092
9451 3885
5273 3304
9754 6248
8233 3346
9791 7199
7112 7594
8746 1798
4794 8485
6825 3121
5887 825
8938 7633
5285 7346
6212 8648
305 5434
4024 2932
1766 6169
1169 7237
7137 6145
6075 6000
3286 8852
8368 6307
9519 993
7266 6734
1873 5804
5551 5832
8111 1576
1429 965
5952 4497
2331 8191
1444 7064
5081 5079
9344 8143
9516 733
3822 3649
5199 4508
4742 709
2936 7594
8473 2081
4730 1928
1437 3236
6255 6073
7436 619
4123 2237
2339 5585
5481 5566
2279 4551
540 5346
5390 6459
6875 3334
169 5938
4868 3337
7180 4067
7753 2878
3175 4172
6980 9166
1915 7975
9633 3328
7770 1777
26 3767
4929 3820
6115 9674
6965 1857
7456 4792
5995 5249
962 5604
8211 1287
7358 119
9982 3824
7083 9999
7067 7823
8766 6307
2024 5246
1344 3379
4012 3324
8839 3446
112 2186
9727 7132
1907 8878
6408 9331
3751 1685
3347 7941
6595 4219
9234 2178
9822 710
9091 7823
8993 2546
6628 7051
8648 8468
7855 9528
488 4251
3539 194
2495 2896
3904 1435
7254 2567
8323 3276
9023 8078
3828 9537
4457 8355
2289 2628
3402 8992
8471 3995
9699 5233
8983 3478
4596 3032
4404 1946
8596 7260
2900 8532
5451 7402
8083 5718
156 5334
6758 2448
3759 7838
8208 5440
34 2049
1211 9079
7208 4677
7923 941
6530 3591
7965 2516
8128 1125
4890 6809
1245 2643
550 7501
1814 627
9578 6328
1294 8775
4583 1373
7316 8453
4480 8910
5752 3895
7371 7089
8612 5688
7158 7165
7628 3605
7251 6396
9246 3073
5056 930
6687 1352
6495 7053
5692 2204
8833 3178
2911 1627
9195 8229
6078 5006
1278 1084
4453 2583
2887 1449
72 226
3335 5629
9078 3350
4429 6992
8827 2521
435 4038
4111 8251
9202 1517
7298 1977
9544 8764
7869 163
605 3140
6967 1800
4042 618
8514 9938
7162 9053
1661 3710
8962 7239
6001 6488
8189 1712
62 4309
671 532
7754 239
1597 6518
2693 6926
5398 7863
952 7295
7400 9474
1068 7559
4346 1498
2020 8045
7211 8460
9982 7456
9249 2256
633 8208
5407 3414
2400 1496
7077 9995
7772 3652
9040 187
878 8724
7598 9091
7451 8005
486 8456
5451 8954
9336 131
4690 7152
822 7348
6551 830
7977 8997
8584 9179
2157 3146
9913 7586
3011 8566
4374 3207
3469 5232
1730 4309
8443 7178
1578 6244
679 6363
7095 4648
5168 616
9746 447
8279 4056
3195 3557
7843 413
8969 2012
3923 2586
5155 1432
9777 974
7111 3701
1797 2461
8398 6267
7673 1140
521 6406
2179 6053
4318 7118
4230 648
675 9622
8220 86
3540 1279
9106 6539
8746 5704
2496 6335
6833 4427
2807 173
2372 2962
2773 347
4163 5676
1898 2442
1340 8423
6363 1026
7975 2874
2156 8659
561 7044
4801 294
4878 4738
1123 4823
249 1077
6845 7026
2900 5572
6163 6328
5213 2178
3366 9209
9607 6729
4292 9883
318 5294
8034 2956
697 5549
7040 4577
1579 7813
4118 5406
3209 2738
6517 5633
9285 8787
1910 1577
3850 8070
5620 7230
2238 8627
9577 4338
2327 1850
8945 4523
4818 9080
6996 1315
9105 4275
9481 8180
5321 7343
5058 5491
6066 8363
5120 7037
9463 8794
629 626
2704 6014
6301 1421
8305 5557
3950 2867
6053 8191
9776 3202
1523 4844
6898 234
4689 5465
8340 3109
169 2258
4000 2904
3879 2061
1968 8658
9696 3419
2176 7866
5164 8805
2840 4149
6624 3368
7409 8105
746 8249
4221 4718
6048 9971
53 1570
8505 9966
3122 1102
3702 5916
1440 274
8514 447
8847 2857
4989 8812
3188 239
9341 7539
142 3872
1445 1351
8772 8129
9402 450
3768 5210
2814 8472
7 4964
1717 6626
1008 2019
5581 6846
4148 6864
6184 8434
7690 8360
3600 5964
3638 5956
2235 7203
5345 7374
2484 6706
13 2373
3506 4679
992 2271
9629 9078
4577 2652
9624 5110
3729 185
9973 6083
2403 5777
8658 8774
4286 8802
1546 8205
6423 5170
4434 6520
4185 2309
3983 5241
1989 6914
9260 2756
6139 8045
8958 679
1097 7111
6845 7912
4150 5574
6929 1967
929 901
8760 500
1902 9892
9137 1405
6406 9001
2007 6992
7470 2145
3096 5623
3090 6253
5487 7495
8843 9635
9352 6574
3948 3654
3657 232
1612 7629
3813 247
1621 3241
9177 5925
5143 5113
6104 3932
2019 8470
3073 9405
4458 6546
4629 1333
4625 5185
5359 332
711 5312
3564 1401
7451 1554
5472 9058
5179 755
474 7187
7538 806
8717 2716
8498 537
8731 221
7519 4707
2185 7720
1936 1805
8927 7611
8424 8223
330 8021
2818 3155
2682 3734
5740 5731
5219 4087
4676 3643
7222 1796
3922 9661
9884 5402
4159 7402
3369 6727
1707 9227
3034 6187
175 4617
9845 459
9546 773
7580 8161
7830 2471
3466 7920
6920 628
2217 6486
5421 6219
5507 6921
3693 7853
9683 7014
8681 101
7438 1550
6084 2425
1630 3869
7661 4664
7946 3377
8809 9906
9790 2595
4955 9631
6232 1051
8053 9053
3615 7646
2550 8557
895 926
7624 2676
2867 7978
2075 9686
6314 1696
7843 6778
998 151
4041 9204
2068 9423
341 8302
8572 8640
9130 5625
9018 8034
2965 621
7953 6864
2124 254
9601 7019
5588 8834
6770 8618
3111 3050
2065 2974
4180 3585
8366 7131
8390 4689
3756 4172
5273 6359
8270 8292
6791 2094
4561 7809
1167 2868
3380 1997
5389 8794
526 8226
4033 4328
9123 9634
5799 692
562 813
2688 3868
573 5612
9404 8602
8836 2385
2584 1182
2556 3539
4231 1023
7768 9146
1697 7755
6212 5446
6263 770
9163 1287
5952 2950
1760 7132
8943 6885
7888 9455
8027 8995
4645 9810
5033 9457
6466 2480
8841 6688
4547 8993
8800 4843
8127 2818
1039 1267
6374 3231
8278 6828
6594 1341
4140 5148
407 9579
4099 5353
53 6238
5594 6432
5059 7960
9089 6929
5200 3634
3202 562
648 6785
701 6084
1549 9857
2950 8681
4539 5798
2712 9545
1648 8639
8647 5084
6386 9840
1578 3451
5905 8768
7449 2600
2849 1825
88 5270
5762 2367
6608 645
7483 2462
5626 7226
4166 8182
5741 6057
243 8088
566 9049
9354 9523
6249 7482
2445 8898
3068 5756
1878 1463
6727 4486
9583 4443
5864 2025
4697 433
6813 6186
4144 2075
2266 6646
8957 1746
4313 6292
9545 8488
5118 7713
4133 1783
1730 3477
5053 3672
1146 623
1648 1275
9992 8681
2541 8501
8180 7375
5932 9506
7893 5375
7439 2842
7414 3878
9157 4421
3563 2166
4014 8308
6152 8143
3860 8322
510 3668
5966 4996
3132 3423
2449 3211
5750 9221
4505 8860
6231 7874
1466 1831
5871 7947
3595 586
7807 202
5466 5383
2084 3291
7129 7745
9669 526
3826 3360
8428 3787
8959 1572
7343 1355
7679 8188
2241 5205
6944 5791
2334 2458
348 7209
6673 4967
7520 8315
2478 1650
9698 833
1344 3445
1648 9251
2366 123
4049 7219
4457 9211
4099 6348
4818 9308
4548 1326
6945 841
9289 1446
640 8129
2730 754
8752 3390
9379 5558
678 4684
7290 2358
8654 6450
1067 7870
3356 7765
5372 7620
9084 5384
9150 5214
7549 2040
7471 7866
3410 9102
9112 7265
2793 3897
9950 8388
8102 2735
1688 4979
2563 4700
6121 9878
7578 760
3612 8130
1082 5945
6918 124
2556 2170
6787 25
5791 7660
1121 6413
6632 8955
8329 4862
2546 5564
9907 6596
6038 3288
755 883
5063 2734
8930 820
7252 3290
5294 9304
8120 666
5566 7180
3703 2556
4663 1630
2108 2947
747 7229
4402 8759
1060 3053
8261 3942
6736 3360
4334 6614
5037 1392
7907 3824
5984 6249
1291 9247
4733 622
3221 1033
6146 413
2755 8614
3273 124
6086 7241
8974 3928
3314 8835
8324 2298
7140 6045
1823 9662
3865 9056
6333 8813
713 2026
8242 505
1531 7021
1924 7214
9796 3166
2470 5061
3527 9409
9633 6016
4736 2734
3159 5023
2503 8846
2260 2671
2781 3941
592 5294
9001 5682
5403 657
7723 3666
7631 9068
4010 9743
8113 844
28 8764
3181 8091
6243 5574
106 7888
2855 8658
1427 9789
6347 8949
31 2650
4820 3772
3486 9021
2619 7140
1545 8202
8342 3159
4200 6765
1507 5701
1926 847
1252 3453
9305 3547
319 7471
7048 296
6030 2519
4278 4786
6154 4325
7952 100
8891 8797
9748 1923
3969 1995
2877 3127
1341 5112
2935 3339
8716 2576
6640 1226
9931 9401
2590 2937
7488 2673
3588 9425
7527 4811
9587 6201
382 4743
7578 5388
2385 7309
5469 5617
1317 9002
1246 8372
6803 670
4974 1138
3484 3704
6066 1865
9546 2152
6242 5794
6640 4407
1872 7677
3351 454
3128 2205
2552 8948
8531 1643
2275 9862
9936 6414
3025 1633
8769 7365
9186 2295
7284 290
2685 7915
597 4421
1231 8746
113 2945
5147 7835
9980 8417
7755 7500
3206 5500
6196 5567
2286 7956
2494 6862
4895 4185
8752 7801
7838 7545
3182 7662
9252 4307
1912 7832
1850 2928
5542 9113
7016 7286
4832 9401
5698 3989
8957 4163
8032 5348
21 7971
2908 3930
5329 6989
7059 9374
9762 3218
5498 8713
3358 1305
9623 1195
9084 988
154 2904
7142 1115
8292 9786
260 9243
5482 4138
8148 8092
757 9352
1121 8990
3649 793
8707 656
5167 5283
2203 3726
2922 2193
9699 6673
9854 7729
9200 2597
5062 1869
6367 4744
7544 3577
2857 6938
2248 5607
3384 6479
2336 6465
2926 9476
4975 2480
997 1710
8998 2685
3438 4373
8191 6421
9134 8839
8498 8991
8227 2769
8489 3712
311 8373
8133 1792
7258 6851
2580 7463
7682 588
7860 8428
6113 1628
9093 7571
5343 7123
2744 5923
9909 1727
1401 8420
3299 2386
9660 5715
1484 5405
6330 7858
1756 380
9130 1988
7928 9026
8161 3698
9240 6216
2572 1374
9739 69
6815 3656
3047 1622
7426 9473
68 7913
5778 392
9910 5211
6827 6208
1571 2501
4276 9257
2093 5604
5190 6291
5511 5613
8776 9368
1053 2135
5821 2021
1295 4207
4607 6131
3872 6492
5867 5119
8495 7906
2740 7316
5821 8127
4160 524
1297 8974
4591 863
1011 8401
2848 7164
3151 9848
2444 7384
7738 5354
9782 6458
965 9192
2708 6926
2662 4300
7388 4488
4519 7831
1614 2750
1641 4503
312 1702
7262 3812
7959 4727
6592 4523
6081 3062
2608 5006
1631 6405
8882 4869
3860 3399
6666 3842
232 268
9220 9904
3936 9151
8100 8618
8166 3357
2257 9967
2220 1536
2627 4427
4968 9192
5434 1979
9010 6258
6013 6975
6623 3023
3350 53
597 1036
9333 6891
1995 2147
7361 2703
175 2601
3633 6646
8963 6360
9218 2283
1659 9226
2862 7027
4546 5476
6240 4125
2278 3131
5137 7166
856 4847
9039 7055
3526 8557
5303 3161
7761 2785
6727 2152
7971 5182
5139 6065
8101 6022
8272 9576
1420 7874
8513 8286
9858 3612
7707 6996
5267 1034
1508 8338
7537 6548
3703 9581
8950 5622
7496 1041
1664 1078
922 5084
3623 3209
3074 4200
429 6213
2917 4385
2796 300
1442 2780
5704 6202
5114 9450
2660 3055
4194 6623
9159 9006
3668 5615
9276 519
1191 1327
5909 8907
3889 9963
9780 5378
7226 2518
54 9774
1532 3961
6889 8201
5403 7301
3588 1022
7814 5624
6684 7899
3623 7081
1322 452
2464 6098
865 304
6035 4089
59 9408
9195 610
7867 3267
5500 3132
3446 1498
6225 4985
773 3888
7350 4
87 4832
4733 4598
5859 9300
5892 1832
2007 6190
2824 2161
2998 225
2395 6386
2682 5504
5669 5503
3040 608
9905 4713
2058 4099
5033 7853
7303 3534
7424 4908
2179 6724
1358 4302
3309 1954
8215 8846
4327 7056
2844 2307
9629 8457
6043 9181
9204 9006
7802 556
7217 3391
9029 4070
3829 9046
6068 1808
1353 5683
9712 9154
1735 3656
822 3525
1233 6936
9716 7487
5525 304
173 9279
3958 7138
5528 1771
5393 7356
8235 3682
5967 965
5120 7974
5753 5621
7040 8459
0 5908
3308 5905
8734 2886
3383 1456
7935 1842
7569 7228
5757 8117
5239 7699
6238 735
8533 1645
7255 6046
4311 91
8195 438
5946 9531
7958 3287
6631 2100
8425 389
3500 7481
5269 3941
9241 1013
1715 5704
5324 4235
2467 6109
4290 9554
7065 3437
1399 1479
4948 3659
9323 2937
7236 1046
5542 1954
7560 4287
1314 1823
381 8860
4380 8828
8024 7696
9411 1775
8246 8690
9675 6279
6420 3314
7950 9430
6723 9750
3310 6052
3483 7223
5837 6917
164 5482
6095 13
5323 3831
7245 6291
1514 9630
4446 6236
7975 1983
8830 364
1040 6078
5522 2535
2134 3823
2867 249
7845 8254
2108 8916
9782 5083
3798 9317
1320 3563
5721 7295
6508 8867
3272 4733
5378 8904
7380 8656
3649 9490
1152 646
9995 6786
1578 4010
5844 8354
5600 6752
3849 9973
3869 3520
3303 3360
1980 4578
2812 7616
5788 8939
9637 96
8670 5906
757 2998
4902 6038
9417 6439
6182 9692
3324 4849
3369 1852
9717 5472
905 5516
6898 7353
5315 4249
6446 2284
6778 5245
9222 8444
2473 5263
9888 1771
855 5039
2620 4506
3782 3327
1873 4988
4128 2275
16 7228
2418 9845
8336 1197
3487 2331
3098 7368
717 5531
4649 2661
9696 5726
8630 8135
8295 6088
4176 257
2034 1496
2004 3026
3360 5171
2262 9021
8086 6385
3648 9919
3914 5952
6335 6844
3222 1574
1333 3456
5985 2238
7803 5348
516 2879
6786 9261
5128 9252
5159 1550
5857 9501
5930 8062
6670 2732
2966 9747
9946 9918
9968 4343
3534 5723
5306 6983
1987 9381
9093 4977
358 328
2637 3087
6938 2914
1747 5623
3038 3418
8586 683
3783 4314
7646 4031
8177 7123
3902 7519
9128 948
5638 6358
1548 6162
8672 4358
6505 5961
7612 4029
7688 3392
8768 1791
3736 8663
5545 4642
1411 6560
3579 3849
8254 3209
181 2981
6325 7692
6492 9985
7727 5404
3796 8051
6905 7321
5121 6813
8301 7798
2052 6957
9741 9898
4607 6597
156 7971
9416 5099
2302 5761
3176 5140
9176 8277
8522 3690
3770 7953
97 3367
8583 4336
8345 4844
1724 5378
45 6942
7966 3415
564 7398
8650 417
3996 3236
8966 235
6475 409
9440 5311
1264 4915
6622 7198
2693 1982
4858 7311
9207 7187
4466 8003
8056 4131
275 4414
1283 5040
2576 7798
698 8758
6829 6825
6589 256
492 1821
7014 5078
6612 8743
8494 6738
2448 6173
277 8958
8829 9150
4632 2155
1924 4063
942 1172
3765 9220
3879 1269
8817 5823
5721 1097
5625 1434
4358 5721
4277 685
6691 9808
7704 2380
5338 6194
3188 2087
8901 1390
4612 2474
4880 3189
5376 6547
3064 2276
3167 2039
9512 5817
4855 9721
9236 2376
4555 5416
6145 7876
9030 8137
3472 882
992 6853
9153 8758
2419 591
1294 6365
620 8461
2726 1523
2083 6024
9844 3662
7455 6123
2704 5959
2770 5241
8597 9969
1457 7825
2789 4715
6412 388
8874 3103
6148 2422
1256 6924
7267 9491
856 3536
70 2300
4092 6838
9317 1159
7727 2680
157 7057
7802 1062
5316 2665
9617 1273
4979 5128
4594 7365
4688 1846
627 6881
8943 5828
3335 4569
262 9644
287 4648
2948 3419
4851 6783
1798 9049
4409 5269
5737 2266
447 645
1673 5230
9315 7837
9480 4451
6793 3723
607 8151
352 9840
1240 5469
761 6786
8527 2794
4643 2360
288 377
81 4599
3224 3412
9264 9825
771 1502
7727 9548
7099 3716
115 5805
8787 1822
4724 1521
2544 4178
144 3776
2088 2427
6512 8701
4155 3333
2478 6753
8855 2340
8583 9422
6035 886
9745 629
5021 3391
7673 7679
5557 3317
9448 5532
1158 897
749 2577
4604 6028
4716 7527
6534 3481
5431 7189
6387 8919
9165 7897
5692 3124
6918 8634
3727 7474
8382 7689
237 405
6869 6933
7549 4697
2711 213
7440 4400
2005 285
5383 3854
34 2666
7406 2540
7973 3498
3790 4092
1964 946
9035 933
8803 3115
3567 8850
3838 4990
5714 2076
9428 4401
5558 2338
6584 9188
3473 5447
2281 1345
3312 6643
4343 5120
8224 32
6912 1382
8534 9184
7376 7174
477 7995
5312 8945
3248 7083
8713 5741
4637 7907
9757 9808
8038 8137
7271 8389
3576 128
2281 7928
5208 5006
1953 9105
8820 1222
8843 28
4747 4893
4579 6914
1394 4696
6244 9251
3893 2159
5541 2227
6082 610
8405 7754
388 1852
9749 7849
8502 2281
938 5388
2829 9301
2914 7096
1630 6677
3656 4892
4131 2579
8710 8301
1855 6862
2688 5551
8755 4888
8614 3065
3963 906
3389 9825
3174 9045
7641 9260
7636 8115
2394 1398
1536 9942
7480 5353
8965 3259
3132 3945
2149 4998
4971 9149
2541 9164
6939 5592
9240 6373
5999 2306
7246 7262
211 4752
9091 989
2567 4034
1361 3730
1292 2304
1392 9386
7321 6662
3650 2466
9521 8941
6972 7374
9844 6485
4802 3072
3838 2113
655 1770
2118 8192
1927 9729
4458 5066
4380 5952
3398 8433
6570 2357
3068 8457
2368 8151
9873 9152
6019 3047
8547 557
3694 7877
1788 8797
8275 2803
1782 8366
6166 5832
9890 8939
2130 5819
8764 8275
9962 2666
2644 6108
4665 8190
9731 8814
226 937
6185 2133
8022 1726
5281 5512
4086 8815
9628 724
2438 1507
4108 862
7908 5626
7657 8657
4572 9189
9114 8181
6848 356
2347 9478
5857 4739
3875 7501
3727 8634
7988 6436
960 2067
7512 9549
3102 4847
9410 796
8778 6773
115 5831
8621 7390
8563 5876
2272 730
442 4981
3644 9054
6023 861
5404 3926
6138 6660
6080 6107
1366 8577
1146 220
2763 6437
224 8653
1749 9880
113 2214
8070 6856
4992 5015
2004 3425
4065 7508
4253 6789
6923 8411
5091 7308
6576 9586
8097 2374
9044 5893
1252 4809
310 3686
3338 5349
1383 7552
3682 7193
5954 8380
5299 7780
4187 4449
970 8009
2215 6491
7098 9447
1876 934
633 8289
1958 5750
6813 1442
727 6634
2093 1325
3247 2186
2994 7167
5414 3213
7975 6194
2508 2870
4252 9209
5800 245
7275 9115
4004 6328
9487 7450
2134 7413
1474 4033
7146 7910
4202 3415
1721 3541
9776 7104
7601 267
4352 3010
8416 4596
761 4439
110 5238
7609 7891
4317 2134
2307 9313
7604 5374
4032 2453
3028 7218
6762 2779
1112 1515
4005 8123
1040 9344
8162 9742
9649 2286
1767 473
1637 6732
2719 2830
5453 8895
6666 7335
9496 691
7623 578
6623 5760
4213 1588
5735 8278
6208 6022
2261 7130
4585 4724
7189 8065
648 8342
9634 4867
4388 4329
4713 1394
2140 137
2583 6116
4182 4223
5519 1261
8408 5301
5142 9589
7019 9038
9545 6973
3372 6227
3827 8034
1656 4223
7077 7494
1515 6824
3975 6584
5762 8449
6162 7073
256 5785
4926 7273
7506 540
2035 8495
1500 5846
3614 3197
6123 1918
9362 9981
5559 4667
2538 4668
5491 6755
2761 9284
9326 8254
3558 1849
2920 2400
5229 6400
9737 6309
7672 7556
5680 46
1375 302
6066 4320
715 56
2624 8881
3100 713
5794 8053
966 8802
9257 9143
9474 5892
2203 5052
8682 9318
8226 1659
1267 5856
9221 3870
6240 7670
7840 8851
508 5529
2960 9580
3602 1654
9488 3942
7788 1642
7659 4413
6630 1823
8123 8042
6469 6765
1822 1249
347 3973
3687 3110
934 9673
3464 2692
7966 4998
5189 5997
2845 8033
4272 1643
7745 5479
3381 1037
4031 3153
865 5833
6530 1980
1301 1906
3734 6592
8170 5220
9874 2774
2541 7282
9448 6104
5004 2701
5659 5205
843 2878
3918 2730
2830 3061
9504 3922
9436 2516
3514 3690
9988 8981
561 58
4934 1444
6062 763
5939 3374
1720 58
899 7592
4285 1999
430 6857
3489 3326
9339 3569
6394 9301
7381 9519
840 9711
9013 4153
7145 3920
5915 4994
1413 8649
8659 6511
4973 9375
6013 4847
6164 1104
2350 8449
281 7990
7816 4351
7026 1029
9548 9102
9903 5058
2217 7121
383 6763
4174 829
4203 5867
4599 9242
5959 5437
4849 6055
8718 9800
5012 2301
8743 7979
1996 6040
2057 626
9646 4860
6771 2034
2910 6559
687 5346
4071 4170
4927 7391
6517 8853
4584 8362
3817 3212
8080 7732
7773 9846
685 3799
7262 8621
4255 7115
3127 989
2477 4610
5153 846
5093 6309
6554 3248
9892 2651
1890 2500
2644 691
6293 8013
7113 3505
7002 6642
1624 8696
3312 4839
6517 9698
1280 9655
1069 3658
7425 560
7442 3914
7253 3208
6372 6594
213 4603
4708 1165
8231 1301
1188 9502
3988 4515
293 5866
1484 372
7677 733
7178 7141
6246 7684
659 2234
14 5984
9805 2515
662 9126
1286 8774
2532 2450
8834 3946
6313 174
5512 6490
9044 5646
4536 9725
6726 9003
5399 871
8876 6969
1643 2806
400 8478
4021 7832
8195 2870
2443 3521
3823 1136
361 8343
5950 3551
446 8914
7275 6730
1547 3510
4328 4433
3381 4094
5484 6512
4132 6945
3343 5065
8613 7965
1191 2801
1396 3538
8614 4638
4186 1701
2222 3182
6512 5057
2397 6896
5563 3433
7219 3770
9508 4206
9563 786
7739 1538
4588 1954
5218 4794
509 6027
2450 4961
9678 3877
5368 6205
9001 5203
2077 8116
5646 233
6690 8747
8851 6178
3107 2734
3627 9353
9269 524
7073 1442
1030 9620
624 1092
1488 5293
182 6926
8963 7069
6564 3579
3139 6646
8685 4019
1240 2113
8513 1767
8284 4408
3844 7363
9912 328
27 9634
702 6312
1322 8046
6349 944
3697 5594
8750 308
3349 3380
5296 9559
2854 6068
6228 83
6334 4012
4574 6295
696 9121
8670 4764
5139 1745
3032 4487
2312 839
1964 1487
1817 547
2983 7318
137 7609
7103 2862
7712 8640
6747 8959
7007 4448
2275 4850
4664 1111
4813 7461
8103 8503
7489 2085
1094 5452
4245 7663
7492 7504
4327 7427
7795 3600
1076 3233
6795 3513
1944 2480
804 7049
3678 646
1204 2542
9611 16
3451 4312
5267 4198
205 3370
2906 4585
5922 9043
6425 1705
8590 9263
921 9626
5855 582
7476 4241
7309 6677
3248 3950
9470 5788
9714 5863
6994 257
7534 1243
7104 693
6037 615
8871 5274
3695 424
9185 1625
1073 2696
3514 9075
8987 3611
3420 153
7969 3459
6765 5301
3918 3029
5533 2941
7417 2454
7834 7842
3091 3391
4037 7847
1374 6189
8020 1009
7463 8182
9364 5680
305 1201
8544 7867
5628 8274
1238 5662
4989 7995
1184 6147
3560 6437
5386 9174
5677 8985
9984 7126
8039 8336
9518 3781
893 6334
5091 9423
1421 4428
6993 5427
2503 2136
6506 680
2146 749
4320 5512
989 440
6627 6629
7828 4045
2295 7061
4118 8207
3461 4258
4167 7183
9633 3597
9639 4083
9161 582
3349 4347
1669 618
7962 6751
5317 9782
3942 7551
8911 7552
2449 6279
1801 8660
4443 2431
7029 743
8483 4427
3392 676
2979 7317
7594 5022
937 3484
6352 1530
7653 4263
6219 1399
934 3309
7254 3729
4086 3913
8670 6968
587 4635
7552 1927
5847 1495
4737 8360
5421 880
5425 7047
7024 5804
2534 5132
2351 2628
1186 4352
1530 4120
1792 8834
8866 9190
5261 6429
885 9028
4939 6959
5723 1333
3649 3832
5440 4355
1232 6482
2857 7597
1583 2589
8688 9908
7761 4720
4448 4841
5839 3371
5116 7052
7146 8604
5400 3938
7102 8868
2326 2737
3114 8167
289 5973
6637 1677
6167 5077
8888 5227
3652 5931
5569 5294
4274 7580
2435 2588
4311 3808
8570 151
3475 5959
7733 9506
8573 9667
3367 5094
7481 2737
2425 6955
360 4550
7849 4695
6345 7189
5831 5299
9758 277
5754 8996
32 8198
8183 6775
4461 7649
8151 5350
493 3349
826 7199
2419 6579
9163 1262
7742 3290
2948 3173
2892 7032
5379 6251
6074 3836
6734 3400
3975 9099
4000 4798
4427 7191
2046 4088
7801 5819
419 2146
990 5726
6578 6860
4262 3466
3545 9877
8861 1752
9726 1830
1565 5822
4572 3502
3697 4472
8204 226
2463 460
9889 5212
8993 9230
5186 4441
5099 8524
5464 8246
5738 8998
2202 3692
1706 8763
5670 3358
5076 2601
293 9369
2296 9107
931 5703
5864 2237
9402 2484
3456 2655
4019 1620
3802 1622
8525 4251
9700 8566
2245 576
2374 4347
4593 3599
6435 1002
5108 181
4338 5821
667 6047
2182 6165
3013 9875
7010 8573
7363 9585
5004 8528
9668 7961
5756 4648
2775 96
3199 6357
5761 8064
3421 4298
8853 132
2269 1212
3784 2346
5327 2282
6545 1287
8295 4615
8094 2813
2407 1178
1552 9065
4613 1580
3925 5464
382 8360
9585 5208
2132 6894
5318 9037
441 4728
937 9492
9475 9783
3266 5253
1722 466
5312 4754
4460 3563
8978 3711
8827 8933
1761 3166
8866 8486
4952 4259
4716 3088
8308 3014
1385 3612
6853 6824
6252 9388
8611 9402
5424 2267
9602 1463
7781 448
759 9373
1036 4286
9208 6236
6294 2507
1842 1672
6396 1312
7539 4651
9983 150
3782 1168
18 9783
8396 2206
3188 8601
1185 2760
9886 668
8676 4255
6729 5762
2779 7008
6528 9274
2463 6095
6666 5288
2036 3084
2819 4016
9041 8209
5306 6870
5401 1431
6548 5931
1507 7494
3193 806
4566 5246
1249 5727
166 924
8496 9388
5198 4369
5022 7881
7025 1093
1294 7017
8460 1166
3081 7304
6527 8009
8944 6118
8005 8546
3186 8833
1191 4644
2857 4420
8700 1759
4933 4575
5315 4118
2817 1161
3777 4999
589 7873
9614 2384
8269 709
4606 3566
6498 4187
1936 6528
391 2509
8655 9379
6805 7802
4319 8417
9727 38
9802 255
2459 1602
2151 9474
9308 4469
6337 5808
9794 1672
5064 9512
3649 6046
4175 7337
6019 3313
7979 6032
8533 5581
8774 5631
2387 3034
1407 3252
4904 9189
132 3823
4340 9316
8869 9508
1246 8003
6181 6212
1680 6220
6440 1483
5224 6237
7145 6093
6800 8833
2067 3980
3464 2984
8789 8342
5423 1974
1564 8194
8957 8298
8974 4650
6638 5225
9628 623
6986 2168
4851 4755
8977 1570
6120 4194
5047 9945
4372 4006
5611 8063
1854 6616
630 8595
8939 3848
6541 3165
258 1417
3363 9212
3236 5213
6902 2111
7255 6790
2240 435
192 4817
9556 5793
3516 2812
9210 5013
3037 134
6365 8899
1515 6475
3498 5157
3892 870
5125 7997
4644 5524
8223 9426
5366 2060
4832 7090
8663 6666
613 4698
7788 8497
3235 2073
425 8019
3309 7711
4521 9196
8362 1184
2929 1198
8177 4541
9903 3490
5445 1088
8001 2415
2821 8111
213 4004
7828 4408
226 9998
328 3477
4906 1609
3275 8123
5027 4327
7448 2881
7215 3156
6181 5604
9638 4771
3706 3854
1040 9393
8655 8141
301 6978
4738 7342
4674 4645
4659 1202
8727 8460
3697 8230
7146 6084
857 6982
1875 7072
3965 879
2493 4423
8822 4073
8878 1624
6318 9236
8049 9548
5552 3145
9056 3304
2255 4629
9100 204
3396 2954
2868 4987
1543 3694
4484 2800
134 8591
3877 7080
1617 5737
9473 2671
4066 1005
6903 1471
1230 9509
424 9480
5120 4596
3461 7352
8313 4057
7994 2781
8224 4212
9342 6447
7525 166
5728 3211
9235 1814
6719 9070
7604 1340
7609 3316
8080 2380
852 8984
4358 2027
8094 4298
8813 4968
2877 4826
9034 2849
2334 1739
2734 5741
9902 4543
1389 4591
221 6477
611 8139
780 9505
2085 2686
678 3185
4378 7749
8547 7897
5086 2591
5505 538
7207 8703
4703 349
351 4564
4413 4321
6113 2879
845 4389
6030 5495
8814 8373
4010 4237
1628 447
8224 324
7 4610
1072 8773
1320 6724
1746 8501
7699 9043
4972 9286
9508 2281
1632 3453
280 8897
9458 3719
917 6475
7840 1218
5721 4519
4777 3861
3426 4629
39 4870
7187 8218
3027 1769
1903 9783
6965 1570
8195 9166
6654 3382
9027 4472
6591 7972
1701 3732
565 1951
6334 9646
7455 6932
6408 9908
7401 8251
8355 9578
8466 4363
5555 9507
921 774
5903 7842
1846 4182
9248 86
6334 8426
2885 5309
216 1211
9209 2676
8288 2406
4361 1935
7528 2589
3252 8359
7781 5360
6121 3999
586 1611
1376 1337
5965 2965
673 1632
2370 4816
377 3517
2451 2608
9384 9588
5395 9083
742 9524
7227 7397
7683 2849
9196 8662
5179 7621
3783 3418
3420 4438
6136 5933
9204 8293
4584 2402
9597 3790
5088 5899
4208 3205
1434 5558
3495 8113
8447 9223
4147 4900
9670 3221
6520 3431
6331 5835
1529 6998
2719 603
9528 5359
2840 7088
9948 5882
8970 8773
7488 2267
7836 1140
2370 8138
5206 408
4806 947
5030 1911
6670 4378
1622 4920
9549 6306
5541 8069
7064 1568
9918 321
8255 5154
6964 5030
7867 5714
9702 196
6966 9005
7939 9362
6107 7359
680 7421
4886 4135
799 5000
2648 6452
9885 358
910 3654
4103 7981
3524 3685
8886 1907
1805 3766
9776 600
3218 7209
3929 5465
619 8370
98 3407
5623 2359
7949 237
5322 1722
48 2221
7350 2879
3914 9263
3048 5971
391 3764
4722 7107
2076 7143
149 1624
127 2886
5989 3232
4228 3515
4597 2463
3530 8181
6853 8271
65 371
9967 1523
2904 566
7067 4206
772 3923
3275 6915
4629 6058
8546 7163
5786 3849
1447 9817
3916 7162
8032 4957
9503 9755
1641 9312
8017 546
4842 1527
1774 9142
6079 9804
2193 814
9223 9814
6802 4509
6084 5584
9975 871
1721 4908
1463 3635
1354 4287
4590 225
3991 4169
9576 6008
1794 1507
5279 8620
3825 4515
2876 169
1887 9745
4371 7801
6032 8872
4144 4453
5299 4416
8585 9544
869 123
7673 956
8255 6495
82 2616
9371 9110
8823 3154
9950 653
8378 8387
2631 7614
3851 1861
1664 9135
6843 459
2538 9400
5155 7441
1723 6806
9615 2697
1893 5724
2276 9211
4054 3817
7329 3240
825 8115
833 4103
1714 1819
9571 8052
7140 5822
1951 4021
683 1497
7871 3360
6556 2587
4319 8256
9182 6801
3591 7156
7898 9828
4285 8195
847 9627
1459 1224
2959 8097
4629 2665
5033 9908
6873 8646
1859 7086
2778 2732
7071 4287
1356 1187
5586 8267
2678 6658
8369 5616
4921 39
3320 8687
3516 6064
4944 3978
3776 3337
1574 3111
2328 3850
4203 6296
1376 7794
5280 7348
8313 1911
691 810
8229 2693
2228 5059
4106 1184
1237 8002
3701 1113
5430 2331
13 4208
90 6067
6660 9894
7272 3248
5160 5111
5243 5331
5124 4688
3684 5635
4017 5203
7661 219
6333 4982
5957 640
3354 5812
2811 7433
9608 2082
1379 1557
9866 8139
2612 2023
4708 4748
399 3617
232 6406
8873 5611
3105 3562
9798 7539
5617 1398
8868 8839
8783 6709
7477 4123
8033 7590
2375 5317
3737 5689
5471 7788
4807 9609
3640 2689
5400 7090
5179 2217
8622 9052
5839 8858
495 522
8920 2808
3387 6890
2340 4163
544 5892
6075 4362
5130 4073
8112 3103
6750 3897
5223 8014
5250 2362
8311 9896
4113 2846
1735 1289
6271 955
4142 188
4904 8427
6239 1438
8561 7493
8374 8304
1729 1532
4754 5711
7073 8752
8840 5947
6155 9946
3213 8943
9482 2926
285 8036
4832 2634
840 2955
7528 7994
4833 2685
8833 6477
7081 5687
4737 6231
2128 7012
9814 2377
4949 2587
5093 2953
8501 1497
4507 3049
7808 3413
6432 6571
7730 3156
8426 3482
845 7365
2690 9474
8463 8287
8325 6418
6918 6400
2243 481
5865 3514
3393 8299
7032 1156
1424 7087
5719 9456
6122 1674
4984 4523
2874 3559
2295 9063
9724 6262
2187 2191
6983 9291
4134 6463
6073 4663
3320 1671
3348 1391
591 5862
8251 3539
2119 2897
6881 5128
8973 6946
3233 7074
9602 9869
9470 701
8824 6789
7011 686
1312 4877
4168 9931
5525 9513
5200 3007
4249 5454
9095 7351
4400 974
3643 6328
3727 2572
6544 5922
3173 7415
6753 8245
1192 7423
9117 9766
563 6714
5681 7720
2207 9099
4604 968
2665 138
1141 154
7113 1382
9167 9931
4237 1203
6923 6739
2867 9064
7410 56
4650 8435
3940 9922
659 8531
7093 7781
6616 131
1295 7535
2840 1886
8987 628
522 5361
3655 8329
8035 8677
1525 2309
924 6806
9311 4222
9510 4090
5995 3879
7976 9591
1992 541
2702 4835
7244 8975
9689 3372
880 8320
5398 5711
6598 3754
4645 5805
4945 1899
3395 3741
6761 6871
4648 8839
6140 3302
1512 2782
2934 432
7122 7186
883 3925
4416 2167
5161 9137
4580 6536
120 4544
3685 3777
207 8269
3601 467
7906 4268
5076 8160
1237 2575
9586 5709
6750 3942
4073 2810
4322 4871
8878 3752
972 776
260 3583
8938 2101
4737 5420
5068 9502
4395 882
1806 9352
2478 9495
5657 693
9685 4382
9994 7473
452 3951
514 4183
3131 9221
4862 5695
9594 2961
4665 810
4366 5926
4328 757
6627 7563
3881 1586
8960 8169
4139 5949
5401 2973
5191 4542
2117 5015
4115 1302
9160 7842
3910 8696
7461 6057
9900 3801
7521 3752
5107 3146
841 271
7447 1804
3446 5537
9319 9459
34 5305
2965 747
8245 6377
5836 240
897 9595
4782 5720
3529 231
8923 9035
1719 473
470 7336
1488 9225
24 2921
2110 6615
4728 1124
9687 3029
9989 9702
932 6466
4537 3654
9339 2991
7420 5664
4971 3560
3437 1463
9859 2253
9473 1203
1122 2050
5104 128
5131 4148
3829 4079
1918 1185
8164 3985
4838 3537
9834 5227
1609 8261
3927 2198
2404 2166
3306 5624
1860 5692
3229 6666
4060 2189
4544 7862
9706 9261
5575 9192
4717 2870
2822 7119
7872 2058
4477 8016
8674 7190
9682 5061
9092 7787
896 6459
2201 3939
4441 3294
3269 7402
3839 1043
2548 3689
8958 1010
717 4697
2369 7969
8902 209
3334 8927
1472 3134
9172 8783
5607 7956
1436 3784
4480 6535
7515 6696
3714 7154
3214 8600
8332 1829
8740 5718
2683 3183
5757 5794
3171 7481
770 5826
7177 5216
2358 8898
5933 5268
2361 140
6275 6579
8960 4173
6099 1187
300 1783
6072 1994
8370 3116
4487 1263
9754 7410
3448 4362
8227 3658
801 429
7677 9441
6861 3597
678 2706
4699 5208
6470 8111
4145 2270
346 6973
2201 593
8302 7291
6439 6997
5243 6542
684 4611
8614 6823
6091 999
2649 6350
6589 8656
7019 3901
7877 7949
2426 1489
767 2684
1491 5332
2183 6144
3683 705
6605 8767
8283 8462
3029 6218
4930 3119
8759 720
4937 9550
8665 387
2916 9927
5768 3320
7389 1900
2872 3030
9552 235
1077 1290
1258 3792
9053 2995
8265 8335
9399 6643
7761 2263
9612 169
6030 1606
9960 9844
8944 6091
8618 9946
3738 3805
6570 1822
2977 364
1625 3596
2549 5263
8135 9863
7203 9322
8008 5129
6858 8187
4513 577
831 661
8301 2844
364 1869
7492 7962
7805 8641
9991 2864
1504 2813
2928 4363
5050 6679
3908 5213
1802 4016
2463 6151
1692 2707
1639 9111
7261 4645
8279 9892
6743 6458
6203 2117
7803 2271
4723 3221
884 2026
5591 759
8453 7842
1211 1325
7920 7833
8775 9344
7556 1185
2783 5472
5286 1402
9531 2016
7834 645
7010 5326
1467 1722
4065 5548
2735 5652
1941 6338
681 4569
5864 7163
3394 1968
7228 9127
2033 6212
8872 1105
4223 511
8493 9896
8503 1971
5676 1774
2650 2830
9004 8705
9855 1346
2366 399
7648 7150
4776 8777
2585 4361
4697 5154
1329 8105
1946 8513
9532 1624
3483 8083
8829 2122
7673 7984
2358 1755
9506 2414
3900 189
8121 7688
5025 71
5401 2172
4111 8673
8626 1544
7800 3804
3242 9208
2893 1270
8029 3987
4269 2667
4945 5098
9413 6433
1730 3127
646 6466
4949 8763
9065 208
7422 6923
328 9484
5857 4333
5356 3580
136 4432
7167 396
6974 7767
5638 6222
1466 7646
8198 5177
362 4280
3674 6527
3764 8579
7650 1607
1523 6729
1588 7912
4669 5822
5465 4872
7860 2491
7809 2148
6845 4860
1587 2626
1551 6179
3544 9101
4392 1073
3825 5242
3514 9846
498 2176
6076 1991
2917 8453
2720 8458
5063 7860
6364 5428
5600 6982
1535 3551
8651 1160
3749 2827
8680 7281
5947 3205
8011 7183
6066 1454
9065 6737
1058 5014
6904 983
7637 7180
8165 398
6235 5148
9674 4145
3685 3244
7978 212
7496 7021
5995 7191
1989 3042
4198 739
1323 8163
2439 6158
2264 9961
1162 7489
6968 5708
3640 3867
1520 4212
526 6301
5188 6291
9455 3308
4465 6801
8439 9706
1890 134
2355 4996
3884 5586
690 6632
2100 134
1058 828
1802 9220
4235 2909
3425 2287
908 6272
7128 8395
7608 7202
7844 9865
5339 8594
9402 1408
4412 7133
2956 392
3491 5138
588 2265
1211 2999
2715 9956
1652 9984
9912 1500
7486 8075
5711 5814
5019 9186
7114 2124
6234 3418
6204 8793
5575 6919
2494 722
729 39
7939 9808
175 6578
3387 1280
3902 2063
1445 9601
9868 5752
1865 3739
8106 685
4798 1032
1621 1487
9326 2705
1395 4966
2047 2565
8969 2754
161 3415
8654 7172
8038 4260
4660 6090
8865 3743
8465 477
615 1375
7336 7421
1805 5785
3187 2603
3192 1954
2723 9652
4431 7464
4571 7875
4702 8735
6835 6454
4748 6356
4008 7303
8011 1395
6077 6417
24 2971
2156 1693
7342 136
3904 9815
2608 7760
2038 21
684 4018
2301 7548
3377 2989
6749 6067
9637 3306
9601 370
4298 1588
4838 5561
3779 1092
6752 8329
5006 1753
8005 2032
5279 6563
4635 2764
9361 1781
4723 7543
1562 2183
9264 4293
7308 4448
4932 2910
163 5009
8860 2296
2775 1841
7226 8465
6407 705
9142 7284
7583 1446
4266 8300
2579 2605
4589 8441
1434 1697
7594 2299
5789 1679
138 9590
5598 468
2315 5512
7500 4281
7426 5932
1806 6683
6618 5465
6201 3673
7298 6238
3782 9629
1557 9876
9173 3996
9012 1434
6674 5232
22 2131
7598 9393
1946 3700
7364 2378
808 9436
668 9395
4907 9293
6535 3243
9982 7742
5310 1203
4365 5755
6096 1923
791 1960
7215 1199
4316 4726
211 3231
8536 1330
1412 5740
1126 822
3485 9784
2930 3675
1518 4963
1823 5741
8405 3322
2648 2982
3954 9492
8308 1944
4336 6851
7505 6497
7531 4309
4911 397
8700 4817
4511 3334
473 8295
4246 4853
2211 4837
5047 9007
505 8694
8520 5949
3012 8378
3018 8967
9353 8996
6925 3661
8650 6892
650 9776
4437 4346
2809 5603
4667 7582
1437 380
6519 2149
4425 2302
3413 7093
8530 6107
4546 4185
9671 6881
3530 1257
7140 8673
4705 5754
389 5748
3565 4280
287 1144
7326 4541
2057 8708
1653 9503
2705 5829
403 4172
8533 4717
1668 171
3180 746
4531 9713
6446 8969
5532 7264
629 347
7129 5017
7173 9094
6956 6100
1870 9669
1319 7905
9343 5708
4111 7884
4885 4794
7086 6956
5908 2933
1549 7382
2461 5175
7234 4076
9629 4671
8161 1691
5753 3136
6302 3251
2783 4835
9128 7095
8496 3386
9543 513
9558 5321
9552 7325
9563 1763
2345 9299
4902 620
7149 6823
6233 1316
7551 8113
1729 2916
599 6190
5721 5937
8703 5241
4688 9394
2773 4400
6086 8129
3195 1585
8491 8052
5080 5752
9317 4119
4396 1257
8751 9384
5444 848
7390 952
3509 9188
6660 3246
7843 4677
4121 100
7347 1412
9443 1462
9221 5747
5816 9440
1183 1119
4064 7248
2651 4271
7970 892
8262 5908
6003 8284
3075 183
8445 4061
6474 5778
185 9568
9207 2860
2592 1211
7194 7741
4123 8525
1802 6974
1399 5714
780 235
5596 3197
2706 1013
5749 9455
801 2532
4872 4663
3988 2540
6198 6803
3999 3822
121 6928
5808 2757
4294 6384
1286 2583
1073 2771
5451 153
7409 7796
6332 9048
2976 4366
3632 2790
5386 4247
3890 3072
5045 1435
6284 6856
3518 9014
445 838
8173 6323
4276 1155
3622 7917
4828 6371
4655 7111
1932 1569
8860 344
4029 4629
3895 5894
26 3985
2854 5837
5674 8216
9945 5739
6078 4401
8193 7134
5552 387
287 5002
5169 2043
5121 3296
3202 6965
6298 1587
2865 5129
9902 1773
9381 8462
9786 956
1637 9768
5534 4550
4776 2155
7401 3151
9564 5673
6105 5068
3818 4783
4071 9478
5866 9040
5379 2396
1235 7609
8203 360
6141 4036
7531 8960
4343 6054
9900 4826
4859 2529
8255 8499
8293 890
5157 3014
6839 247
282 7090
5746 5876
9177 4412
4392 6735
8927 75
6932 2374
5609 8656
5096 7166
4307 6505
7213 493
4650 4566
7302 3653
6435 6506
2521 854
5567 6835
3993 5597
774 3262
4569 9448
9783 1576
3566 7282
1676 1948
2655 9487
1480 9133
1668 8418
1786 4022
6676 2671
3848 5699
1030 6188
3901 2030
5587 5935
6590 7973
1616 8971
1911 4379
9707 9698
1576 2521
5439 6172
8053 7461
2618 4667
395 8298
5566 1875
361 3454
9908 1046
9346 9299
1246 7362
1018 5622
8720 273
457 3826
5483 6959
6905 8068
4165 1388
9273 8826
4176 1353
8369 6910
3980 5277
8739 892
8449 3302
1228 6707
4415 3131
686 6196
4667 9935
6444 7388
826 2418
834 9862
9478 4146
1499 2668
9469 8666
9431 7944
8072 109
678 2077
4385 5909
790 3884
3370 4256
4623 4803
9718 8542
5302 8102
7601 5182
3962 4939
9079 3706
4664 7667
2213 3252
2845 8638
4190 6181
1159 7678
3763 8882
3340 4328
5660 4371
2362 6554
5249 322
3127 3725
6074 4514
4956 4941
3027 8019
4889 5598
4342 3134
5643 3246
5276 4283
8227 4644
751 1420
227 1963
9346 8962
6316 5758
4134 4704
2868 4429
7241 7452
8711 3004
2298 3241
1543 43
6670 7735
6061 3938
5056 6584
2298 4824
911 5178
6934 2919
6124 518
8516 7333
2186 2962
466 3527
6458 5194
9714 1619
5486 2061
5023 9793
7884 9900
8490 1784
2113 4290
5546 4358
3216 6525
6099 4204
3985 1123
6647 8351
3618 9976
3599 2446
1324 1551
1538 5660
5403 8043
1713 9476
887 6422
1472 8032
1639 3184
7042 5081
726 5201
4890 4030
6146 8345
4804 4436
1947 8219
8543 4183
8588 6770
9161 5697
4554 5169
4405 3219
8473 2820
4778 3600
5890 1072
5725 5562
6161 6449
8585 7494
3227 3812
7835 1436
7574 5615
4739 2830
9887 7831
9299 2792
8928 8666
3725 3363
9290 5721
2431 4062
4155 6400
1466 988
5975 6494
8261 1248
6732 8269
5792 815
4294 8193
7888 8911
2391 3370
2427 216
8008 9625
2997 9185
5148 4467
4774 8608
1420 5598
8380 3671
5035 3539
9900 806
7466 2026
8229 8923
360 1294
986 5408
5535 3020
8644 8081
7052 9203
5670 3112
9307 5488
5393 9047
9589 4306
3881 7398
4054 4516
8166 8097
4545 8733
2322 5891
2712 981
8041 4618
186 6156
9265 1991
5003 1158
9251 335
801 559
892 7991
8066 705
69 50
1551 1724
7764 9897
6060 9945
9536 7280
9250 2033
6718 7667
3139 180
2814 3652
5796 8173
2882 1547
5149 7112
3523 9317
2873 6129
5541 7864
7588 7650
3948 3934
7507 5540
2773 1884
6685 5284
9037 2009
1595 1652
10 2566
220 8487
1179 3734
4018 2418
6524 4966
9786 1694
3376 4436
958 5597
7373 1102
8205 7413
8887 6714
8796 8892
1484 7842
3014 9450
818 2304
4869 3002
1455 5732
5484 2489
3553 5688
1277 58
9735 9806
3037 9852
9214 4259
4278 1149
5064 5317
3148 6824
178 8149
196 3043
4107 5045
4104 1596
7618 1763
7250 9762
3072 7515
8238 8033
1475 7481
1027 809
5303 1002
2591 2323
4997 2123
4339 398
7685 6194
5187 1888
3705 3800
9548 8844
2086 4983
1820 175
5199 7528
1395 9212
1417 797
6118 5313
4794 4667
998 7716
9101 4643
3879 7358
5453 5316
1745 8346
7935 9650
9278 7625
154 9770
3455 2102
1180 9538
5525 1341
3735 9463
2082 4246
2963 6291
4184 8176
4580 3439
1745 5190
9590 9167
2745 6456
9800 6677
487 72
677 7755
2878 3094
5002 8500
477 756
8824 302
7577 2665
1995 7987
9089 8105
9959 212
4422 9853
2740 1120
6500 1893
8612 194
7464 2619
7390 9357
6341 5522
4485 5089
6581 4625
493 1244
8591 4512
3800 1470
8846 5776
7980 7815
8220 6698
3165 2513
1668 6664
3511 7926
9863 3742
1007 3903
3420 8969
6905 9755
1056 1610
5739 7974
8764 9583
7503 9623
8127 1144
4505 1011
4434 7496
334 9927
4757 7155
2461 7199
6436 3405
5056 3524
3100 9426
6673 4791
8940 6680
594 1400
5337 4500
5477 6068
8199 6383
5155 2803
2830 594
6801 3631
1772 7669
5003 251
975 7930
9653 9341
5279 1244
687 7904
2749 8364
6415 125
391 8290
5357 843
3106 7605
1150 3830
4689 764
4997 4430
5868 1946
7240 8379
3153 3659
1222 7353
6308 7670
6261 4712
634 8411
8783 5481
3435 2315
1865 4496
5878 420
3459 7607
1449 9071
1543 8120
6053 817
8382 3622
8622 9251
2277 8642
7409 6013
3793 4249
3704 8120
5745 3798
5481 9197
1374 4798
3629 7721
6160 2055
2190 2880
8266 4771
2849 6024
7489 5206
5270 2523
5048 9402
6499 5221
6841 3426
965 3609
1038 7282
8735 1824
6654 2361
9704 4121
6755 4808
5864 2569
7845 4002
5871 718
9717 4098
2413 81
8243 5680
2028 3885
8086 8737
3661 1533
5190 9392
5381 2725
293 9845
9980 3053
8820 16
8378 4671
3548 9066
994 4848
2370 2125
5264 7326
8016 3415
2530 1988
261 7804
1826 9812
2134 1053
6812 344
3063 265
7356 8543
7352 7271
2396 4841
6626 5988
4089 5858
4145 9223
111 6602
9414 6284
9319 2621
5978 626
7116 144
7972 3299
6853 6974
953 1098
8293 2670
2953 1111
2515 9850
8866 744
7746 6717
8061 9329
8102 3651
1811 3172
2442 9578
1901 4934
1791 2174
3243 6676
7334 4084
4643 1147
5290 9647
9931 1084
8168 7586
392 7131
294 4714
4322 6036
6217 1679
8728 2665
7751 5417
697 6521
8508 3849
4065 7504
1696 8835
428 6190
6483 2286
2576 3168
6553 1018
6948 7300
550 6146
3914 5191
385 4027
9121 5286
1871 3048
4378 7770
4877 7540
99 6717
1393 2391
8048 1212
8133 1660
7095 5322
2593 2931
9082 8441
4033 2987
8643 9368
7597 4868
6153 3343
3593 9283
5224 5390
5354 3106
3344 4807
7396 940
1055 1354
889 6678
7517 3069
8705 9155
5718 2189
2518 3931
3413 7687
4396 8414
2869 6515
464 3434
64 3105
6430 7387
1157 9267
3908 8985
8860 4157
3570 4250
5451 6757
7725 9854
7399 5947
7455 634
6129 8726
4981 9962
6476 4899
3683 8400
9934 6146
6360 4913
2630 6025
1016 3710
8223 3673
8998 7167
310 3970
1685 3752
988 3953
9897 9151
2881 203
8530 3042
9373 6210
2842 5015
7134 4241
4056 6499
5223 1022
769 8607
3504 3807
1838 3653
245 9857
2985 7011
4879 9390
9712 4965
4325 9731
962 100
3140 6244
4762 7692
9490 8299
8420 1115
2158 7433
2690 6285
860 835
6069 5675
992 7267
8409 9487
3929 2921
9031 4022
1583 3304
1344 8869
6954 3001
1371 3042
5697 5775
9971 6416
7347 6425
3024 7416
6462 6708
7002 8844
4448 6544
1746 6302
9288 8926
5763 6973
7871 4672
7568 1849
8506 9198
3834 6653
116 1397
4032 2746
89 8337
6607 410
7920 1789
5698 4843
3324 6446
4536 7029
5674 5994
1353 3960
4938 1913
6068 3188
9568 6348
7778 5410
5034 9683
482 2555
7663 7838
3367 1015
833 2335
7062 9573
9108 2641
820 1128
6714 1997
5757 1439
2723 2846
5849 7695
8292 6334
3426 3490
5153 8655
1193 8250
4412 9179
1872 4000
3031 6161
8565 8058
6647 7803
8793 2817
3259 8164
3409 612
5334 5303
1600 9256
3275 9020
1573 2588
6238 5920
3246 5252
6011 7505
4171 8725
5313 5539
5153 9130
8681 3920
7345 1645
3692 5398
1495 3814
8665 6335
8606 5365
8131 2219
3102 6642
1873 4518
1754 9641
9840 3776
8298 4973
1001 382
8531 1860
8942 7054
8172 3108
1815 2209
6907 2185
8419 7882
4281 6067
7051 5540
4283 3314
5900 7261
2401 4699
1319 1811
2850 290
2908 406
8735 1879
8258 2179
2018 7333
2269 3328
2709 8231
5045 2126
4810 3553
4721 6480
6123 1562
341 1517
3371 7046
2864 9504
9960 4584
6855 2110
2 4340
7170 1932
8620 8602
7738 8554
923 5566
450 2234
7797 3697
2280 8337
7146 9925
4542 536
3691 4848
9536 2615
6775 306
6892 7495
1680 3393
8791 4707
504 4015
8987 1259
4285 3484
2275 9943
8958 5402
1203 2829
6981 2788
1604 7975
9668 2519
1298 5203
3138 7183
4563 7690
8295 2202
7812 9722
3639 34
2283 1270
5360 8641
7167 1073
5495 6784
4923 859
6523 8268
7904 8844
7395 8445
8564 4656
4321 627
3537 4495
9340 8650
2803 7015
8119 79
6353 1762
863 8417
4973 8354
8613 7880
5235 406
8005 160
5141 2119
392 4604
1950 3610
8493 5413
5359 8259
9222 2516
63 5347
7071 5188
9397 7206
5445 3526
174 1506
3750 8075
1824 3908
9469 6549
6392 8323
536 5907
4963 7885
6908 4758
9113 1027
1074 6591
6254 2866
6956 4509
5554 2164
3572 4441
3745 9995
875 7155
227 8135
8819 7350
809 2844
7938 3153
4172 7222
2067 4220
3741 247
8469 273
9800 3049
4944 8015
3332 2065
2540 2160
7328 1156
9896 5498
7548 2486
177 5382
4408 9888
4453 1849
1911 9667
7368 5244
6876 9942
6509 9575
7847 5526
9017 1386
6570 7917
5655 2394
3711 7861
8580 6886
829 1252
8938 6822
6981 7455
4213 3269
6436 6471
9748 8191
8542 8045
5318 2174
1727 5707
4493 2540
420 4349
9838 2281
9397 8185
1228 227
4771 7594
4251 9426
4919 49
9692 2705
2916 264
8242 9789
8478 2776
1242 5903
9385 8616
1259 5027
6866 4193
3300 2188
6756 3163
6164 4873
1879 8723
1273 8264
6621 20
1632 1075
9919 4787
2834 8354
1717 388
9833 9105
1482 6962
8712 8584
7801 7427
7064 1414
2478 4825
4571 8488
3597 1353
7742 5486
2220 6312
4408 6382
4555 7299
9692 2954
1723 8639
8318 5579
1191 2232
8942 126
4675 4932
9128 8005
4885 4685
8644 2101
1807 2386
6041 1469
2528 5949
5675 5943
9450 9083
6692 1648
1422 4327
83 992
1440 6706
2955 8316
8683 8043
8301 7677
3504 994
4429 5199
3678 9214
886 3495
3082 4855
7452 6071
7674 9468
6873 5759
8203 2061
8895 3480
3432 3373
4690 3528
6023 9707
194 4846
4566 2174
333 2691
4802 1406
8900 2434
4131 434
6765 9741
6258 879
3750 8170
4401 6475
8151 5637
3820 7574
9893 1540
5696 2509
9485 712
7007 6032
6400 8965
2093 8180
8127 7086
5067 969
6591 6711
8530 3271
159 5593
3287 3468
832 6033
2483 9781
5869 243
91 5230
8031 1206
4212 9096
1355 4702
1609 4147
8949 1456
7096 4137
2987 4685
3739 6163
8582 4720
7582 1498
3268 493
270 3342
1673 8019
4352 630
6146 9380
2446 9144
3366 337
1268 1208
1680 4880
7402 1293
4542 9632
2830 2805
8635 3179
7821 6641
7539 2905
4184 2642
3951 5462
9681 6190
4897 3466
4190 235
4725 862
9113 4780
3379 3452
7331 6729
9175 1677
5354 1401
3142 7734
8420 422
1374 3130
2752 7743
3905 8429
2916 4138
5380 3580
875 2557
5455 5942
2344 9392
8606 1014
8865 9069
627 7050
3174 3694
9759 855
9056 9446
4046 6044
8685 8009
8713 5746
8323 9664
2443 7567
5461 9000
9940 6155
6555 382
8523 2369
7581 8052
7416 5592
9697 6833
6366 6400
6073 6380
3332 4515
2513 9782
3815 7740
9059 8874
5710 2734
5211 6116
704 7608
5361 9468
9790 6826
3800 1637
8564 1556
2760 519
7402 4454
933 8274
5019 4235
9822 3831
5609 6877
8429 9225
4822 8793
1091 2680
1319 5073
7147 7634
6871 5438
1308 2140
9124 7623
1978 902
9340 2360
5148 266
6839 1329
4270 9194
3524 6711
4748 8712
1835 3982
3360 5841
297 2794
6414 2155
9365 8783
956 2353
1611 6444
2001 6123
4484 2126
2580 7960
9409 9129
4135 5694
5857 7066
6429 2797
6272 6982
5521 4752
5297 483
6997 3090
2305 8787
1876 3132
1285 4089
2980 9899
9674 8190
7327 4024
3504 4916
5213 4357
1118 9367
3177 4133
5849 4340
1220 8894
74 3110
8947 7854
3023 6053
7180 3410
7619 3936
7225 8126
6778 5954
5140 2108
3882 1428
5434 3100
5442 2604
2728 1890
4580 5444
6160 1252
7991 9864
6206 5053
908 9887
1455 364
6577 3208
5863 2637
6525 8971
9641 5361
5842 1377
9933 2744
4548 4665
5236 8920
1170 7850
8255 6360
2172 3276
5135 9109
3074 435
671 7081
5548 8797
6948 6610
3614 9017
4389 9613
5740 7746
4863 8448
1277 6203
2973 3842
5599 4346
3535 2675
3876 3233
8294 1352
8340 8500
4296 8721
7065 9977
4431 9121
2623 9893
5404 6211
6709 607
4942 8591
1921 6562
6133 5694
8409 8511
9574 4018
5679 8264
875 1134
9933 504
3193 2950
6444 3846
7022 6173
3785 2028
5336 8666
2459 1634
2220 1428
4436 4783
4182 7906
4796 9572
7037 3956
5794 1943
3568 3631
4790 4040
447 8573
435 3998
9129 1044
6676 4297
5031 5148
2213 4023
7176 355
4008 6768
8049 4324
466 1819
4428 3841
2440 8303
7528 6301
8018 2931
3717 5210
3334 2834
5926 5687
6653 5666
4689 4718
6163 5462
7059 2447
2302 2162
9536 4980
6631 4958
4832 3131
3297 596
8874 5221
4877 6550
3545 349
8001 1533
4824 8823
4958 9333
2023 525
6329 479
8466 8882
9351 1646
3700 8722
7564 8290
3744 8441
2852 366
5510 9630
8122 7847
7841 3170
7367 3618
3288 7064
6276 2319
9318 7089
3078 2787
9297 9150
2310 7334
2161 4904
9174 6840
1961 4736
9733 2503
9475 632
3763 4175
5696 664
3991 1979
6143 1685
3823 5443
1062 8248
6017 7462
2445 7997
6603 508
2601 7422
6800 2856
9642 6834
8524 5518
3468 1267
9677 1001
5665 6206
6812 3931
7936 27
7053 7631
5431 944
9835 2027
3882 1615
190 1005
4210 2725
964 8643
6473 2927
8874 5061
3337 6724
8085 2786
7969 3766
9670 4466
4172 5919
2536 3310
7287 1711
8144 8984
98 7856
836 434
4637 8072
8298 295
2182 9772
7883 3176
3973 5037
510 8848
693 8009
5224 8343
3094 2387
8890 9479
7703 9390
740 1241
9425 1333
1742 9925
5007 8729
6110 9855
4018 4450
6279 9499
3288 4951
9327 3853
8409 6
7676 5612
5072 4637
2234 4798
6012 740
4524 1994
2880 8651
1555 524
160 8817
5340 3722
3369 9272
724 2568
1718 4255
1414 8896
818 9767
1609 7166
2402 3280
3615 3020
9386 8000
574 6051
2624 4017
1202 9269
3780 3570
9646 8136
2535 8324
2211 536
3155 3628
7640 9328
6682 520
3515 7295
7148 6967
8658 4875
1908 7414
347 2077
7714 8256
6634 6817
5511 8
3144 1014
5780 7485
7124 8168
2756 2143
553 7464
436 2338
4709 6560
4682 8180
7437 645
43 3927
8577 6928
3107 839
6327 3167
5365 9517
6806 1628
1494 8991
9707 1260
914 497
8315 9657
373 783
6546 3631
3530 3940
8349 8644
2087 6822
8109 9482
2481 8008
2687 3042
1846 5651
2077 6816
7744 4129
7073 4430
7466 6677
7113 7665
6702 2519
8264 2340
9153 3648
1200 363
2516 303
9324 5497
7243 8901
9791 1572
5597 2918
2851 2349
5316 6509
4216 2050
2884 2017
9532 1922
16 2868
1123 5075
3270 4062
1038 681
7410 7252
2769 2109
5806 506
1371 1933
5656 5151
4122 6872
9523 4609
3440 8530
5286 2441
7274 9543
7247 1295
7214 4402
5176 963
3613 2282
9467 635
2693 2435
6774 7160
6863 8694
4463 2201
7477 1641
7809 2182
6900 889
9499 7698
9095 6923
2947 5846
1724 2386
5795 8467
7404 2189
2882 9676
1249 4090
8891 9164
7198 1718
6319 5799
6087 5304
7023 1609
7043 2677
8377 7667
899 9887
1295 3933
7076 1168
769 1879
3030 2156
4001 4195
1461 861
6322 6106
1282 8741
851 4017
5497 8104
202 5647
4463 1241
6995 5135
1747 9114
8303 2330
6854 5345
931 2531
2053 1297
7396 5
4021 9502
2191 9995
9620 7041
8723 8517
7010 5742
5600 8907
8586 6520
897 1330
8966 4956
5038 6104
1589 7864
661 8248
4685 39
1302 8110
756 4348
6912 6943
9760 5449
2119 1166
7873 9990
1882 4507
4676 9606
9737 2297
2374 3041
7315 4878
9379 9703
7634 8320
9184 8850
1199 1136
9300 3871
4077 5299
93 660
2579 887
9801 5441
9725 7768
1908 4580
9959 8643
1465 855
3122 3632
8913 467
2658 7542
2961 1039
2215 1641
1010 9709
3275 496
6864 5462
3534 4176
6474 7704
8549 7944
7488 2292
6175 5469
2667 2054
6632 5020
9130 3945
4866 4470
8028 299
8719 6985
3426 5380
2501 587
8135 3932
8108 8144
3662 9431
5394 5699
335 3679
3743 6598
839 7340
8952 6932
9651 6746
7818 8537
6445 6964
8198 7198
5316 2659
7988 9948
615 1834
6138 2059
7756 9371
5500 3934
8511 81
2402 6504
9163 4906
6151 8130
6869 5319
8727 4483
2001 9036
4274 1556
1574 347
4568 1543
2408 5282
6 1068
2043 5947
1706 4367
4055 4904
393 463
5613 8597
4069 5463
5373 8889
8657 8051
7811 8020
1747 3634
2532 1865
455 3731
7398 5355
5123 5197
840 5618
6502 7235
5994 1273
8904 3841
1042 2914
1487 4869
8001 8312
9276 3456
5720 4631
8891 8422
3450 2364
5611 1315
1599 3598
6383 505
1314 388
1072 2327
669 7020
4150 6802
8352 7631
2821 2782
9756 2705
3456 542
7584 3729
7108 2109
3549 7083
9760 337
6205 3020
9944 2816
3744 9686
9990 2279
206 2241
7101 8906
2628 5267
254 1135
7565 7777
7164 3576
6010 1249
4496 6253
913 9933
823 913
3419 6982
7242 6589
7576 1441
5101 5948
7007 5338
6264 8638
9432 2854
2720 1017
4356 5282
2534 8836
1510 2253
339 4743
8986 2177
893 5787
3466 5296
3043 4466
7618 758
9528 1924
1869 7076
2934 1092
937 8987
7709 6613
6778 4800
1392 7000
5730 9411
2608 7603
7217 4150
102 3137
4919 3045
5105 7842
6898 6376
546 9126
7651 9741
6828 9848
5451 3716
8387 5936
627 2424
5248 1778
1637 4759
8705 9818
2535 5846
7893 8326
816 8948
7811 1125
3112 8504
1471 4562
4494 3754
9595 3908
4576 8282
676 7436
2387 8113
8063 4429
9816 6789
2698 6251
866 4032
614 754
8451 2461
4152 1640
2330 60
9177 1560
9100 8390
5632 9037
1357 2746
9914 2957
8004 4135
1990 2321
1988 8558
2445 2163
6851 9044
9153 4353
8390 8258
1290 1777
9845 7968
4689 2765
6855 6185
7774 6775
5740 8307
3908 4098
646 2642
112 4530
2191 5592
5761 387
4994 2411
1838 7477
2410 430
3208 2841
9184 8182
4925 5330
9446 5362
1318 7694
4405 9404
8303 7527
3797 7746
2691 4497
7973 6882
749 4782
9057 8682
9987 6856
8245 4497
7269 4631
4019 680
645 1348
6725 6126
8815 1500
7729 3810
3612 9838
8699 6086
6141 6071
2543 3476
2950 3524
9227 3235
853 7431
3520 7699
232 3898
3192 3735
6156 4740
2485 1423
6319 7974
8149 4436
8313 8009
4065 2119
9564 1133
5431 3665
7521 278
9805 4914
2610 6343
6854 7050
7833 8570
3001 6710
1000 5179
651 5665
2926 3748
6798 2424
6261 6190
2507 6828
1157 9907
6385 9824
4073 7001
8733 9291
9895 5821
6482 1323
880 1579
8119 9412
6099 5787
133 9330
5402 2318
3255 2902
6421 6911
7176 4709
7374 1376
1126 9385
2667 3215
8228 758
2231 3610
2320 9884
5028 1662
1659 4206
371 6600
3283 6866
6930 2534
5436 2584
1614 7262
9381 1661
5933 8317
1738 2334
9613 3289
5400 1057
2837 1624
7499 8028
8997 5426
3850 6583
1204 3912
9411 5441
8804 8702
2141 8084
4890 1580
3719 5007
5800 357
3976 9290
585 7367
249 171
4570 9629
5497 3770
4527 4707
2999 6024
1993 1331
3381 996
905 5723
7422 5542
6789 1748
4036 3755
6525 9449
7643 4478
4164 488
5342 4961
6874 953
3669 4377
9590 4336
2358 7042
434 8080
753 2039
6240 120
8691 1418
6224 8390
9715 8938
6120 9973
8264 6826
4753 9014
7329 8738
9395 4275
7864 9358
8588 9106
8453 2809
6057 4708
2831 8278
4952 4779
6954 8615
7238 4301
9786 1812
9948 2980
7461 1182
5439 3394
1627 8184
7268 3451
1861 2407
9817 6732
2500 129
9633 6792
6233 1893
9773 3400
6666 3298
5840 671
3582 7841
7637 5047
6292 253
4853 2103
7160 5978
6083 6789
4835 6120
8261 3347
2195 9319
9631 2594
4237 8198
6147 9902
1270 1796
2635 4587
398 4076
858 7223
7628 6127
3172 6594
4348 7121
4781 8364
6703 1943
7452 246
4017 8223
5742 6354
4885 3087
232 9535
5525 7623
4537 2171
1309 9812
2242 2229
6389 2757
463 3185
5848 2898
3945 6056
2638 8112
7496 9427
6028 1452
4725 3910
1886 8116
7049 901
2548 3754
1600 5190
1213 4545
8943 4970
991 3506
7557 5786
1441 2761
784 3037
1342 8191
8447 3194
3448 1557
6480 4380
2082 3012
5864 5526
3581 533
9350 3926
6075 5561
8276 3598
3841 60
3213 9160
7177 3974
7892 3517
1768 6871
3901 3990
4833 3541
9268 3728
801 5968
6039 9304
5958 2824
4925 1272
5813 2052
8617 4478
9531 6838
9541 36
3132 260
3252 3695
3615 4284
1677 616
3294 5366
8921 7607
9459 9376
4975 9394
9841 352
9128 7941
1430 6101
6406 5319
6992 1909
9876 1458
7186 9103
925 371
4935 4346
2195 504
614 4060
9259 7463
5059 973
4926 8511
4706 4124
6985 8317
4209 7410
6254 7604
8744 2272
1363 4191
7179 8695
8132 6645
9879 9483
6938 3907
5864 8198
7188 6021
9408 3709
1964 630
3587 3220
8096 1465
8741 4001
5990 8119
7851 509
7758 4077
2596 1045
7529 9426
12 296
207 4748
5816 3364
525 6720
7864 3610
8011 1539
9384 3797
1577 5342
6667 6447
5226 747
5332 6934
2666 6865
3405 8359
5671 5940
7522 3205
7681 1163
8935 2239
5796 9009
7401 5375
9299 52
4532 7411
8222 5795
7547 4724
6042 6508
2577 6861
4012 7031
1332 6023
8169 7971
9067 1307
1971 7893
5637 946
3943 3738
1828 6170
8671 6057
3917 661
9754 3010
8032 1926
6822 8121
3140 8907
7436 8096
9379 4460
6699 7178
1163 3936
2763 6108
6761 2957
5149 3404
1477 61
9207 6024
1308 7419
7942 5784
5553 7136
4442 2688
2008 9993
2655 5161
5810 3776
3421 5174
4726 5990
4324 5025
9918 6418
3172 6320
8759 6718
9611 6223
4569 8297
9350 1891
8939 653
1523 6126
228 6170
7615 9832
4505 3657
845 8383
6208 6574
5630 4807
7716 9973
578 4280
3547 4611
4696 9840
915 6634
5895 9746
3054 1550
1588 8410
1024 5027
3773 1360
5480 9862
6834 2944
5458 3807
5151 1414
3643 2530
9934 3595
387 8331
9322 4550
9852 368
8007 9386
9301 7081
8143 8645
1402 8632
775 5302
2704 2859
2453 1161
2689 7459
7423 3177
3019 6865
8495 8754
9159 967
4957 7728
6707 1850
9042 6174
175 1615
3351 912
2411 151
9890 9428
2242 8960
4244 4783
7904 6858
8647 6367
2402 1880
8604 4568
6537 1932
7069 5292
6540 2051
993 6182
3640 58
3161 6076
7769 7624
7675 4833
5494 3467
9033 313
9171 3327
8887 3247
1342 4937
4555 5209
7049 966
3980 8246
2512 8721
9705 8074
2897 6629
5936 1820
260 7108
6147 4086
6475 6406
4961 2728
5906 973
3941 1247
9819 9321
7566 6652
1460 4363
3416 6005
9451 5028
3211 3225
8373 9648
6671 1816
9295 8759
3464 6929
4279 7754
4023 4932
9229 1151
8000 4642
866 3163
4218 7460
655 8734
5717 8461
7391 3998
3810 9497
6369 5121
4242 3793
1649 7604
6928 9136
8885 833
5085 5426
2163 8630
786 4726
3909 7357
4657 4766
7215 4763
288 4613
7537 7083
8171 6774
8411 6491
5120 7004
571 9261
8610 2306
266 9720
5446 5669
3510 1917
9889 3581
8171 1800
2017 7668
2885 7691
1558 6151
5393 2691
8527 7591
7281 1969
3748 1434
140 3533
4721 4151
8379 9890
6162 846
7781 3309
3851 9730
8715 2869
9172 8524
8933 7609
7152 1265
8412 848
9004 288
651 4113
9054 6838
4341 9393
6696 8598
4638 6404
9460 6310
5273 4313
729 1153
4947 1106
1359 2627
2794 7860
8850 8209
8962 2599
8184 6397
5311 1536
7385 9878
7446 1293
8490 9865
5297 1354
4589 147
6116 9942
8092 2076
2407 7928
2984 1023
9496 739
6473 8246
6869 7344
4296 2609
2171 2206
2677 516
7670 8214
6144 303
3136 8104
6329 2771
7547 3526
1535 9311
3895 4186
2591 6029
1138 7420
2917 3074
641 4957
7495 7411
1936 2802
4321 6353
3156 8108
7716 4314
9872 9889
1753 7478
8612 5395
7660 2087
1014 5938
8525 5947
9335 7991
2050 6020
7579 6017
7376 6274
6150 5583
5277 9223
1071 2159
7199 2417
7289 7848
6553 5378
1247 473
6269 5754
4209 2075
3620 1712
8797 6328
3548 3059
2863 8923
3804 1770
4803 2520
5398 2033
9067 8412
6753 8631
3334 8509
357 6630
8873 9173
5592 8866
7557 6596
139 2104
4799 6523
8463 5832
803 2161
536 6960
9430 7822
1943 3138
9425 9951
903 7865
4502 143
8400 6047
9715 2218
6694 9278
4632 9336
1843 8911
2670 887
1631 7277
9160 8030
1771 7657
3702 1755
3945 4321
707 7584
2912 9866
9376 9216
7202 355
6608 3930
5790 3653
5380 9963
4457 944
7288 8829
3198 5289
2227 3350
1728 3187
3235 3377
3103 798
2997 2994
7884 1703
6249 3599
5586 9130
9717 2158
458 6014
6478 7301
7911 6125
2208 6107
5710 3162
9431 3233
1057 2726
3380 3820
987 7416
9770 9226
6342 3628
8779 7347
5969 2299
5913 5484
6084 6360
4510 1126
8690 3325
2469 1930
2360 5854
927 6873
1280 6222
1364 9508
2755 1820
7505 4529
7002 2399
5440 7571
8203 7711
2829 3362
2919 8101
7237 5327
7257 7419
1282 2052
3187 4044
3948 3980
6938 7224
6825 1147
9350 9071
401 5358
3711 9089
2988 6130
4348 5600
8569 1465
917 2396
4873 3509
7354 4704
6169 4208
6276 707
7863 8453
4523 5155
329 5907
1203 2456
7483 3069
5164 8403
3013 238
6335 6449
6648 4896
435 2933
1004 4681
2213 508
8382 3610
1336 1295
4581 3239
283 6195
7910 2426
8872 691
3376 1141
4784 8787
6117 5283
4559 2067
6529 5404
1715 4966
9885 8404
4668 3842
3485 9202
1217 9899
5106 5606
2229 2660
8392 9581
2226 324
3590 7622
5640 6403
3287 3851
6568 9437
7468 3644
2808 485
5381 4749
2114 1671
3330 9472
9260 443
728 111
8114 2535
5014 3441
977 7664
6973 5284
120 4854
3971 3317
65 1727
4619 1662
5923 4797
7755 1462
8424 8597
4951 4156
7421 9513
8428 1512
7865 3061
267 4385
692 4614
3384 2764
2442 2932
664 1723
6114 9412
8929 3288
3936 1066
6736 2700
7699 1661
1049 9955
7250 5892
9005 8606
3845 1690
6296 9765
2706 9088
9889 1351
6407 8673
8526 3210
600 5724
3966 8279
2350 8331
9480 9838
3106 5121
3246 4218
2083 2757
2576 5791
1554 2085
5928 3802
3642 4840
302 614
1352 4054
9570 9102
1089 3436
9983 8963
6399 3638
3778 1878
3345 8595
3074 2537
4429 2857
1200 8476
3463 3097
4195 7715
3766 2771
3970 3848
85 4465
2750 2106
7405 9280
5782 5392
2790 7027
8722 8848
3859 2463
4723 8289
2244 4944
2479 7312
7057 3250
6948 5431
7427 8288
9218 9992
7502 4230
3733 1216
7752 3408
509 806
7364 6507
8930 6195
8716 7044
7006 4
4643 3940
9237 394
3092 1881
2429 1676
7151 8441
2754 1085
6858 4040
9913 4849
1139 7998
8891 3537
7659 1589
5353 6389
6309 1254
7038 1892
7696 1529
4367 4546
8188 8197
3240 3235
4020 1952
6626 1116
1272 1774
6705 9082
8292 8155
5209 2205
4106 1014
220 9093
6455 1683
1830 153
8729 6818
8160 9791
2199 4402
8534 3893
5467 678
4064 5142
6154 4709
4669 7815
5909 8235
8210 4098
7301 3437
4644 9033
4893 9094
1191 6675
1335 5658
2794 3162
7483 596
3470 7754
4287 3316
433 6839
945 8433
5843 1719
9744 9846
9937 6446
5683 2267
6438 824
4542 793
250 98
5904 4066
7769 8941
9187 1617
1501 8518
9679 9630
3959 8695
8713 214
3432 1331
9577 9674
5542 4630
225 3574
8378 143
9464 6506
7024 646
7574 7561
6747 1098
9081 4639
7950 6287
6298 8921
887 966
4208 5284
5595 8699
5054 7456
2509 7663
6791 1809
543 9722
2188 4544
7710 4985
3489 6113
7246 1198
3124 9276
6595 3973
9765 255
2547 2815
4529 7970
3252 1318
4201 8145
3737 3259
9326 8956
6371 7772
5449 8485
9581 9632
230 9176
4095 335
4158 6555
5858 5054
9556 5820
3599 4172
4027 8788
1667 2774
3742 8309
3832 1850
3076 3788
4177 768
4500 5693
6882 9875
1385 5102
2202 2188
4194 8046
4315 7008
1821 803
1951 1588
9376 1011
2466 2406
7720 1894
8246 454
9699 1342
7323 7722
9584 5026
3400 3853
2608 4822
7808 4193
1582 220
555 4969
984 7482
9459 9994
4370 5887
2568 3493
6241 1009
93 6307
6642 8919
540 4698
8131 808
1733 9735
4633 1049
7144 2298
8165 2634
324 2360
9251 6997
2082 335
3646 9560
908 7893
9021 10
202 3598
9560 8550
3632 9938
94 5902
595 2034
9470 5454
589 7510
6426 2336
8128 6654
2948 4388
2071 5105
3171 3308
3899 571
6877 8162
7655 6511
4712 9068
7944 4132
2534 8984
4370 9184
5028 3215
7906 6719
7936 8894
4710 9798
8716 661
5880 6752
8605 4742
9512 7468
6501 7538
6156 7776
9895 187
1200 2486
7732 4517
2435 1777
8131 4309
8364 1127
3892 2477
3061 2838
6403 5366
6271 2157
9596 1875
9797 4538
2408 9282
3789 4372
8152 5714
7215 6982
6208 6213
4499 1710
3424 5811
1050 7824
4434 3171
1727 9774
6622 6975
2874 7504
404 972
8953 6786
5353 1487
1103 3067
1601 5016
6215 5279
6745 1563
6807 2960
6579 674
2575 5313
8894 4478
5278 8958
612 9565
5392 5987
8168 1311
4453 1473
8036 4329
4683 3930
405 5716
946 9824
716 5052
1190 6575
7226 9190
1307 738
4908 2255
8161 4305
5958 594
7904 4681
2038 8809
6119 4331
2973 824
3127 3186
9049 9367
9000 8204
6795 3387
1982 4644
5110 909
6904 8142
2202 4151
8750 445
7179 8196
6237 8197
3313 9929
7559 12
915 7763
6047 7061
3331 866
6422 1115
5959 5988
9545 5064
5100 3200
7068 5646
6356 7246
2213 9627
3437 1509
7532 4628
9083 1718
2635 102
7816 9557
6478 5638
8412 2261
1002 6514
3669 9867
5517 7593
2870 9105
8301 460
9732 5614
246 9230
5523 981
167 9339
8814 4311
9762 1180
3071 7482
8151 8406
3637 9704
5064 1522
5065 9122
4907 8459
3707 8930
7977 3441
3297 9732
672 3225
9601 3047
6882 4990
4862 9455
7242 1107
9930 3504
360 8324
8574 5251
879 3966
1933 3898
124 6804
8706 5942
6443 712
50 9367
6057 9888
5434 899
1604 9697
9666 2310
774 3780
1930 4872
5702 4221
1542 4755
8709 7976
8125 7092
7454 9401
2131 3788
6590 4750
8754 3189
2893 999
4232 3046
4417 5916
9770 6608
6713 7641
2820 2479
7680 6002
4284 9193
6027 8939
2405 7227
4696 3330
7636 1547
8899 2516
597 8009
2524 2115
9634 3923
8545 1432
1286 4738
919 3290
5899 6785
2346 3664
7729 5644
1373 3647
7476 5703
2838 6045
7273 4436
5747 4549
8706 4349
6075 533
9793 2318
3065 731
1801 7896
1626 9814
7539 1457
5432 6847
7923 3926
5367 2329
716 6289
779 1687
4500 3517
9826 5349
711 1873
7817 4714
4013 5798
1814 6266
7154 7755
37 6102
9672 3882
2959 3342
1450 6590
2763 5892
7375 2560
6571 4712
8708 6366
7714 3851
2789 6088
5351 9144
8273 456
1836 6516
34 7620
1218 1667
2015 1789
1231 7529
1733 6832
8001 7042
6932 6639
9218 6887
8060 9097
3701 4632
5205 6259
5892 4331
950 6250
8109 9792
5771 5951
9551 2620
710 2080
7641 4914
8504 5051
741 8308
2991 2484
90 4482
1588 1455
1159 8171
6614 5809
2822 587
9440 3396
5577 8654
5736 3953
7571 8405
8744 2529
7008 5090
1338 108
216 3271
4352 7170
8630 3754
8910 2947
24 7701
6577 4840
9589 7762
4281 3785
1223 4648
9017 7473
1001 967
1672 9787
2952 9447
7559 5370
3512 3726
7438 4595
6733 2497
2333 5888
9076 2690
7543 113
9317 9733
447 7767
2684 2792
1325 7347
7950 9851
7709 4457
6004 1133
1286 2366
1125 6662
4566 4713
8106 6966
5499 7440
381 302
642 110
9854 7120
920 3373
2717 6233
447 4140
4752 5560
1656 7152
5449 9517
519 1902
8388 2173
7603 9909
1435 5469
7457 9645
293 1667
1282 2107
33 5481
6007 9528
8941 8423
9016 7409
3531 5490
2806 4799
6317 4325
4910 9451
5338 5621
3157 3671
3108 1975
8492 6916
3714 7197
7701 221
9549 3266
9308 8854
7765 3622
6226 8879
8703 7536
9426 7797
762 8746
1788 7293
3949 6321
1293 2019
693 5432
5954 7797
5791 3928
255 3167
7635 8040
4919 7466
1926 7553
3387 7294
7078 4517
7193 2667
6258 4201
7735 2809
4523 9751
8849 7881
6971 4443
4486 9914
4759 6210
2918 3501
9194 1266
88 105
1507 8064
605 6559
8556 8020
2352 1428
3031 7133
2652 3474
9762 5060
1872 8938
1908 9048
2597 7305
4834 1712
8641 478
1101 9879
9951 7073
7405 6331
580 9242
2007 4570
7812 6271
9362 5716
4569 2580
3850 303
1598 1320
9846 950
3659 4882
2472 7633
3644 895
6707 6579
9201 2446
4093 4920
5339 9048
6642 8328
9470 2962
2132 2694
5745 3572
1048 6333
8456 1773
9447 3094
957 7477
5841 9506
1686 8086
2933 2619
898 8727
8038 2663
4739 2713
5472 6946
4711 7885
4176 9523
3895 155
416 4195
7303 8014
1448 112
6319 3025
7989 4373
9961 2616
1403 936
2585 9721
1989 9035
8224 6751
8543 2001
4646 1102
192 6742
7853 562
8326 354
7474 2994
996 5312
9319 5231
2251 14
7233 5671
197 1640
6428 1643
2338 4460
8248 8412
4234 9211
2794 1445
1700 1007
2512 5714
424 5957
3668 725
6300 1126
8758 8605
488 9608
8855 6656
581 6075
7638 9832
6520 4693
7079 2075
2615 3990
959 1478
6756 7755
2275 8385
1663 8452
607 3995
9196 4481
3744 9145
4041 6900
539 8041
8313 1545
122 387
4837 4423
6555 1408
1532 830
3750 8975
676 1265
5086 2548
3455 9229
53 3655
6053 7388
3487 2487
1019 9044
6962 872
8930 5842
6048 5099
5992 1458
4485 2294
577 574
1483 554
5847 7700
1727 2518
590 6251
6892 1179
5767 8200
6960 6467
6262 4466
437 492
8420 8224
906 2581
1574 7318
6948 5263
6762 890
2107 2927
9441 6797
508 9530
4172 9171
3527 5739
5604 7346
3566 5023
9877 9726
4912 7710
7157 8136
8530 8289
2169 9840
5636 3403
2875 8120
9451 4830
3159 708
7934 8480
4473 8043
2966 666
2159 8682
2171 7084
472 1169
2468 9176
5867 2469
6726 736
8588 9705
7256 2950
2969 8477
5183 4471
7967 6116
7011 9186
2710 5761
9308 9449
878 6384
858 7997
2873 8714
2726 2647
3311 2941
8883 2793
217 8934
2110 4290
4413 4964
6851 2104
4522 3919
8768 4762
5701 1852
2163 4369
9368 7013
3736 2746
737 5562
5918 8556
3952 4681
8331 6335
4718 8006
841 7048
1748 1934
3312 6006
9795 4277
1120 187
2481 9430
6401 968
2479 5267
4658 7350
1352 4882
2527 5046
3172 3191
1045 4510
9106 7613
5915 6460
7923 5200
2244 8000
2289 3587
9918 7607
7226 9021
1785 3068
1204 5970
6510 420
7001 1411
7694 2473
5730 5909
1533 3504
9416 7224
2213 7893
1791 2532
3259 1895
6298 1597
9304 3116
1333 3600
6106 9030
8490 4069
3598 2588
6617 6880
9975 166
8908 2466
1407 8475
7486 243
4520 1360
6918 5543
4709 5914
6347 6408
9653 4509
3416 5414
452 6168
6630 7540
1169 267
7646 8603
4691 872
3473 2340
9172 5797
3500 1381
3100 3422
2974 1420
1331 5481
4125 1009
5597 8463
204 6217
9122 7811
5854 434
4335 4273
1716 8786
7007 8424
7219 9341
63 62
5581 329
4117 7683
3955 1124
392 6722
6795 4971
8563 3894
8334 1667
1347 738
6196 8257
795 5289
3614 441
526 1926
9573 2156
9061 7803
1151 7810
7214 2782
3864 6236
8705 8993
3496 1881
8905 6510
9673 1456
7344 6211
1482 9020
3958 5925
7067 6292
8734 7565
9083 1438
7541 2413
6428 4124
2880 8520
9335 2210
8204 9820
7773 6018
3805 2187
1755 9354
4412 9211
4431 3782
7303 1378
183 1736
4911 3341
8458 6254
8166 9284
9161 627
3775 6267
1323 4345
6098 178
7616 6209
2030 3560
2851 7394
5137 8585
9078 5795
1979 3708
940 2530
8465 7781
6430 8941
1152 1727
8293 4383
8250 9269
2749 4804
6552 9863
5071 1563
5246 7918
1818 9476
4625 4026
15 4813
4670 7971
7663 4619
9929 115
9819 8746
4268 1597
234 5091
731 7900
1189 3403
462 5200
5393 54
796 6727
4651 8985
4471 9842
6125 3305
2177 9988
960 9885
7088 5565
9001 9582
981 5077
4531 4114
1233 2252
1392 5944
5953 8328
3740 3790
5321 1182
6686 2094
8386 6246
2208 6051
8431 682
2903 4541
601 5504
6370 1564
613 9311
413 6903
1523 9652
5198 5538
7171 8823
1848 5162
9760 4113
1991 8930
7333 5606
6175 6241
6864 370
7035 9961
4898 7908
9765 7841
4303 1686
2351 7638
7386 6284
1873 7219
8963 3765
3984 9696
4221 3323
989 5773
4166 827
1571 6409
4784 7981
2047 6770
104 9584
6800 3214
4272 3920
4778 4289
2541 297
8586 665
6939 4262
8651 7763
1379 8781
2000 1077
3253 6857
7917 9258
4178 6966
8850 398
3919 1956
1236 9350
5211 1015
1480 2660
5825 3382
9600 2432
5778 700
2334 1068
5694 8557
823 3237
7496 5367
467 9507
1307 7111
257 3940
1141 9209
3970 514
7056 5267
4137 4679
8429 5130
4449 5486
8949 8924
8895 7108
8332 3833
9041 8044
6913 5875
1768 6112
6875 5052
4443 2010
2362 9696
8793 8132
2945 3277
1459 7927
5737 7016
1516 2087
1839 6352
8959 6278
1186 7556
153 9903
8642 2842
5933 8967
6772 7812
22 9210
1850 5450
4082 1808
6394 8900
58 9527
791 2012
5489 7396
2566 6101
9328 2928
3257 666
9814 217
2350 9485
9547 8606
7909 9571
3428 1106
429 1566
4100 2122
7452 40
8999 9290
5530 7060
57 3178
6530 1678
4883 6474
4302 204
1321 8217
4609 1432
5638 8666
4720 4794
8633 9651
7359 7227
8083 5214
3566 6096
808 6354
8022 2215
832 7949
7357 1638
5013 2907
619 8978
69 5627
5292 1206
3349 299
2899 8171
6110 7791
5952 4566
8444 1029
644 9171
2820 9111
6902 6999
3412 1520
7376 2043
4485 4072
9430 3616
4422 9041
2664 5829
8963 3449
127 624
2066 452
7165 9955
2825 2467
7564 1275
1885 4419
7528 9039
505 374
235 9201
7533 8664
334 8671
9833 5508
3303 2285
3369 3746
2571 3179
283 8478
2872 1398
21 2025
8179 8907
2746 415
42 2828
5041 3867
9757 4951
8183 591
5064 3985
9954 7995
8498 2300
9750 1873
4024 3579
9290 2956
3195 8986
7844 8600
7358 1471
1929 6517
3096 9340
8208 2502
9085 5138
4758 4027
2328 2352
1872 2222
2602 5995
5044 2000
8614 103
6117 3389
4159 76
6962 6290
8196 6474
8622 7196
6240 6731
5812 8733
4899 2942
890 8355
1402 9883
2161 4684
6040 9977
9036 3865
9485 3110
1012 3681
290 8059
8 3504
8031 5141
7606 3281
246 4580
205 6354
6785 3688
5916 3395
3031 262
6319 1906
9567 1202
8395 8773
6151 9235
1552 9660
6298 3063
2133 3327
1569 3875
778 986
2516 7184
7205 1730
2289 7055
2914 6577
8397 4561
5477 5494
3906 4739
4680 9067
8321 2849
1251 8928
6698 7425
1061 8026
9246 7648
5122 2869
5649 2858
3324 211
8489 9429
7901 4013
271 9913
6930 5252
8874 3532
6424 5129
3713 2519
9792 1439
5849 5121
5889 2882
1512 8029
107 9515
8634 5535
6924 2584
7187 5497
9441 4810
9055 6525
8531 9639
7779 4268
848 4938
297 9052
4548 3865
4022 2356
8264 2380
4465 6179
1744 5076
2952 7204
6847 8733
187 751
9575 4166
5139 1892
9472 1458
3530 7421
5565 6105
4993 872
4672 5304
2865 4019
9280 4261
2199 2164
6217 9209
3901 5463
767 5140
8384 4083
314 6021
7806 3470
6897 2924
2917 3408
2203 3622
8479 5368
3260 3919
6695 1020
4197 1426
6150 7975
6409 3166
4017 4075
8638 6707
8600 4851
3585 3776
7088 9846
2121 2627
4134 4592
2816 3238
8035 9045
3474 1746
3822 9875
8669 3573
8713 2716
9904 1258
8624 5130
6916 8737
2508 7799
6173 8689
7681 3363
6021 443
1385 3012
9045 3272
8589 83
8083 6496
9697 4008
1870 9464
6918 5266
3444 576
9993 3933
2801 720
4422 6784
6804 3906
6951 315
9725 3565
9792 9958
5167 8697
3840 9339
4270 384
7645 3019
1245 6952
8747 3653
9168 746
7503 2477
8114 7407
3304 3161
3204 5334
5232 3978
2735 5790
2157 4774
8097 7530
8998 8692
8713 1387
262 4266
6335 5966
6902 2229
7360 2182
5228 7271
6316 5457
9524 3137
1954 8514
9973 7083
8034 3805
3136 9031
5300 7247
7314 708
8546 8884
4255 9708
4032 388
1762 655
6965 3636
3575 3112
4269 530
367 1154
1025 4851
6022 6030
2064 7815
6511 9858
1669 5699
1600 3600
9654 2373
2008 3391
2291 838
4178 6774
2350 2590
398 6548
8986 7404
3394 7475
8341 3835
3164 227
3569 2872
1083 9235
1316 6501
7693 2087
6108 115
7525 2317
2869 6284
9030 9909
8462 2361
1668 5740
711 4137
116 4458
6282 5331
9425 6728
4908 9011
3346 7980
6998 3049
6841 8250
1414 4694
3364 2149
5846 4009
8944 5953
9978 8634
3257 8415
1005 3511
3098 5795
4507 5819
3167 558
5845 5813
1179 3711
7006 5940
3358 4629
190 7730
637 434
6927 205
3610 50
2423 7111
8544 1228
2787 6255
5368 5685
8373 3140
7078 1967
1105 213
8914 7086
4660 3227
4962 1882
7501 5726
1568 2217
4631 4679
8011 4711
705 3262
4439 2918
5976 4373
145 4734
1822 2522
9706 3729
6089 7462
6293 3725
7702 2131
456 691
716 77
4363 6709
4169 3086
1135 1605
6872 2999
229 490
7194 4012
9576 5458
3336 273
4861 3227
3505 4930
5918 7320
6372 7736
2461 17
8574 8989
1650 1921
4201 573
7129 6027
3838 2153
4776 9436
8457 2947
3492 5954
2658 6295
3914 1667
8534 5453
8134 9836
154 3829
5579 8248
417 7073
8149 613
7277 1239
6386 8180
4074 1829
8887 8295
7482 7192
3595 3168
3016 7566
2380 1560
7803 706
7638 7434
7406 3072
9769 6865
9073 747
2716 8353
4597 6410
9649 3265
1231 3514
9583 387
5864 6437
8427 8328
7991 2266
9783 7076
3313 2382
9343 8272
4452 6096
7733 8389
5707 3955
7139 1181
3420 9850
9726 1464
3067 8275
598 4014
6808 1250
190 1375
5413 7718
5591 315
2909 8726
7868 9755
9329 4279
4191 2165
6075 9721
5304 2168
3830 4918
1698 3872
1739 4284
230 2940
139 9507
1703 253
6387 8820
3517 448
5359 598
456 707
3379 2786
5716 3082
1845 3225
4472 5979
3191 6466
6996 3185
1929 4657
297 4015
4036 965
655 5484
9455 6643
1574 7042
4227 277
5672 3954
4860 896
3918 5375
7469 4901
6193 7504
2046 9561
1294 5391
776 2225
7740 9506
8666 2129
7190 5860
2795 8738
8271 3743
3707 2041
4557 7647
5460 4547
3080 1954
320 7218
2136 1172
2856 6397
6695 5128
9156 7954
4672 1495
1191 626
525 5624
5176 8196
9682 2935
4005 1723
5390 1061
3525 6125
4459 7535
4913 3043
4334 3774
6536 2545
6178 6978
6320 9228
6006 2365
4305 2450
9466 3251
3098 3036
6386 1493
9711 4835
9767 1595
3427 3572
9285 8352
1547 1976
4262 6479
9564 7291
5874 9772
7092 5749
1985 9164
4978 3607
720 3573
5921 4093
2581 5499
2149 6401
4577 4811
8475 1912
2455 7781
2602 9476
6089 5293
9027 1683
6263 5375
7755 8804
2055 2447
8377 3320
2066 4299
3522 207
2699 3532
6817 5085
2736 5359
6737 1733
2322 7575
299 7444
8702 3438
9267 7039
2672 1354
3742 2037
9469 9835
5280 49
1623 1751
999 578
6607 6596
2012 3371
9399 3310
2161 5705
4815 7060
7661 8245
8605 2010
3215 2054
2909 6879
6617 2908
3888 2466
1276 4516
1039 2871
6781 8205
6275 2492
9688 5691
3243 619
5605 1410
1599 523
3343 6911
6630 5440
7674 2727
421 2661
542 5345
2441 5353
6788 4012
4607 8007
3381 4655
2092 5497
3085 9701
8564 5578
634 7202
6342 2705
3427 1021
5417 7339
1006 497
4526 5822
140 4152
1363 4746
1062 9819
299 4892
3210 6517
3699 8811
2906 3998
176 897
5355 3341
7650 8369
9746 4538
8037 1263
3128 7564
8715 2673
2882 4751
6410 7509
6381 897
8299 5041
7294 9957
1815 282
9686 3537
9898 2877
7108 5357
9493 83
5144 8848
9246 2457
2461 4277
5878 9319
7652 8527
7024 1498
7375 242
2879 1624
9620 9211
5360 1406
6551 9288
5964 900
9970 4284
7549 7670
4114 4209
5631 6454
6591 7121
5777 5667
6385 4486
5486 2013
5606 387
1048 9526
6126 5704
2701 4802
1718 52
413 5633
1121 1042
2982 6619
7043 8815
4844 9139
5555 7942
1564 1456
121 2570
799 4546
3284 9140
3034 4527
1095 5871
2245 8768
2010 5794
2886 4654
7548 1052
5164 2064
2375 3615
1612 5398
1468 232
6797 2029
1147 7674
9399 1822
3117 8076
9955 4652
5365 676
6730 6321
1476 23
7376 2847
5070 4355
1612 1304
9038 2846
6333 3808
9756 505
2141 2730
3788 9728
9750 9693
3863 7831
3616 8722
7132 580
9499 4005
5469 1971
7684 7799
2342 2689
3914 5542
3797 997
6069 2682
2630 4475
9660 97
4765 4338
7813 3481
6115 9477
5918 9104
1415 2807
1973 1836
3698 4433
7287 8115
6994 3171
4224 1221
435 8620
4297 4351
9064 636
3980 7147
7700 2749
2056 393
69 1909
3274 762
1767 7116
3883 8810
1214 2592
5539 9630
245 7292
1663 4488
9998 3867
3215 6033
1405 9560
1407 8544
1441 9996
8578 5898
1374 5485
2784 699
8087 7303
7042 9980
840 3833
3334 411
944 6389
9164 7790
4283 9294
1693 993
3241 5126
1168 3613
9438 2970
4538 9384
7053 1059
7126 5400
8182 4267
4304 3115
5440 4678
2789 339
9450 4506
5449 7122
1824 5399
4684 4865
4919 4982
8765 830
6850 6855
4444 404
3913 4664
7928 781
9541 4497
9879 722
7575 6937
8642 3637
8902 2489
767 8032
2506 6643
9021 1815
8442 5240
5594 5712
8717 889
7210 889
7207 4570
7028 4039
2814 3520
7905 175
5199 3333
8127 4354
2633 7727
208 4796
8865 3176
7243 234
5671 2858
1377 5517
470 6135
4343 8189
4160 7246
6461 2960
1068 9460
5048 3482
2700 2302
4166 8775
3463 1788
7649 7347
3885 2199
5954 667
2670 5214
8614 8041
9795 536
7197 1465
5169 2185
4742 5438
9596 3358
2902 5349
7657 7619
9001 838
9586 3064
3391 242
6944 4167
7403 9581
6225 8051
4951 1627
8577 7406
8306 2208
6882 7341
9369 1813
7256 2695
6214 1470
1386 2954
9442 3610
2258 8486
3395 5273
4770 1521
6263 5749
3620 7320
9591 6336
8496 6826
5852 2912
2597 7825
3391 899
575 4198
6858 9470
3167 3584
7512 2997
3645 5143
3873 5271
6273 4285
7537 665
5548 7417
9647 6649
7757 2799
3647 9242
3902 7857
6562 2824
2762 2849
4637 8458
7620 8229
9907 7887
1545 336
6783 6403
9564 1663
279 7700
375 9509
7701 1165
7550 2895
1524 3079
5916 8206
8746 2281
5401 693
9734 9984
6012 1545
7613 6196
5302 5559
3408 781
5914 7940
6410 2396
7415 9211
5272 9863
8849 6421
880 9529
2034 1755
1464 3832
7810 5225
334 7751
3819 9281
1905 5220
6613 4715
2972 9283
8776 5267
4856 588
8104 6187
3698 5026
8343 3926
5777 2396
9911 9677
8421 5828
4697 5392
7607 3857
1491 8079
4723 660
5157 2200
4854 7497
7407 1422
6070 1139
5445 7675
9416 3989
6571 4277
2574 6373
2686 8611
2447 4315
9383 5863
8381 4397
9092 1704
2189 7128
1813 5117
2379 5332
237 8697
6119 3720
9835 6320
6797 8914
1915 7185
2605 6043
9370 1822
6947 1208
1786 866
6956 5719
9619 848
2254 8837
7517 3851
9889 5079
8763 7741
1728 4372
1180 6453
7770 23
5066 6575
4114 1204
2784 388
1929 1071
8571 9769
1220 8624
1967 3029
201 6679
2867 5413
971 8754
1920 7464
9894 3684
4756 3767
3726 9361
4664 4030
5318 3865
9252 499
8547 1443
2124 4727
5392 5687
2049 6227
75 9877
4871 4313
8786 9016
4882 4307
22 1764
1705 5546
1152 7461
2512 6976
5401 1805
6608 7715
3901 167
2735 6575
2516 9788
1815 7100
8340 1721
392 7356
1161 3463
4280 3487
6019 290
3397 3886
8296 2085
397 9310
3659 9447
7986 2857
4396 5632
3338 6016
3761 7566
9852 6282
6164 9897
261 7184
4055 9061
6907 5586
3860 457
8965 5709
2426 4211
9015 294
3368 1732
4784 2264
5667 818
7550 1427
5210 8285
9760 3136
8961 1940
3954 8158
1813 3783
6580 9931
7850 524
4120 7565
3921 4930
4696 659
1458 8699
2657 698
1668 82
838 4565
3491 6584
7135 5264
4526 8326
3960 7187
3539 6447
3776 7084
3094 899
1274 9482
9267 1884
8721 9335
6010 4716
2168 1799
1035 7504
5336 5235
582 4827
8839 2583
7268 3601
8849 9165
3420 7526
2334 7822
6550 5397
3710 5834
2725 6825
1592 7546
7951 4495
6111 478
3003 284
3878 9857
2139 1439
4844 6519
3687 2819
2249 9165
9766 7387
6997 5190
2578 9980
5255 1663
2687 2191
9787 5530
4737 4289
1797 8687
5549 5319
1346 4361
3780 2326
2209 8747
312 2702
9064 6008
8577 7454
4023 6804
4990 6495
9878 6488
7977 9260
3072 4591
514 6671
4802 122
7194 5887
8705 3741
4761 5080
147 4051
3201 121
7861 9541
1630 563
1996 9974
3808 7727
8131 1630
2479 4746
7792 1159
389 4373
6250 4913
8388 1465
5799 9981
4197 3662
9361 6595
6757 9741
4822 5184
9950 4337
8270 9926
9589 6943
6539 6402
6244 2439
3134 7797
3687 8608
9633 502
5627 4257
215 3397
2239 6901
9645 7966
8599 5411
8053 468
7522 7684
906 7888
4902 495
4487 6958
9223 3184
9656 5286
8184 6803
6320 3285
120 5336
2040 8913
5738 1803
4863 7321
8987 6218
3687 9282
6178 8453
9750 3427
2409 2575
9744 9569
8725 8624
8057 1012
1441 2087
4239 5086
7219 2668
2606 7663
5943 5242
7400 75
2624 7411
2476 260
6864 3131
3037 9146
4724 8393
6820 1667
5664 3169
245 7035
6532 517
3701 3671
5204 3061
7570 4510
3751 3677
2114 4233
9543 1504
3194 1716
8435 7606
9471 1638
652 117
4610 370
6142 1229
8055 9544
1379 631
9056 1175
1363 5314
7278 1809
8274 238
179 6453
4028 7243
6072 9023
7649 2308
802 5420
8876 2685
4952 6748
2477 2272
6093 1250
7646 597
624 8087
9337 1987
889 5976
9413 7342
8896 3071
8509 1227
474 9630
2517 3643
7119 7968
3972 1551
1451 6985
5990 6783
909 2508
8084 9696
4671 4177
4123 6829
244 4165
2687 1451
7730 5691
8880 8444
9952 9957
6565 1351
4775 3703
1020 2521
1902 3416
2598 7090
4971 3236
290 8038
1588 9809
4574 2227
76 1850
9680 7290
6823 2701
5049 1601
4548 3131
3960 1278
4122 1083
563 6148
6997 4089
4499 1016
8526 4125
6941 1277
29 2486
1170 8951
3715 2827
4625 9601
5380 3684
7755 6047
2310 2379
7421 6276
1827 547
4852 4418
3319 323
9795 267
1228 4220
2959 5329
2336 1504
1814 2987
7195 5325
1998 7913
971 6172
5649 9904
260 7506
5541 435
2062 7459
1400 2749
1821 4297
6668 3751
313 2317
6060 1878
4834 5582
271 5428
8725 6186
9565 8261
7508 9690
5272 7438
5457 172
7542 8113
9498 7256
1680 5368
8196 4750
4295 6923
4964 1943
3312 8933
8215 8565
7042 5368
9839 4982
3720 5934
3495 5569
9444 8326
6559 4796
1895 167
4370 3982
6853 8420
9624 842
3401 7999
2131 3823
359 739
3784 151
2109 1667
7502 2573
1304 3745
4685 9618
6688 4579
9794 9273
4673 4596
9637 5335
7232 4345
8480 9415
6987 5979
2049 8724
5351 9522
376 3266
2863 193
1405 2051
8883 2696
6442 3185
7782 7933
530 6177
7724 7269
5867 9528
8396 3450
2531 438
4714 9799
5124 4839
2533 1068
8513 4043
8931 5951
6529 2300
1792 172
8466 4926
723 707
2218 5933
2867 2403
9748 5558
7231 3660
3686 6508
7285 7557
1216 3798
1728 2549
1753 5646
1019 1493
9174 1111
7599 4421
7761 196
3103 6067
5871 8920
2511 7321
9488 4217
9215 2397
8093 2093
4722 874
9696 3605
2156 1968
1388 3388
8614 5061
6201 9503
8688 3016
1946 9261
8076 8068
7689 5858
3991 7736
839 8571
3927 786
934 5312
9246 9051
9287 9816
4161 3097
2723 638
6086 3895
9188 1572
6484 8430
6081 7797
5276 6967
5126 5475
2886 1711
6613 3547
8400 473
8280 5479
7936 1836
1531 9920
1309 7894
2525 6609
1230 9018
5801 3672
7627 4347
8228 4885
3553 6882
8450 6425
8857 1478
9772 5403
4495 8588
7549 8405
2667 1770
2662 2070
4596 7505
8951 4586
8477 7122
5479 7710
2844 7382
4424 793
6182 9660
818 2583
1472 7855
6307 6846
7685 9254
4203 1454
4083 304
3959 8919
4404 5031
6499 4423
8433 7736
8005 7999
5242 1046
6162 5896
2479 2007
5604 1192
7751 9746
9866 8905
3771 2558
9702 5146
6645 9407
4904 7861
7371 6203
7362 5686
6392 1526
5559 4882
1857 5105
598 9910
211 3055
6952 1292
2522 3017
2566 5608
6424 8485
1400 3187
7826 9787
444 4462
8443 143
3437 7716
1140 6441
2310 667
5142 8965
9695 8736
4829 5405
6011 2905
3276 4629
6910 8861
6772 9780
1945 6059
4396 1964
8565 2321
304 4652
2322 4851
5598 6254
6879 7178
2319 6974
9186 8969
4789 7826
6768 4886
7069 5510
7617 1963
8069 3513
1758 6729
6310 9032
5446 586
4811 3361
2697 1330
1070 8004
2129 6465
7279 6422
5976 5733
521 2239
4117 2618
1220 4609
3335 1915
2932 6117
2634 5990
7929 7986
2113 4396
6059 1923
2855 4073
875 9734
5254 3148
4346 6922
6135 6930
8364 1421
2759 5336
1793 7454
4118 2150
8965 5948
6336 9030
1246 4261
4281 7935
9341 2226
7457 9254
8199 6327
9433 6271
1505 9467
8350 3184
5037 6985
8324 3451
6626 4278
5293 7358
1949 6013
6527 8556
2293 6861
3829 6042
4716 6981
6586 6425
4455 5196
8897 6001
9023 4962
3981 2173
5687 1902
153 4187
6010 3190
199 267
9498 1416
9256 7206
3043 2039
5850 3898
3690 1829
3494 2111
7715 4631
2982 4133
6881 1597
7150 56
1857 3974
2618 8899
8645 3844
2996 384
9022 3635
9944 4927
5850 4389
8531 5581
1474 945
1496 2936
8067 8742
5665 6019
812 3645
2588 2375
4444 5150
1877 8531
3094 7251
7507 8359
7068 5127
1547 8006
7099 2658
5643 451
8062 6897
5986 3990
9925 8430
19 1373
1812 892
7962 7170
8422 9630
266 1517
2090 3087
4128 4680
2383 6082
2766 1451
1305 6445
6451 9579
9987 3128
9022 8501
9852 5899
3013 6297
2556 6967
9973 2902
462 7501
4250 1257
8646 9270
2582 8682
5419 8338
1746 2859
4631 4285
8536 5349
5605 3211
5543 2431
172 3110
3872 1136
7303 7007
588 304
1168 6333
7848 2350
495 4636
894 8794
1689 2446
4813 3515
1118 1499
8994 2335
5127 6908
9228 9465
3880 8570
8594 6247
2616 6961
6209 6107
7637 3021
5399 5056
7281 4611
3225 5267
7154 7998
6686 4707
5905 7600
6063 4378
3219 2040
950 7916
3595 2739
7153 6071
1621 3334
6896 3212
3487 5565
2318 1605
4126 9959
7582 2250
2446 5154
2064 872
7598 5781
3938 1910
8926 586
3308 1573
2827 1724
1510 2412
437 4493
3279 4168
7184 6666
7690 722
2726 8644
8980 6203
4036 8814
8475 6891
6216 1054
4519 4115
4792 8709
2083 180
5925 7742
8527 1192
2794 3829
8651 922
6409 6879
62 1361
3613 4605
7888 853
8161 7344
8130 7236
1760 5842
6488 7024
3311 1939
7480 8781
9545 3
3678 8611
3573 5529
375 1333
8623 3211
4196 8217
9365 4130
8405 3196
5489 6541
2380 8289
2939 5714
857 3681
357 6257
1647 9338
1456 5612
9774 7351
8113 7201
6761 5163
2802 9090
8710 3710
5811 6957
6375 1359
1093 9081
6259 1386
1406 9352
5859 1144
5201 3953
1988 103
5520 6975
2065 9368
420 9264
2215 6199
4847 4824
1571 55
5284 2465
8813 3670
7066 8366
2262 9639
5723 3569
1933 4312
6228 9638
2699 9483
9042 9227
6486 7216
9196 6157
4112 4131
1651 1282
3682 2548
6575 571
1528 9847
8373 989
1033 9077
7379 3333
3311 1968
8924 685
4842 4924
6782 4155
2414 7227
3246 2650
9559 4802
3780 1447
5126 6682
1146 7144
8979 4946
2079 9427
8234 6981
3666 2997
5533 4081
8854 6364
2062 9498
7427 788
3337 3984
9678 9867
1099 1138
761 1141
7712 6578
7605 2954
2883 735
8540 5446
4109 6648
3138 2588
2463 5676
2351 5752
6128 9154
7911 5009
5580 8170
5446 7256
3459 4106
9013 7300
7142 5476
3206 9834
661 3172
519 3209
9414 841
1479 665
6872 5863
4 9043
418 1869
872 4983
3038 9868
6719 709
1450 6979
2618 2096
5868 7326
9386 1840
4192 9645
969 9903
5101 1081
4195 6671
8161 5042
2392 6661
4952 1412
1020 8801
9255 7300
5238 5269
455 463
2187 7916
7544 1977
9384 9018
3111 2125
5551 9225
4609 2411
1969 8635
528 9666
5851 6912
971 2944
9797 8772
3925 1467
299 2738
9731 8442
7994 2849
1433 3002
7602 513
5896 9391
370 8066
2408 685
3177 8443
3599 3524
4183 3333
2892 5529
5349 2984
910 9377
5941 7443
4302 6313
6162 1953
108 9742
5573 8128
5712 5428
939 8769
9555 5934
1875 1253
6314 6412
797 979
7907 2479
4523 5153
3529 2420
9285 1348
9213 2174
5169 2550
7882 3221
2819 7310
7968 8211
6606 5901
2023 2152
8493 4239
5329 2292
502 1904
3810 1478
6707 3729
7028 1248
5720 7423
5390 1706
1063 8837
54 1820
5921 3205
1216 6753
3467 3341
7434 2683
6865 8335
565 349
8132 1115
5818 7477
2736 2188
592 9847
6351 4358
9230 3714
5989 7303
1952 647
1195 1526
9547 9384
7835 6857
1270 9382
8639 7889
1806 7395
9917 9504
4508 4053
506 2040
6516 2113
4034 9420
151 7670
1865 9911
1592 2862
6642 3019
1265 9682
1582 2357
2859 3257
4731 6552
1268 3931
2781 9262
9269 765
8113 1425
9550 2188
7976 1909
9879 6897
3001 4421
6315 7330
6444 9748
1758 319
7536 5313
9023 1455
6053 552
9713 867
8976 5831
4619 7903
8308 3918
2612 3091
5105 3867
4693 9152
1622 4498
9558 4541
8449 7452
1085 2418
1918 7
3472 4495
9562 708
3545 3651
100 9236
8475 9824
1740 8075
5576 6313
7038 6398
4687 1726
4484 3985
4121 4813
5905 8818
8375 2042
676 3308
7865 1809
6324 3568
4741 703
1356 8556
1223 6861
3475 2063
3136 5916
4972 222
804 7361
5012 4457
213 759
7471 3068
671 3193
5185 3104
4771 2783
4707 5222
8330 7379
2295 1406
8440 4775
5574 596
7606 191
8475 9828
4479 1861
3225 6064
9229 1231
5546 7214
881 1220
9692 92
2264 5838
5896 2679
469 5072
7480 8812
427 6361
548 5859
3306 7456
9453 9594
1715 7642
1122 59
5308 7260
5938 1185
1754 6292
6138 5213
4357 9176
1160 8891
1661 8793
5023 8475
3538 7520
4225 20
6061 8449
4834 9351
4509 9545
8790 108
5513 3494
3269 1949
4817 1858
9589 5884
5334 1168
9778 1943
1445 9295
4940 6142
6638 7598
4780 7015
2717 9776
7267 1813
3919 343
4787 5320
7272 2907
1502 7738
5724 9722
600 9986
9680 9207
4201 4830
4433 3485
8666 3331
8083 3196
5479 1164
8236 9578
1113 6132
6206 6132
9457 9823
3915 5809
1542 5999
1551 321
1143 7815
1753 9664
2655 7529
4623 9574
5194 6243
7927 7237
5288 8955
8929 8475
2830 2016
6781 4054
6681 4851
6732 7124
3307 6115
682 9997
7194 6139
664 2883
6234 8734
7514 6167
8652 3689
6574 5487
8434 871
6106 8608
9161 2371
4879 9504
5650 8939
3240 9208
1912 244
3789 2675
8285 5901
9474 2283
2638 7480
6215 5389
1884 539
22 5317
73 1531
1523 6540
5289 3631
7914 3378
9172 9051
1291 3650
3335 165
3019 8354
1105 6851
6979 8949
7986 7666
9116 896
9291 4911
8941 9543
3310 7272
7357 6086
6660 514
4347 1239
8665 1831
539 9047
1725 3890
9725 6402
5160 9214
7231 7685
8061 2849
4263 1199
4165 3971
5977 7429
4632 4322
2390 6265
6816 3173
8196 3859
2545 9399
6025 2195
7955 745
4558 2500
8349 4509
2355 7208
1076 8545
7490 4787
9165 9501
6979 6109
128 416
381 5224
5428 2656
6109 8739
8448 1480
7121 448
3452 2130
5672 6519
4572 9955
4868 5760
3753 2006
3794 9533
4583 4980
7957 2146
3236 1729
9538 8639
2664 7349
1575 3540
9604 3383
1268 2564
709 472
9139 5485
9177 5315
7858 2478
3008 2760
7923 3859
1216 4466
9229 8979
8792 7874
7614 2154
1298 9091
9672 7044
9233 3987
9972 9833
7012 2886
2231 7789
8878 4610
1759 9538
7762 6229
5779 7213
6626 583
2176 6789
2738 4419
2308 7424
7837 4450
3031 551
1885 8914
8343 6613
3738 9942
2293 5397
7819 494
1777 7820
9395 8160
5589 1212
3583 9933
9485 304
5003 7528
6889 9968
6159 7402
367 3366
5232 4230
1195 8071
4141 8391
50 848
7782 1685
1177 4437
6778 6816
8118 7741
4175 5041
5043 7135
4026 3679
1095 2657
1012 830
4883 7489
2677 473
4192 9273
8919 7647
7856 9480
7358 1622
1988 1638
3529 4497
7560 1706
1063 4094
3518 5751
8353 3418
3043 2072
1609 359
3571 7719
5 8412
9208 6667
1813 2753
1014 3516
5186 7380
2252 6870
4532 91
6063 2827
9029 2831
9234 5515
4298 2529
681 1939
3326 2320
8457 8011
8466 5086
1897 6744
327 2242
3412 4071
1244 3056
5026 5551
9166 626
3846 2180
7175 4502
8640 9379
1813 1249
187 1189
4186 4717
5840 8915
3616 5877
2326 3832
808 1834
9234 7748
1006 5719
7007 576
7708 4938
5978 2440
3156 3798
4743 8006
9974 585
1366 1841
9476 5415
3857 5048
980 9562
2455 143
9638 4457
2987 6752
9186 69
9668 3758
7888 4457
1569 154
4146 2156
6117 3668
614 5437
1303 7441
9458 9331
2292 3537
8001 3520
3971 5604
4946 1333
6255 351
4622 5744
9475 5151
8803 8695
5055 9790
25 861
9702 874
1454 3043
1267 5848
2497 4498
5672 796
411 3333
836 1845
2854 731
4374 4975
1654 4326
8678 971
2821 220
9714 4841
5662 1739
6294 70
8892 3936
3058 8175
2652 7298
7732 2365
884 5984
3143 1930
3646 1741
8464 9941
1515 995
4228 4184
1651 5572
6178 8376
4694 8849
5418 4849
7559 5682
3602 5156
9867 5281
3867 6174
7892 9839
8614 629
4727 6777
3522 2225
3606 1616
2904 610
4293 3094
4817 3330
6518 4072
3699 5987
1115 1636
500 2892
1851 8461
9239 6012
3377 131
2466 7364
1633 193
6635 4571
8266 477
415 2033
3504 5920
8273 1544
6939 9370
7961 4179
4819 1266
5752 8874
6755 1262
1811 4013
9585 1320
9664 1985
6727 5214
6459 1895
439 2463
8138 8383
706 5832
7422 364
1500 9542
7164 7515
2509 303
8387 783
1187 3072
9529 1845
5274 4998
3217 7836
5349 8349
4323 5908
9954 1337
5213 9774
8576 2487
7233 9404
6516 2979
7959 3190
6655 4719
6222 7141
5210 2213
9535 2652
1110 4168
3636 8614
7623 8680
4032 3251
1855 5154
9448 863
8250 5255
8927 186
8823 6053
6297 6590
752 1790
8195 4081
2346 6204
4122 1071
91 310
8435 8683
5944 9800
1884 5663
5528 7643
7704 1640
1009 2824
8674 6277
8184 6918
9044 4655
9857 7957
4149 5080
7559 7875
4579 7216
9570 6731
6471 4387
5541 4897
6752 1136
7401 1526
7881 8093
8156 333
9934 4029
3835 2220
6603 3040
9374 3172
1384 8806
7710 9290
8086 5291
7117 2748
4509 7282
3425 7252
930 715
5050 1418
1568 9668
9871 9149
4672 4419
9429 2563
5060 4200
9435 6772
6918 6480
5871 3946
312 1766
8464 7335
6919 5197
5393 8407
4474 2500
9013 3335
4179 340
3480 8323
4345 4814
6367 5500
4369 5341
2834 9152
6844 7161
144 9616
6765 5650
4943 1371
8614 2951
5171 7440
3963 7679
1285 4993
3659 9757
6715 6449
2698 1525
5998 436
1503 2876
2483 8279
8343 7248
5167 3638
4475 1701
271 3807
147 9828
6616 8178
5302 3515
9553 2527
5582 9283
7468 912
8487 5971
3071 7776
5922 4729
6300 6752
2992 6486
3078 4702
8665 1751
6545 8146
9927 737
5167 1267
1615 5608
6624 4842
1652 3061
8891 5393
4254 5313
9383 5705
6131 5886
8341 6505
4200 1836
9916 7898
8063 1575
7028 5844
2116 5358
3012 7338
3780 201
45 1554
4772 8998
8967 9444
3029 8974
3199 6771
5199 978
2438 4158
173 7600
3738 5125
902 8277
26 9592
3729 5377
7662 2762
8554 7359
7984 746
977 5160
3849 1362
9666 8253
8913 5870
4767 4721
5444 2262
7549 4690
5045 1768
6351 4282
4607 179
3467 15
4573 2783
7244 405
3903 5339
7213 1120
7136 6522
5340 7985
8088 6317
3326 4603
4847 8262
9686 7675
3330 173
396 9295
5855 5521
6934 7663
9027 9031
7180 1437
3823 2515
1147 6368
6553 5489
3138 4152
3310 3688
9865 6699
3861 9288
283 8392
9373 9564
5652 5580
2157 3947
1873 1466
1715 4508
602 458
7330 7009
9774 8238
9248 4978
3491 5162
2960 7926
4759 8713
9161 8051
690 5980
1256 9026
3697 2574
3159 5648
3941 6531
4794 2244
7592 5542
2194 4338
1042 1505
70 5697
3843 4740
1721 6150
4920 6336
5174 3903
7762 5510
9322 4270
711 8903
5919 1485
7219 7961
5529 5737
4511 1640
7109 3912
527 1739
1417 4595
554 5887
7592 9785
7003 8994
8455 4951
8983 1422
5141 145
358 5408
9908 7492
179 4835
2702 238
7595 6845
1377 5847
5062 5634
3487 203
5258 1593
7640 1493
9834 2307
3256 618
2883 7057
3044 7221
6302 8142
8993 3600
519 5351
4160 1211
7685 9963
5378 8582
9423 5254
3365 5722
4310 7091
3625 4297
7914 5699
2369 6553
5423 2316
3990 8917
7008 4499
268 8372
4217 8804
4717 1007
5045 9038
222 8775
1306 8161
7210 9957
6179 6624
3885 1536
510 7707
9007 8307
3665 7267
6209 8902
5217 7843
4991 6964
7594 7347
738 2716
1326 1238
9047 39
4098 6819
5734 6484
711 9718
8337 5278
916 420
6364 6497
9415 4371
8278 8344
3482 4066
7988 5689
8783 4420
8049 9738
1404 458
1420 3715
9794 6720
5251 5543
3389 6473
2273 2292
4309 3131
7363 8315
4236 2482
3748 7788
6141 8541
8466 7214
2356 5016
1327 3846
3728 7117
2761 9243
6348 6669
6979 7874
4118 9723
8591 4027
3573 2623
6857 9056
7643 901
6096 2502
4427 2601
5007 3947
5886 7163
933 6699
1347 4616
8049 6734
8476 8507
3365 3239
6968 3191
6973 9391
2027 4195
7395 2480
4540 472
4878 6138
693 4560
5676 4636
4233 6023
3219 1607
7569 3987
3432 9786
2950 3191
8464 3049
8042 7519
6489 2351
2688 2084
4982 7273
5034 7999
642 1031
6430 9059
8272 3539
9654 2399
9386 3824
335 1504
6424 4002
5618 2155
1717 5663
3145 1491
6268 5916
1536 7479
5392 4809
7157 8161
6173 9858
744 5009
9406 4550
6055 2117
398 3824
970 7310
5573 4902
8236 1260
3457 5056
152 5056
8626 6586
1249 4538
5198 7519
3261 3000
7401 2613
8906 2970
1245 6295
1050 5023
9987 8383
9219 5793
9557 9902
8275 9069
3602 4705
7389 6239
7784 6994
877 5671
9430 9682
7414 8476
248 274
6689 8910
9926 7882
5346 2582
9950 9719
5640 9750
5611 2819
6987 276
5945 6853
283 6705
9810 5682
6182 7646
3860 7973
8971 8398
5023 3769
8599 4783
5682 737
9873 8992
1164 4317
7089 6681
505 7600
4060 1654
3025 2137
2539 9804
1621 9640
1079 4261
2960 1979
6978 6503
5127 3473
3366 3425
3933 2602
6188 7086
4823 24
4771 8800
9277 5487
4680 5914
9481 6780
9762 1976
998 6992
5844 1694
8519 9142
7763 1952
3007 3684
1728 1452
6047 5738
941 2452
6132 8931
1395 6359
3953 6923
2938 2389
8825 9724
6997 4440
915 6389
2480 3994
1899 4291
2858 8735
5492 3369
4263 7447
9507 1341
5556 2822
1568 3781
6540 2887
4598 5659
5581 2960
1613 8514
5296 4502
1552 2768
2459 2151
7043 240
3119 4288
5924 3024
9865 1164
8422 4815
8679 6287
3221 5766
2196 8366
8192 4106
2590 2235
2056 4253
6783 2127
1321 5240
7664 2255
2031 1924
6538 6851
9151 7129
898 5194
1338 9317
352 971
1710 7955
1471 7253
6256 5282
5052 9380
6955 3698
9770 7565
6099 4739
5286 8904
6974 9223
9024 3690
6912 3621
1946 4978
8137 360
3592 5229
1872 4921
5230 2647
7199 1910
9637 1895
356 3855
8851 8121
867 3699
1708 729
9832 9539
2011 494
5434 83
5290 112
8638 431
1037 3285
6300 289
125 1041
2167 8663
396 283
4181 770
8337 2511
7351 4862
1900 8839
1599 2743
2334 521
4069 8077
2445 3275
4474 698
7492 9295
3023 3507
1045 4283
4111 9037
690 6687
3560 3438
7701 7634
1864 7480
2939 1235
2705 8816
4830 3062
3618 3281
4507 1803
4650 1669
8965 891
9210 4175
6956 5107
8849 3630
3238 6517
4661 4502
4258 3426
5573 3115
2131 9474
7345 7808
8369 6530
8610 5828
8632 7358
4160 6324
114 6398
1267 36
1964 8855
207 2333
3824 5935
1527 3284
4035 43
1937 1833
7600 9012
5880 8206
4095 5834
6971 4767
2192 4624
9255 6145
1700 4362
4475 9182
356 7515
600 3607
2484 959
17 5341
5770 2421
5904 2836
1617 2666
4795 7410
4666 5847
9043 4630
7171 5639
6869 9271
7470 7481
9992 8390
7719 6518
1691 814
1190 4471
8373 5367
5804 7479
3067 9203
4840 4398
5249 1534
878 7647
9915 1241
2988 2495
1486 7711
2107 6905
7104 4659
3776 9554
4788 8676
2473 4623
5653 4329
1200 3447
6305 3730
686 6696
8700 1219
5899 1261
7955 3019
4210 935
4258 5907
9248 247
9003 2055
889 4763
2710 4819
3032 2028
4156 8365
4347 8645
8241 5740
8994 6249
1311 7086
7893 2746
3028 9171
7646 2827
979 8405
8136 5196
2108 5076
3710 9420
5642 5936
8613 6198
5510 7626
8335 2449
1473 1695
8135 601
3869 5777
2992 1115
1499 5242
6797 4486
4921 2150
6488 3586
1130 5720
3355 8599
6620 9580
8893 5321
8940 4797
9389 1952
1277 5291
9818 9043
7929 9217
5660 618
7271 9234
7653 5277
5257 7161
9052 5142
6545 2094
9813 6944
1744 9620
8307 6953
1432 1814
3700 5818
2788 4060
2615 9711
78 1216
3312 9310
9703 4500
3387 4724
2821 3579
3354 1899
523 3047
1921 8221
1133 7044
5187 9764
2304 2974
9201 5777
1317 4514
7636 9831
9172 1223
1743 6446
3167 2352
6665 8804
3749 9824
3843 4390
6434 4580
3510 2005
2678 3083
3602 609
6435 8750
662 131
2708 4128
6110 462
5993 5939
5542 1591
5800 5518
7597 9023
5353 1698
2060 8818
7777 4734
1774 6291
4535 7759
5718 2880
1611 2366
1206 7590
2355 7844
4366 916
565 9137
3053 4500
8628 9536
2060 2378
2254 6863
8031 4276
2705 7745
3519 3073
9588 2280
7397 4537
2919 7600
4842 9523
45 5537
1778 5857
9552 4833
7059 3171
7317 4420
9338 8297
5473 7704
5869 5360
7567 4741
6853 2490
5487 9299
9106 5369
6712 6987
1709 7906
6631 7218
8621 8697
3418 6729
3655 2663
5815 1539
9403 7522
1001 3295
8469 7135
8447 5757
4270 9430
7068 1222
2101 5997
3745 6921
1035 240
1152 3860
314 4020
143 8630
9849 6879
1134 5743
1965 9112
546 7481
6938 489
8903 2642
911 4433
2767 8447
8163 8132
9523 7311
5973 3372
3185 2683
2376 5997
6421 3963
9422 6022
5786 3243
34 4040
607 8171
5701 1525
4220 373
8773 6706
4032 3380
389 8230
2598 1176
7910 9261
9046 5503
5463 7566
103 3484
9973 4205
8383 4947
6773 1008
8758 8732
6965 9380
6156 3429
1758 7359
8796 7507
1011 6699
5980 337
3079 1077
4647 1631
564 4834
799 3680
3939 4544
4118 1169
2153 9799
1614 1836
3114 7496
7148 6720
7747 2876
3466 300
9338 5336
4690 1744
3104 5028
2475 3029
81 8564
7947 923
9416 2631
560 9366
1412 3543
9845 5869
565 2425
7732 7033
1288 1354
1078 5101
2190 5264
1151 9734
7020 4715
5785 9459
9219 268
3028 2774
8220 41
8737 259
734 2851
310 203
9174 1262
2401 6078
7910 6568
2242 3444
2530 9734
4253 2908
3183 5790
309 3604
782 9129
7964 1397
5048 9464
3702 3586
2019 1531
580 5454
7725 7369
6790 1761
5370 5871
3677 1028
9264 256
519 7709
5106 5037
1603 4303
5224 3598
5929 646
8250 1054
4030 7650
5675 9689
8284 767
7891 4177
9313 3652
4837 2319
687 7518
7656 38
6897 8361
6090 5649
2943 5051
6645 3673
2809 5660
2013 3669
1436 8256
2294 5648
5302 7340
3342 5361
4479 1862
9097 2756
1489 4337
4148 1228
4231 4426
7756 6500
1374 2193
3843 8419
3218 9383
119 7905
3296 8017
4871 8835
3460 2619
4417 7607
6085 1712
1183 227
6442 9385
1452 7770
4011 8690
7608 284
9246 1017
6481 6054
7854 932
7720 685
914 1650
3111 8870
149 8484
6698 3820
4087 4748
270 7154
6385 2674
989 4735
3175 8003
5984 1336
6742 2672
3278 3878
5647 5761
6904 316
1396 4994
4786 2565
6151 5211
1621 2379
1509 1272
1156 1505
2210 6776
7445 4813
5047 5960
6737 1475
9248 4036
5971 5360
9658 6023
1169 7280
6515 3794
225 8615
4580 422
5111 8029
368 1398
3827 3185
8125 5920
4738 3849
3191 1854
2680 5430
2670 7514
9691 685
8095 5068
8467 3734
9901 1764
7200 8474
5070 304
2294 5423
4801 6027
735 9164
517 9350
8086 8394
3935 2839
8455 5183
5208 2973
904 3988
4662 8709
3737 3984
6993 978
6924 6625
2467 1591
9683 6077
4881 4749
171 4973
2561 4111
7885 7023
7630 9975
1275 3658
3286 9976
1667 2453
1623 8906
8812 9974
2192 5638
1278 1840
1445 8662
8754 3632
4818 4837
2240 7822
420 8402
2423 1154
9067 4861
3391 7418
1106 4382
3380 9108
590 1169
3003 9119
4468 2701
1318 7121
8569 4256
7368 6896
747 8098
5689 8081
5436 4311
1069 2849
3336 4352
81 5997
8797 1057
540 3566
1294 5878
3574 4951
3440 3689
7912 5419
8913 335
4071 6784
3556 7725
7537 9065
2623 2765
5368 1951
6641 1455
84 1117
8083 771
5950 3440
5754 6906
8451 53
3160 6383
5798 6708
1467 3405
6328 4940
9641 150
5490 5470
4902 9361
8030 5389
8337 8543
8251 5379
1856 644
1994 9287
8049 9176
7035 7737
8296 2954
7123 4281
5826 7020
4590 6108
3174 3836
956 121
6032 7057
8219 3024
8917 5349
7375 8526
9801 9315
1788 3927
7881 3106
7542 3019
2317 6206
8304 5714
5704 2536
5565 8471
4186 3678
7365 6516
9501 2719
9501 8911
6136 2522
6410 4321
9907 895
4940 6189
183 6665
3003 636
2832 1842
9682 4448
9683 8241
8480 9857
4303 329
3403 7931
9042 6518
6505 5520
7048 4382
3807 9762
7239 8562
8900 2758
6451 7011
2198 934
9452 5154
1897 8150
9768 3995
2408 8529
9583 1624
6331 141
1283 8932
7749 6506
9942 4765
358 2235
773 3128
771 8034
7735 8981
2934 4296
622 4966
3632 622
988 494
7705 596
6747 8328
7073 2157
7515 766
7324 550
1994 9658
546 4753
2318 8665
240 1733
67 4834
5523 4001
9109 5015
7200 4881
8386 7032
4373 9158
1036 884
9505 433
6928 8544
8078 814
3633 9268
5378 6262
3526 9370
7917 5064
2534 1663
5093 430
5333 4491
9449 5860
1059 5001
6003 6625
3514 8129
9458 5476
1187 4813
8841 9267
636 4202
3400 8063
4243 2821
6267 8101
488 80
5558 6125
8910 9385
9113 3168
5753 7001
2636 6627
3790 951
1106 5593
6964 8131
4238 2318
1730 6989
6832 7478
7918 3135
6941 7633
9333 6245
3328 9279
9222 6527
352 6598
4435 2319
6950 6666
3816 7083
9443 5736
9236 1051
89 8875
4627 2146
6772 2990
3754 5468
3519 6831
9740 7826
9022 7376
6634 5638
7949 9163
277 1358
2767 9711
2578 4787
4036 6628
6556 8796
1046 7216
978 9291
5371 8305
9893 8862
3959 6204
8199 4966
4429 4455
7177 3796
5313 371
6102 4256
354 1971
3613 460
7469 8821
9758 4576
1489 6132
3973 3983
7552 6075
2769 5310
7162 2713
4838 475
650 5754
940 3116
6234 3666
2473 556
8415 5922
1679 1470
2818 7120
9144 9378
4955 7279
596 8537
1848 5574
4869 192
2855 8932
8592 7316
2099 8661
9734 5867
8362 624
8127 3953
1758 6064
1942 2193
4425 8922
953 2564
9512 3064
2905 2601
3327 9979
7573 5717
4335 3369
5050 6364
7317 1419
4982 1586
4874 1401
5929 3333
406 1868
7623 5801
8143 6618
9528 9124
1170 2235
893 215
1835 6800
6856 605
6986 7471
6536 682
8583 4729
2530 9828
6418 2321
9700 7934
816 3399
7719 7118
5304 1098
7642 1345
5831 6010
7367 9809
5661 3800
8221 6150
4426 1476
80 3017
3494 9355
1056 4443
4120 2660
3240 8816
961 985
1700 1266
6167 9788
6085 8442
8457 1718
6197 9951
8506 1308
4316 5448
3630 7950
7976 4751
3989 4366
2443 2417
5378 4570
2401 4123
3907 9373
3806 6660
2773 4022
3069 968
9959 4223
4563 1612
9593 1935
3114 7445
3 4326
5688 7039
3164 6444
3286 7348
7723 6165
6026 2213
8084 8590
7816 4307
6667 2716
9718 912
7086 1555
7432 9829
1850 7270
3179 4419
7600 8156
8265 7754
3890 4302
3964 3346
5463 8592
440 8285
3138 6342
7934 2876
2041 2721
6949 336
4708 1099
3214 7871
5584 4038
5552 2174
640 1219
4867 2942
1829 9137
2426 2928
1023 3707
1413 576
4452 3880
3423 3125
6556 3541
5262 1136
9324 2657
1727 3634
9689 840
921 8335
6301 9758
748 9900
677 5746
4715 4213
8607 9271
9537 108
7099 2314
1655 4882
2998 8367
7424 2051
2505 7509
8 6758
2655 1645
8707 27
1720 2912
738 716
6220 7833
4614 787
1407 4305
9919 2394
25 987
7722 503
9215 6711
7338 9035
5107 1180
3979 5129
1403 7656
1645 2980
1917 5271
1647 755
9544 6640
5772 2930
4889 1326
2189 7866
2361 4920
3598 68
316 6968
306 9622
5748 1226
8487 7164
1603 2396
2013 5925
5672 4271
5632 2033
2027 1347
7827 1501
6874 1652
6482 3781
4592 8640
3547 6756
7703 2243
9232 2618
8329 6691
8563 5823
3931 4573
2368 8069
9208 9433
7435 5096
7447 9286
1969 4565
286 6337
1797 3387
7416 3935
1131 1534
4155 1354
2126 2220
2500 5996
4211 5543
1974 808
9279 9494
9877 7972
2059 5506
8740 1710
2595 5459
5159 5274
7928 499
7647 3321
220 7828
9354 8924
9570 4086
7326 5131
1355 5044
8467 905
4077 1385
2866 5109
220 7611
2721 8072
4683 8606
1180 458
3096 9869
6689 4093
843 52
2837 5406
2092 2692
3957 2920
7768 3021
4322 9626
8139 7073
4027 2281
3002 6073
8857 7765
8950 8888
102 1908
2183 1974
7178 3052
1183 8395
6230 9339
8690 5581
1448 4481
5414 9807
7439 9053
4093 4220
388 6808
5104 9705
531 6542
6436 7893
3627 6545
3640 1379
8239 9847
4263 7324
2217 3684
4040 896
5313 6186
883 7202
6932 9513
8288 8691
9210 8585
4982 6051
4178 9817
394 8796
394 6243
8848 6798
7160 4287
1562 400
7787 3337
756 8203
4188 3482
5060 2172
1871 2757
2560 4190
9041 3452
9556 6916
9420 2658
4494 9822
6620 1194
2938 6306
6585 3545
124 4367
7148 3726
196 5069
475 1650
2447 2811
314 6492
1823 482
7479 3131
3572 4128
8845 2069
8906 3364
1634 2714
4712 8759
5087 7232
2845 9844
3959 8778
636 4758
3339 1130
4867 1545
7751 2731
1045 5979
8802 4918
1540 3380
6184 7975
3779 6103
4229 3556
2051 6706
8577 359
6046 1489
2428 2013
9676 263
6941 2582
4750 9772
1964 9810
2097 3184
9003 6152
4895 5792
1283 9686
5155 2286
78 4658
7536 2908
6108 9333
847 162
3674 3356
5495 2654
6239 8388
6168 7518
9271 998
9947 1960
1586 2918
6140 3909
7221 8127
7921 4958
486 5061
429 1663
9432 3819
3336 7609
4887 4852
4932 761
5113 5227
1910 5308
2159 9881
2002 7705
6556 8166
9421 1929
5247 1996
8551 8286
8642 8980
1541 6670
7578 5949
8263 3547
9351 8412
6238 7441
2244 2610
5610 4587
2401 4858
6492 2840
3567 3536
9476 3301
8713 2730
4557 4439
4828 431
4593 4509
7715 4682
789 2947
7313 4967
8817 1474
5527 7671
7372 2915
9154 5181
2508 5250
9490 3422
1788 4252
6900 3223
4426 2216
5818 2843
2700 2767
9192 1782
2983 6273
913 8249
7484 8881
6344 4519
3086 3021
9730 4577
4823 9
4299 90
3188 4653
6609 1180
5968 5967
4052 6142
2284 9855
4719 1573
7695 7275
7444 637
8356 4208
7140 9571
6279 8455
5559 6830
9603 6664
8990 1472
9989 7881
9515 5187
2935 2549
9799 8247
2682 19
1651 2577
1746 7550
2745 4665
4637 7445
3722 4287
5700 6652
1882 140
3443 6507
1278 8726
3655 8249
9480 3425
1165 9118
3809 9662
7944 7828
774 2322
8097 3917
1985 7138
9524 7706
4586 2396
5782 7726
5830 3920
5871 6063
732 8890
1724 324
3486 3050
7793 8479
576 5317
5100 6266
6503 6849
7867 7080
645 8830
905 2394
8060 9631
9130 2074
6919 4025
2696 7678
913 4219
4314 6811
3260 4296
9793 4066
4473 3214
9345 8399
1362 3626
8063 4043
9798 6095
3251 9389
3195 7054
6660 4034
508 2434
1019 2630
4074 6898
809 3278
324 6846
8733 5711
4446 7460
5963 1101
4998 7394
2189 3632
8720 2343
8942 5347
4451 8759
3570 5682
9469 6967
6629 6235
5253 9240
3739 4640
2784 3875
9712 9661
3121 3465
2743 3835
4481 2949
41 8463
6098 1610
7752 3071
4699 1191
5267 9471
9518 598
3910 1174
3207 5899
2310 9736
333 3971
7137 587
5050 6909
8956 7824
6929 437
8197 130
4503 4700
3331 8603
7010 8130
676 741
5548 2531
8314 4506
3257 8613
7924 2956
1399 4533
778 3246
134 4935
1186 9040
653 7014
711 636
9108 3966
1952 3942
6855 7761
9294 7633
7408 2196
9343 4408
1684 6835
9686 4200
4462 7826
5558 9793
882 4751
787 7339
552 9576
4913 3768
6744 2332
3158 2613
2983 8257
1103 3884
3639 1801
8992 3948
7792 8517
8807 1324
2822 452
1348 1871
7481 7476
6404 5070
1433 2116
7414 707
7850 7400
1797 5260
8169 1607
6409 4015
9955 8065
6387 9414
9749 3838
4680 4182
736 3359
3571 1493
5291 3319
2304 7129
472 3361
2849 2831
6267 9604
6505 5911
3371 5683
216 5596
1481 2742
6953 4676
2948 7332
7782 2766
2479 437
456 4548
2869 3072
2674 2074
4346 2698
8237 5933
9770 9780
5963 7877
2617 1273
4558 7146
8290 1677
2080 8242
718 9140
6767 3154
1724 9039
1165 9628
7685 7465
6536 8469
958 727
8555 8529
900 3284
2607 6659
6297 4164
974 8274
4735 1989
7135 390
6703 9470
2024 2094
9567 2514
5341 9436
4259 7703
1215 4714
474 1169
4659 9890
9691 3745
792 974
5841 7805
6956 4095
5750 8167
7204 3327
2938 6428
5748 6383
118 7034
6466 3296
7497 4609
7855 5812
1371 9363
3686 5614
6910 3630
8799 8657
5277 7807
8288 3379
9577 7507
6834 9031
5146 321
8746 1239
6744 5943
4232 221
88 3295
2858 1816
3328 4053
2445 5686
3579 4849
5624 3017
3722 1980
2927 2723
5747 424
4751 9008
2100 3890
6515 2103
4276 947
1108 2737
976 7222
254 2842
7091 8858
4198 1319
6731 4204
5769 1971
8450 3005
6653 8383
6780 3919
7942 2853
4028 5273
3520 6502
9325 7156
4466 7848
1759 8363
2704 5822
679 8558
366 6426
6586 6903
8592 2722
6732 174
5884 1341
9629 1027
4880 5646
631 3465
8952 6515
9665 398
63 4465
5245 68
6635 5005
2410 7126
9418 9270
7035 4895
9147 9965
4237 2438
1451 144
3639 1025
3247 358
7592 136
9719 3204
3681 3600
2086 9384
2926 7118
7710 8641
428 4937
1796 9925
6811 8626
761 9864
3177 2724
785 5168
7062 5322
2519 5804
8147 9559
2953 1534
1492 2909
1330 6891
6337 3431
6314 6934
1045 9681
8339 4838
9276 1367
4754 9714
8550 5998
6823 3610
6958 8081
2127 9107
5625 318
2255 2729
3242 4703
1958 3016
16 5025
2842 3647
6076 510
8554 5689
7322 3701
8824 1606
7670 9287
4403 3271
9595 176
2648 1193
2606 167
1834 1153
2641 4205
7769 5105
6184 7770
5365 6028
7332 3523
4799 6656
9188 9426
6744 9794
9317 6242
6244 9051
3489 8131
1320 8694
4698 4798
4017 310
7086 5213
3809 3107
1620 8324
9848 152
2003 610
5545 3337
8118 553
9209 4245
6502 8515
7910 1855
8975 5842
4525 9153
9302 9430
6332 1208
9641 6067
8904 9611
7320 971
7318 1150
6032 9637
2651 5224
9542 2925
6655 4974
6476 1009
2143 3767
768 1250
2530 1796
9200 9292
2449 719
7327 7098
7173 7663
1795 6162
3206 8861
702 1064
5144 9199
4086 706
9480 2928
3267 6409
5041 6279
5430 8554
297 9813
2021 2643
2683 8642
3440 3660
6468 9868
3616 1767
967 1240
4715 9674
4666 7748
1687 4821
5784 8721
880 8903
3696 3522
4593 8719
9898 2302
459 9286
9289 7090
4337 2206
4944 9682
4508 9519
8675 1503
4417 3367
6220 766
6605 7313
9626 1605
83 8922
7021 3784
66 8990
9713 5227
5346 8233
9756 9940
7387 1231
6760 2279
5218 1194
5097 467
4367 8577
7725 2711
7420 1422
777 5779
706 2338
9335 2362
6206 4509
3531 6710
4190 5834
7996 3019
1673 9981
4646 6154
4328 6247
4826 704
6697 9967
8405 9938
9702 3375
4212 3010
6843 5767
8552 8681
441 2239
5004 5363
2461 5270
2119 5933
3595 1132
2132 6358
5160 984
6227 8283
4647 5679
4077 7464
2367 7502
9444 4286
650 9549
9755 5690
6207 5864
7936 514
5508 7597
5762 6380
1425 1852
8108 736
6224 1839
2301 7388
5336 24
778 2188
8666 7984
7467 6588
6114 4717
5639 8810
3417 9183
4510 263
8465 7237
5867 1529
9374 7194
5577 2796
9654 9974
7936 5782
1283 2560
4591 5173
8579 5400
8304 4073
8739 6103
5634 9797
7125 93
8715 3805
8344 3212
520 8611
2799 7646
468 5771
1351 9536
2888 3873
4226 9173
5317 9711
6686 8466
8777 5590
8784 1534
398 8597
6527 7415
6412 3891
1059 6182
4761 1233
6043 8860
252 5368
8269 2324
8551 3843
1724 8503
4193 2163
7984 7376
5322 6054
9966 1400
590 3336
8578 5293
7409 7171
5023 6032
5574 1103
4196 2301
1952 1350
9732 4649
178 5906
9850 3842
8133 9677
5728 7266
9682 4370
7380 6855
5180 5343
8741 1817
7867 1461
7593 1659
8288 1267
1599 6112
3327 2623
8923 1250
7354 4003
3241 6060
9711 8982
5247 5334
8332 8706
8608 7412
2195 5399
7075 4555
5139 408
5109 2175
605 7236
6163 2686
3075 2380
5531 5746
8183 706
2313 3947
8920 6893
1846 4449
5927 2369
7482 2918
6895 6768
4741 4444
8446 6690
7669 7750
7352 6195
1613 4833
147 6018
8190 6435
2721 2948
368 1145
7754 6660
2481 4261
6274 3454
336 2647
3966 5376
5151 6233
2678 1742
1878 4315
1653 5395
5527 580
1952 1907
6734 2920
7267 7694
2454 9515
5010 4436
446 4955
2423 3941
7670 1603
1843 6140
7976 8654
3449 8653
9366 7043
3934 2488
4910 4668
7867 6121
3763 9132
4799 2467
2840 5697
9604 6370
2014 5114
2445 1469
9334 4861
7121 6593
8484 4881
5656 3522
5010 133
231 128
9433 3469
8201 760
5602 3630
4382 3460
4346 3872
9547 3687
8050 5331
4260 9854
8108 8732
8047 9905
3511 4698
9964 5187
6678 5396
2400 9270
1037 4234
3557 1412
7581 5491
2880 631
3165 3529
4191 656
7549 4554
4267 492
508 1
808 8680
8385 3512
1760 758
8932 4549
5879 7762
9495 4886
7572 7656
7795 9371
2312 7278
2677 2862
6020 5810
9707 2882
3788 6423
6589 5275
3612 1401
175 6898
1906 3875
8966 3504
5305 3126
2354 1678
5308 8936
5591 8588
2263 1921
6061 7106
6310 9570
4162 5082
5385 9662
4762 1773
8762 3743
6222 827
4174 7123
4362 3054
7293 8993
4795 1622
7497 7609
3517 9613
211 7617
4408 4557
33 4798
6737 7197
505 2963
5416 7587
1189 2491
1320 7837
8721 6179
2408 769
1704 8198
6821 2584
7049 5063
9414 554
1156 4843
4811 3995
926 1994
7643 6341
9688 3508
2420 1932
4031 568
7361 7390
4156 7903
9010 5303
7256 9196
9935 1589
5909 7538
9064 5109
2079 1458
5798 3868
1904 715
5526 1740
2834 7212
5403 6375
2594 2454
3074 1544
3350 5025
1052 9560
9484 7561
3440 4966
7008 6330
4295 8159
9743 559
7399 155
5275 5079
4297 3993
605 7718
219 846
1397 7555
6288 1659
3942 5268
7960 244
9020 3652
7811 3222
199 2590
6457 4015
4951 3293
5125 549
8761 2329
2448 3972
357 5158
4982 5728
7582 4087
6710 4393
4863 2074
7071 599
6106 3365
350 7974
2298 4592
1500 9392
305 9073
4038 5819
281 4202
8791 614
9935 8951
2122 1084
4330 1648
8296 5917
7987 2645
3158 7206
8465 8969
8989 403
4283 7638
1584 2190
570 3185
2327 3903
7154 9091
8773 2818
3121 4419
7001 1972
4268 5118
1334 7451
4110 5408
1558 463
6262 9022
6412 5571
2078 3027
3913 2772
5703 8746
3235 173
9405 3736
9723 7731
540 6263
6278 6791
7931 8690
1245 860
1326 1606
2187 694
4848 9846
3963 6511
2884 351
5656 2439
6212 1533
2913 2541
8756 1072
2210 8873
8632 191
3108 9101
1180 4421
7006 6457
1219 4537
2875 922
9222 6689
3069 9011
531 7304
5552 7402
6341 5939
5351 5801
3196 4815
1606 7893
8097 6201
3733 7153
1495 2184
4195 9832
4916 5348
2301 6798
6952 4392
2526 7177
3498 4437
2826 8439
2556 748
6075 1083
6180 676
418 3695
3337 699
7671 7513
2617 7181
8615 3327
7474 883
1327 921
1194 5612
6548 5132
1056 3650
5480 5973
3751 4807
2185 5663
6427 6394
8761 6790
3904 8277
7400 2048
7152 7351
9609 4526
9710 5794
6002 820
8572 9179
4050 1556
8560 1128
4122 2568
6421 3023
9817 7419
5850 6375
6418 4471
4155 1256
2864 8391
2289 7793
6777 5284
5614 5610
8713 6275
4314 9780
5057 7578
9767 8799
2795 5210
4595 2087
7280 525
6853 5604
3624 2325
352 3177
4288 6009
2280 9647
6230 6905
8012 4248
1588 6737
8915 2655
8643 7470
3944 2163
1075 6908
3810 5951
8817 6057
6493 7427
6381 73
918 3324
329 2457
6993 8098
3240 6269
8973 9989
4958 3267
6594 778
1976 2351
2469 6893
1334 6026
3345 8784
5692 478
4188 7734
4849 2041
153 8646
1214 7276
6535 4833
6468 8054
1805 7721
8756 6531
955 6935
4649 6226
3097 4606
9772 6305
8537 5968
1153 3080
7787 1744
3208 1176
7446 1535
4010 4667
5339 3181
8878 5342
9216 4044
1197 5202
8128 2259
1895 1646
3342 9715
5025 3318
8659 2715
5395 4081
847 8365
7726 5051
246 8638
1401 5705
2717 6868
8872 9433
9928 9391
6262 1584
6272 7603
6012 4300
1620 6620
7060 7849
8873 3202
9391 6442
2539 3676
2122 953
3686 458
3275 8138
7989 4512
9034 4971
9059 3117
2956 4055
3040 9598
1535 9861
8524 9588
5502 3892
7875 841
6663 3206
1303 8381
5930 8509
90 4328
2043 6743
1061 5156
8172 3094
1905 5564
419 8099
529 283
3755 1042
5417 2439
9615 2217
9380 7587
1941 2712
1354 3325
6246 36
6938 9992
5566 637
4352 4735
2810 4829
5508 4764
1576 4962
1807 5050
7720 5284
6815 7646
5777 8719
1167 6155
4440 2899
2714 171
6956 3528
2038 6449
3116 3554
3206 2944
1151 9095
7229 9980
4672 9718
4876 4196
1175 3924
4593 8775
4410 2793
2200 4096
9658 4065
2937 3958
2345 7937
1591 1219
9776 557
4997 1732
635 1594
5552 1573
93 400
7082 9314
8626 8563
2711 1532
1191 320
1368 6406
1742 2057
6995 1099
7881 4893
2090 2504
6873 5889
1729 7465
9092 4428
1781 7993
6569 8908
53 1125
5384 2365
9099 5251
3565 7665
6251 1598
1523 7813
1185 4991
3807 1454
435 3038
2328 7231
7610 8796
9078 8845
5800 4962
6467 1091
524 3016
8058 7159
4250 475
5120 1363
7257 4543
669 225
4050 5880
4610 3493
3289 5955
6916 4861
5073 9432
4706 3957
4811 3755
3634 4664
5943 524
3946 1224
1422 2755
1869 8364
364 1358
8345 7898
539 4898
6130 1407
6904 200
4410 6749
367 5623
2006 6857
5416 1243
747 7459
146 4130
7909 8221
1651 7739
691 707
4915 3318
1980 7843
9762 316
4903 1826
9871 6117
5971 6601
1804 9089
4938 3828
3642 7074
6381 4651
9427 5834
1615 1826
4980 1646
5339 626
8643 5366
52 9173
8481 6155
6657 3263
502 1795
8006 7590
2261 754
9879 4470
9676 5260
5274 6023
9711 4361
6264 8639
3180 2801
9540 4121
2319 7462
9927 1263
8520 7544
7047 8972
3055 8341
1041 2702
1191 8801
1442 2419
12 2401
2260 5250
6928 943
7259 6042
4414 15
4239 5782
9283 1630
9631 6572
8105 6568
5257 9963
947 7393
4601 399
3049 1249
8780 9758
2736 3343
7026 7412
2250 9478
2876 5474
3158 5971
6061 9603
10 8444
2732 2817
8246 1268
2198 1020
8060 960
9686 3417
1417 6874
1620 2548
3883 2624
9741 7154
6114 2376
556 4372
6461 1889
3586 1656
8525 6364
9173 1200
9294 129
4193 9005
1959 9042
8011 1306
7782 4012
9684 5957
8623 6343
3520 4055
1328 6953
6788 378
5459 78
390 9279
3598 7684
5855 4881
9200 9713
9883 7402
1804 922
7707 5309
9019 2409
8036 364
2397 6731
7022 2946
3075 2135
5249 9419
5519 5877
9510 618
9103 8951
1947 5556
6235 4862
2403 1863
6722 9380
9207 1878
7323 4919
6579 3795
8179 3663
6121 1119
7268 2338
5233 989
7080 6254
9691 4520
7166 3717
4292 9396
8381 5756
2168 7591
5800 9216
8095 9967
7815 7507
294 776
380 2064
4941 3942
3899 1030
6174 4905
9736 7661
1887 1257
8736 8912
6734 8406
6556 2881
5128 5675
5847 7536
2009 9610
3337 2622
7226 4235
7576 1143
7906 1096
6340 4852
9302 1351
3134 1866
3382 7742
5703 8487
9728 1944
608 4861
5873 4293
1270 6863
281 7545
3815 8739
7790 2707
5851 1098
3124 6886
8199 4337
4995 3167
6710 2040
8098 2110
8322 1582
8545 70
8339 3354
4913 2084
1829 3176
5501 2579
1258 5118
7817 8523
7445 5794
5011 4
5329 1105
2518 9943
3984 3569
3084 2803
1353 6332
503 8933
9194 5262
4447 8527
9612 8040
7080 498
6071 3921
4525 2692
8674 3121
8777 6239
3438 3485
8713 5300
26 4484
1529 7357
731 6553
8898 5980
389 8552
5298 1114
4263 597
5675 7231
6514 1913
396 9305
4765 6513
8483 740
314 8383
7628 8910
3961 1918
2374 1190
2830 2140
7453 575
1313 8627
1463 3506
5405 7368
8720 9911
7188 7893
4655 8478
9627 1259
272 5663
2665 2312
8211 6958
5003 3500
3853 5112
17 959
4065 612
1356 8431
4827 3140
7094 5144
742 9428
6504 5188
8453 4496
5620 2237
5948 6212
3249 753
6209 8036
3930 5040
1789 1134
7949 9252
7362 428
9876 4055
1676 6665
9723 7424
6207 9466
9600 2646
4298 2658
9268 6178
8851 206
9972 3422
3629 9679
9154 3089
7808 6311
5898 3136
1146 4672
100 1423
2585 5565
8527 7452
5075 6542
3954 470
195 2853
7955 9872
9104 1760
9900 2245
726 1452
5157 6640
6828 4264
8273 1750
3567 1767
2104 8611
3507 6649
8420 4873
768 8548
7082 9120
6003 5205
9968 110
2763 4501
8241 9089
9199 3723
1747 9040
994 9210
465 6735
2248 5569
2382 5960
4566 1604
6987 1890
538 7459
9139 7884
3615 4007
6217 2010
5729 4107
8999 7908
9948 8464
3483 3377
2680 9697
5899 8737
1735 2473
7701 5742
7202 5133
6217 3228
6666 1655
8760 5494
8441 8099
2796 8057
1426 5256
4101 8327
1260 8839
8563 1451
222 9405
807 3056
1148 7250
8713 1162
5532 3345
5521 9771
7226 5198
5953 8599
5081 3243
9378 7891
4379 1260
7703 7045
4528 6481
2398 6720
5193 1959
3174 510
37 8428
7050 1599
2260 7331
4390 7063
4894 2809
7685 3258
3858 1616
2685 8605
1233 2713
3131 5544
2966 4278
8096 7596
7544 6447
9188 8603
9396 5344
8827 6712
450 4535
1031 4000
8848 7194
5377 1696
2866 4031
5656 389
9300 675
1793 2982
8375 8619
4243 4086
9139 1252
4541 2502
7600 9646
5319 8558
252 4135
2612 1635
2762 1772
6588 3172
5806 1465
1420 1043
896 1428
7913 9408
996 7321
5411 4883
5581 461
9389 9537
7362 8125
8266 3141
2608 9129
5653 5187
8801 1621
9294 6373
9745 410
9830 9743
6426 2343
6342 8367
8895 3290
6186 1121
9251 3076
851 4209
8168 3727
9863 3525
9483 7023
1953 5958
33 9354
1136 5152
3581 195
854 1854
6231 5422
8044 5385
91 3976
4284 8499
5690 1604
6858 4365
6495 4654
1254 3512
4121 3646
3837 280
8119 7827
993 1008
7024 3039
4212 760
4602 8513
3282 6844
5306 3284
4756 8557
8184 3597
9173 3752
3906 2686
4548 4762
1812 6645
3634 9303
1222 4003
9588 8260
4218 2125
3130 6814
5543 8633
5203 785
7833 8442
1661 9279
1784 434
2513 1232
4529 2157
2800 1560
9423 461
6417 7139
3130 685
8101 378
6132 1447
762 6511
4762 8932
7190 6533
4016 9618
4992 4944
369 9468
9229 3038
7967 6199
4557 4630
3899 5599
7945 9246
5711 5839
8981 4415
2340 9726
7360 5956
9505 3145
9067 3491
2895 2880
4031 4892
2497 5404
4761 7605
3301 5132
4690 8421
4309 246
2813 6648
7924 1870
2601 9414
2286 231
9941 5373
1971 4802
5739 1375
6695 9986
1331 521
7275 1395
6146 5629
9594 4607
9126 6362
9111 9883
6831 8573
5993 3832
7002 7522
1393 6865
225 3500
1069 3376
3075 7896
1988 7331
7903 2224
3917 2697
2047 7027
6297 7398
5817 3411
5779 6456
3415 1552
5724 3899
5467 8844
7913 4797
1308 3877
8185 3315
6498 5417
2431 5563
6505 1816
3146 8221
8585 8156
9996 8685
8765 300
8869 9748
9452 2390
6443 5714
3626 6866
8907 9801
9162 7366
5631 2299
3230 1838
9448 8562
9759 1488
8428 2544
379 2455
9007 4953
1769 3759
9748 6528
3604 4885
6321 2619
9537 4421
2048 9688
4009 9653
6248 9095
8761 9383
4261 4408
5474 9309
2247 7878
7574 5400
2287 9321
2642 2246
5922 2675
5587 1912
8797 7175
3363 5146
8684 9263
5128 3237
8235 2796
9642 9684
7930 4727
3407 1235
9539 1743
9187 8840
6902 5223
8226 8893
4217 5881
6364 492
6474 4822
7699 312
1078 8328
46 5665
727 9018
9374 6564
1515 7197
7154 2643
9198 9235
1814 7963
1451 4184
8871 8335
5397 6094
7310 1232
6304 5387
4776 9337
8796 4415
5808 8527
6709 2269
2614 120
9230 9323
5735 9559
8923 8730
6858 823
2361 3085
3481 5479
1810 8094
958 7104
2266 8547
2811 1625
6157 9338
5285 1592
3126 5392
1659 4304
7528 4860
7080 8720
5642 108
1004 2987
641 5421
2454 458
4338 5397
2266 978
9241 2008
4904 1650
3696 4264
6784 5772
9050 9221
6589 570
6007 2975
3665 3190
7241 6351
632 4040
5569 5703
2150 2776
559 4691
2494 8600
3327 724
1374 2753
4945 4501
909 6640
6225 4150
5625 7260
4949 3854
6741 6844
5754 8713
4519 5391
6836 3440
5 2215
7148 3166
9790 8100
4506 9493
350 6384
5482 2603
6987 9028
7745 4578
5340 8665
4172 7894
3369 985
7502 5874
4398 1684
7585 8730
5294 2961
7929 845
1354 2734
4114 4457
8219 1877
8788 4910
5965 7806
2242 1922
5589 2808
6623 291
3920 5214
4867 1594
3867 5677
2979 710
1473 9713
7201 9941
1780 4007
6096 1905
3818 7239
3088 4974
5790 8919
141 642
1131 6192
3891 2776
4070 3566
8605 4432
7798 6649
6572 9178
8508 918
3418 586
3 8926
5337 5688
2650 3044
2267 3552
2858 7671
1663 221
1478 9193
3891 4246
2589 4803
1121 9358
652 3620
313 8780
9623 83
7467 6721
6196 6714
8586 2563
44 3699
8871 5414
8092 9850
4243 8128
6976 8781
7398 562
8871 5727
1382 4312
2281 3134
5356 2375
6186 1011
7575 8849
7792 8128
8770 2935
469 4509
4950 4932
5138 8774
8296 433
5646 6790
9266 8470
6837 672
4401 4673
9545 3078
7962 4586
8484 1655
4499 6661
532 8853
8184 641
6305 9157
2034 111
6240 2079
1752 2412
1666 7358
2666 7227
8284 7756
430 3206
8660 1841
6893 5030
2561 1243
444 2897
4491 3781
2097 7545
1245 8893
8645 935
2611 4660
2653 4680
8255 8393
7050 4225
6800 9152
1763 2643
5284 66
8056 7671
5703 48
5832 548
4526 9165
4303 9089
5737 6037
6795 9229
9962 265
5601 844
2893 9981
5457 2482
3319 6964
166 4873
7734 1619
8145 9506
3813 6536
3038 2215
4493 6668
5490 7568
2788 1926
1189 6534
6734 3851
5905 4873
8872 5194
8372 9096
713 9106
3623 365
6211 667
3416 9577
7715 4605
4028 6576
8255 9713
7335 6904
3149 5912
1736 2422
6860 1061
4382 4869
8714 3931
1983 8512
7949 9172
7563 6442
9289 9686
188 7440
6695 9747
7091 378
673 9935
7064 5707
4845 8856
5085 5884
5275 2408
1984 9089
1203 838
3485 8757
3683 7439
9385 6033
6827 6308
2361 1189
4504 2222
504 9118
5159 9186
6250 641
5321 9140
3955 1617
3609 7438
3628 6131
8183 9018
8854 626
8472 9539
4647 6034
2299 7449
2735 3431
4825 7328
7704 8867
6477 6008
4572 6505
3277 7546
3786 66
3104 3811
7958 5441
3791 6515
1126 7565
7617 733
7722 3970
6155 3738
6405 4098
4293 9657
6532 2903
9724 6957
3323 1652
703 198
275 7261
7285 5551
7282 7397
4714 8746
6043 3035
6561 1430
142 8058
6236 2613
3182 4913
8831 1285
4068 5222
2624 4590
2809 4809
6508 4203
3335 3265
9141 9166
5802 577
1590 7687
7239 3234
5542 2422
1524 9970
1994 1735
9665 1010
6401 5648
7184 8660
5015 3457
2034 5785
2362 6018
4943 9130
8402 7317
2492 6793
2578 9550
4730 3164
2899 7176
8360 1141
9018 852
1570 9357
1709 363
5167 6700
7158 1682
429 8989
6901 4452
9567 6716
2795 3407
22 860
4673 5688
4111 9202
788 3122
2907 6285
318 9196
2536 7608
1216 7107
3198 490
8560 4293
8143 1024
9192 5382
1215 4985
2511 3382
4085 5346
1393 2729
7606 7127
7050 1800
4470 3099
1145 1228
3538 7837
3074 1420
1616 8308
3700 5783
7610 1615
6540 1500
9796 7681
6747 342
166 8823
9529 5285
60 7789
4402 6695
9827 7404
4939 9122
1874 8978
8586 8511
6464 4590
9952 4274
4105 3019
6973 8262
1875 527
3471 6811
3353 7767
6296 5177
8568 4503
6056 1298
7646 9674
2321 4521
4154 5774
3638 807
5352 5805
9768 9662
4729 1967
8525 3162
4217 5832
5871 8446
5822 3777
4728 3443
1688 6768
4459 7293
7453 9453
2343 5669
7512 5451
3920 6239
3946 1570
5709 2319
8340 1686
6257 284
8780 5247
1930 6720
9091 3904
3519 887
9374 2331
7941 8227
5969 9812
5005 7303
2592 6805
8374 88
9958 7191
5132 7533
3626 9241
8883 5133
1882 2396
6617 2326
5543 5110
3237 6339
2810 7352
8033 173
9993 4624
2755 8696
5696 9152
9112 293
1226 4581
7338 3361
595 705
4719 843
1233 9524
7138 1556
994 2320
2383 290
5382 3595
4270 500
3717 560
3455 3856
335 9998
7551 2741
136 1012
7635 4608
6986 5069
6441 8231
8066 4869
7949 4781
9615 1275
5560 5301
7367 8382
5972 6944
4997 5055
9796 7459
8918 9208
1737 6840
6086 7682
2394 6133
3690 8622
3113 3206
2543 6447
1600 1456
9847 6649
9300 5374
7456 163
1898 8999
9173 1610
1927 4305
9482 6640
3393 526
6272 3596
1248 3647
8424 422
7349 2618
8583 1621
9007 1707
1163 6627
9215 6656
9559 8424
5460 1941
6561 2772
8931 8975
3467 5226
1758 9278
9494 3791
8203 6013
8518 4489
2989 1551
8048 8243
7730 9670
3843 4277
8257 7989
2413 533
9178 1218
7651 9817
207 1002
1393 7120
5040 1719
6564 4968
6865 8503
1230 7747
1596 8180
232 4910
5961 3874
4172 4084
3333 9425
7343 2875
1353 2122
791 7965
3289 3820
7033 5188
8542 8962
2193 5070
5432 6162
6082 1363
9573 5759
8207 3738
8838 8409
3182 8421
9959 5938
5651 577
5047 9216
3782 6594
7565 5735
3094 8742
9223 6167
2459 1749
715 6837
2319 1053
577 5907
2574 6423
7807 1321
5132 4582
230 4665
9460 1527
2363 5517
9897 299
9195 3607
3529 4196
6813 2311
1005 3276
2477 3802
767 6581
9836 8869
6251 8693
4209 6971
2820 9474
1152 3596
2626 5576
6177 785
3714 1720
3722 5571
8468 3395
6381 6834
6237 7085
2191 7767
6084 5033
7221 6422
9625 3980
6463 9607
6486 3082
574 1876
7891 8726
9911 1106
7311 724
3628 3870
7460 2917
7400 1386
1593 2166
1910 5626
2850 5133
3071 9251
1294 3488
6989 9434
5487 6569
8729 5431
9825 4965
527 533
9029 5854
6801 1241
2515 4845
4046 698
789 198
444 3616
9190 3768
3570 477
6350 8462
1865 6179
4974 4047
4878 2108
2780 9601
170 9551
4800 5248
3281 8386
9109 1220
1884 2815
7902 4871
7971 5292
3316 9784
1671 2066
2256 7923
7794 2668
4091 187
2738 332
4411 9058
2677 7564
3111 789
828 9945
8511 3128
1061 6104
5015 7997
3918 6876
8243 3193
7291 3519
3440 1652
295 4331
3246 541
3191 3390
8084 2899
8632 2956
8297 4048
6791 3400
8983 7619
8081 8010
3947 2532
9976 1268
9311 8974
146 1008
9219 9991
2330 5527
2103 3
7813 5176
1069 3428
1315 7753
3242 7492
4376 9665
8759 2388
2994 6376
3758 1617
3895 7017
1553 4731
9420 4332
2604 849
5495 8147
4804 9131
3862 6228
1366 6031
2392 8596
4979 325
8188 8169
7101 9932
746 7700
9843 4527
99 1369
892 4361
2719 6758
3800 779
2391 4661
6195 9131
4973 6403
1910 8822
3010 7058
6643 1290
8991 4808
1694 5550
3264 718
4282 4592
587 9121
9139 6210
4625 8616
8482 6233
303 1529
132 5729
8032 297
513 2777
1615 9363
4834 5662
7817 8000
8740 596
5039 893
9117 441
9098 1656
2182 1246
1212 1075
3556 8496
7986 7434
6206 4602
3173 7381
7794 8752
5702 3566
1360 7195
5841 1827
1331 3917
5201 6381
637 9982
316 8957
4330 2859
8747 1868
3144 1364
5958 5083
5114 30
9625 5044
2727 3648
3703 8825
5787 1728
9136 35
4148 2631
5229 1961
7134 6742
8555 371
5846 5877
1086 3147
2641 4611
8264 9926
1057 5658
9533 9994
3942 9177
3976 3996
9867 2864
514 8201
4767 5257
311 4158
836 4783
4831 1498
6551 8814
7386 312
3299 8611
1174 7776
6426 623
2778 980
339 8214
2530 4581
7155 5539
9744 797
3133 1515
5223 5360
7425 6730
8175 27
7879 2908
3524 5896
6011 1259
5134 2737
5169 3690
1625 9708
2700 6498
3820 7253
2369 9181
2587 5532
7449 3180
1809 9537
8929 2340
9217 6555
6516 1390
514 8401
244 1145
4972 2752
2882 8840
7739 9295
5086 5005
1477 8136
728 9070
8991 5994
6095 7992
735 2888
6635 4124
4150 6121
9616 2643
8380 864
8925 1086
9679 5964
9301 3744
6819 4721
976 3305
1580 4670
5402 8893
1761 1973
1193 3988
9064 9334
7372 8755
1212 2260
6663 6707
4801 348
9404 7507
6433 4875
4566 9406
7397 9933
8589 6958
3421 700
1817 5183
6686 7154
1317 7999
2814 1849
6662 6242
8066 6672
6203 2348
9218 7326
946 3959
82 877
872 2611
2730 6312
7524 7420
6784 274
6103 3961
840 9001
2480 3614
1054 3434
1980 1478
8795 2373
7505 5209
101 4043
3856 1486
5870 6532
5159 6727
8608 5095
5566 7515
805 6817
3905 2653
8838 588
2692 1535
7971 2090
2007 769
8248 383
238 9048
563 7069
4121 5649
3062 9966
8533 6201
6397 6890
7103 8538
3420 9231
2022 4320
1311 8345
2965 404
6577 9476
1168 7206
3668 526
2648 1801
2010 649
4913 1210
2113 5561
6017 2347
1240 7175
3867 7907
2090 5000
3692 5391
7694 3313
8063 1155
6109 7450
2893 2167
6881 8472
2359 3238
8845 2486
5706 1830
8523 6783
4483 4257
5891 6433
9170 9172
2573 1267
4752 5980
3252 9836
4662 7802
1448 4143
8494 4859
1824 132
1430 5578
5725 9221
5738 2759
317 9221
1142 5815
9114 388
373 6381
1840 9880
1063 6039
2292 4647
4942 8339
4157 688
5871 4471
4112 5011
8287 6379
8457 2426
1553 7903
7608 725
3328 9642
5230 9727
4008 9402
4388 6796
8478 1881
8877 8632
4590 5472
7997 7487
1954 713
5617 5211
2456 8589
4686 6393
7307 8347
6115 557
1896 8033
7691 2570
1192 5416
3011 4189
17 1025
9577 6147
9443 5106
4478 2692
2220 2797
8233 5781
6159 9392
5372 914
264 447
3728 4204
185 3001
7188 394
6169 2417
8623 3647
1954 7765
9420 2472
2424 1668
5599 4176
5522 2169
3636 6276
8893 761
4603 5032
447 65
2732 2341
9500 773
5236 6706
2050 2609
738 4622
8352 2299
5715 9627
482 7132
5773 5645
827 1160
305 8469
7868 7581
3687 5107
6372 1302
4372 203
7984 1484
8853 1303
8417 7312
2389 8780
2979 7770
1782 8402
897 1309
1574 5117
7305 5624
8558 94
5018 3526
9375 6346
3357 1289
6990 2303
9466 2683
4115 9057
3624 8618
9949 4652
1028 2659
935 8697
5891 2671
8735 4975
2741 2366
9975 2433
6316 2701
8270 5905
7534 5789
7484 3684
4144 2301
7395 8623
3597 7165
6151 7090
2245 8420
356 8299
7907 1434
1104 2525
5405 9655
4847 4964
1388 307
6401 8924
2948 1303
4316 7434
4502 420
5931 7529
345 2259
5400 5759
5056 5398
7419 1213
8558 2846
5473 9407
1742 5598
8390 5401
9179 2250
1726 388
2117 5928
9129 5357
4445 4823
900 8668
3758 50
5614 7467
2060 4702
5817 8320
7041 9624
2363 9761
4390 8428
3333 7524
1384 7427
6742 9080
9976 5823
842 1346
1615 7607
254 1831
1569 5527
8844 8763
2907 4474
1511 6425
4858 4447
1171 6767
305 5241
2348 7545
7707 2755
4326 1095
3114 4753
3761 7979
8709 2308
3848 6650
5836 4721
3725 7555
434 21
5542 5349
6263 7918
4567 5702
4379 659
194 969
745 6540
6038 9989
2904 4130
2525 3518
236 6558
2484 2352
7343 525
2151 8365
2800 693
3326 7515
28 4557
8379 846
6177 7097
2145 6591
1835 6492
732 3585
9391 3902
9076 1247
319 9343
7186 4740
273 679
1689 9310
2384 6455
4155 4024
8933 4221
640 1024
1830 3364
7290 4577
4756 3882
5536 3674
2192 2966
4870 8023
3251 3783
134 6060
1218 5066
1204 4145
5208 8494
1908 6871
6902 451
7113 4201
5567 8743
5513 3921
60 6426
1354 9011
3354 9447
2906 9686
1283 5466
5105 9047
2553 5237
2205 8201
6130 3710
7304 1426
3894 7968
6355 4388
7630 3064
2797 8971
8034 1402
6325 7636
3937 9218
1889 4274
7563 6206
5764 3645
1861 161
7643 9604
8228 9257
9333 4926
9429 220
9348 4090
3054 840
494 814
9077 4503
3634 5835
5040 798
7551 6364
2744 4654
2375 5053
792 3781
7574 1158
8459 2623
7262 4375
4885 8883
5978 2077
4197 3358
2809 3949
4030 5926
7335 1980
3304 1078
2257 4631
5324 2416
4351 4162
5117 9520
6734 7143
3636 1112
4157 6797
7213 4052
122 3284
2808 9749
6429 2485
1257 6831
9516 5321
4793 8822
3545 8211
4932 1106
3547 9275
1500 1883
5014 7589
7899 1479
9398 5990
9537 4449
5549 2024
7628 2686
8319 196
9692 2725
4984 3032
2220 5947
5977 2442
7699 3348
8122 6009
7576 8923
7176 3000
9838 7120
8943 7864
1947 5893
1531 3902
6638 7682
5708 1323
9728 5111
733 4044
5193 9013
3282 5506
9440 1404
1371 3066
1350 353
6168 7229
7953 8421
4757 6553
1168 9064
9206 2952
9415 2233
9952 4453
4627 5733
4317 6412
6455 3342
8954 1895
3653 1720
5176 4228
8972 6341
30 4743
1925 5778
3921 2991
407 8352
5728 3229
3259 8714
8552 6589
6107 4383
8763 6331
7659 5436
2624 992
8392 6004
5201 7711
6369 5257
1705 6165
1494 5572
7570 8125
1393 903
7081 199
719 433
6954 4879
3138 5164
4304 3582
9485 9893
4156 4677
4354 4287
6936 4232
8827 6010
3408 2651
295 4270
8782 5796
4488 9608
1144 8722
5933 2359
2342 1852
7257 8878
6758 3738
957 7882
5207 524
4015 436
4639 4391
5192 3033
2133 4752
1272 303
7571 970
1094 8908
3966 3047
2334 2701
8059 6010
1979 8686
7767 5268
9049 9313
3412 5239
8765 9687
4169 4045
9756 9436
5688 8021
7390 3716
207 7652
9382 7906
2070 9133
2556 2935
8427 221
8525 4952
5118 8189
7954 3557
8763 9046
7693 7686
8554 8490
6878 6108
1105 8056
362 4279
988 6776
6017 5476
6830 8991
2579 6515
6458 7709
5515 7656
3335 8496
8542 1568
2541 84
681 1935
4687 3473
7530 1948
261 7307
6913 683
4993 137
9286 3508
1321 8400
9846 2479
8266 253
1191 368
7599 1577
7712 2428
1577 9428
2887 7742
2984 6958
9720 8592
890 4910
6664 9191
367 6853
4991 7367
674 5453
9011 1528
5188 2122
1278 1129
3451 3224
6117 3921
7931 7990
7174 2984
8648 5454
3161 4027
742 4541
2519 9634
3202 4774
8074 5591
4380 2319
3437 6100
8190 6400
6333 815
1062 2970
9390 3300
4134 7302
7459 1938
9212 1256
7946 6657
3449 4163
2237 1226
3387 4326
3922 9335
250 8410
8946 3884
1479 7903
2927 3463
8500 6670
2330 3600
5248 8791
2996 7778
3383 8817
7415 5508
741 8196
5376 1605
1300 9758
8269 6725
4548 3167
4462 7147
7599 3616
6377 7787
2748 334
6962 2993
4012 6489
5864 305
6242 7018
1677 9932
9762 9807
2156 7826
7470 1014
8249 7684
3662 9472
7458 2933
4705 3969
6341 7266
9655 6925
6987 1693
2624 1425
5236 4682
9167 6940
8315 8202
769 2308
8563 8327
389 4928
4199 989
6634 5833
4119 1813
6954 4701
6364 8750
3780 8536
2868 9258
2419 2020
1064 9272
4764 9410
2492 336
9582 2474
3741 1671
1934 5279
629 8673
1786 9626
9438 3317
7883 9875
3003 7490
3050 9738
6373 5108
6693 7550
7467 1719
3168 2483
594 7787
9386 3142
5361 8741
6019 4077
3051 6776
7285 1020
160 3575
2862 5429
4888 7463
7394 5637
7727 4334
8670 4674
111 9460
4245 8255
2181 871
2014 2335
18 7184
239 582
4610 5576
7570 6738
1848 6389
2178 13
3132 8922
153 3804
8664 6322
1283 1266
2346 9347
2294 3192
5589 5437
8049 382
2061 3798
8057 8819
6912 8356
2672 2379
3699 6958
540 6401
8233 7007
763 393
9967 5328
3779 8961
122 5723
3986 8604
1756 7985
7397 742
222 8031
8634 4928
9144 8010
9135 2189
3646 6506
4949 7284
9431 1702
877 4492
9928 3696
6245 2542
8853 4248
2985 5245
5584 1482
3126 8199
9859 4456
6193 8490
6887 6580
424 9091
340 9671
5039 3841
2128 8945
4617 8574
3487 8418
2238 614
9454 6572
1033 164
3477 6423
487 2991
4349 9924
9514 5087
8278 6460
7101 7039
3390 2121
2178 3199
1926 1073
2734 9077
3945 5319
2157 1916
9748 228
1268 3105
4405 4437
5528 3373
8304 6083
2592 3138
3135 4602
6731 8591
3284 9576
7477 5171
5152 4253
6754 4730
9546 643
1564 1282
8489 267
1344 1720
8132 3963
495 6075
3822 3477
4615 6476
791 8995
979 627
5137 8334
4696 5138
1186 4335
5119 1464
7266 9357
6874 6871
4531 5981
7556 270
7817 35
6919 877
9133 2007
662 3805
686 9919
866 4241
3195 5894
5774 9853
225 5833
1038 1906
3394 7101
9343 2247
9843 7555
7523 3020
7935 6906
9924 3863
720 7353
2504 1935
9686 1921
9715 8472
2271 9387
5500 4335
6896 269
1524 4204
9830 7580
5532 4515
8983 6120
8084 4882
2785 1471
1374 144
497 8029
5058 1751
471 1468
2216 2940
3888 6602
8126 9916
9249 639
7068 4939
4748 9241
3578 3314
2388 5848
6031 5278
61 6005
8944 1901
2203 6257
3127 4844
301 770
5311 0
1562 3810
5405 3377
8542 5351
4252 6887
4112 9907
254 9777
5599 7223
718 7020
9332 3091
2564 9442
6423 7048
796 5686
4703 5015
8698 2983
6499 3952
6174 3680
1865 6540
5739 6061
1819 1369
6468 9958
1978 7779
1131 7438
3567 1301
6002 2964
3818 4199
4549 9535
7191 9794
2227 7555
5116 8725
446 9488
4735 4139
7509 7243
4702 780
8172 2158
7624 551
1765 4628
5608 5983
3360 7402
7097 511
2054 8853
5451 3397
2920 6881
7014 5340
1695 615
1753 5906
3383 9994
8211 9206
8686 7958
2763 7093
5730 3284
5666 351
2439 7140
3156 7153
6706 1474
6259 2143
8298 4723
5660 5248
5116 1784
6262 6022
9504 6323
674 1048
3791 4330
7332 1223
1632 9960
2444 6106
3832 4300
4860 1882
3834 3673
6670 9856
6034 613
7805 2968
3274 6112
9764 4099
6499 3119
7826 4186
7735 1498
4310 8968
9188 4984
259 360
6438 8526
7809 6501
1720 6632
8128 3368
9649 7222
8917 1733
4191 6285
592 4089
179 1056
4610 1585
7026 1095
1561 4129
2148 1696
6454 581
2489 3841
9063 4286
3570 9607
9191 2448
8876 1815
3564 1126
1281 4263
8969 3810
7300 7178
4220 9766
8869 8093
7834 6423
308 8092
2535 7509
1403 207
3389 3601
7018 6748
7097 5931
9364 5353
2876 4133
5811 8777
9997 2562
1528 967
9352 5595
8861 9713
4429 2891
8767 2449
1862 9460
287 650
9847 6950
6895 6874
9997 8545
4154 1806
2232 1453
9655 78
2294 914
7628 3479
9231 6767
7838 3052
5338 7743
430 8317
8188 2720
8347 7881
8024 8396
7495 7087
1922 2449
8188 2692
4184 5478
2385 7830
412 8424
3373 7045
6031 5631
7654 318
3534 9192
5731 2240
3327 9239
3392 1839
332 7522
8919 5800
8729 3025
3710 9811
3359 5823
1744 2073
91 5213
8616 3794
9033 3499
5164 796
3332 9777
7539 5078
3493 5710
4023 3222
6917 3092
3273 7583
7684 3647
8852 9256
9980 3908
4959 4052
420 9417
3817 7696
6914 5951
8980 8327
1938 9132
9333 9921
4277 9078
2036 7531
8594 1284
4156 7364
5300 5413
7298 2419
6860 3114
9223 9370
4296 136
3096 4054
8227 4807
916 1296
5518 4919
4119 3283
1278 6317
7669 1245
3564 9597
2445 2931
2043 7430
7631 8330
6466 8343
3900 2228
7795 5727
6541 9758
8411 8288
4897 7494
3327 807
678 1153
576 3087
698 5819
3357 4819
4517 9625
9164 248
66 5584
186 7119
3629 2011
1180 8404
6449 3628
8573 3609
8823 1647
1558 2700
4283 4138
6300 8898
4342 2233
3773 5042
7910 1494
7148 3632
4864 9891
8471 3156
9722 4414
4136 5142
1064 633
4841 9439
907 1068
6928 3532
1196 2047
5137 6311
4499 9220
6510 7371
8356 7736
5411 8271
1911 4870
2111 3138
9140 1319
949 4302
1273 3708
4327 1281
1323 192
9556 3205
8584 6571
2885 4253
953 7056
8203 80
6818 6739
1583 7176
5031 770
427 9201
3115 6952
1114 6776
459 7766
2996 4306
1511 8233
3098 8961
1085 5710
4906 9710
9041 4883
2263 1138
8273 5971
6303 1110
7376 4782
9658 3972
3695 710
9441 7487
9663 9027
7273 9847
7895 6357
1402 5112
1995 1610
6074 847
3417 6971
8528 6992
1249 9046
3237 1987
8882 3551
6529 7439
774 9611
9192 8342
6126 606
6663 6961
575 9397
1168 9802
7082 9095
7630 4536
2675 4980
8693 1280
7685 93
1908 2389
6626 8675
5913 5576
7383 40
9383 9688
9585 1074
7062 637
7314 8536
5970 5696
2630 7519
9747 4457
9514 3256
2694 725
19 4072
2350 9845
1673 8292
1450 8197
8427 7202
6830 2437
3041 4407
6354 2330
4227 372
8067 689
9682 6101
7763 8462
9967 1464
2073 9896
4795 5182
9884 2039
4977 8810
386 4378
2484 9969
8058 6017
7936 6462
1528 4712
2496 2772
5307 6666
7301 4366
7030 9640
4251 2449
9353 6350
5771 6238
6707 2677
3637 3951
4501 3361
5685 7218
4859 9635
9918 8609
8595 340
9108 4432
3345 9393
3824 210
6022 3407
9830 8737
2318 7238
5017 7252
916 8681
8013 9490
3833 7492
6791 9019
5221 5378
5211 5493
1837 7449
6538 7358
3888 1601
1797 9225
2708 3867
6717 3097
7487 5994
9626 9267
4357 9406
951 8038
2857 2782
544 627
4677 1371
8899 669
774 8794
3507 1557
3349 1937
5616 3654
4928 1033
4925 3671
1956 2537
5396 1538
1549 8868
7872 8729
5663 5373
2226 6300
9282 4888
2133 8298
2010 9955
9833 7339
4144 1484
8029 5498
3824 7282
6107 1527
366 411
3011 3393
5371 432
8180 7958
5074 5922
8121 9050
1287 6712
1052 9691
1338 8439
8045 2709
5088 7935
201 2032
2074 2250
698 4808
9777 6048
7096 9541
6043 9835
4906 1747
2795 7446
7074 2188
2926 4592
5037 7221
3973 9884
6746 1559
8631 9335
6769 1560
5274 4682
8683 827
3204 384
5701 3068
6281 7254
1832 3485
8395 2337
1243 1111
18 7394
6020 8754
7542 935
8536 9907
3785 4733
5561 737
6248 9931
295 9631
3137 4881
1495 1318
8861 3253
7367 697
525 6701
6392 9247
6983 9696
4710 7169
7986 3330
9461 3268
3071 7335
3964 143
5697 9434
7477 3497
9661 3017
8508 8990
9534 4157
5717 9678
2822 8643
2309 5231
9394 488
7510 8479
2616 1925
3674 9115
2944 5604
7561 6018
8532 3475
5311 1936
7827 498
4890 7105
4477 8096
415 9383
4555 1902
7636 6329
3022 9492
3871 8265
8648 7798
5077 9219
9738 7266
8035 3157
772 4637
5646 4325
3511 7511
5249 3249
5099 6037
7507 952
3230 4343
8410 2836
5477 3628
9444 5396
9148 6669
5144 1986
9137 5777
6068 393
9221 9537
3399 5973
4634 6700
912 8249
518 1101
5085 5060
8922 4547
743 4023
880 2315
8315 4057
3536 4511
1026 5562
1530 5222
818 5769
632 1089
9886 3373
2453 7997
8735 8963
8123 6355
587 5576
5701 4529
1047 255
664 9687
1697 1356
5224 7814
4302 295
4493 725
4313 735
9596 2037
4604 4650
3301 6702
4033 8333
402 5704
6722 5742
1513 7659
5557 2382
6643 3288
7020 4212
8566 1068
1371 964
8601 3610
7214 6331
6726 6446
287 792
348 7103
2149 5738
6514 5707
6889 3792
2005 668
3939 410
2181 1631
6287 8081
6717 9150
4169 9239
7031 6414
3923 8246
6990 9626
7762 3645
9304 7634
7368 8356
4714 2620
6348 6238
4445 1208
6573 6699
4789 397
7595 4695
874 4325
1931 4367
1964 5380
9033 3762
3333 8901
8685 869
5072 6223
7555 2676
9456 8884
5619 7384
6027 5247
1647 564
4687 5916
2657 4277
9174 8875
3326 5605
8340 9973
8802 9041
9757 9077
7314 3511
2283 4987
7825 6053
3140 9936
3265 6228
6590 9560
1417 1668
6877 1782
4092 9466
5785 1615
9464 1843
7302 8630
5319 9676
1427 6851
7869 8690
7343 8848
4502 231
1885 1956
6868 6127
5121 6531
9906 777
8235 4100
6934 7977
8555 1268
4829 803
3939 6222
590 6882
6312 189
2665 1067
3874 3374
8443 5985
7605 9262
3519 9011
1606 1720
6763 2785
1994 8374
9902 8402
5965 1973
1732 6636
5111 6572
4148 4687
3770 4144
2618 9595
1039 8130
4392 3139
9353 5033
1640 6957
6424 2766
3843 8295
4636 561
284 6564
6560 1213
2498 8716
1727 1400
9415 3535
1635 4124
7539 1124
2693 5761
3830 328
4989 5408
4195 3121
8913 1212
4335 539
1778 2169
3788 83
314 1661
6511 2347
1831 5789
468 8111
6515 3506
531 1946
8064 1764
8370 874
1223 8442
1977 5112
1756 7518
5423 4756
1920 2475
6161 9223
8570 2403
6216 7863
3649 3671
3833 922
2301 7029
7506 9906
8915 5450
8347 6331
5329 4073
5674 5125
927 7826
4043 3120
7609 4885
2099 5221
9543 6473
9088 9370
8850 9163
8843 5283
5606 8605
6304 8450
8021 5030
4908 6345
9096 3933
9000 242
4183 9098
98 3696
9431 2764
2283 6900
9513 7156
244 816
2848 1413
4645 4991
8913 5373
6173 9252
4954 132
7379 9245
3424 6611
7739 5796
8111 2364
4278 3973
6341 751
4962 3612
9609 3022
4322 2763
6440 4472
9603 2862
5312 8201
6694 502
4412 1397
5802 2256
7615 6432
7007 4297
7839 4276
1866 5993
8808 6183
8749 8195
2385 8021
1406 6976
5632 601
5519 9662
3426 217
8894 6779
6936 2137
245 7204
6054 8187
1052 6309
502 3299
6527 7340
3961 5885
4775 780
7776 2331
6751 5316
9349 6546
6729 2120
2746 6426
5107 5807
2467 2757
5479 500
2177 9743
2768 4904
2868 9524
7840 9478
889 8269
4584 3916
6533 8780
5854 6543
9176 8009
7215 7096
6942 7886
8211 9975
2369 9180
7777 9036
7909 75
6703 1440
381 1347
6680 8882
8607 1098
859 2449
5619 5532
4790 1453
5895 2212
2557 8809
3643 8937
4642 2196
9557 5913
7222 5396
7263 2345
8549 9357
34 8139
404 7
5847 8719
9325 661
8579 9562
7442 757
599 2074
4457 8636
5692 7321
172 7567
8942 5302
344 499
6920 4388
2336 1284
4451 163
6063 4456
6036 4001
2112 0
3230 4905
3327 8825
3459 3173
8832 98
2737 1121
5434 6106
5718 1310
1206 2258
2393 5778
4950 2833
9622 2914
2082 7434
7495 1733
9610 4556
988 7414
4165 9480
3890 1977
4034 9445
5357 8927
3671 5044
3444 7481
1604 8654
5137 7221
6659 911
7404 2608
1244 6635
1504 488
2283 6526
7843 1908
3919 5711
9446 170
1376 5954
1329 1510
2963 8962
9334 3521
5098 6470
6175 5809
2706 7796
816 3835
7419 1226
9645 1912
8717 9134
8686 9001
3063 2574
1638 6155
4478 8096
6501 9152
601 2537
1887 5050
4066 6903
787 9456
6906 8101
8447 4283
1969 9034
6856 6550
9124 4719
3155 2896
7511 1162
6596 2761
7457 4505
1758 5549
4947 724
3384 2959
1980 2002
9361 6246
8370 2366
7749 6393
555 8486
6030 4446
2838 7791
9391 5604
8582 9041
6399 9333
9695 5981
7689 1909
2115 4538
8237 5862
4071 2996
1032 3480
957 3303
9783 2302
6775 7966
6471 3708
3753 2888
4740 6642
2132 4710
7432 8793
6049 4469
9226 1669
7615 1915
4172 2573
1193 5006
8901 94
7543 7708
4312 9912
444 8589
5003 2056
4472 3036
9618 1641
577 375
6769 1033
6379 3390
9009 8203
2693 2943
3154 2363
1815 9480
2368 6246
6796 5046
9057 4099
2920 1384
3072 3491
6697 935
2755 6905
9837 7160
6978 5761
2240 3660
8845 1406
3794 1500
8326 5847
6606 1828
8927 2812
48 8970
7672 5857
1632 2890
5992 5708
9727 7384
3866 1667
7881 2985
1118 7448
8798 1509
1661 3812
6038 8839
285 9344
4444 2467
5741 420
9799 7597
4096 6517
9378 5399
8027 2013
3436 4630
6170 5198
8698 5253
461 1361
3450 4074
576 8211
3951 3084
4063 4969
7989 9316
4777 2321
1399 607
7856 1086
2278 8682
1629 884
9882 893
9007 9165
8647 9297
8569 3979
8775 5218
1044 4409
6193 2036
6563 9683
9966 1812
9894 6330
653 4079
1738 4791
1464 8028
9935 355
3005 6394
3319 6250
3566 7855
645 168
5728 8901
4104 8774
8032 2197
3934 1613
2637 5618
5768 9096
4653 9685
73 1431
3885 5747
2578 3102
8288 9006
3730 9503
2384 9699
9336 7785
1597 6667
1190 7201
6112 4338
3036 4635
9537 7441
8553 5052
1979 6540
2954 4772
1845 2697
6424 5431
2255 1990
7370 7829
6984 3958
4405 5003
9469 468
3590 6598
5236 8161
7825 5252
4861 2396
7910 1500
3006 918
7435 9536
9935 2981
697 6110
1856 4266
2741 4254
5543 1575
3052 4763
6150 815
9158 6444
9332 925
6874 1043
3093 585
8827 535
8353 8233
6572 5509
4764 152
2559 3350
6941 5744
5585 1121
2695 6738
8903 2187
1681 4169
1684 8262
5823 3032
5822 7664
9272 9960
3980 5062
2972 2126
5206 1404
4694 433
8500 9944
1294 6403
8984 1660
7194 5165
3310 4475
4039 7973
7870 7499
9260 3525
2312 7095
3116 3878
7049 9129
4791 286
6137 8774
3215 8919
9189 4246
3030 4690
2831 6896
5541 351
2873 1284
9805 6156
3943 5005
8881 3017
6719 2021
8728 2385
1081 604
6021 9870
988 7160
5901 8956
9335 8426
9612 3645
9031 2512
4348 7357
578 7936
981 5540
5376 9778
9464 6842
1887 2290
987 6589
927 7018
8430 8231
5167 79
7960 3963
7424 7716
2221 728
1890 5972
5341 8704
7464 9617
6153 3274
3137 3685
655 4536
9959 9256
8289 597
4611 6588
3954 9994
2145 1471
2715 4305
7103 3227
2096 2451
6550 4089
2799 9391
2885 4415
8066 3392
8396 5032
1284 8698
296 662
6798 9232
7962 3106
7355 8263
4412 7438
8183 7478
8951 643
8082 5757
6730 8332
505 990
1768 5658
9269 696
2034 4927
3699 7648
9234 6486
2200 7686
6560 6056
6524 9733
5142 1753
6275 5033
8308 7229
6558 229
7487 8528
1642 2556
9303 8899
8931 4614
5786 3189
6570 7820
4370 4473
8527 6407
8470 9679
8611 4055
7975 5071
9371 5013
3755 1929
8657 5785
2759 2212
8260 9108
8782 8863
6243 9479
3051 6758
5698 4432
5096 9739
6277 8914
8305 9163
4890 4036
8689 374
1377 7768
6607 9181
6944 3093
8197 8642
1082 7971
9753 9881
8061 2134
7778 53
7465 8160
1824 6711
4268 2848
2682 4669
3140 5019
1268 5671
2060 9417
4509 5646
9268 7631
4456 3523
7820 2714
1231 6652
1598 7746
1264 2555
6056 380
9695 4138
4800 9748
1958 6162
860 7325
8871 6635
6209 765
4369 6040
337 3929
9187 7813
9265 2451
24 8748
9434 8275
5639 2854
1701 6552
9285 9431
1653 4213
8278 3136
6534 6857
1837 2675
1758 5898
5458 2138
8603 1752
5661 3334
1205 9799
2528 8988
3652 9317
2095 1460
8072 3953
8097 6006
9452 1547
376 6446
5799 5058
1415 4032
2700 1868
6341 5786
1111 3337
1474 6116
3132 4133
1201 2471
5417 4805
1810 360
6742 5078
455 9228
5535 472
1332 3661
2908 6882
4212 5998
8718 8473
2832 5216
3098 7456
5264 1636
4522 6571
5266 2543
2353 1789
214 12
9641 3410
4544 1628
2150 4497
4338 1530
1385 9176
3241 1096
4317 8850
3005 7886
8601 8173
1917 51
546 5015
1482 7006
1195 936
9424 5619
520 398
514 2896
511 5451
3347 9889
1870 9126
3861 8843
5038 399
3557 3711
1229 5495
7364 845
3828 1362
5298 8163
1895 3524
1976 8765
7847 2342
8599 6199
2842 4970
6213 216
1919 1561
5872 6737
2997 5527
895 5228
444 7556
9037 5346
9934 1996
2456 5426
4427 6681
6099 7056
9791 6396
7804 6959
9619 9611
3579 4429
2452 9562
7574 8830
782 7264
6554 9241
4614 1423
832 5085
2507 1806
1718 148
2693 3790
1907 607
4916 9819
196 5443
1779 3109
1421 3015
4229 7989
7787 6307
8425 1824
2775 7674
5631 8182
471 3298
6542 3850
6941 7721
8623 5239
9270 4404
4579 1517
5109 2110
9336 3753
3732 326
2602 2219
9624 3526
2223 2214
3173 6580
4590 8844
6771 3740
759 4216
319 8767
2907 9021
3367 5832
7481 9272
8786 2907
7369 558
1519 1021
4414 8340
39 119
1308 6633
6968 7542
7153 6892
6711 3825
2298 5313
4357 8399
3791 9393
6434 3663
2258 9
255 2667
9007 9712
9906 2341
9596 2687
2310 141
6714 5056
7839 470
1768 2596
4515 7839
8811 7316
8161 2595
1723 2798
4270 5156
1011 2772
6820 4049
5612 3170
3354 3362
2785 8648
8040 4278
361 6776
6660 4968
608 104
8384 6206
6226 2995
6286 8497
5441 8150
2634 8317
5740 6746
2236 5176
3805 8419
2511 631
7378 5765
9493 228
536 7901
8607 7927
2867 685
9851 8586
2102 7262
8726 4517
3116 5804
9276 6030
3928 8462
5947 5099
5426 5594
4006 8101
7596 2791
9939 1931
3119 6531
8741 8877
9604 7782
1360 7929
4712 8040
7621 5256
6585 9383
2414 8962
5359 9010
8003 8246
4015 9847
9508 2954
4924 7209
66 2527
8551 7928
6502 3369
4431 9155
2278 8499
2616 5168
2122 2996
7161 2479
5160 7577
6686 1378
5481 1493
5684 4703
8959 40
8672 285
1338 3745
9749 9978
7600 6528
5338 7627
1834 6608
9838 3346
3989 7700
2853 9118
9715 784
5876 5581
3810 1847
5719 4723
6391 7381
2551 7817
913 9192
6446 8759
813 9288
417 4989
3306 7765
38 6610
9100 464
6308 1076
3116 5513
5700 9494
3 5626
4252 9563
1154 8294
6036 4411
4982 6943
738 7484
8873 5296
7210 2528
1053 3856
2037 2819
602 8466
6439 6678
5033 4598
1002 9959
5274 7487
5173 6641
7992 5369
7301 5156
4242 2176
6142 9775
8336 2491
9360 3334
4004 9570
7868 1371
6527 8751
3754 5668
1433 3031
1170 6456
2986 7961
4113 5444
7206 6809
3455 7230
3290 3594
3998 6139
3960 9124
3004 9814
8870 5132
3922 9914
7019 2123
8876 5415
8976 6686
9364 647
7275 4976
5248 1961
8797 9190
240 3871
498 4294
792 8683
7855 6977
3967 754
5373 9935
4614 7291
9524 1219
6066 8726
8674 4521
6955 4103
1774 9550
4436 4661
1704 6164
5157 592
8209 8229
5919 2323
1724 5864
6110 9788
1572 2027
6859 6070
7892 1821
9696 7134
7327 4863
1357 5343
8267 2691
4011 9932
3136 2214
2484 3062
8437 1768
4098 2536
2939 9865
3766 6579
2958 1137
1093 6352
8953 3458
4996 5340
4195 8929
9013 9293
1451 430
4043 2732
8701 6652
2290 4816
5607 9022
9061 2016
5824 3424
7202 5805
9129 7104
4358 9714
4902 8732
1545 1922
164 5493
4706 3529
2992 7544
4364 5821
8524 6673
7501 4279
8140 3493
2358 7465
9229 8954
9357 656
7601 7023
3732 9953
4314 2188
6415 3918
3650 3405
9992 9464
1025 8749
9909 935
6727 9624
1117 6419
7395 1117
282 3100
8821 5511
4225 5299
3303 5839
1474 4367
8395 302
6563 1338
5413 3611
3536 7835
8974 3247
2454 7102
2090 378
2023 2592
8442 658
4528 1601
7289 9299
615 2319
1108 7442
5814 3659
1977 9021
5316 6135
475 3926
7141 8130
3699 250
5834 8681
3102 4927
1333 2468
7511 1144
5889 537
1253 9493
5086 2434
9954 5567
7907 1508
7021 3772
4703 771
8218 2290
6065 4936
1453 6548
9241 277
3406 8684
7461 569
4454 6724
2276 364
1801 3917
1736 2194
9674 2133
3893 9557
4746 6764
322 4585
562 5432
8884 4512
1158 5310
9689 744
6022 7681
7592 8980
9666 361
2447 1686
2205 203
179 5817
827 1794
4705 9654
581 2035
7663 5986
8301 7742
7574 2806
4996 6302
3235 1878
5082 2217
9470 5619
8982 8505
59 7655
7801 7533
12 9872
2902 6215
8944 422
5850 6668
9231 1159
414 8883
8394 1350
4774 9308
4247 7446
4478 8645
3335 4478
2345 1181
8530 7936
529 8104
6699 3644
7216 135
5714 7578
5975 9341
5143 9770
298 339
9721 556
5098 3899
8534 6588
9767 5337
4284 2829
7930 2351
8951 1084
1650 7454
1264 4435
6233 9453
4151 5485
2797 5947
4081 8409
7986 7350
7897 2791
6791 3259
3476 2860
5858 5975
4793 3402
6235 8064
3860 370
656 7379
2164 4661
1534 3590
300 1790
3920 6271
3319 764
5468 7533
8529 319
3762 2830
5511 2479
528 3298
5379 4555
8529 2110
1726 391
412 654
942 3257
4664 7658
6869 2728
609 1135
7283 9198
4892 9915
5782 6185
8993 3402
7795 9174
717 1257
1778 8446
8928 134
1926 5782
5020 5849
8743 1250
6069 9943
1686 536
9955 3001
5460 4058
4857 5857
398 1962
9395 1245
4554 8571
8189 9138
5535 6818
6964 5069
2069 9265
9434 9377
4151 2861
5605 7234
3484 6368
8936 6898
1685 160
5215 9246
1327 7133
3030 5063
9291 1872
7979 6236
9038 2428
7342 1343
1250 897
2765 5474
9513 6966
2816 2732
9902 3431
5890 3329
3675 1537
6617 8371
629 7778
5226 9087
3432 1389
1551 6425
7574 8081
3876 2653
4591 7104
7077 215
7407 7
2476 7374
2065 2025
3041 9114
8322 3931
5886 1505
9084 2580
3440 6703
5555 5094
953 5104
8761 3755
8118 5421
7546 638
4893 3969
9629 8759
1600 5072
5155 2929
302 6955
3351 4868
4773 4946
7096 1004
7791 8508
3163 234
1597 3524
4262 7461
841 6742
501 5017
5081 1079
2760 2863
1624 2223
9229 8531
4757 3050
3855 837
5441 1666
9790 3229
9816 228
8079 5502
600 8534
1138 7447
2818 8602
7951 1202
2542 3887
2454 3142
5432 9496
5612 53
8697 9502
8122 5443
798 7740
4421 9981
9498 3567
2498 5995
2649 3982
48 2742
3903 9150
9901 6091
8046 1410
6561 1554
3947 7651
3006 5172
7487 7641
6644 6254
1717 156
8899 7358
2999 9471
7265 9366
2817 8722
4723 6536
702 2375
4113 3954
7167 2425
5466 4930
9654 6514
7964 5021
5599 6321
120 9566
505 1039
9623 6737
6619 4169
293 2661
2847 8498
9731 2408
6647 2492
5912 6442
8937 6721
186 4883
4979 4095
3041 1867
1848 8175
5083 5120
3635 1850
7043 9707
5451 582
8381 3263
511 6096
9510 2485
9769 9729
94 8394
8504 3582
5293 5434
952 5568
6754 2669
9261 4910
1327 3142
1991 7315
6521 8401
3087 7061
534 1081
5157 5163
7842 6253
6532 1610
4231 5834
864 8668
6503 8976
878 7889
2450 6110
5050 1855
7140 468
2825 6716
7996 6222
5634 8760
8820 3373
875 5482
1122 519
695 5933
3472 4026
9726 4686
605 6986
2214 3072
6751 9798
869 4350
4509 8276
5303 3563
9251 1323
3322 9076
800 1623
9460 8799
5306 3381
818 9354
6433 7480
1714 1388
684 1386
9595 2798
8149 391
8352 3569
1888 8629
844 6053
187 1134
3788 1609
1917 2110
697 7181
4777 7719
7055 7687
2866 7021
102 6974
938 4673
3359 928
4587 8818
2489 3521
4557 9127
2210 9420
4818 5022
48 2748
6759 1099
1450 3104
3985 7066
3576 753
3224 9861
5259 7015
1902 9848
4949 7260
6363 3281
5607 3678
2179 5783
9710 1192
8620 9510
9580 1427
5031 6005
443 1350
2063 6208
5404 376
9162 9067
327 9950
3417 5076
6851 1706
8627 8078
6317 3746
8323 7923
9268 1620
9243 1052
9883 7508
4570 7195
624 9169
9809 8179
3430 2962
5386 3819
1741 5184
7757 8746
4343 9286
6881 9927
4912 9534
9122 9202
2517 3606
7942 365
4115 7328
5630 5058
1366 2111
3022 1145
394 6185
8579 1840
842 2011
855 5651
8829 1020
589 5609
4878 2328
5584 1140
5077 6576
6879 4569
1552 6842
331 5294
8032 7400
3238 211
3463 7033
2765 9479
9548 7008
3512 251
127 8196
7098 560
9365 1893
3204 7585
9116 1963
8411 4382
180 3224
4946 1968
8746 4243
9524 2049
5423 4381
5622 2916
4156 8543
7292 2874
1258 9609
2028 4367
6189 673
6330 9176
8078 3660
4677 3791
3680 6440
1497 3706
1603 856
2571 1707
769 486
3580 6580
5827 8249
279 7523
1362 6831
4995 477
2030 6892
838 9708
6274 5
936 8432
5616 5328
419 5916
9524 9411
8321 2670
1243 3142
7216 492
6907 5218
8048 2495
5211 3896
488 6440
6721 9306
3504 3346
3251 1948
749 6343
7414 2347
7183 1119
2689 5886
9508 8025
5823 7234
5347 4511
8100 1899
6222 6465
1169 8015
1772 7274
2990 7924
2286 1092
876 146
7511 9192
329 7560
8788 6925
6487 7112
8072 7112
8932 836
2656 3047
7666 1931
5253 724
3907 655
4498 1629
6044 817
4522 6028
393 9638
5328 2832
2517 9922
1183 1898
9295 6782
2516 6863
6148 2523
6342 8827
9173 7991
300 7846
4302 7198
6979 912
52 8590
6483 828
9934 7078
7041 246
7448 7280
9397 6220
8628 1960
9762 7767
4486 9056
1901 4572
2351 2073
9922 9372
3639 3439
3962 4492
3535 1718
3794 7022
4106 2533
5037 5461
8412 8870
938 8083
1343 2051
3371 7220
5687 3025
7267 3721
878 7963
5511 8446
7853 461
7251 6468
6935 3201
2365 3330
5158 5767
9070 6757
3448 8906
49 6559
8901 2259
3132 6160
822 3271
8097 5207
7607 6411
9588 1572
7351 1212
123 4541
4251 8561
8808 4825
9734 4881
4217 2718
719 9000
6203 4789
5787 3212
9852 5671
7073 9169
8278 5380
9052 5234
7696 9929
528 9190
1700 9814
9567 9882
2635 1039
9031 5105
2818 2216
9078 6492
9549 5573
9227 3291
3389 3375
3979 8823
7254 2947
9168 4133
9901 8982
525 6886
1215 593
1695 9926
5102 6681
4169 1244
7433 5040
4973 4042
4611 8477
1565 3643
3634 9109
5614 7065
8865 8018
7155 3868
1268 8853
4434 8736
9739 9954
6067 3186
4592 9040
1370 4879
871 6842
9718 8157
2017 7288
6601 3891
2889 8932
4900 3704
5944 8141
6004 9949
3537 3919
5061 9284
9544 2168
7558 41
6402 8214
430 1304
7559 5154
2387 5196
9797 7161
2023 5863
3706 5779
5656 7822
6469 4469
2274 2703
6465 2875
6526 5849
5279 3944
8125 1052
797 1379
2544 6367
6825 9749
6233 6561
4920 5306
670 4037
4171 2367
950 9492
6124 6277
2813 2388
2344 8156
7692 342
7971 2785
5762 2727
6244 2503
1880 6185
6852 5389
7305 1415
637 5702
30 1508
5788 6410
2221 9268
8619 4210
6404 9294
2464 2538
8146 4778
4220 1205
6688 8804
7340 1631
7012 9300
4057 1567
4279 7173
3987 8227
219 6116
291 3312
3686 346
6722 3808
1919 9789
2858 9805
7250 326
2684 7775
5371 8690
4058 4040
172 9966
2832 726
198 7600
2924 9825
9248 9404
8045 406
6482 5424
8139 3322
2203 5247
839 885
1199 3748
9024 5149
6765 4407
8434 5130
9696 5331
1692 3440
6030 505
8382 6725
2726 4869
164 6587
960 6539
6754 9941
960 393
5668 4666
8503 9107
9398 4310
2931 5169
4448 4207
9586 901
9825 8754
9287 3134
9236 3429
9056 1693
4529 3823
1986 5670
9533 1801
6695 2905
8007 4740
917 2214
3621 5176
3765 4812
5420 5801
193 8273
6922 6313
1944 2403
7872 2863
8480 2922
3305 4136
4092 974
2668 6051
6448 411
1383 7699
3255 3589
2957 3745
8474 2391
6725 2137
8623 1015
1224 3915
5474 3560
3727 7096
6827 4500
421 1865
2215 2059
4048 9597
6128 2572
8371 1073
1346 9795
7501 4963
280 3532
2032 9752
9553 1327
7442 8011
6002 7126
4661 2676
8476 3034
5311 2963
4402 3074
4019 3602
2117 6138
6338 4808
7448 1437
4849 1147
4155 3819
7515 2096
6737 2165
379 4433
354 9722
7373 4567
5944 47
4953 4394
9112 5973
9290 6118
3516 3407
713 4311
3738 467
322 8250
5849 3183
2676 3215
5951 3230
1316 1967
5496 4114
6658 115
224 7564
2018 9068
153 80
2946 5324
9566 6007
8796 4251
5906 368
5965 1269
691 9594
4240 8124
4896 4897
4822 6352
8899 2247
7484 9675
6809 7769
6841 1315
1330 5558
6262 5230
2029 5551
6709 9985
8795 7229
7841 2416
3695 5341
5229 5958
9950 1660
2553 3452
7427 4266
7149 41
7351 3548
1816 6206
3190 4375
7834 385
965 485
9081 2413
334 9755
1501 5463
1859 346
7123 8694
1599 9422
521 1411
3832 6687
2141 3640
5982 7759
3993 2497
9395 8986
5941 6937
8606 7364
8994 7219
8232 1579
5386 1288
8350 8298
8995 4646
1104 9264
113 2075
1635 1821
6991 4053
6345 4579
3256 7655
2385 6129
3063 1936
1914 1380
6836 3892
7477 3004
2615 2822
7815 3947
2684 9222
1985 1649
7197 1257
383 7121
8586 9971
3617 3347
5124 2434
4543 7667
6883 2398
6262 2777
941 3698
4894 6752
4765 9366
6609 4681
1867 2487
4962 5062
9227 903
1994 7881
366 379
6128 2027
1109 121
4470 905
4478 4661
9082 811
5451 9004
1123 2761
5998 1100
2948 844
9891 8249
7269 6795
271 8272
2402 9131
5712 4894
1281 8072
9634 8170
5710 3387
9602 2869
5646 5077
9173 6260
8159 3283
5073 2329
2495 7098
825 7302
9776 4501
8497 7800
3210 196
6406 1732
7689 5531
2733 4836
599 1951
4713 5263
4365 5194
5109 4419
3489 3049
9373 1194
1332 5418
5431 281
2138 359
3294 4749
9227 9991
2852 518
3694 6504
7740 6069
1809 2981
467 0
5402 6419
6319 1377
5647 315
8846 7544
7923 9865
9610 2108
8695 7643
8456 122
2910 2896
3810 8193
6128 9007
4970 2193
3851 5272
7259 5083
3303 709
9926 9504
8349 3177
3356 1647
4254 1480
3761 5880
3246 7611
9 1224
9540 1069
9113 2917
1555 1595
5334 978
226 3467
6706 1311
5546 8999
1796 2983
7817 8664
9637 5296
1236 2079
4973 4078
3685 361
4971 4921
2818 8732
2905 7885
2810 6090
7433 3425
9418 3948
5454 1729
9095 6181
7075 6100
5576 7900
668 1280
7160 6659
6099 9917
5189 2977
4783 3074
1099 3544
2681 3027
22 8857
1820 825
9076 834
948 6389
1640 417
625 3135
7734 8179
4821 7040
2401 146
7834 4726
5863 2171
3190 8960
4739 440
2058 6286
4766 4494
5372 6597
6623 6710
1719 2150
6875 9442
5823 4078
5756 2228
5356 3358
2821 226
2953 9630
3957 3818
8610 7203
4790 4553
5203 7259
1767 2538
2389 2720
8301 4403
8917 3644
5764 2291
6133 3901
4688 2836
6449 4730
1280 531
7585 4760
8827 1900
5730 2752
7551 9677
505 8052
5048 8355
1023 5642
6515 768
8044 4503
7899 1420
4171 5044
3168 5458
8797 5270
3142 6304
8217 6472
6408 5390
8180 2907
8881 5985
2826 796
302 7895
4384 4750
4780 9422
7342 6236
2703 848
4518 7273
8736 8911
678 2816
4452 6051
622 1726
2051 6541
2160 264
3695 6209
2455 2707
5236 6133
9766 9132
8020 8895
6218 148
6777 9415
3870 5936
56 4998
3404 6692
4546 192
8132 8130
114 5458
8476 7198
7515 5631
2456 1366
6613 6028
5756 298
2148 9274
4124 1047
5751 1501
6833 9222
1812 2060
3048 2908
6780 635
1259 3923
9301 5638
6906 439
1920 2385
1114 2115
8051 6165
521 5099
4887 4888
6166 5149
3292 3915
6698 2792
2520 9844
1388 6375
56 371
3306 5600
2892 2210
1034 9540
3944 7683
237 5939
536 9653
3615 3737
600 3404
9774 4188
2616 5201
7001 5093
1829 9545
8111 4125
236 271
9991 3610
5738 892
4360 2286
5715 2978
3988 7585
8638 5023
3137 8780
4717 4958
2293 4444
8318 1337
2802 1183
1353 2217
1081 9131
1697 5382
5803 5590
248 730
6534 2402
5691 6035
6075 3516
1682 4430
7034 7080
5243 3655
4261 7597
3591 42
6012 9838
3926 8187
4053 6599
8614 7819
356 5938
4837 697
7866 2755
1757 1993
5513 2795
1152 5305
1537 6301
2409 5988
9209 6006
188 4929
9256 8396
4526 7380
2692 919
5890 2365
5413 9953
3478 1864
5855 4626
3141 9113
7808 8279
7288 8234
451 9963
4946 9133
7045 1755
7240 1739
3545 1773
9909 4238
450 3235
9795 4169
7854 6558
1624 3242
9133 2898
8399 3893
2274 8413
6736 2683
9547 5100
7829 5542
7349 6863
1201 8797
8683 8689
3634 4112
266 7204
5531 2249
1490 1124
8920 3527
6110 2330
2531 7056
5949 7535
6671 8252
3837 9447
7647 4294
5070 2317
1309 465
5624 9949
986 7798
5340 5465
8106 65
308 2845
9043 4766
6887 3072
9992 3551
479 3063
272 9033
8652 6161
2449 607
7275 5907
1614 9256
6558 4904
8377 9142
7828 4594
7187 4180
7929 8026
3048 1474
4238 6675
2991 8900
4669 7971
8207 9011
9526 5753
1882 8692
2019 7052
8599 4757
1985 6644
5178 9540
5209 9345
3700 6761
6641 3613
3664 8364
8135 5265
8549 3781
5298 2068
9217 1494
3537 4500
1816 719
5905 8457
1107 7470
7240 7890
4564 126
3949 843
4080 7997
4301 27
5490 898
1155 7601
3246 1744
2027 294
2446 860
3277 3234
3613 2848
6941 4578
7170 554
4770 531
4452 9564
6297 1324
9801 2120
6355 6357
115 5625
1297 2233
2698 9050
9575 5529
277 3628
742 8203
7205 6435
5881 4398
8426 9031
3575 2339
153 1746
651 6992
877 4872
589 2949
3632 6075
9646 1662
2944 3341
9558 5842
4294 3124
8733 2270
4336 7598
3729 7920
4988 235
8740 3141
227 2049
3941 7332
6754 9771
9943 7837
8422 5236
4903 3282
8114 3273
1001 2540
3634 8715
848 1546
6485 4321
1755 2945
266 9803
3688 3873
6421 502
2535 3196
4148 6609
5382 1298
9546 8022
9297 5103
1701 2399
5180 2770
9390 8258
1051 4004
2854 4881
1978 5625
2232 4890
5450 9030
9944 6773
7878 9881
6381 6920
4018 6043
7142 1783
6028 3211
7181 3868
3868 6015
5822 4418
4653 1745
6096 3936
9440 9566
7040 3867
5080 7261
1376 6134
1918 7831
3778 9002
5586 6260
4448 689
6030 6278
8178 6632
952 268
5983 318
9391 4511
6990 3035
1666 3725
3619 9245
2113 1837
9899 7573
5176 9448
8186 4456
2165 5672
9975 7278
8919 1337
9777 6120
3027 6713
8910 9840
2225 6780
3071 5936
414 2943
9394 2591
9630 2422
9672 9613
2564 1196
137 8793
9047 4577
4987 4802
8486 7414
1719 949
2863 7831
8450 3539
9681 4919
1058 5410
7793 2052
5592 9597
3390 5194
4900 7975
9824 4870
9590 8894
6013 9972
4870 109
5590 2878
4660 6897
4430 3495
6462 9752
2293 5505
4400 6674
4985 321
3467 8740
2243 5372
6784 6122
7504 6556
3486 4898
4368 8750
3419 1452
3547 5666
725 4623
9316 3696
9828 534
2724 3813
7464 6271
3566 2589
8171 4537
9328 1179
6159 3676
1164 7785
3948 4176
2532 8237
3979 2500
2465 9621
6664 9458
179 5855
8277 642
611 3258
5604 8477
4036 7509
6940 193
2641 198
3919 5156
5197 1610
1858 2806
4864 4730
8897 7199
5654 2551
4456 4850
7747 8385
6304 7216
8669 9204
1027 2390
1499 7827
5558 6393
7579 5012
2639 2016
2927 1258
4961 4720
9268 4309
2447 9784
8980 3124
3880 5981
7424 2231
327 8194
6036 2916
2467 4137
9647 7389
5896 7178
289 8929
8991 5697
177 82
3123 4256
3074 233
7148 5906
2758 1723
9938 5806
5463 1718
9764 1085
47 8309
3638 5728
5563 1556
2718 3279
6236 3193
2637 4730
6508 9566
2385 6621
1652 1988
6714 3318
2227 730
2661 40
5703 6182
1832 8118
7484 3787
7606 1168
8154 5802
8880 1941
9465 6338
3473 520
5880 9918
7436 9694
8176 2932
9358 9554
1365 5776
99 8735
6347 4251
8482 9205
5468 7750
6006 3423
4529 3373
252 4525
3264 3252
9797 2036
5022 8651
6180 8878
574 9598
7110 3616
284 8742
4793 4679
3808 3014
4682 8196
6967 282
5611 7870
6679 7074
729 5144
6682 1614
5851 1198
5342 3206
4851 8557
36 2344
5139 4007
1002 1043
75 514
5867 3485
1320 3957
2044 5115
4091 129
7030 6078
6655 6820
4527 4824
1975 1260
8790 6276
690 2148
8557 1719
778 2346
3406 7970
7362 3043
7876 1589
798 7314
9072 1933
4128 1986
8827 9320
2360 4395
9646 8455
8368 1168
3175 8874
6195 4537
4829 5040
4995 5514
1846 7032
2483 1480
7427 5924
9977 8568
4244 2915
4152 6200
2053 7958
7182 8542
3233 4279
3084 5243
2598 8794
5654 9970
653 5450
2667 4019
9361 4309
5624 82
6 9599
9214 5570
3943 8664
9867 5783
3143 4997
7709 7255
2008 5350
7823 8484
7032 6992
9863 6016
659 8691
9329 367
7445 2794
8983 5120
9138 1597
8662 1254
7203 5542
2155 9093
2118 8079
894 580
6866 1084
7620 6408
3233 3144
6012 446
7030 9832
5860 7876
9941 4227
7295 6103
6863 1287
6396 5456
6133 120
473 2280
305 6613
1639 1293
3361 7045
6037 6416
374 8802
1765 2700
7311 4695
1023 8079
9317 9012
7224 1324
8200 1218
5795 3404
8668 7185
9607 881
6572 3628
1021 6964
8790 6429
4564 7176
2928 9164
3412 7
2997 8488
2687 221
3554 316
9417 7923
2817 8859
8553 1352
7996 4660
8219 7815
8498 2354
47 8681
1127 7280
4246 3119
3351 6319
940 7456
3371 7969
2411 9098
5370 8328
4832 3007
2077 807
3031 6308
3429 4258
930 3167
4825 7864
7348 9992
9182 4883
6789 6664
8037 3581
649 6484
1663 7358
2466 3360
5860 7026
621 1373
6430 7899
7238 3513
8860 5835
2113 9192
6322 2282
7560 5867
9072 6975
9187 6184
4714 6416
2941 7952
1631 5223
23 3961
4511 5917
7909 1770
9404 330
8853 37
2493 6974
3238 8354
6983 5534
9124 2156
7990 2263
1554 5573
2568 6311
2079 4109
9062 2277
9598 1471
6040 8857
9999 7466
9590 4946
7371 9793
1226 9287
9624 3614
1513 1208
9115 1705
3594 3834
1528 5605
9307 5650
7101 2427
1693 510
7195 3622
6821 435
5517 612
7332 3609
5165 1771
1419 3441
3192 8408
4475 7828
1313 2351
1647 526
7548 7569
5743 4513
9462 9709
1980 2946
2437 7154
7010 1493
2530 2993
5182 7313
4893 7861
8354 9138
9061 2336
5953 9483
9844 9678
6849 2456
5810 135
1716 6419
7713 9318
4059 5025
5464 2829
7967 9605
3170 8387
3407 1783
317 5126
2474 654
9039 4160
7246 9099
280 723
7032 9760
8970 6589
9365 5609
1225 5937
2900 5328
4209 5475
604 4144
3941 9218
3817 3633
9047 1263
8735 8568
2924 9793
7385 8735
9142 3936
8873 5211
3725 3138
1427 1728
3126 9084
4905 9376
4344 3689
3511 3799
5042 9962
5388 3678
530 6708
5772 7983
4330 3079
7538 5971
700 3488
8550 4658
6080 1627
4209 301
4868 1489
6558 6373
4210 4275
2597 6417
5574 8535
2726 7414
2680 436
2780 4644
701 312
8600 6629
333 7602
3613 8337
7510 8071
578 728
814 2551
4366 2570
6275 9006
7595 7961
9799 2499
9101 4049
5576 4739
6714 9303
9034 5265
3183 9440
5619 4750
968 8209
3195 5441
2282 2880
1987 3108
3472 8137
4886 4741
5893 7117
2953 6657
4860 6046
6072 2681
8073 9362
1272 5295
7676 6773
6539 5706
3850 8153
1738 5042
3356 7210
7937 8472
8700 2233
1256 683
9077 7285
857 691
106 9293
4867 4124
2960 3576
4079 6728
1358 1521
8825 4365
9624 4674
3333 3317
263 6522
3672 8170
8306 6782
9701 8825
2022 6531
7061 1228
8598 9340
7195 1955
6159 3556
7244 2486
4316 8699
9479 2787
6398 9947
7462 4818
2601 9727
1381 7778
3121 1595
3634 2486
4010 5895
261 9353
259 907
5626 2341
9418 6427
9177 1126
2885 8865
7211 3018
5395 3342
4480 9386
6622 4782
9773 1405
8908 9520
5710 6739
1747 5650
5558 5090
172 8141
7978 3482
6888 5450
4863 306
2567 7845
6154 4270
8616 7188
4041 1993
3972 9144
1222 4448
4651 4068
6174 448
323 4382
7124 9018
8395 8657
4422 4454
1064 1503
2366 6536
1247 333
7825 2552
4804 3104
1939 7272
1376 8337
9571 645
7131 870
2674 6381
6291 8631
4884 7375
2495 944
3305 6585
7698 6152
4412 8318
8500 8915
722 8088
5704 5345
2689 2502
2915 8418
9728 752
3882 8334
2316 3729
2805 2207
8642 9069
9322 2147
56 5393
1370 8890
8888 8209
4778 5323
4345 1006
8388 7244
3706 5882
1919 8665
9011 391
288 9982
8068 8625
4535 2927
6840 630
9356 9450
3722 9204
3138 5924
187 2792
6468 644
8299 5161
2094 9620
6660 1877
2652 2387
5422 4926
2785 6663
7635 5544
224 8356
7754 1707
5055 6048
2354 5839
5570 6878
8185 8980
4638 1512
3731 7206
1622 9304
2816 2961
3455 4803
7475 2958
7460 3576
7101 2157
4248 6849
469 9980
1677 7357
6926 5312
9420 5574
7618 5851
4518 8975
9981 1191
5821 1548
8902 231
1525 7245
7378 5306
143 8675
9727 5531
9577 686
3384 6629
2328 7979
3535 2743
9008 5407
5461 7884
8203 4246
2871 5654
3277 1676
3551 3909
1558 8215
2945 5647
4853 4844
9499 448
9617 9892
7611 1560
8913 9257
2274 1551
4922 7857
1087 3688
1875 1430
5841 6018
1365 9237
7500 2136
9494 8455
3560 1954
7167 4183
2799 8472
7120 3980
3999 9394
542 5736
2411 301
3197 6199
8849 8540
1434 220
8589 5818
8669 1533
1591 861
9193 7247
9443 5429
3693 4566
180 8413
2912 6289
3013 6670
2001 5523
7685 1254
5262 4730
4169 7088
8166 6725
6682 2617
3092 2856
1278 1323
9241 5994
4347 5340
2224 2411
2248 3662
4610 7583
2100 1544
1812 4507
713 8368
6809 4418
716 4718
4189 8614
8451 4918
2540 1630
356 6729
5249 6265
5366 754
1986 4404
8684 2742
7615 3734
8641 4520
366 5040
9232 6388
8953 4428
5103 421
2554 3827
5764 9818
7206 5241
749 3443
634 5367
7634 925
5966 3396
3488 1335
819 3612
1500 8131
9990 3876
127 5618
6847 9350
6382 4212
6693 2987
1006 5043
4906 5166
8247 5838
6240 8095
7317 2913
7265 4004
8029 2241
541 8035
8179 1821
7860 3269
2791 5890
5732 8032
863 1816
2552 7246
8659 6413
5197 8618
7940 5427
8304 7191
1705 6967
5679 9791
8534 7173
6223 5815
4292 5182
6827 770
3222 9034
2998 3469
9334 3103
9788 6698
1018 3768
9621 9149
67 718
7940 3040
3094 8309
8975 5310
4434 7579
6086 303
8524 4484
1334 5234
5504 576
4376 4514
3352 887
8053 22
5578 2504
9992 4031
172 8048
3445 6783
3057 1354
6431 4031
4866 9348
4579 1277
6937 416
2423 1818
4430 1936
14 3546
6788 4819
7500 452
4727 5144
6414 1883
6381 8599
2846 2536
4677 7783
9730 1339
3046 1465
4395 3441
1647 6395
9859 5334
4637 8227
2653 1503
5467 5892
1431 3988
3438 1053
2068 1818
3650 6672
3213 7206
9873 3966
4554 4737
2318 3521
5319 5476
9730 7347
6683 6646
4223 5648
1223 9116
8522 3063
5879 3041
7617 287
5778 8790
5241 9881
1675 8004
9604 9482
366 1073
146 5702
5 4197
8962 1837
7092 2341
1315 8456
5974 7530
9865 4971
3844 1636
374 2600
8691 4749
9253 1069
801 937
1933 605
20 4381
4297 4917
4414 540
311 8911
1410 639
6394 6837
849 9915
6843 9115
82 1715
4497 2503
8098 7892
1025 4407
8591 9289
9147 7540
1393 9457
2971 1159
7820 8789
3980 7823
9469 3416
7515 9453
2964 8764
1687 4433
3709 4723
5584 8501
7542 3822
5325 8004
6159 2768
8774 7997
8629 4953
9469 3211
5549 4060
1497 7474
7166 3239
2609 3939
6710 5431
4115 6765
9948 6930
8560 5735
5632 2930
8207 8525
2913 9639
3418 7649
2654 2470
8840 1071
1147 5344
2982 7835
8542 5556
3032 8045
4713 1194
6993 9573
2293 5015
6658 238
6450 1959
8477 4799
591 4340
214 3724
4773 9065
4184 2732
8850 3078
3336 6112
3300 8675
5972 9593
8641 6825
8410 8358
2867 3778
1806 1461
8846 907
1353 9241
6179 8108
2843 4216
2640 9144
3610 5991
3284 8192
934 6160
8798 5774
561 1847
6282 4416
2536 1554
7634 6020
1456 1450
2246 4131
3831 15
1798 8151
9554 4
4271 2438
3896 4360
275 1761
9643 6020
6029 4716
4345 1175
4229 8574
4061 953
926 6647
8089 9929
3043 3415
6966 728
4784 2185
1192 256
4365 1380
9254 7164
9565 2736
6418 5505
6655 4725
4388 70
3065 9231
7542 1540
2135 785
548 4499
8587 838
1789 751
2545 6944
2732 3899
9780 7656
7459 8007
4823 3354
7333 7743
2545 9481
6690 8267
6539 5049
5658 7418
74 1468
210 9668
7554 4314
5503 9218
4200 3799
2714 3694
6485 4015
6645 3856
1179 6132
6779 4039
7481 176
3328 1290
1619 7561
3117 6942
9999 6222
8637 5998
9911 322
5775 6936
6801 2306
2711 4084
7927 3269
9869 2165
5881 1494
2222 7169
2375 2354
749 6933
6346 7600
293 1267
4574 5343
4666 2103
872 4958
8746 9315
7122 9261
5802 4369
5478 5602
125 5065
5798 3460
3913 3294
7013 3997
6387 2533
7654 5867
9397 7238
5332 9648
1442 4290
1659 362
9967 9091
6589 8761
8709 3887
625 7491
2609 6470
2536 3210
15 8354
6431 9709
6312 3230
2699 7745
2368 5644
8306 4659
3241 8583
8684 2720
5447 3739
8364 8502
8520 5076
4920 6671
8561 5484
6659 4105
7117 1046
2898 3919
931 913
6993 6789
3195 9040
9603 9380
7881 7641
9806 952
1591 1743
4571 391
4069 8887
3997 2110
2647 500
9199 844
6006 1899
5531 9496
6773 2015
1871 3601
9041 6031
2311 2045
2643 5912
8242 4519
462 5611
3073 3493
7844 2411
1656 9906
6770 3837
883 1089
3033 1978
2136 8197
6081 6546
3010 3221
6577 5886
6390 9254
8227 8400
4137 9819
3283 4908
3788 2008
9307 9190
3043 4989
4104 3588
9571 8643
4711 3403
8461 8451
1257 1568
4789 1148
8995 6569
9102 38
3516 4825
8921 2815
5582 2803
4272 3704
3835 7944
8760 393
7459 195
5171 3223
84 5127
3780 3470
4261 2404
6749 4107
8599 6404
5485 8300
7670 247
4885 9777
5657 3244
1245 9752
5251 8873
9998 9192
9888 8754
8450 3839
1605 6735
4225 8222
4241 9805
7325 8582
7422 9201
8342 2605
697 9168
7787 3025
7899 4784
6972 5267
1486 4601
4255 1949
49 2754
9583 6165
1633 5855
9613 9012
9891 9356
4887 3032
6567 3022
8609 2126
2677 2926
23 7662
6803 8448
1673 9163
3271 4862
6798 2002
8760 5900
4559 7467
5304 5984
5294 795
3335 8982
4093 3839
8285 7479
6550 600
9644 8593
9194 866
4903 2949
7994 4684
4831 155
8757 8133
9404 2163
6547 3886
1446 4701
4616 8404
1493 7359
2366 3018
4524 9945
7044 433
4251 5283
6739 800
998 1007
8341 4399
2628 4642
191 3566
2727 8239
7128 2586
7824 8354
7650 3150
7779 3231
5858 3475
2102 7042
483 3682
6771 6111
9754 8718
3479 2794
2854 9950
767 1183
9289 9408
4661 5227
5659 2951
1850 4402
3648 6241
6017 3174
1092 8416
2124 2085
990 9486
1459 3017
4740 4984
9452 2028
1050 5742
4652 8383
7343 7511
2018 7215
1616 4668
8510 8964
2204 9223
4325 280
4792 7023
7878 6062
7206 5344
4759 5578
6251 1330
5987 1611
9797 4926
2560 3543
3825 2308
2814 8893
8903 5619
9614 2919
7169 3937
1144 1810
4951 7400
6850 7705
8325 3962
3340 6553
3757 564
4899 3259
5675 575
3215 3462
2006 7383
4026 984
110 3255
6790 9456
6264 2357
969 3637
9268 7306
5621 5010
780 888
9987 3597
7648 4835
9561 6247
2817 8989
6145 5355
7919 4435
4263 3586
2726 7516
7685 2807
3999 8718
878 638
9719 1237
5377 2029
1228 9664
1031 4026
9378 5522
938 1151
250 401
3451 6948
9745 867
8498 814
9082 4855
1664 3497
2833 9500
6755 7647
4446 948
6614 5274
4802 1723
8115 1270
7037 5194
8765 5919
6664 9808
8138 1085
2691 3759
4110 1822
9885 3733
5821 7901
3226 8168
1515 5986
5823 2328
8828 4398
9101 333
6859 3627
1208 7191
9227 4354
8909 9519
7735 288
2350 5853
567 584
5209 9189
8216 1750
812 1955
1301 1711
1 4254
1909 1913
8195 3910
9557 8248
1338 4929
1875 7525
2382 220
660 2246
9758 2179
5279 8559
1250 461
3378 1286
3795 9833
9373 9637
5661 4376
9862 4549
1677 8751
9576 7567
3203 5840
46 5459
9060 1101
1787 4638
1162 5825
9492 5936
7407 1172
9449 4218
2470 2660
7398 1202
6423 7845
6666 8411
4074 3838
8260 6864
3461 2738
2617 935
2876 7192
7580 1535
419 8631
2562 64
1257 2641
3928 8480
667 1112
8981 1860
165 962
9894 4807
2054 8552
2085 7858
2233 8497
472 699
9032 2699
6618 9016
1816 9947
6451 6677
6773 3744
1259 8453
699 8613
656 6966
5412 7851
264 480
9800 6938
5042 2572
4978 1389
9923 8389
3475 2605
3713 5606
319 3644
7468 6655
9207 1260
3314 6559
2915 9396
3007 3534
4592 8849
5580 8628
168 851
8588 7254
6520 2608
1289 7609
6692 1353
4794 7732
3533 4724
6275 5290
9210 1592
4648 427
6137 628
5081 2032
8013 1236
7013 8856
8699 7159
57 6279
3633 6801
5260 5775
6789 875
2263 5708
8719 8399
2305 7331
4477 8228
2135 3213
9745 3999
8241 5251
771 152
1389 5477
5152 2819
4726 1345
9140 6837
7358 7269
428 5123
2986 3715
2619 3173
8264 4248
8183 497
1342 2271
5528 8286
5986 5730
2538 8665
283 6220
1688 2404
607 4569
8598 97
7639 5350
7824 8917
4428 7814
6654 822
6682 9863
5323 6560
9131 3393
5512 7333
7878 3256
7150 9062
658 5019
271 3226
1139 6979
9683 5577
5739 9493
943 8631
6158 5591
2523 7233
6877 5534
4555 8828
1348 7438
5811 121
6282 6079
6046 3435
207 673
663 7073
6231 1558
1724 4453
180 8530
5770 4873
6045 365
4748 7891
7240 9243
4088 4951
4289 818
6767 1020
1578 4002
3734 7202
5969 4783
832 1516
7063 1900
1943 974
4269 8895
5215 1297
5302 9548
6968 1333
792 5368
2266 6236
3652 3910
6020 9871
4402 9260
6736 5068
8122 923
6753 3456
664 5319
5288 678
9874 6237
990 4954
4452 1420
3277 7307
208 6343
4875 3531
7535 6728
6660 120
4872 1877
3565 8133
1643 8560
5921 2627
3452 2804
4288 3699
8113 4260
9493 1720
5818 9824
6958 123
6415 5532
5605 6691
2840 3071
118 1586
9702 4589
7153 3308
8671 1170
4641 5303
3576 3289
7629 1197
56 88
8855 6636
618 8876
3721 23
4096 1359
5061 9425
5417 8010
7132 3330
5043 3443
1476 1367
9648 8928
2237 1922
2980 6636
3535 6994
7850 7305
8706 5765
1625 1302
8555 1110
9960 6148
5265 3457
3453 5251
2985 1891
9127 7270
4456 2140
2042 5842
6054 5004
7054 4729
245 5889
2404 5086
6036 2367
1622 794
6536 38
8440 8317
3755 5941
3373 692
2917 7382
895 7894
3171 5642
5181 8155
3231 6629
9729 7203
9414 3536
8417 6291
6747 4769
6492 5820
8589 5848
8056 6652
8566 1317
3330 3587
2547 1836
5065 4929
8953 7663
1056 4538
763 3826
1648 378
6084 1387
9759 6681
6861 767
6344 4668
8450 3871
8306 8622
980 1003
721 694
4709 773
1608 8855
703 9980
1322 1388
2002 8222
9803 6207
1169 6569
5773 1190
8180 5028
464 6124
3153 5965
5138 1010
8556 1813
1363 2112
4080 5750
9293 7303
2960 6960
9096 9211
518 432
2721 971
9968 4347
834 213
1517 419
6735 6223
7774 9606
4884 9194
6050 8540
3916 6581
1825 437
8000 5897
1162 4146
7696 6799
2199 107
2866 6883
2524 5858
3177 9284
4937 8534
9510 6462
898 4479
2729 4132
5506 1511
6918 1756
1503 5000
5494 6216
2621 9100
6149 5934
331 187
9669 2602
8482 2087
4943 8913
1073 3705
2236 2566
8776 5059
5327 2635
2232 3152
7932 6842
5884 5506
3328 4934
2829 730
5174 7831
8565 8882
7195 5285
4892 6667
6652 8950
9096 1241
3325 1986
3794 3157
6710 8961
1310 9344
9291 4455
7668 4772
1121 7864
9998 9489
6468 6731
4435 4
3825 8188
2492 4146
8886 9162
5551 2162
6005 2643
2813 9367
515 5721
8673 9133
9380 5357
9845 8489
7508 8827
7118 4226
8273 8553
6987 3529
5061 4682
4138 5405
9848 2328
7083 589
4937 6527
9156 6454
6766 5139
1700 5244
3534 2313
8331 8540
3548 9760
1183 6338
3759 5024
2526 2094
3771 8378
9910 1048
956 9644
1264 7312
2502 9447
1045 1658
4510 2028
7989 4169
4 9037
4046 7655
439 4121
1148 2742
5106 2729
3341 6522
7222 5842
5012 7904
8252 783
1694 8323
929 606
522 6794
1421 4839
112 8162
7342 7782
954 3239
6623 1956
4596 8018
6709 8609
831 8294
4264 849
4782 6338
3106 6203
9157 9706
2415 6058
5992 6612
6577 1410
3400 6043
6022 4322
400 251
6588 7796
9551 2391
1900 7244
8478 2853
859 4832
4938 6380
6001 923
9811 4096
3266 6844
9466 9250
3130 3120
3041 4939
4321 3512
5650 9497
1589 5579
8385 8861
3756 27
4156 5795
8514 583
3820 3754
2043 5524
6410 4001
4940 6324
8093 6005
3592 637
8581 4561
8961 1667
6160 1478
4163 861
4540 6820
678 7453
145 9231
4180 6472
926 1973
2557 2726
1255 6913
7258 5807
4851 9342
7958 3399
8441 9894
8426 7544
3536 8121
6044 4874
6531 3430
8067 9752
6525 2346
3490 9412
2245 1563
781 5481
6683 2873
379 4464
9294 7873
9957 2990
4974 2657
1286 7299
9650 1519
7289 2520
7591 5318
417 3399
1929 1425
6963 2561
3983 3960
9788 1134
8878 280
8789 9691
6951 3196
324 5986
9240 4661
73 8642
1467 5451
188 5739
8136 9924
6048 8396
7043 8371
5105 402
1001 3941
6256 5639
1373 9462
4180 5680
8323 2406
3440 9188
1421 2744
616 8652
1426 3280
5507 3269
6874 6671
4859 6825
1684 9245
9054 68
3494 3504
9107 2061
9089 2551
5119 605
1208 4687
698 1123
4013 7817
1525 7106
4753 1280
623 5237
8440 3700
462 6625
501 5791
2031 5459
734 91
3531 8726
586 1251
2070 4803
9586 9441
7616 7188
3070 3725
7732 2267
5851 1763
7492 3725
5573 6001
2500 3964
9895 306
6263 7513
7124 8068
4604 775
9980 5718
384 7959
8629 4375
5386 5602
3366 5632
4820 1307
6026 6269
8964 2189
9299 8883
9049 2742
2022 5407
6713 2322
1125 2680
7993 8897
8343 8368
6275 9266
3788 8647
2696 8124
3771 103
3790 706
4194 8752
8657 3382
8768 3969
412 9828
5299 7728
2361 228
4503 5377
2182 9297
4313 6613
255 5082
9093 4693
7598 7066
1334 2964
5458 2855
331 4084
9076 2688
1623 4637
2612 1096
5737 6625
632 6435
9574 6833
2160 89
1664 2850
9174 4304
1569 7189
2287 684
5656 3590
5399 5771
1329 9092
9509 1042
5742 2188
8832 7819
8538 1388
7005 4484
3406 3157
7832 1117
4856 4161
7349 75
195 3952
6101 5924
8130 9407
1449 2271
1127 4927
3982 6294
5113 3618
4318 8069
1987 2774
2424 6400
5411 4354
4995 9654
1217 8274
7855 7708
7710 1653
5337 3371
7997 6060
926 9500
7677 7842
8016 9988
3574 1152
4742 9887
432 5980
872 6870
333 4118
7406 3390
3775 7374
6140 2253
6964 9832
4739 6701
706 1443
1165 8359
6269 3796
3339 5080
9795 8283
5451 3444
4855 2484
1306 176
1597 854
8849 399
5776 1755
6868 4250
1993 6737
8346 3605
7410 4884
5532 3435
4615 655
2092 3904
3779 9718
1027 8530
4785 7609
1158 1915
5329 9873
844 2549
1250 3352
4996 3574
8615 54
2772 4955
8626 6020
5385 4059
1005 4538
5478 5103
8778 3532
4090 6337
7604 5309
2581 3138
6737 3681
2706 6454
1993 225
3192 7399
2072 1644
8175 3336
3449 9435
3406 8231
7121 7844
3733 2788
9848 9384
7820 4904
3765 8141
5330 4980
6357 6731
7109 4659
3584 3750
9740 6877
5812 29
3525 3656
3014 9197
1045 4616
497 3770
4783 285
3938 359
4222 4449
3730 1602
9457 7860
7106 1996
1753 8499
1121 6334
2009 5254
4633 8499
5651 535
6379 6771
6097 7043
7391 5208
6318 2233
9848 8305
6009 7227
4035 309
5416 1084
3139 5537
4997 7042
1744 2569
689 9951
8700 5522
6315 3096
184 1027
2826 738
6170 4412
7210 83
4199 9900
1646 1557
228 894
1617 1342
1972 1600
7201 6872
9673 8978
4054 7857
4867 6774
2275 5030
8420 6844
1115 1145
220 9844
6080 9665
8015 9716
9761 8310
8164 8220
9460 425
170 9170
8997 4756
2352 8061
6367 1866
9598 6512
8561 6443
8650 1422
290 9795
3745 2125
5149 5334
1518 8380
2417 8853
9939 593
5825 3372
8932 8484
6140 8875
9895 5981
6594 3517
6269 7887
1521 1516
2793 1072
8754 2486
3328 373
7877 7737
1550 5270
7984 3745
5199 1951
7506 238
8968 4079
4693 3179
1240 4731
3251 1726
7663 1745
1407 1579
3527 1689
9704 6088
1778 7462
4073 7190
9227 6840
7861 7049
5845 9407
7966 6349
7731 1503
3760 5723
8753 3960
1815 884
7994 8092
1854 863
4114 4210
259 765
8624 2696
3653 7600
1721 56
3170 7454
40 3993
1399 7121
3273 5528
9690 5659
1352 1943
6950 7471
4686 2564
8289 252
7719 6971
7950 3423
4215 4725
6026 5736
6369 343
5843 536
4004 9566
1630 7077
3036 5316
2502 8390
1201 615
2171 6325
7127 8571
9074 5212
1605 693
950 2545
2949 8806
2873 2497
8118 5790
91 8480
7094 1353
8165 7501
22 2778
4242 1816
8759 2978
864 1433
4148 5411
2284 6910
1909 6596
8942 3321
8449 5943
2578 5721
9907 8337
5714 2374
7484 8794
6059 5289
7895 3432
8902 9947
9131 5066
3426 84
8150 8362
5616 851
2253 5126
428 7327
9991 8906
8695 8178
3804 1679
7584 6236
4994 3909
2978 333
3332 5918
4573 7513
5913 7983
9736 2969
2515 2405
8606 8615
4427 377
5915 7518
453 2347
2330 453
324 5448
9792 1646
8444 6186
428 9163
1533 6282
4414 8869
1139 7854
7342 9113
6901 1613
1994 1017
4371 4563
26 7073
2386 7806
8044 1639
1439 8124
6945 3500
5029 8443
5316 2108
5748 6074
28 2123
1564 8038
3526 4450
1873 4212
6130 3624
2891 8888
7316 1485
7776 3772
8935 4974
6341 1726
2106 7819
3279 3047
2971 2688
4551 4552
4492 560
4063 9579
8124 9728
6394 9569
9236 3028
5232 8562
7616 9808
3876 5005
7974 8204
2710 7382
139 868
4399 2779
9078 765
6364 7845
7891 8406
1940 1779
3458 1714
2838 2608
1844 2920
5448 9944
7943 7693
6230 3592
251 850
8915 9788
8684 7147
9702 1507
4359 6636
438 9863
4524 9790
1627 9029
1893 5515
6048 4071
6731 2778
1256 2694
2117 6269
6616 4915
1471 7962
5360 9534
974 5548
3930 6425
8763 1769
9141 8328
6040 9210
7078 4851
6318 1020
473 2122
7141 7398
8679 6056
2815 9744
6318 6409
4282 9767
7067 9673
6336 3333
1643 4920
1131 5937
8746 2880
4204 4481
293 106
8364 7738
628 7533
9006 6130
8880 2241
9083 1930
7340 2153
4459 6026
6353 5183
9948 884
570 5372
9056 2141
1864 9681
3773 9386
5114 5923
4437 3139
301 5739
8715 6179
2833 4111
1004 1795
234 6201
1901 2327
3229 8485
748 2857
7293 288
3407 9892
4878 4134
3343 3121
9724 3197
566 5887
2018 8682
5007 591
4700 2340
3410 8314
7691 9183
2475 8898
3949 2277
4750 2202
965 1200
675 1178
454 1682
1281 7747
562 6890
98 2970
599 1180
6206 5101
8715 5829
4360 8306
5081 7461
6309 3983
6982 787
7408 6760
743 5896
4618 3567
8867 9005
7971 7307
7669 694
992 4627
1503 9533
4273 9566
9622 9842
3656 2226
1275 3471
3787 5535
6830 1117
3600 3980
5885 633
2849 4319
4615 4473
9643 9572
8011 3434
8241 5931
684 7561
8939 9389
5037 242
6297 8071
8248 3979
5731 7621
8159 8804
8531 928
899 2688
6656 9425
8146 5187
391 4608
9098 3379
2579 5740
8161 1582
4510 3599
4065 3961
8191 66
906 7720
6509 6628
3327 6211
6387 8787
9368 7451
3056 3493
4158 6233
7205 8892
3903 6952
9101 799
6513 945
9114 898
367 7189
4197 8124
5809 9581
7200 7266
2034 4715
3737 2133
8660 1232
2112 6314
3352 9291
9938 8385
4719 6339
3498 4302
4734 6914
4460 9570
6743 2200
42 4387
9088 1873
4179 9362
8130 6312
570 5517
672 172
2446 5194
8804 1035
4566 1749
1004 4474
8556 9247
4770 7328
4172 3478
5472 1672
5898 5141
9938 9834
7219 8434
9993 2589
7011 9308
2387 5527
811 9686
622 9608
2444 7468
4289 4209
1722 1832
4131 9349
6606 6950
4813 2146
2246 9222
593 5947
7921 9903
1188 3902
3781 2404
6769 4070
5798 321
5294 724
4651 2265
7535 622
1637 7071
3040 1465
9563 9672
7016 1207
3059 7124
523 3702
5803 6944
6376 766
189 1638
9601 5270
1312 4415
7619 7482
5325 458
9385 1104
3478 5549
4056 3169
9128 5231
1016 3362
3436 3106
8234 5164
4292 2744
6211 7627
7496 6635
3392 340
1615 6181
3670 9678
5818 3656
23 8513
6685 7014
4845 468
3077 9771
7321 3764
503 9561
2756 9858
6301 3530
8225 8640
7863 6319
9816 9414
689 9796
3283 4118
3957 6975
3140 4298
8559 2509
5438 9060
6699 5357
4271 1249
390 1280
8460 7842
4767 2183
8252 4875
8185 5410
2956 3831
4345 25
5109 4296
5469 9939
5492 6601
8424 5749
2398 5950
8128 1873
5044 364
9382 9203
9572 4942
299 9356
4518 7849
7758 1166
6 8878
8447 4262
5254 7132
5466 1164
4538 3971
9844 3897
1575 8624
9580 5234
1515 3022
1211 7664
4676 1108
7263 5292
7298 8280
871 4383
3320 4992
8842 3194
4177 4819
1199 5430
6843 9128
1482 7054
6364 5911
2674 5989
7959 5516
7071 7179
9525 1170
8640 6529
9092 6783
603 1261
1167 1465
9744 3495
2709 980
8633 913
1788 6160
6165 3420
4450 2874
4268 8395
4912 8640
9957 4963
3331 8429
5926 9095
2432 346
3466 3264
6292 8336
7475 9974
7776 7741
1965 236
712 4202
6904 9619
4522 5889
1868 551
8883 9435
5216 7851
649 7264
7475 1074
17 2706
3430 2235
500 9711
9544 2749
1127 3594
8250 853
6197 982
7638 1838
9940 4166
6231 4661
7899 9300
4779 8904
1752 5828
3566 7560
2441 6449
2243 1415
1370 4140
5200 623
3983 6635
9200 9873
1605 3060
1124 6015
1322 9240
1032 9483
3675 6010
1712 4279
1721 6424
4522 4175
1342 7298
9383 5255
1082 9484
2427 1643
4145 8457
4357 9023
8862 987
7872 8919
3605 385
3034 5499
8463 204
1656 8418
5602 5816
4230 2326
6451 2575
657 8082
6935 7045
8722 7063
7505 1404
5160 3402
1075 7495
1314 700
4329 9522
2232 4056
9855 2728
9505 4943
5778 8163
6984 7533
1844 7317
959 4190
9957 2898
9812 6805
9204 9993
8881 5350
5958 1451
329 5276
8136 3446
585 202
8250 1496
4479 5072
9167 7679
1549 4109
9735 147
9462 9214
3520 1044
5242 6098
7478 2249
2290 3400
5680 9153
7934 3263
8629 2286
6362 5245
7311 5680
1602 1870
3765 4744
2046 6583
7468 489
8211 6302
5668 6684
6076 7111
4108 9869
5767 7598
4789 9740
3450 7736
3557 3219
4563 5180
5118 7726
9929 1045
4047 3205
5493 6639
621 9
5987 3915
3945 2452
8864 7866
4129 3253
2184 7527
6941 2285
7256 1091
7417 3607
7320 6075
6561 7440
8474 1157
1568 5932
5953 5844
6697 3719
2549 5640
8614 412
3203 9897
2055 9214
6734 1215
2984 4152
2135 5315
554 5601
5246 9871
3616 228
6701 4601
350 3895
7207 6491
1340 9575
7411 3939
7284 7471
698 315
7372 5425
9712 3513
2468 2714
3581 3912
7148 1451
6064 1815
9397 993
4970 1747
4031 484
8138 4875
9212 3743
4841 3755
9590 8817
8886 2518
4814 3601
974 8562
8624 8279
2156 1479
161 2535
1686 7332
9261 4342
2839 1268
1712 5651
7974 9076
6174 4778
2563 8776
9217 5737
3550 1457
4432 1730
3176 7310
2680 1741
5925 4806
4560 3600
5766 7415
9271 9303
3565 6730
9765 3014
7683 3561
6358 1226
4342 6745
3218 3993
9245 9284
921 6484
7420 3097
1078 7158
4845 1183
806 592
6954 753
1735 6007
1134 2615
6389 6093
2930 3190
6034 9005
5903 236
7855 4581
5205 644
8198 7090
6611 6087
9340 3798
5904 5773
9880 9826
3501 5712
8726 5556
6150 3135
5969 6679
6989 1621
4854 2127
9447 7240
9537 7021
2762 9100
1555 5824
5308 6621
7575 4082
4359 7806
8425 4804
964 9398
9698 7883
2542 487
909 6
8079 2921
2786 7470
4691 8021
5062 3367
4835 293
1815 279
6866 3866
8856 8700
5650 6540
9168 7952
4551 1966
555 1074
4514 8711
7380 3455
8744 6179
4808 7711
4315 6797
5573 8895
4848 8224
960 5916
3125 8423
689 7062
4415 8472
6654 5206
4692 3054
9306 4509
9329 2956
7735 8799
6059 1416
9398 1388
9536 642
5928 6706
9461 4443
5125 9339
2058 6325
7758 8357
5520 9461
5726 7094
7603 8384
4974 2612
6813 1603
5649 5324
7022 738
1755 2387
4589 7092
219 4042
3810 4541
6785 10
7653 3181
437 580
5734 6318
5566 4020
7231 4382
9081 5774
1654 4664
3493 350
5669 9145
7302 4445
9533 8178
7768 1956
6616 1862
9755 9405
8720 5541
4474 5833
9870 7004
2907 2234
2062 7158
1019 790
2761 8380
8761 1548
32 8692
5844 198
9836 660
3390 8825
2256 89
7497 2150
4772 1551
7841 5229
8066 9052
1441 6561
5206 1333
6924 4420
504 6765
7203 8004
3296 1666
5242 5169
8974 4990
2814 8795
2956 694
9048 1029
6539 6188
3711 3045
5202 1433
1043 860
3179 3458
2856 4775
7521 365
3257 3556
3288 5929
6253 6635
9119 6874
940 511
6082 3281
5827 2983
3210 4848
9404 4210
8202 4761
7461 47
5268 8218
917 8006
4191 7267
1666 7113
5936 2571
7484 537
8543 1021
554 7397
213 3865
6832 8669
3663 5351
8465 2622
9922 8968
3278 2185
6031 7678
5 3953
8565 3285
4039 1872
248 8887
459 9653
4668 4009
7269 3581
5723 1430
5630 4513
2346 8203
5351 3507
2572 148
1435 1552
9845 1669
7677 8056
2341 8678
9297 7478
4829 1979
9064 236
9161 1074
7891 623
2122 88
7575 5234
6964 6667
9290 6966
1511 7829
6784 5130
7501 1364
3507 300
996 7650
6289 775
4901 6938
8815 7607
1027 7523
7477 9472
4224 6480
2457 5347
9442 4420
313 2585
4416 1232
9737 4396
9813 8638
2436 343
9022 1281
8517 7959
1719 4936
6803 8097
7895 1110
8972 2565
6552 4476
9820 361
1680 5499
3583 2476
1738 5917
4749 8249
8470 9379
4250 1927
8039 8576
1005 732
3804 4582
7550 323
6583 5887
4293 1386
6982 1598
455 3187
8811 2490
8274 703
7824 1957
4177 2941
4837 6264
6325 6422
3120 9312
5501 5226
2113 5065
2233 7021
290 1797
5156 6912
9017 4483
1264 4578
2754 5790
4882 7418
2502 1031
793 6673
3221 2783
1003 5367
9592 2857
3157 6294
6918 8177
9620 7107
4288 5215
7472 7284
7106 3511
8756 3449
9005 2515
2296 9982
1575 2819
8653 6824
9088 7308
404 5918
88 6670
9527 9019
3246 2988
1588 3722
6462 2837
7063 9596
7795 3448
7965 4572
1264 352
2285 914
2577 4667
3150 7196
2018 6566
3829 9645
4410 6184
9131 5808
3493 3098
9156 1632
7460 301
3014 6585
2349 841
3533 3449
941 3123
1744 4836
403 6410
1216 484
585 287
9611 6847
5959 7198
3792 5933
7642 5126
4423 5666
2229 7887
5602 1465
6174 8864
7207 2947
40 730
369 3544
7216 1278
519 4427
6103 3958
7654 1894
440 8183
109 4871
4350 2488
1564 3968
4807 729
9673 4332
8289 2781
4621 871
139 3902
4495 1128
4179 6599
3604 3377
1380 37
6839 8325
8670 9936
8818 7449
919 7439
3436 7475
3100 2338
9182 7426
982 1065
6085 580
6965 7794
8912 5814
9407 6749
9856 9243
3931 8025
9202 3822
9537 4916
8037 4938
3792 9459
1218 9555
904 969
1939 5985
2289 1415
894 6090
7465 1736
8416 4634
7020 8422
1811 8884
3761 3657
4073 5297
1183 5629
1670 7192
4977 3459
1808 3213
8535 2553
5701 4492
3941 5528
3872 7893
8307 9858
1513 8292
6852 8864
5530 2165
8834 7677
9202 7512
9482 656
8777 6343
1014 9735
7290 484
2759 7539
2247 8597
5607 5467
8784 8572
6468 768
528 3983
8282 961
3396 5034
5025 8859
7155 6145
7787 735
5732 6779
221 3812
1503 5331
6324 9843
1376 9121
8983 4041
8518 2432
3137 3380
6160 2322
5554 9906
3416 2950
55 4973
5793 2006
3690 5638
4673 3399
3987 2057
8790 7243
7943 1218
2525 4873
3427 1798
2604 1005
2373 4450
3708 4477
211 6288
1728 2822
3742 5594
9880 6846
7931 132
8935 3421
3227 2285
6679 7955
7779 6461
3253 8277
71 5404
3782 4094
6484 2839
4920 3145
2347 3735
523 1230
2695 7460
2322 6906
1121 7590
4261 3241
7140 4627
1362 2450
8743 6761
6369 3119
4955 3045
9574 8457
1468 8419
4505 8322
7549 6071
7888 3097
2803 6113
5782 4492
4816 4615
8687 9126
1682 7539
9562 4965
4896 4885
9275 2882
3913 5586
2299 2796
8060 235
6910 7423
7444 5552
5328 5170
1795 1109
5470 2548
7420 4134
9749 4961
6389 760
1162 9384
4084 290
7700 4797
5883 444
9616 2788
4320 3185
9497 5340
3155 4635
7438 5293
2760 858
160 3401
5459 2734
3640 4635
1603 8626
5584 1456
343 8457
3726 5042
9148 5527
1320 9448
4689 382
5080 202
768 3616
695 7099
9816 1717
8233 2111
2625 2827
6685 4414
8197 6008
1610 6074
5956 7389
391 997
6266 9168
1032 1954
1607 7915
2522 3780
6196 6276
4009 8352
2692 4243
7371 3251
2822 9437
6455 1174
145 6349
1754 1716
7581 6791
8859 3351
228 5380
4084 3636
5963 7545
4506 4498
2498 9123
5788 6689
7248 6997
6536 4106
4683 135
4027 3454
1389 7662
7171 5269
2315 3262
3865 2088
9081 407
2685 4321
495 2879
861 3223
2907 9341
4010 8819
7985 4362
6932 1913
9459 7263
2369 3688
654 8369
1382 584
8349 3295
5219 9995
8037 711
8331 2255
5513 2522
2863 2873
5051 2168
9154 2019
6564 9929
5339 4025
5708 7330
2236 6489
8017 713
2307 5893
3276 1887
9247 7320
5836 6002
3637 8868
911 8777
1913 7436
3385 111
2016 2476
8962 1751
2497 7618
877 4443
3812 750
4311 7811
6182 5806
971 2331
6341 5450
7162 2397
6623 7126
5156 222
9674 1667
6329 9938
1637 5492
824 1328
4999 1608
762 3914
7653 1579
7763 4620
3596 1806
2510 5370
4757 7183
6658 5942
5424 5185
4783 4443
1528 8122
6285 6980
9233 6284
3782 1607
9223 8305
7781 7237
2564 2697
1791 5096
5358 3063
9941 293
9077 5850
4863 9415
2393 7445
4150 5740
828 2218
5824 8072
1195 5647
5011 5370
1394 3753
7282 5726
9424 1037
8210 259
2506 7422
3190 1153
9234 1478
6629 1426
5642 7948
1206 8214
6878 9817
4593 7388
5195 9956
1668 7756
6593 6273
6328 5025
122 1137
1757 1478
3261 7862
6180 6910
2351 3912
6939 4675
7656 3281
9574 1850
2161 2522
9903 4776
5195 7150
1925 7747
7468 5748
1627 1615
3888 441
1311 2467
6772 9734
2514 728
344 6348
2253 8534
5293 7656
206 7414
6267 2690
6398 6418
4929 2890
5934 8991
6440 9283
9200 8229
629 5738
2299 6853
7579 6162
5440 2634
8515 9839
3039 7022
8812 8134
547 2377
5228 6423
4310 3018
8439 7258
1025 1642
3070 3246
3181 8521
2573 805
5036 472
7565 784
2982 7297
5083 877
6389 529
2861 2578
4620 8329
8865 9496
4799 2677
1788 3281
1670 1726
1551 532
9976 3174
9783 9380
3928 3060
9162 1344
345 2340
4204 6803
6394 1656
7083 798
651 1092
8617 6276
2413 2031
9770 806
7362 2874
4855 3411
7605 992
8360 5603
2151 2228
6015 6922
5764 3737
6380 4416
6731 5736
3196 7013
8211 9917
8419 7882
4463 1899
4558 3070
1513 9478
9112 9978
7254 3284
4794 8497
8507 8647
4033 2548
5575 2321
7356 1093
6903 4474
9896 8232
3797 5635
3204 5938
7355 8440
4982 2417
6092 5731
123 3421
9043 7994
6420 4191
3323 7157
2012 3016
8835 1342
9513 1189
6600 6346
4325 7067
5236 6156
8153 2079
2529 2914
589 4723
2932 9566
3096 401
5352 8035
3988 4277
4015 114
1939 4453
8839 8050
5504 3024
221 5956
925 8796
6302 247
3866 7254
8793 5326
9189 2185
4983 2501
1549 7507
1624 4532
4755 2171
8463 1406
8686 7229
7430 9498
1615 9741
766 4304
6351 2854
3694 1191
5916 4639
2044 422
5477 5099
283 5301
2060 3444
5684 1827
4517 2381
5675 4591
8417 7094
9241 5992
2838 1657
7586 1302
6835 6850
9813 5870
1442 2145
7095 9305
94 5542
2150 5041
2925 4395
8234 3670
6257 1110
6642 3144
7809 2895
4827 9239
9839 3653
179 4658
7370 253
8238 7371
4854 2100
608 1908
4947 777
4858 2188
2192 7697
9724 2213
2673 8200
5317 6053
4652 7948
4376 3283
6124 1972
3492 1497
8136 9044
5731 6959
5272 7279
7483 814
5042 9771
3846 1858
3413 4368
9567 8042
8041 3604
4334 4629
2013 161
3494 4191
1577 296
4308 4112
3128 215
6356 6535
5647 5468
7224 6700
922 9797
8830 5952
9381 1059
3762 5237
8926 9251
2733 6016
7896 8013
7049 416
5854 1755
6096 3368
6228 2332
9718 994
5957 2559
8594 1624
6833 6779
9139 5447
299 5188
5528 7619
1355 655
3090 3264
412 8110
8954 8780
5449 5087
459 883
6077 7395
5592 220
2771 5928
1585 7655
6152 7396
5878 3943
2258 2641
985 6517
9306 8624
8603 6913
4721 2363
7411 445
1782 9273
2684 5281
6596 5056
6591 6831
197 9862
6513 8405
6679 5972
641 4366
2196 9714
7730 8337
8972 5671
9175 7818
82 1259
9909 2475
6264 2171
4156 8947
2178 9073
8418 2700
6797 8114
5774 8834
139 5634
9889 3533
1392 3361
4836 8513
5233 7099
6035 7373
9361 835
8198 1458
6335 5669
4335 5335
8726 7271
2495 5564
5354 2745
7870 8950
7735 1678
3871 1433
4279 9884
5659 5791
865 177
3239 657
9754 3849
662 1582
2941 5237
8464 9901
8308 7680
98 9467
6290 1356
9447 6288
3289 2059
1771 8003
6614 1203
9073 3961
1825 5899
9931 4713
5572 1965
4983 867
8421 7334
1628 8446
5156 2528
8517 3464
8137 5373
8783 4647
9397 4667
6629 231
5783 5477
7984 3439
5676 1650
368 2845
441 6144
1264 3137
1302 1004
2592 4746
6099 7530
4870 123
4986 8948
6933 3413
1894 1087
2703 8493
9891 3626
5349 8785
7704 2709
1291 3365
8932 9819
1310 5123
384 7297
6256 9778
8553 3058
7935 6369
2648 6377
5329 6783
8212 8256
5690 41
3440 8993
2797 4378
4128 4167
5374 8688
4509 2952
8384 4529
701 5253
7164 9762
3269 8596
7331 4717
8321 4147
3049 7952
2472 9381
8185 6450
2742 5865
8511 6251
332 4869
2022 3316
8251 1158
7144 401
1793 3077
2198 6633
9136 546
5967 2
5499 8137
1998 5943
9629 3339
6909 1069
2006 9759
6559 1398
9092 5078
6868 987
9353 6049
8358 570
1673 1825
4964 955
8301 2588
2810 30
5522 2047
1340 366
6761 9311
5711 5469
7431 3162
9388 6806
648 6854
2018 4870
5952 3176
2694 9488
8725 3520
3009 7990
210 9351
8392 6641
1325 5678
7702 2673
7352 7688
9067 2285
8383 3747
8485 244
3134 4983
8553 8530
8228 9262
7396 2136
833 7940
7071 7027
3099 7252
9817 7055
6276 2707
9802 6093
3469 4410
802 9819
1424 3185
4750 8005
2088 1367
4178 3311
8792 7299
8327 8763
1439 8526
4153 1267
1042 4149
576 2625
982 311
7670 2120
2837 9120
2799 6982
7961 7607
1223 9565
466 4762
4320 2326
5510 9899
44 7669
5704 7558
7642 9197
7533 931
4243 2045
7207 9254
4290 1739
3313 5495
7195 9747
5387 7076
1442 5296
2086 9127
4296 2639
1924 4761
7003 5873
4941 4300
6553 3569
1146 3637
5462 5118
8172 5920
1 9308
9530 6001
7441 8847
3041 9893
6043 4940
1248 9000
1035 5791
8429 3613
2770 7441
940 1637
4624 613
4646 4439
4668 8561
9443 4678
2659 128
9303 3954
814 1930
9714 2447
2090 1652
753 9548
8946 1800
7550 5759
4250 2519
3771 963
2386 5635
3959 1287
2703 254
410 4275
1208 1682
4684 5645
217 8123
2101 8959
347 8410
38 2458
6638 4534
1745 1876
8777 2229
4974 5150
9262 2454
8944 7036
9324 502
5433 4786
1105 1818
3253 3611
2968 9366
8276 8347
796 7766
5561 2277
9371 489
8547 983
1480 2590
7574 4061
3864 6006
289 9962
9996 7927
1806 4969
5597 107
4218 8282
1949 660
87 7355
3706 4689
6059 7705
5924 7981
8272 207
5549 3433
8131 1154
3915 83
4690 4375
7962 2186
4161 5188
176 9122
9722 3746
6453 6527
6518 7228
8310 8967
1924 4018
2 2324
6249 7923
8964 4188
2233 3112
3597 6461
7966 8959
7869 2482
4364 6188
9526 4492
1715 2987
8619 3167
6104 3813
2909 9667
9334 7033
6511 9193
5596 3420
8512 8055
2852 4540
1568 6834
6680 7967
4303 2081
865 3104
6586 3085
5236 322
7358 5242
1740 9850
4247 7004
8590 1927
8405 6526
5284 9848
4508 4754
4862 1467
9505 5093
3280 8202
8449 9544
2104 5017
2161 9079
5117 1819
6483 9216
4284 5174
3628 183
1763 8127
7773 1766
2459 6370
8270 5900
7400 5703
6662 7182
3990 8935
2790 4355
6543 4639
3872 7582
1817 5236
9040 4394
6742 6165
6737 7569
2555 5219
2661 2835
8026 7540
3846 1241
7584 4696
9800 475
5308 6552
6205 4133
7581 3267
6826 8945
1734 2400
8784 8253
3952 8953
1546 1799
7073 9980
6015 827
4461 1823
5637 186
5475 4724
3918 5420
8024 1490
979 7541
1910 4100
1761 1612
6747 5634
8774 8859
1040 6142
9525 4387
2877 9389
752 2989
4527 7841
5294 9517
8367 7732
6451 2909
7658 6043
5710 4964
7489 6171
2057 3283
8072 1442
1667 7335
7232 7330
7683 1942
736 4653
4187 9032
2266 3089
9242 1142
7031 1309
9889 283
387 5007
2950 7636
9510 9706
657 4348
6997 428
5503 8722
600 77
1608 5687
7325 6602
7665 1128
536 8257
2371 2927
1124 5874
9312 1923
8667 1291
1261 5554
7404 6578
5587 3657
8263 8579
1800 4102
8201 3887
9683 1763
8456 959
6948 3416
6573 4239
9386 1115
3669 5065
3921 4893
4823 296
9879 9376
9180 8953
5900 56
7709 9637
8607 3754
7938 7284
7484 4004
8102 4192
3897 26
1253 8681
4462 3875
7559 4692
6352 6028
1106 9323
6634 7614
7220 2158
1006 2267
4916 1359
3448 7023
5163 771
1492 5483
8476 6879
4320 6460
1147 4247
8285 4254
2456 5296
5278 6730
8267 2422
8095 3850
9654 6578
1933 533
9346 673
5361 50
7308 7334
5354 8563
5088 2374
8609 8331
9980 3357
3815 6714
5902 7274
9030 5495
7365 2888
8335 6115
874 3182
9745 3662
9759 1976
2023 7977
4621 8489
225 6594
8382 9662
570 7077
2791 2415
3678 1450
1512 2311
6150 5078
1753 3097
3788 2958
2070 3216
1761 1291
285 3471
8385 1883
6147 8174
9129 3752
7286 5146
5430 3780
8502 8286
5218 5647
8124 3607
5128 7418
9522 8133
8873 9886
9872 7216
7897 6198
1223 6192
2869 930
8624 4464
6215 5794
3740 3032
7848 8923
1905 1236
2726 8484
3429 4713
856 6191
7630 6796
7344 8557
380 9884
2379 7288
4436 6874
9511 5998
6639 3068
3663 3430
6224 2668
1096 7331
2683 5318
1445 5846
4844 9167
6566 8803
6039 3233
2066 8444
4821 6603
9962 8771
3371 9589
8466 6714
2700 2832
590 9934
6899 8590
6761 9522
7912 7248
187 4058
2026 9899
6452 4333
4956 5757
2013 1264
8921 9910
1435 7726
1394 8184
3398 8688
192 2645
4727 7544
4966 4311
8911 2489
3017 8515
3157 7471
2110 5798
1662 6836
1186 5573
8090 9087
362 5534
222 3916
6775 4814
1231 4447
8573 2724
6064 4481
7328 1380
9964 5768
9333 1892
9333 1871
4247 8256
2167 5308
7005 9183
7825 7957
4775 3966
9060 5957
2123 1845
4756 7123
865 408
7840 9947
6843 943
1289 1831
8981 3728
9322 4576
930 1964
8426 7625
3402 5714
6455 1133
3338 2579
4962 211
5196 7950
5362 1908
5564 3109
9794 2097
2269 3690
8102 4556
7666 6962
6374 5843
1865 6631
138 9193
8708 4391
615 32
8298 712
3596 105
5709 2150
8156 3949
4180 113
2117 7447
5355 1828
7447 3259
7427 9465
9667 1077
9828 2744
844 3401
42 3353
783 1672
3866 6467
424 7137
3969 5190
9289 5105
4446 400
2669 2479
6028 9912
7407 84
2423 7980
5636 7282
2305 5082
5106 8682
4456 8203
1334 1242
7383 6448
9762 7973
8129 7873
4417 184
6051 5018
208 7433
9086 5515
9017 4474
8721 6030
2301 7030
706 2938
4524 9770
9593 2601
8558 6924
1193 6661
3800 4978
9974 429
9563 3170
643 1324
4138 651
9078 1843
6917 3403
9945 743
7664 5075
6192 8119
1985 7574
6091 8742
6789 4427
930 9169
2970 3195
5603 3808
428 3878
1782 9556
8197 4441
1590 8391
1047 2265
4847 8399
7216 7
2999 31
2710 8208
2230 8373
8485 2599
528 619
3080 6185
7642 9616
2614 1679
1849 9697
3733 2715
8593 5141
7551 6930
914 1357
5868 5566
6444 3323
2660 3735
9182 5311
3133 7820
6536 5054
9307 6317
2464 2374
9490 2066
6040 7577
4165 4130
3951 6787
3485 6311
8042 1663
5083 7820
6825 567
5152 2718
6655 9509
5607 9517
9279 6874
3814 9581
7886 4431
1668 4264
4629 174
2962 2359
6314 4205
1101 786
2274 9607
2900 17
8324 4344
2923 228
2872 8255
5915 8503
2407 6254
827 6220
6274 1318
2476 7066
2408 8157
8961 647
9157 9795
1076 9546
3683 8527
9597 6506
8174 1689
5236 8707
6580 8024
5648 1884
4208 9971
6591 421
8804 3646
5814 8061
8773 471
6227 2824
8174 7501
4011 1394
7603 1386
7436 9900
1218 965
4641 5162
6493 7759
4824 1591
3333 1387
6027 4935
9251 6557
2958 1345
1301 5308
7152 1428
7881 7964
2573 4497
1415 8616
6519 2043
8987 2369
3845 4447
384 2593
9031 1232
4137 8568
6221 3463
6795 3631
4816 3508
8579 5061
9889 7886
9582 390
1022 9215
6488 652
3982 6438
3624 3299
1074 8005
4856 4303
6936 9524
3240 2778
61 1077
6690 8605
3093 2561
3922 5085
3250 364
1215 396
282 9737
8063 9795
660 1732
6511 657
1058 5700
240 8432
6973 6895
6270 4889
503 280
2712 3309
1705 8894
3543 36
49 9705
9197 1291
7950 6717
7885 7616
3395 5982
2778 9237
6116 4349
808 5521
3903 8682
8556 2905
1642 9064
6425 2096
7003 8263
5774 4248
8092 4340
8901 940
3758 9340
3824 7111
8391 5431
8022 9330
9104 5206
4191 5969
4482 3603
1099 5520
4772 9174
7913 8515
2264 478
7047 6497
8371 5214
8878 8549
1391 8017
3791 5895
5627 6698
4694 5231
9995 9825
4994 3033
6280 7046
4423 7048
2702 2511
8756 8797
750 2926
4205 1967
2987 9428
8665 8768
5866 2075
5542 705
9807 8980
762 5816
3497 4802
1985 5669
6147 4061
1965 4262
8524 6342
8063 2525
6476 966
4836 5347
6036 1064
20 7008
7017 9073
5684 6599
9493 5598
5181 473
9142 8438
2393 6750
5138 318
2548 7666
3969 9108
9587 9185
4809 7114
8783 8524
5708 8129
3715 4189
1454 4333
1268 9993
7263 4519
1058 5457
5715 219
2533 3179
3805 9334
8338 5609
5579 8755
4240 7194
486 4606
6090 3780
4929 1165
1722 4590
9200 6488
4964 4669
6937 7649
3749 5935
6546 8162
6571 3999
2505 8279
8467 1783
213 5479
3348 2659
5073 8996
3762 3821
3890 5410
1833 4794
5074 2603
7870 1139
4416 7651
4369 1920
2687 2842
2174 6495
2558 9438
5334 7809
3648 7057
7440 6731
9187 6411
1135 3205
8606 2786
303 8877
9439 4680
169 1576
9392 1224
4472 7037
2535 3025
2569 1988
2182 5120
5765 5062
5026 8278
9342 7037
3967 1238
6047 2103
994 9691
4968 1863
8608 6424
8246 9250
743 9668
7115 3004
1412 3419
9173 9348
5933 2296
3001 651
9190 101
9393 5187
2196 9863
7160 4139
3627 2190
3027 9963
5206 7998
1391 1303
1651 3765
990 3755
6231 4263
1124 9095
3468 5417
814 8499
2728 1668
1642 338
4311 447
5274 4342
201 1033
576 2781
5770 2562
1777 8678
1191 5955
3436 2639
5712 5910
1132 4757
668 2365
6405 8746
8982 8612
4136 9916
4416 4461
6847 4000
7471 2878
5515 4993
8190 5087
1241 510
6053 5237
3579 7425
6437 3420
5132 7334
6456 938
3620 7134
8035 5110
1690 1025
8862 2429
286 3193
6196 8626
8102 4490
7263 9046
8060 1637
7841 1351
6998 257
7190 7071
9931 5785
3783 6149
6997 7408
8632 2275
1632 1936
5415 264
6936 6429
5217 4935
9748 8832
4767 8831
998 8122
4853 9281
2683 4031
6187 1109
3674 2142
4130 9480
4993 556
7648 467
1576 4798
6885 6194
5264 443
8791 280
7311 6443
2065 3126
5863 4614
1120 9037
1419 592
3523 7482
9989 5904
8601 1461
8153 8532
8409 4398
8858 6504
1406 4556
2592 2382
9843 9686
3239 1275
393 6370
3616 2254
780 386
8788 1390
8924 8600
4675 5005
2141 5204
9596 7760
2647 4620
7215 9367
370 824
1725 2255
5121 9813
4295 6342
4894 8898
7306 6331
1509 4979
3630 9259
4888 2555
7574 6192
6299 1697
6451 680
3175 9711
5524 4861
4872 1085
1110 8058
9390 1338
7026 2366
143 5074
4614 7447
5374 19
9246 1638
4171 7273
2394 1973
5052 2941
5546 9563
3845 3555
1719 9357
4138 8383
2246 9598
9577 1610
4026 3686
3286 6047
1330 7225
3520 3577
8949 2383
3395 4953
9750 9434
7041 7992
8821 9887
125 985
7655 1819
8655 9120
3812 148
3384 7112
9950 254
4817 7139
4145 7336
1754 2156
9654 7249
3498 2662
4007 8256
493 8903
1418 2375
8400 5388
2633 3944
4668 2161
1574 1321
8093 7766
743 4866
6067 3572
4576 3394
7468 527
5898 1564
3793 5232
8858 8540
5971 2104
3161 4172
4063 4365
8815 2675
1177 753
4781 9708
4746 8416
6412 7815
9671 2683
9843 1281
1103 7701
7937 3274
8887 2124
8258 8243
6433 5502
8114 1558
8155 619
3738 2686
9028 6662
6624 5345
3580 5295
9459 4698
9471 4041
5191 1628
3669 2081
6342 8274
6101 8371
1418 5767
6407 3387
284 3648
1494 624
6667 2110
7628 7198
3787 3823
6656 3022
7882 2165
7290 658
6333 4402
9635 3895
7815 9961
4068 2380
9942 8400
3438 8068
4075 8979
3132 7962
9157 370
4740 2037
2260 9053
5416 4357
94 173
976 1902
3567 715
4004 1118
9568 2586
1572 821
3409 7133
1419 7174
7476 6277
5921 8001
8164 1855
2174 8822
2474 3767
1871 4938
116 2591
1535 4437
3582 3855
1511 6033
3393 8260
1220 4141
7761 9121
4674 7420
3137 2013
4236 3024
5935 4589
5419 748
5343 8335
1870 9961
1446 2136
4208 6585
8821 8227
2073 6095
9426 8915
5618 7802
4041 5562
1174 5653
5439 2370
4227 4698
8812 7325
4353 600
1453 8510
4426 8182
8168 3082
567 7857
9446 7637
9793 61
7205 8808
9789 8409
7577 9108
5265 7316
3434 9236
8938 798
8426 1438
123 8536
4496 3247
2742 6796
8759 541
681 9333
5597 9803
7484 3451
1715 5668
9017 7987
201 2360
5193 178
8184 3121
427 3257
6944 8372
4891 6411
2864 7850
569 8375
5317 7435
6187 2768
250 616
7843 5598
5292 9083
257 6477
1581 1893
5861 7864
6983 9437
1203 2587
9189 4455
9258 9830
154 7935
1614 897
1581 3130
4022 5344
4186 8862
3092 1535
6532 8648
6749 9981
3001 332
1104 4902
1504 537
3142 2361
2199 4207
6377 2326
6141 8589
9954 5849
2257 4172
2475 355
4053 1755
673 6187
4231 2512
9864 3962
1655 8167
8815 1730
8034 9885
9023 5044
4646 1892
7918 6206
1253 5458
7735 6502
1701 6374
2329 7185
7269 1637
8078 2690
1585 5130
3694 5428
9758 4390
3466 8107
3652 9433
2267 293
3357 4545
24 9405
63 9322
4072 111
3118 622
1533 8304
1925 8683
9638 3872
6165 8838
1827 6462
7637 9240
6312 9648
3583 8969
2069 6744
3728 2278
3031 4313
2138 7279
4315 7984
4932 7325
2370 3462
9358 7453
2216 5841
1101 4625
2144 6901
778 2799
4260 7623
5945 4549
730 9870
9064 2611
7432 4613
8544 8125
3811 9432
2633 215
3307 3329
1268 4623
2984 3030
7874 6200
9323 3900
4551 4659
9997 453
7102 7762
7942 9519
9423 5304
7972 1504
9133 9788
4046 9445
8355 6545
1604 5386
9412 9207
7571 121
5522 6001
3568 1594
7025 3460
4269 8816
4969 6696
324 3146
373 4731
993 542
2316 2331
7598 1998
4717 6582
8286 7517
1514 6849
8020 440
5098 1692
780 955
2067 8584
9717 7010
9117 9631
8790 8849
589 5328
231 7960
2234 5034
3880 3188
8220 8020
3235 8612
1562 646
389 4685
169 8528
4677 9681
6516 3469
6615 330
3752 3119
3769 3091
4684 6033
4234 328
5330 1833
3557 3780
2051 8529
9284 2953
8710 4958
4011 5585
1318 3046
6731 6869
9072 8047
7764 7804
432 7858
2639 8992
5293 5572
3273 3220
584 5626
7470 9124
7438 7356
6564 7514
9666 3903
9714 2680
5763 666
2064 7715
3068 8686
169 3954
5044 8785
8376 2401
4592 3195
5774 5535
894 3942
8712 5692
7840 1795
6219 3190
2268 6709
6512 5631
1833 8852
2807 7205
7293 8043
3276 7271
5359 8838
8062 5458
3058 9307
6999 753
394 5893
8304 1764
5466 1171
5206 1400
8308 294
851 193
9103 1570
1772 6172
797 1577
1386 9196
7680 4600
349 6862
9467 1761
6344 92
2660 1085
7595 3973
2841 7739
1554 9688
4975 3340
4850 6456
6341 7652
7697 3072
8799 8516
6948 6830
2919 48
9807 2954
2405 975
6467 6329
9897 87
5186 4316
2255 2827
4594 2584
613 3654
1798 8509
2574 3626
6594 2424
9109 1563
3865 9636
7546 1586
2832 5408
7711 7639
2858 1986
6598 1670
6616 5075
3193 7267
4680 4627
4589 9479
5943 9852
4402 7415
2103 5876
739 2688
8525 6891
2411 8899
4337 1500
2360 6264
2003 8748
5013 2645
793 4217
741 8891
4570 2859
7087 8193
3707 1853
3015 2346
5870 3988
38 9178
7255 94
3229 5677
558 9361
6250 8655
436 5587
8649 3938
4119 3446
3366 5930
1867 3020
6182 439
4987 1921
8617 446
989 2560
4610 9960
8199 2426
107 1904
1524 2268
432 1467
3909 2004
3474 7029
2559 8670
2731 4456
4064 6225
6875 6693
4541 7868
4431 7153
1781 8063
957 9704
4933 2454
4646 8330
4699 6030
5145 3893
4239 9951
1160 4972
9373 1369
2282 3758
4260 8677
3098 590
3512 1353
196 504
6205 2454
8275 5605
4409 9136
8924 6645
2100 9089
3776 9675
2822 7711
9923 8105
2509 1705
6185 1639
8603 5347
5464 7400
4048 5958
1919 6417
4998 4256
7007 508
4186 6228
2742 4693
3506 9879
1487 9215
780 1376
929 2899
4265 2089
2634 9293
4474 4168
3937 7089
7134 6434
4885 9067
4415 6156
2434 9265
4173 5793
2578 4350
6854 2364
6024 2444
7509 3586
9454 1305
4593 6642
9770 659
6031 3522
7057 9298
3278 646
3523 3995
82 3275
2258 7763
5991 7840
6291 6405
1611 3603
3067 6233
1933 2136
8110 4916
9305 2606
1161 5836
1503 2755
4815 6680
8244 5020
7798 6008
3148 6721
964 3713
9376 5868
3749 3937
9998 1200
8498 4603
9236 8748
4946 1113
9074 3359
997 2405
3449 7403
3156 5240
7489 3376
2920 6160
6924 8322
9349 7824
9444 4662
3463 1044
9720 650
1888 7820
8697 4405
7112 5689
6035 8775
5183 4438
4332 3694
8923 9651
485 4941
7419 8192
3101 1587
5480 4557
8715 966
1285 4441
9958 984
9582 1160
2466 7820
5673 600
7258 7861
5712 3674
2664 2673
2742 3358
5387 9457
2351 2840
7448 8704
9729 8154
3672 5154
7030 3032
4877 6592
1280 7267
8098 7393
6877 4545
5100 3423
3754 699
5025 4802
2893 3682
3188 4309
4874 672
1476 3749
1504 796
6283 9507
3645 5475
740 9665
8106 1130
9313 3572
8719 7379
7096 4363
8812 9422
3748 6682
8076 5336
1426 6784
7395 8291
7591 2312
4152 2710
8465 6117
6316 8202
1617 7813
1510 8901
9952 4918
7163 912
1046 9641
5946 2664
5644 7292
9998 2932
9183 6812
3729 9156
5388 332
1772 8208
4666 6365
6586 2239
597 5814
8428 2908
1362 2579
315 4580
3521 3472
5105 894
7119 7341
7291 6327
2202 3869
4914 1062
9587 9183
7313 4514
5143 8669
9782 1063
6223 2982
3787 104
558 1535
9125 2191
3468 8921
265 3209
9382 7273
9017 6048
2874 8957
5461 1021
5590 7294
6238 2550
3030 5442
3566 3858
8891 5446
803 5821
9666 6302
6771 7516
4751 1411
286 5401
5574 167
829 7992
5507 1564
1015 6005
1252 5054
6012 839
8414 134
8771 6076
6865 2716
8209 9585
7237 2382
3366 3776
8077 8091
1485 637
4556 3649
1016 1198
8794 2625
408 6166
5518 2156
9064 5550
8962 8412
6330 9931
4436 1688
483 8000
826 6068
7206 7557
2384 9580
226 2629
1505 648
3243 6201
7079 6425
6923 1152
3383 8002
9410 6574
8742 9459
6159 5299
7238 6743
7831 7761
7017 5125
7190 2265
7 4739
154 5117
9328 5821
4476 4770
8335 289
6750 4554
796 6252
8991 4723
5956 4746
3066 5925
9357 7911
7118 9458
8107 8351
4548 6180
2605 4953
2758 1638
8029 7187
2772 4455
8422 568
3437 7716
7459 101
8961 3100
2498 6709
9816 9091
3727 6630
8601 8461
5292 3060
7705 1240
867 6417
219 3537
8729 2467
4299 9597
4166 3558
4634 8804
9418 3106
4049 6759
6650 1162
3750 873
4329 3970
6517 2630
3238 2561
2813 6635
4914 3067
450 7221
7497 307
7688 6122
2826 4422
3972 8252
9371 624
8892 1216
6501 80
2920 9537
7774 2868
6909 6654
1356 901
1264 7453
8009 7853
3268 3693
3664 1158
1730 7373
5455 3994
9889 7637
7494 9451
1944 4679
3262 942
3587 5427
1325 2153
7212 8124
9318 7956
2308 8805
4177 515
2988 9872
9800 1901
9125 6716
7169 2122
9962 6917
4638 5901
5427 8507
8291 5012
437 3387
8347 4035
2282 5019
2303 343
4705 826
5368 6816
9668 3055
4642 7491
8218 3631
4988 2901
8099 1160
1645 7325
5873 756
6409 5839
3496 9902
7309 5949
6738 3934
2246 251
9407 7659
6759 3823
894 830
1877 894
6664 8991
1391 4104
841 5089
9567 8951
3083 3156
4051 9388
6899 5547
989 3200
220 3871
5550 4053
4844 6938
8036 8695
5153 4309
3671 8650
337 4874
3540 8369
4607 3432
8206 8744
9710 1522
6982 8624
7428 9636
1946 3687
11 7168
3288 2143
8223 9653
5157 4688
8501 9298
1021 5300
8528 9845
8165 3299
5206 6127
8134 9878
13 1139
7469 4110
3109 8276
1542 9129
62 5236
3837 8276
2379 6205
5325 8354
3570 4730
8330 2330
5411 7607
9586 2538
9490 7050
6654 8372
4255 172
6319 6128
1160 4464
7554 517
9539 6657
2559 2994
1601 9973
393 4714
5665 3830
6898 9661
3230 9417
6123 8792
7419 4684
4374 1487
7686 5477
3245 6841
1417 6301
5236 4132
8090 3209
3621 1596
4948 6384
2881 8046
9299 2879
9727 8471
6778 4169
544 358
8761 5289
9064 1386
6576 9912
4416 4109
4612 9451
3632 1123
163 3017
7055 1261
5825 4516
6423 1437
368 6595
9579 721
5680 1575
1787 2405
3574 4624
4306 4828
9465 5154
3985 293
753 7445
6826 4210
494 8071
5360 438
6578 7774
900 3429
7504 3607
9528 4776
6518 3824
6882 956
7064 202
4598 6234
5598 5451
190 2687
1115 2353
7119 7605
1846 5346
4030 2931
1475 3522
1284 5639
4846 1564
9380 1949
7931 5400
5571 1572
1890 9896
8182 4813
753 9663
574 6634
1218 7165
219 513
911 1530
9120 8020
9578 4940
9211 4002
6091 4400
9848 8234
2068 7046
3546 4660
4908 8849
4310 1907
7898 5631
883 9770
5121 5483
8558 4506
9296 4689
1764 4857
2066 8553
2201 7615
1343 9317
1736 5938
3597 7374
8732 2230
9568 9459
6429 8845
6615 3280
5321 1713
5648 3512
9058 3482
7554 581
4422 2873
4868 1031
9399 2466
5018 3797
3172 934
3209 8040
2165 4440
5813 1475
3025 9705
6590 9082
614 4222
419 3928
9599 8393
1523 8825
603 7761
2845 3430
9514 8856
7312 4629
1963 9749
980 579
1311 6592
1423 7835
1858 6118
1278 6381
2186 3672
8522 27
4403 5678
3010 3301
8500 3911
8770 9978
354 3106
6769 5569
9806 1466
7823 6845
419 5717
67 9707
2784 7145
8738 7007
4638 5326
3834 8892
9132 3268
696 5965
3693 701
6979 8109
4043 8956
609 4518
9248 8141
8954 822
9371 4076
3088 6002
7175 7991
8810 244
3877 2331
8362 9194
5853 774
3727 9542
4939 6928
4841 4975
6779 6584
9354 2428
2154 1868
9765 3166
4657 747
6392 3131
228 3084
4536 8737
2081 94
7345 3590
6843 3394
449 5049
79 3378
244 4476
5016 5498
2341 8372
8564 7489
4460 8269
2455 8829
3950 5747
8675 4704
4197 4803
2752 8090
383 1992
1004 9352
7231 4264
4781 7114
7455 5397
7005 7447
8831 2225
7373 4988
4935 9031
4633 9430
8004 394
3142 1231
4747 2568
7416 8649
6075 6207
9562 2610
6256 3802
2184 1502
1452 5733
1833 3251
9732 6805
2162 5614
3187 8440
7173 5898
1905 8147
1718 99
2896 4504
6624 4662
9601 2768
8303 9237
8728 8302
1694 6416
6656 2737
7545 418
5307 9901
6954 9646
7614 859
1990 1708
6922 1772
5398 661
2962 5252
1965 4344
3052 4586
7503 5573
3803 657
3299 1021
9846 4531
89 7554
8671 9783
1049 7013
7973 635
4264 1331
6071 2509
6641 3849
9827 5372
9764 3763
2313 9412
4403 3899
5647 2600
3646 1099
4992 2347
9526 8259
4078 2338
6695 1079
7152 2488
215 7001
7936 531
5566 6606
3935 5857
3417 4171
5191 1184
9553 597
3070 4312
4140 480
5294 4013
3444 8534
4366 6798
8105 8073
4027 5505
9978 5591
2046 9150
8228 3819
4665 7799
5147 1999
2880 3845
7531 4539
3456 7744
7332 5081
6985 5987
6364 5791
5255 182
5191 6355
8604 5637
8924 1689
7388 8830
4741 2941
3125 9972
1578 6939
55 9802
6742 613
7836 1908
1425 8696
8187 3129
9109 9452
4378 1077
6928 9497
712 6690
4746 4688
2994 8551
7396 1520
5767 4635
2497 3744
9694 6295
6699 4695
6641 3188
3273 9951
2816 3105
7276 9111
537 2899
2397 8337
1976 2699
6065 2595
599 8071
6845 2981
8196 4596
7917 1623
353 8925
3441 4820
2892 6903
5087 219
8482 4775
2275 7306
1557 6215
2944 7338
2226 1268
1428 6242
9375 6751
3419 1420
1041 3400
8828 626
9553 8717
6608 7919
29 7914
6232 2326
1079 9224
5797 4323
6605 7158
5766 2502
9281 366
8335 3830
6074 9627
2676 1180
9843 5825
287 3282
6382 7532
9630 3355
1977 7207
8762 5553
2195 8002
3594 865
9001 3223
615 4603
2126 8357
9067 1823
1286 4383
7074 8758
602 817
7265 2696
8051 4972
4642 9316
6421 2472
4939 6225
5608 9092
779 4962
9683 9272
7794 6219
7434 6577
3234 806
2177 3784
2148 2290
6185 4479
7652 1109
8404 3030
429 5242
1368 9228
3270 6183
8244 1720
9019 2460
7305 3150
6249 2570
7963 2283
5084 902
9623 6115
4999 818
7779 986
3969 7898
8141 6645
4050 284
4159 1007
1771 1284
754 4623
4754 2045
3295 1812
2159 2925
9965 1673
3159 7082
16 3692
9547 2165
3929 1557
3792 5986
3493 3455
3353 7675
2892 2281
7281 5945
86 864
8614 6172
5828 426
6621 1203
3691 5015
4877 2942
2837 3049
5774 3177
5719 4155
2151 6291
9505 6157
7291 7182
8741 5328
1303 8276
1987 9815
417 8474
5846 8816
7873 410
711 5202
9102 4009
4226 7938
423 5223
8563 5251
3453 9189
2184 2974
4334 145
9498 5602
8938 8143
7680 6354
2358 6814
2004 3124
3684 9196
1546 872
9016 6208
4810 3683
7 7906
6746 7452
2163 9290
4783 8712
8242 3928
602 3563
305 5343
6291 9720
9853 6828
1007 1857
3078 7148
3278 3671
5123 7572
5430 2817
3806 7170
5039 4714
7730 2824
9930 801
6055 1729
5137 5591
1161 6905
1637 3804
4562 3906
431 5670
8511 9225
2149 5085
9303 5802
8432 1221
9898 8577
8469 4173
965 6257
54 4741
1669 7148
2727 8645
4437 6819
8184 2592
389 5718
9983 5893
2101 8257
6472 2291
8436 6372
5143 1738
6450 3149
474 7068
5295 2578
2840 7914
977 3191
3983 4945
5442 6204
9750 914
6594 613
4679 7892
4905 2789
7801 3320
962 5158
7843 6878
3379 7480
2821 948
1481 1968
6817 9708
461 101
8093 4865
6716 1078
6562 6590
7182 6279
4682 835
7635 2461
2950 6865
7999 1141
8001 2510
2049 9081
9548 5565
9455 5246
7130 3200
9142 2074
3964 5419
1329 488
2659 4300
3818 4782
1385 3374
8119 5937
4559 9780
2291 7395
3073 157
6987 5870
5401 2584
5025 1484
4632 2762
2342 3251
5002 5699
4272 3012
1874 1220
9360 9857
1450 1985
7871 9538
3647 636
8162 3576
4276 1875
5403 4284
8145 8726
6444 519
284 5304
8565 4684
8983 364
9626 9418
2292 488
3238 3193
7923 152
2918 1510
2383 1978
2522 9609
8067 2715
3560 4878
6962 8421
2537 8260
9737 2978
1510 8158
2456 9264
5988 3324
8595 9402
1560 9133
9258 6065
2338 3363
8531 4134
2789 5110
8939 3290
5425 1158
8998 1624
3309 5260
1661 4815
8536 3961
152 6246
9047 1731
5371 1558
255 8491
378 8629
7637 1111
578 3753
5566 4023
7231 901
6608 1202
1170 1829
3070 2701
3613 1345
44 4383
4144 2172
9904 920
4141 6847
4423 9852
1763 5685
6081 9464
5390 4225
8541 4817
2832 4358
8135 249
1930 212
175 1992
8025 1082
3269 3157
654 9423
2635 7917
4206 8466
337 4942
9038 7979
9125 1218
7556 589
9237 1667
9832 5493
555 4815
3362 9801
8268 9445
7420 9693
5584 548
259 4893
4060 3351
3954 2146
3000 4504
2334 7937
7812 6442
27 5986
5560 5073
1427 1254
8047 5357
7723 7387
7030 9887
5196 788
4791 1031
3071 8882
9610 8834
4622 868
1300 4784
3085 7590
1897 3818
3531 7509
2517 5639
7563 7850
1849 8586
4106 5439
660 6954
2159 1176
4113 6483
7073 4728
4661 7882
7780 8151
7311 6159
4562 6975
8491 6923
9853 805
8969 7195
6579 2889
8062 2998
7507 6886
2562 4807
8855 8906
4216 8268
5983 1710
5641 7055
3202 4661
7955 793
5350 2022
2881 8565
9494 3899
3904 4182
6513 8166
3501 6025
6759 2907
257 5709
4136 4799
458 3928
2893 2759
821 1563
5949 8179
5204 1200
8681 4549
479 4096
2887 8374
4212 3480
1489 8285
7385 8451
3433 6500
8923 29
2222 6668
4742 4262
4985 6272
2193 2374
6504 7192
182 4454
9921 6184
8589 8546
9060 3749
2047 8125
676 8680
2644 4301
3801 5153
1258 2969
8024 2205
779 7591
4608 9871
5424 8487
9685 9894
9299 4060
4472 1996
8309 3646
8204 4151
2185 5941
5783 792
7304 1116
2728 4064
1284 4812
6699 2116
3190 5299
8328 7950
1412 2237
2290 9340
7866 8500
7591 152
7339 1517
2682 9333
3443 7570
4856 6663
3125 7242
3873 661
9819 213
2916 4631
355 899
2150 2465
3521 448
5163 5918
147 5762
2064 2228
7175 4641
533 8533
6631 2179
8853 822
2338 5060
9094 6707
5899 8556
165 1841
4853 6480
9427 4108
1531 7086
9127 2098
8854 3052
1601 4071
3438 1847
1985 1800
6194 2535
1743 5924
795 3258
793 6443
8357 1776
9367 2670
6115 2460
792 8443
7011 1623
403 33
8715 154
1905 8263
4143 7640
8753 1408
4565 1007
7984 4763
7289 7772
8249 5503
1729 8324
6246 5634
379 4956
521 8892
4412 6147
5077 4983
359 1398
534 7329
133 5097
70 6745
7628 1323
1076 9244
2008 5984
9881 1333
7465 6506
1005 9223
2659 6918
2237 7434
7760 8278
8326 8762
4406 786
9423 2624
1559 5751
7722 2936
7484 6101
8741 6302
7100 4383
2626 9364
1703 367
1316 3761
2087 7497
1021 6230
1347 7848
8345 3445
8174 1825
3742 6452
119 2340
575 3994
2706 2623
4599 1519
2296 1487
8640 2921
5617 7494
3589 5376
1975 6550
8527 3596
865 3115
7321 6993
4698 7684
5116 253
8354 7672
8356 2517
7510 5563
5811 9556
2427 3767
3257 8463
4799 8370
8652 2483
7171 3973
6308 8692
6017 2459
1292 8366
9426 6314
7327 6258
2168 8757
568 9783
6020 6174
2266 130
5678 7268
5910 4559
4409 617
9606 3069
4149 2632
7371 3673
5284 4207
7312 6688
686 636
7851 37
541 4033
6405 165
5628 2436
6494 5351
614 5216
4569 3770
224 5319
5020 9519
2772 3567
7239 4007
8615 2186
7546 4137
4210 8593
5461 1509
8821 1063
2760 3524
7082 1108
6461 7974
7 5178
3040 6332
2062 2066
143 1122
8820 2270
9677 9371
9471 3087
9323 6380
3598 1127
4836 7459
2770 6431
594 5885
6161 6063
5415 8905
2616 4514
5026 5316
2740 1901
1317 5373
561 1429
9563 8188
6334 8264
3483 8153
3765 2539
3764 8097
8337 9983
9270 9122
6971 172
3591 3118
2800 6085
9077 9886
1767 8379
6255 958
974 2686
7456 7204
7968 7689
7054 9959
3313 8540
1396 7843
7954 3999
126 819
3394 9361
8023 3841
6544 4866
3030 8896
534 3178
6162 8356
8396 1864
7392 8392
8777 2832
1259 5613
6245 3542
3274 2588
7879 9185
8516 6455
7112 9064
9057 2331
8748 9726
3475 8083
1806 7639
1924 1520
1492 3307
1786 3436
7350 4485
6249 2872
1762 5218
6593 6077
971 6779
5187 1081
2754 9562
6135 4474
8467 7914
1269 6633
3471 3102
2632 424
6250 7029
681 3770
3890 7358
7474 7137
7052 4169
2573 6927
2540 398
6890 39
1077 9733
9835 7181
717 7267
9082 4042
8536 4666
198 3052
4316 9362
2799 1708
8268 499
8125 7405
230 6935
2307 7577
4544 4690
6904 7354
3914 9141
6923 4229
752 4784
2247 5027
2201 1170
1952 7504
1447 8634
7114 6686
7005 5587
9713 6887
2903 1018
9149 7986
9209 1691
4705 3859
2907 3730
2154 2096
6437 5166
7284 4842
2640 6644
7604 4374
1534 3850
688 5744
1675 680
4706 2728
7846 9429
1147 3523
4514 4377
9234 9510
3515 9712
5244 1476
7852 672
9998 2058
8919 5929
9387 140
2300 126
7305 1663
7820 8169
7785 4196
4824 9167
2132 9137
4306 9058
6320 3816
292 6442
8649 2466
2813 6158
6283 4797
3877 4900
9751 8196
1732 7262
5059 1916
4950 2232
1895 8894
7812 6202
2587 2811
6996 9293
1099 8709
6422 402
8163 1726
321 7966
8065 3995
4400 6105
1010 4014
7305 5230
3792 4575
2638 3476
3975 5423
2355 2239
6244 1087
6148 3231
583 5420
3180 6187
314 1071
9703 3839
514 5643
9222 4135
7314 3854
2889 1692
9773 2733
3226 3088
597 1581
2582 407
7873 9783
4544 6906
7715 8463
3576 5871
3386 1829
1828 5049
7644 6314
1644 4494
2949 6324
7521 8294
3844 8887
1015 9774
9920 2140
7170 2295
2870 8846
599 2610
9724 4308
3326 9882
2089 5652
6326 6338
863 930
8169 4172
5755 1991
3554 3549
3184 420
3692 9008
579 8078
3392 7017
3550 499
6373 9611
3961 5389
2053 2003
5899 6954
5183 238
1078 8242
6181 42
9007 1319
7512 1858
3337 5036
5836 9153
752 2729
6906 5876
2326 2637
7067 6015
6130 4223
8013 6336
879 4040
7484 7709
2071 6666
2590 7169
3815 8482
8464 5468
4696 8471
2043 8004
3847 3358
5848 4545
9901 2847
925 8861
1948 2830
5015 9575
9566 3914
2472 3051
7287 6980
7999 4990
9749 9793
2796 5
6005 7403
7006 9892
2467 8710
1885 1985
3569 5142
7996 3884
3223 4501
2395 3940
6823 1784
4527 8705
843 2676
2371 2455
4969 9673
5841 1044
3909 218
2545 2822
3338 5781
1894 126
9901 3319
3433 8709
5419 3709
9773 648
4635 293
6538 3848
7333 511
6361 250
8116 5186
5578 6536
5915 2165
827 558
2877 8278
1125 2066
6594 6007
3549 3763
1566 2858
1303 2071
5875 602
830 9380
5618 666
3486 2438
27 9664
2213 1823
90 2151
8419 2765
2758 6427
7529 1788
877 1109
965 3737
9558 7914
789 7820
2850 1495
7353 5932
810 990
400 6853
599 2119
1183 9393
6618 9828
6453 5942
6197 8806
1462 5323
4479 3408
5406 6940
5661 195
2952 4665
1164 8510
7934 3505
9736 5876
8353 3350
6335 2774
3860 2609
2492 6049
2343 6629
7080 1253
1420 9269
6339 4473
532 1884
4728 800
5662 4659
2489 981
4794 7861
9135 5383
173 4356
2090 8212
1076 729
1181 1763
2346 4623
1973 8022
1471 2355
7984 4149
8475 4686
4382 4544
3524 5999
8959 6845
8031 8699
26 8459
654 2672
9892 9971
5625 6239
1744 155
670 8577
4479 6334
9896 9096
903 1095
8764 1873
4231 1979
7087 2637
692 2290
187 8743
783 2485
493 9453
2548 7269
1822 9567
3956 1273
5394 1718
9634 4555
6240 1106
217 3180
5709 2130
9769 7521
7198 1522
7262 37
2424 4028
6165 4641
4873 6366
3694 3839
6142 1786
4562 5710
5985 1208
6798 9637
6414 9773
7475 575
3561 3554
8302 8996
4917 3807
3126 9526
8210 9356
4331 7836
6389 8467
1100 429
9867 3403
9629 7400
9167 782
4538 8368
9821 518
4015 8771
6635 1600
1 4804
2525 9879
3755 519
6807 5570
7779 1849
5899 5779
6810 927
9980 3274
6764 3375
7196 8647
8902 6556
8005 86
8380 2267
8861 8425
9984 2558
9339 6005
4020 9966
3317 8334
6548 5313
8431 1014
3470 6451
4809 3569
6354 5876
2475 2196
1185 5802
2606 3450
1270 3275
7412 7052
7359 6543
6823 3186
9105 6280
397 7381
4233 4356
3105 4349
4154 4645
3486 7139
1428 136
8581 3310
6147 1006
2753 9458
4597 8847
9284 2097
4924 6691
1313 1583
1894 7789
6861 9907
5110 6066
9030 117
9548 6262
5449 9987
4835 2743
2850 8097
2426 451
1515 7993
8614 9001
9729 3774
8401 5749
7049 4834
6870 8215
6269 7642
6314 6468
200 7498
2581 4820
5618 7856
6496 9102
7066 6923
7325 270
3866 6102
417 2426
6531 21
150 2236
4859 5834
5611 6185
3402 9751
1668 7101
2582 2881
2306 1346
9745 8151
2645 9388
3267 5471
6431 4431
2270 8872
1668 3402
9728 1157
3762 6280
8860 3649
4937 3986
7221 6012
7453 9216
308 1969
7270 3847
7907 6594
7844 2886
1215 8452
9121 5085
5134 2916
2410 7487
6320 2759
6767 9059
6608 5549
9307 8304
5474 1327
334 2810
6499 5823
5549 1757
7268 4063
3822 4490
3038 9010
4227 154
1881 6805
2833 2654
6724 3872
8479 9791
4776 7901
8688 9403
3924 8674
8542 5606
3078 9476
974 206
1210 2712
4912 9426
4117 3793
2597 2323
1439 9356
6548 8018
8345 6231
4620 908
3926 849
3675 3463
3405 9623
1975 9639
7593 3774
3465 852
4497 9205
3629 6356
1603 688
4726 7461
4467 2170
7461 4446
9703 6343
6642 4321
6682 3209
218 6535
9381 6267
3382 6106
1728 1051
7114 2282
608 5968
8748 347
7850 4045
348 8720
6099 1266
9903 4787
8056 4516
9164 1305
8186 11
1432 8935
2336 4130
9690 4307
5576 3418
7077 4247
9962 1721
4758 8704
6485 5958
3491 4117
7051 7470
1138 1045
4597 87
9603 6475
4796 2760
9648 5433
8297 2051
805 8503
6864 1324
4993 9261
9766 7650
2913 8234
7359 8407
6774 9862
8977 1290
6283 9969
1237 6944
4634 8715
5500 6154
6074 2412
9770 7886
3657 3438
1744 7095
1654 5364
4101 9830
1838 5374
8585 1047
4085 7625
997 5418
477 3850
514 2041
143 1807
3098 5145
5887 5977
7545 2166
5835 8020
5638 4031
7437 4918
924 4798
6967 4517
3000 394
8155 8546
4557 1886
7164 4334
9140 4395
3908 8364
8917 7877
2105 6897
5752 4261
5321 1368
1375 6392
7330 4477
8772 6527
2810 5383
6062 8187
3002 2579
8517 4702
3084 3896
6808 863
6092 3285
1497 4065
3114 7314
7783 6012
7379 8042
5597 8740
3722 263
2401 2951
8720 816
1101 7123
654 5918
8888 3639
2227 7326
1929 4789
2565 1113
437 5493
4330 6669
7721 3232
583 8009
1860 8728
7106 8582
6103 5450
2422 3242
4576 2809
9584 6064
9466 7956
4619 1150
2480 5165
2458 2184
3530 2697
6088 3187
6755 2853
9555 2797
3756 9686
8245 3361
2070 5015
3282 2459
3914 4876
7657 8758
3157 1600
509 3071
1706 758
9599 1304
1346 9003
4898 5396
7516 9994
2198 5583
9264 4172
4017 1949
3551 6996
3094 9453
4909 5962
3459 4087
7412 8268
982 3676
3157 8447
8902 5013
5430 6277
7459 4271
4072 5814
4845 7040
7883 4807
5838 7840
1020 1969
839 5610
5120 9373
9451 8666
3854 5265
8786 7244
277 8734
5723 4137
2492 9062
5925 3731
3677 9237
6868 3013
8541 9453
216 534
2664 1853
6638 1455
9004 9239
446 7570
6228 1854
5581 9821
8122 8386
1733 5245
1185 7925
9946 1703
9821 9557
2586 4294
5536 524
2525 6568
4423 5248
5362 5814
5242 1859
1084 3442
2536 4611
4160 1239
5163 7623
3368 9108
6016 6427
4488 7559
7284 1404
9911 7157
8621 1761
5539 1164
5386 6525
5551 6193
6238 6270
8715 2654
4928 9366
250 5709
6332 3157
2893 6882
2205 9378
6213 3712
5926 8686
7871 4054
4987 1121
1266 6054
5292 5834
694 8199
862 2941
232 1006
2535 5343
9942 1416
8266 7136
763 6116
1143 8370
6184 409
6033 8207
4671 2518
6119 7076
6460 6792
5758 7261
3014 609
357 1091
5768 2774
426 8424
3523 9857
697 9755
9670 2646
1760 4404
1685 7741
5923 974
6118 261
7159 4654
4536 3890
1669 5291
9928 3486
4145 7063
2917 6456
8310 685
3526 2783
845 6250
506 4244
388 4232
7972 5642
9764 8755
5551 8287
5633 9480
1458 4052
2412 7156
6253 8567
1210 2017
6266 1440
3188 4142
229 9458
7136 9753
6631 4932
3388 4099
5527 7456
8933 6842
9260 850
4971 1232
9807 3527
3498 9587
1333 5745
3160 1562
1154 2521
1810 7888
9310 7657
6411 6627
8022 3049
3660 2262
3009 5939
7026 8025
4312 7861
2917 856
9201 4529
2055 2043
3620 1790
6391 7518
4128 7572
1282 1518
891 6027
4372 4997
6061 223
6224 6894
2756 7072
2840 8027
9668 6710
2942 7634
9368 1723
3633 7990
6858 3341
7667 3536
6374 6131
9983 2529
3366 6633
4233 5622
4320 844
585 5070
8692 3458
9284 522
5961 7268
8613 4487
1904 8983
2952 2487
2783 5552
2466 2891
5842 5172
3821 7178
4961 5571
8655 770
6783 9878
7571 822
5283 4737
4646 3322
1070 7977
4866 8257
9624 7749
5641 8392
245 8962
4449 1925
7591 7423
33 3589
6272 8968
1779 5355
2315 2003
8941 7569
2396 65
102 7497
4786 183
3747 75
6364 6010
4127 170
3434 2905
463 9196
9356 9929
6168 7381
2 6886
1215 3360
3684 4713
2631 3121
769 3301
7937 4366
8470 9963
5234 5842
134 291
3431 3492
8262 2183
4927 3875
6960 9388
3072 8605
1021 2385
6533 7619
6458 4703
6978 7083
7567 6870
2670 4173
7238 6439
7598 8775
941 96
7059 452
3482 8188
6686 1047
1300 6850
7951 961
1650 9749
4445 537
9019 6234
7848 1521
3276 1817
482 4718
2238 8359
7722 829
7935 9352
342 8868
4440 4348
8584 8105
7808 1895
8001 3823
5895 3939
1993 9573
2219 5269
9579 7080
7804 5005
4987 3263
6892 4435
358 3956
9113 671
8224 2295
206 1362
3699 3181
6811 7276
2813 8682
946 9395
8830 8881
8449 2195
4488 9062
995 1011
2071 9183
2058 9974
1444 3595
679 8145
3633 4439
695 3799
3656 666
6666 6106
3411 8023
349 8261
5107 3013
7444 9370
8502 5385
7309 8511
2384 7875
5943 9087
1186 6448
8787 7366
5526 1341
1763 3792
6061 7353
4270 682
7973 7296
4050 9868
5283 3639
1181 9097
2805 772
6695 1569
5956 9120
1470 5364
6422 4036
8373 9851
6032 6990
3702 7725
6432 3138
5901 8614
5610 1093
6622 2499
2835 7886
6477 8147
7560 7400
1161 9021
7977 9885
7000 104
2192 1147
3386 3303
5705 2569
8438 8557
2190 8990
8979 8846
6961 1087
9673 8682
9612 6363
5418 4928
7805 283
8580 1558
6462 8236
3666 1000
1489 7391
1021 2541
2383 6419
9638 7615
2475 9835
3006 1093
5948 1211
8348 1341
9739 6166
3856 8861
2988 6959
9809 5463
892 6793
9216 748
9665 8628
6121 904
3720 2293
1919 7836
3916 7964
1669 5908
9256 19
7048 8314
4711 9600
9459 8109
560 6220
7801 5607
9029 5352
345 5570
9860 9825
5300 1276
4794 8271
6877 3531
8882 813
2798 3968
7676 1736
4267 431
57 2692
3103 9799
932 5434
6366 7020
5968 7523
352 6337
9751 5150
7517 6722
1396 676
9155 1837
1764 8801
5147 6022
5050 3743
4502 8325
6983 1287
5640 6541
6670 1699
9471 6042
2820 128
7368 6912
5481 36
6460 3236
1896 4879
8966 2373
92 4104
5575 3643
7792 4628
4148 6063
2614 1090
1408 3633
7159 6886
4458 6037
7173 7137
9504 81
494 5498
7767 3482
557 5418
960 6033
3493 5532
4577 9501
3389 9260
9300 5557
5826 4282
6664 3016
5218 3530
2961 9947
5799 3214
3168 2107
1792 4309
788 6889
6846 2760
8976 8326
1153 9501
3962 9291
7716 7703
5241 402
2222 535
7563 1205
9287 3462
4809 7073
6353 3854
3987 6585
1630 7422
5333 7889
2948 3709
283 3096
1159 8814
2277 7402
75 8862
5548 7000
4004 6708
1724 3827
3750 2164
9836 1018
2545 4503
7739 5137
4162 3515
8037 5639
2857 5435
6927 2536
7293 5668
8686 6425
8055 8903
2664 8370
4232 3971
4464 6513
5826 2680
4815 4485
3581 7722
9289 2227
2637 4810
7517 6887
2556 7307
1222 4685
7877 6280
621 8363
8854 4703
2549 9709
2652 2306
4642 2982
165 6719
8271 4386
5507 5109
954 7178
5341 9731
8416 7646
353 9732
1077 3801
307 4960
5549 4778
6459 9178
9539 8127
564 7303
6255 3682
9174 8031
8768 7148
3977 3846
7207 2919
8515 9294
4385 550
4845 1750
2212 6086
5389 9347
3598 7846
2915 6407
7018 3445
2494 7956
5473 5132
2504 8939
2879 5492
9011 5025
9628 6643
4099 1590
247 4841
7660 741
2619 4307
5783 6013
8142 5139
9890 1742
3011 6658
5839 8463
2163 4535
3580 7184
7254 9951
804 5403
7641 4323
5877 7367
3186 2629
4998 9546
6230 900
6499 5978
7433 9960
3141 8933
9161 6518
8053 7019
7608 6541
8341 6623
9744 6524
695 4696
1630 206
5527 400
6072 5782
8639 9234
8158 872
4259 7509
7035 9055
6175 2182
4226 7296
9936 1209
8201 1335
1938 9781
9610 2772
7521 9467
5235 8879
6335 6104
7484 1748
2127 44
7849 4899
8940 1735
9196 9799
263 5012
6837 5999
8240 8317
5859 3366
9564 9771
4921 2593
1931 2755
7653 4186
3983 9973
1105 4332
3364 1494
6064 225
6776 2272
5315 167
8188 1899
9957 3
4594 1190
6901 1203
8942 8242
3003 8101
7250 8085
5423 9381
970 9296
8664 6093
6120 2783
3183 933
4649 2973
9786 3509
1059 8821
1782 3412
9735 4208
1572 9435
9188 9690
3918 1310
5421 2870
8306 4203
263 2019
4428 5784
8791 6459
917 6428
1162 2726
5360 8468
5088 5449
1649 8278
4664 1952
7213 6314
9797 1633
2638 6952
3276 5166
4368 8532
6023 7880
3467 5902
1604 208
6046 385
9606 9994
9351 6082
8245 9977
734 8872
1118 4762
2662 6879
7192 8730
3111 9832
3018 3618
2980 4274
9336 2454
2068 1997
2596 5909
9975 4138
3237 7210
4597 7677
6702 3759
2926 5831
4394 2111
7191 4031
6416 9919
8510 1305
2544 7125
5212 6359
9576 7457
6784 5077
918 8163
9875 2136
7712 3764
0 6224
7713 8245
5747 4541
277 9537
9793 6131
9420 2470
6138 8756
1543 4285
7678 4928
7926 3060
4151 5077
4806 4879
5568 4313
1539 2671
3795 2283
3594 8043
2087 964
3950 5240
5400 7851
6718 9594
7009 7812
2357 4936
4847 3993
4400 9501
5437 8492
2307 5899
5453 6480
4822 9398
1009 7218
4733 919
7529 5479
6180 6613
6103 678
4956 2197
5926 5671
8733 9493
3052 9560
8274 3496
4756 6284
8965 6205
4086 9145
1819 2023
7793 7246
4606 4708
688 4161
3735 6824
866 8799
4413 8512
6147 1846
3144 144
4887 3968
8411 1370
6847 5561
5680 7051
2200 2940
8048 8921
147 4479
4106 1981
2216 4699
2845 2405
619 4131
8961 1711
6153 2355
2995 7797
7870 4224
1805 7886
5687 3554
1168 9785
5048 9186
8175 1373
983 4735
5339 9478
4347 3675
2096 9228
1617 5431
4363 7229
4979 7334
9994 1637
8643 9183
1217 7574
6238 5548
1196 2996
8766 2257
7334 3676
2787 2135
9937 6966
4936 4214
3741 3291
7955 202
4610 1963
1253 7944
4381 7808
4158 7961
3723 6036
7970 2707
4369 3169
9892 4881
7868 3718
6372 3939
7212 5039
4034 6937
7404 7167
771 6257
4553 5623
9369 1379
9613 5538
4075 4196
5147 7887
1901 4614
2358 8875
5970 5197
917 8550
688 2433
3718 9172
957 3007
3731 3697
9748 7335
1788 7134
4947 3107
6716 1243
542 6373
2764 4229
2737 3613
210 4582
9403 2507
1995 3970
653 8748
3766 6069
8073 4301
5803 6930
3481 4188
8427 1438
3076 5233
8404 1452
7419 9171
441 4236
1633 1857
7574 9092
4655 9448
229 8445
1114 1772
631 3695
9439 8422
2583 6781
9593 6435
3881 2920
198 9219
4317 437
1196 7119
3283 6791
9736 7992
3083 5967
4842 187
5408 2612
8401 1985
5234 1623
7532 4515
1454 8395
2749 1061
7386 9955
7397 775
3675 8268
9215 6933
7786 2666
7812 729
6570 9071
499 391
7932 1093
1193 4203
88 1564
4546 9438
7959 6714
1544 8036
1211 6278
3770 8922
5760 5741
4753 7383
9477 3371
6236 2408
7205 1503
2350 4935
8734 1700
1453 5666
4229 4569
9778 6480
6644 9124
9292 7849
2627 979
2815 1785
7040 8719
1302 566
3272 3999
2678 6859
3583 6140
5035 324
6163 8949
99 8148
4430 8290
1272 8371
8111 6667
1690 7405
1564 6286
9379 8181
3974 3958
556 4979
8802 814
200 8649
524 3030
1101 3229
6523 6991
2584 8955
7145 6931
8267 1993
8646 7991
3682 5881
1113 6933
3605 9308
9599 8433
7586 4698
7581 4988
1466 8972
459 5441
3047 5582
6026 8562
765 2924
6226 865
2708 3078
5872 3005
6692 6632
4107 7998
9591 2169
6239 6476
1543 7972
4985 3182
1484 1465
3498 2700
3765 2747
8036 6233
6631 4233
4823 9126
4111 6803
2669 8090
1199 5539
8600 5593
1581 7561
1382 4334
1534 1648
335 901
7006 467
2850 8637
1460 3765
8875 9092
7221 9227
9248 2866
3389 3375
7660 5163
4250 4161
1812 6389
9780 8627
7980 5661
4978 5037
6032 1495
4307 655
74 8254
9159 3915
4287 7186
8877 1201
7703 4737
1322 1509
5441 213
1695 8437
2824 9680
6704 6949
1247 2592
9990 2210
9898 6135
9396 4368
8172 5325
5826 6350
2178 6882
6128 1752
8586 2830
7967 2010
6599 7437
2828 3390
6782 2644
6593 6468
7808 8655
3105 8132
7422 3749
4826 2676
5353 3215
6925 7451
6652 2024
3827 4184
2627 145
6672 2215
5390 8105
9779 2938
3358 8683
5366 8025
9918 5117
826 1156
6953 550
2607 4724
7332 1800
173 8907
4032 5274
6429 172
2842 4141
1666 4704
4511 6271
130 394
6027 6843
257 7953
8029 3292
4013 1217
85 6662
6832 5388
8461 5382
3711 890
1309 7138
6248 8113
6111 9235
7922 1675
1384 7139
1643 9455
9018 8417
2949 8456
6524 7084
7635 1458
452 1743
8132 4239
3398 3246
2419 7943
9092 4671
3173 3134
8871 3841
2944 334
1834 9673
268 4785
4749 8351
3109 4314
8118 1100
8729 2803
8466 8481
2210 3839
1158 8553
1270 7697
2377 3339
4765 6885
7182 1980
8581 9910
6343 5422
4094 7819
2386 6621
2352 3624
3697 5211
890 2865
6571 9515
7718 3836
1607 5770
1091 2148
8461 1510
9144 978
2623 8467
4591 4450
2751 5091
6760 175
1656 3528
521 7207
5383 5961
9602 591
1184 3627
6197 2682
6644 4982
5374 1828
8615 3602
6629 1754
9457 2283
4061 5274
1537 3197
8291 7926
6579 3744
6820 3178
7472 2845
8332 9776
9852 7441
2754 4510
8866 1897
9356 5342
3324 7027
3178 2442
1609 7341
1429 1883
9890 8950
8854 1710
506 6930
554 1702
9187 5790
9068 6533
1701 5431
2671 900
7431 1768
6738 4551
6865 6588
9590 5262
1410 1050
888 9688
7031 5596
6066 2285
7975 9071
9968 7729
5351 1693
6384 7002
506 6882
9432 503
6637 7888
3760 6123
8681 7652
1397 5479
3555 6316
6334 2608
3691 985
1707 4519
9753 2826
2481 4222
462 2792
6673 4681
2921 9693
2166 6572
8283 3890
4939 1698
4777 7080
4793 2653
1635 6030
1197 5765
988 7816
1555 3079
3763 8860
2877 6126
7450 5881
9813 3626
4545 8896
6534 5896
8703 6405
4945 7294
8685 3219
6893 2477
3469 7514
4920 7881
4054 5447
1765 3403
7519 6918
372 915
7985 4424
1463 6618
1633 2935
4628 7789
7220 1748
6892 9296
7181 1249
7176 8471
9751 133
5244 4405
4500 2432
7909 9602
4824 4392
5161 31
4259 7703
7168 938
6127 8701
2528 1535
6154 7241
6699 7029
8071 6617
138 8381
5829 1352
8958 3004
8408 4868
2675 6364
5418 6123
1546 6102
1684 5083
3102 7619
6147 7536
8066 4620
4928 8315
6596 6695
566 786
338 4952
9676 4463
3381 8622
8358 3031
4871 4830
6410 6157
5348 2555
848 9385
8710 7287
9318 592
5081 34
403 431
9867 9459
8287 1711
1734 3396
6967 2299
1708 9458
6873 9494
827 4782
9861 8571
1157 3669
833 1457
1256 803
2997 2584
4136 6168
9512 8390
8801 6677
1610 4732
4495 6459
156 9598
3981 3412
6601 9093
4927 5899
4038 4678
353 7456
5321 8286
7849 1201
4395 662
6034 5169
9898 1052
697 5812
980 6721
5078 2554
2290 5679
6875 483
9357 2412
6742 5205
8542 2464
6767 9677
2722 3125
3032 2699
2074 6847
2655 6228
3373 946
3104 1290
4357 7558
9085 4316
9087 6648
9240 7144
1610 5810
2977 9141
9145 3153
7274 9926
8422 3995
3637 4580
9558 9196
7434 9013
5421 5822
322 2637
4060 9901
3425 4128
2106 8918
8787 8132
5989 9116
1388 9090
4651 6972
1445 6783
3935 4323
4760 9026
6066 5630
7362 6724
9325 2557
5432 2427
6955 9731
2112 8158
7222 5763
5775 5983
3619 3162
6740 6233
888 8717
5482 439
6540 8168
4777 8011
3283 3987
7542 5393
9973 6517
4275 2542
5357 6046
6239 8388
9483 2775
5269 7311
3104 4470
4160 9351
6957 7514
624 5827
3424 2382
8975 9841
3993 8066
4707 7303
5244 6584
5072 9389
4994 5755
4676 501
3164 3411
6242 2539
7720 8335
9093 5396
844 4032
4685 9487
4616 5757
8349 6592
8045 800
7053 1322
5661 4588
886 260
1324 4006
6807 4856
4860 1171
2159 5542
7037 2578
6503 1510
9213 8485
400 4389
386 6175
190 1230
1396 8781
3926 8527
7278 2929
7311 6637
6427 4617
4022 1131
5136 7795
8033 2198
967 5706
3720 4261
5251 7494
1154 9374
7218 9288
2814 1565
8315 7839
8461 271
9988 6743
2291 5503
7715 8697
4896 9116
5353 9252
1458 8562
566 4015
3437 6539
5967 3643
5647 4591
7455 1403
1536 6564
7441 5792
7163 5169
7140 7411
1190 7525
869 7580
5238 9511
4649 8244
4918 7041
4421 1868
6298 5712
702 3818
112 7166
8097 9893
478 2733
7800 4697
6040 1003
983 2130
2934 4032
7129 9790
4524 1561
1570 7598
810 6353
4741 6366
390 4940
4952 6217
2453 658
6348 4013
5157 150
6184 3683
1845 3115
890 2951
5179 5321
5507 9103
3256 8649
3950 6167
2761 8863
2554 7991
7454 1911
7398 2316
9270 2215
9988 3243
9408 411
8923 373
589 756
861 5300
2521 7703
4223 3366
9791 8500
7353 7189
491 1617
3076 7299
3270 4823
7172 5102
1355 7264
8135 2452
7859 2763
2435 2679
6605 7724
9045 3177
6194 3348
9614 1291
9499 921
3019 2901
1038 2874
695 4955
7756 7285
8600 4135
5423 5559
2986 6066
6083 158
4584 2194
6535 8989
6378 7966
6737 6673
6076 565
3695 5333
7314 1721
1530 2122
6253 905
1138 8575
7280 1410
7122 1295
2357 8742
4545 9967
7993 5377
3244 7369
2994 4821
7396 360
8414 7302
8699 8394
1418 272
8918 8765
8879 3828
490 9215
4623 5195
8050 1657
3115 8298
4218 4956
2274 1348
7685 3075
8473 1077
3193 702
3823 3231
7185 4193
5215 9267
8537 1140
6903 1660
5092 3478
6763 8241
9495 3889
1812 7831
5712 8232
9086 1239
1965 2916
311 543
2828 121
8866 4278
5888 3786
9968 290
1958 9530
5981 2735
5112 3055
2516 7479
9786 8196
4492 855
5948 9638
4958 1134
1772 2812
8300 4247
6285 2315
4816 9997
6023 2610
708 2201
1013 6583
4718 9654
8969 3015
6273 8216
4511 8371
3441 6330
3408 5414
8502 9898
8615 6137
4612 3711
4799 3625
3374 4720
9752 606
2809 3799
1419 8268
2450 7500
123 5459
2716 1025
4191 815
2356 8147
7633 8837
7589 6797
3481 6319
9948 6425
4323 2266
5379 1227
6962 6275
1587 6289
3389 1459
4396 6770
9037 282
1497 8115
3061 2348
3918 6041
1667 2580
8466 6114
7111 1648
2856 3021
9741 6374
8927 2191
1662 4991
4116 6069
291 7169
216 2441
3751 9134
5102 7828
7336 2779
2845 9447
3022 8925
8236 6810
2006 9206
7500 9214
7561 4253
8460 3275
6316 5644
85 7774
9511 9851
5139 1573
5763 9006
4359 9085
3164 677
1055 9586
3766 7780
3289 6408
1470 5677
2384 2158
3062 3643
8121 8328
2611 8529
4034 7485
8548 7986
7762 9325
6177 659
5694 8444
5961 1903
2397 208
3771 3799
4283 2752
4846 3444
1628 3898
8158 5529
2352 8200
8573 7293
9392 1123
8506 770
5416 5701
9565 7925
7 726
5851 838
212 5117
4304 7458
838 7367
1191 5567
3980 1138
1045 6721
479 1396
6477 9082
8241 9252
9859 5704
9521 9560
629 742
900 3947
304 4680
6885 7383
1937 9288
6093 4196
8052 2529
5436 6328
9089 4174
2437 9238
1671 2156
5909 92
5238 8865
5800 9544
9272 3335
1015 9701
241 8668
3836 5539
1235 5280
6577 1693
9374 4615
6503 4007
3427 4287
6832 3341
7320 1435
1911 6761
1083 7331
1109 103
8322 3613
852 7140
6293 2287
4693 7916
490 2235
5471 6966
1389 7291
3830 3793
4799 7271
3326 9583
1660 5075
6701 318
2717 8764
2410 3394
3443 8405
8265 1511
6463 8297
1631 5710
5311 8162
9355 5003
928 6640
4389 6090
7821 7076
540 9826
3427 5452
4719 4536
6287 2108
2472 858
7006 7680
18 2287
1154 5045
6291 3948
6756 4108
7879 4462
7566 2132
4743 2772
6655 6204
7885 748
6819 6759
7816 5748
8485 4938
3006 4838
2976 1155
7013 3238
6723 2628
1256 3117
7779 4071
3082 4749
3258 2166
1039 4353
9453 7973
702 391
94 2487
3505 8328
5588 2984
1736 8301
4034 6042
4125 5545
7414 3075
5087 6074
6635 5111
3801 3283
8286 9448
3050 6407
1125 61
5678 453
4637 6750
3519 353
9568 5789
7509 500
8865 8038
1313 4335
43 7446
9928 7980
2274 8533
8403 2921
5901 4265
4868 8046
7158 5196
914 5083
544 6783
8868 906
1410 3816
1401 8059
44 8897
3575 1551
7670 9821
7613 1992
7733 9197
6082 203
1029 3561
6557 2077
1691 5357
2431 484
8787 443
5514 4267
8876 9811
5021 1756
5140 319
4110 9227
9542 7174
1316 9529
8432 8995
2796 2620
1534 1932
2363 5644
3607 4435
1709 2851
8266 5233
9561 3129
6170 1785
9104 7794
3866 8746
6876 5578
9323 3124
7615 6204
5592 5761
9143 8966
5831 4307
6751 6682
8769 1925
2461 1864
3506 2176
4087 4948
9760 478
8397 2522
6169 8538
9741 6306
1157 2697
4840 7240
3188 4835
4180 3173
2561 8292
5804 5940
8488 2644
8205 4938
6511 5583
1917 2112
1874 6121
5413 5141
5625 7009
237 1520
5224 3625
1764 7575
9481 4825
1382 9328
3844 3894
5787 7555
6312 2203
4548 8045
6304 7929
3097 3399
8231 8308
3522 9470
6961 225
5138 7101
4116 1538
7451 4118
8946 342
165 3133
5022 532
4484 2770
6552 204
2044 4193
763 3487
5852 335
1203 6887
4295 8791
1301 2405
7186 7341
6292 2339
1258 3444
7765 2936
637 6369
6089 7862
5307 6713
5075 3041
3460 3259
3727 2681
5811 4559
4128 6666
1645 5088
6790 5444
3801 2511
4089 4779
2647 1466
5357 2451
7132 7082
8362 5363
3534 9700
9255 4885
8137 3868
4390 8205
9084 6430
9484 3554
7980 1553
8443 1385
575 3110
1956 3624
8126 8208
6705 8711
1932 406
2717 6180
2288 3815
4185 9825
803 3695
73 6469
7415 5847
4047 411
1113 4849
6638 2421
567 7449
6014 1501
3858 9809
4641 8720
9922 5617
5577 8464
8308 9516
4625 423
9989 867
1770 4901
1782 9227
5891 917
5846 7012
4991 8532
9075 3576
5840 3418
6175 3520
7839 4115
6396 388
9021 7986
7171 2084
6626 2167
5110 6039
5962 5177
6751 20
8184 4909
5076 9042
8320 1159
6279 6695
9998 2169
3795 3188
8055 541
2944 3541
6281 3530
1519 5443
7473 5826
2492 5397
9576 5784
7165 533
1285 5529
2112 6017
5215 9013
2397 1008
4141 8111
4956 3159
41 6252
1226 7319
7701 6765
5320 4694
4632 1192
9684 8082
2911 3928
853 1408
5711 2645
1940 9637
7337 7581
8936 3275
8563 9590
2613 7584
3448 8414
7612 9499
4862 2785
8594 362
3614 7534
4288 7205
7497 5529
3850 7216
7390 6422
4878 8202
1344 7895
791 9458
3381 2239
4924 4136
7196 8259
142 7815
8707 5997
5383 5077
2167 496
709 6629
3763 6063
8863 5253
3291 4119
717 9741
4342 8806
222 7162
480 8678
6906 5535
9548 3275
6408 9230
5166 9274
5599 9404
8090 3817
1982 352
686 6446
8068 6281
1557 1186
8771 1551
344 6363
4997 7128
3686 8455
9855 5184
2717 7354
6913 3179
8463 1689
2257 1829
8138 361
5368 5858
9024 1132
4500 9218
4734 3457
9764 3615
4249 180
4511 4215
4722 1283
6328 2773
3700 6540
8845 9746
5357 4351
7367 5330
4871 1615
3039 1736
5332 9931
2889 8498
6927 1223
3081 3374
5243 4810
5804 2781
2910 7631
8932 5870
9434 1925
7782 4588
6400 1988
2298 4873
9646 4268
3144 8863
7943 5299
5607 1326
3357 9034
2639 4063
2092 658
5479 5163
6147 6190
8609 2793
3113 4733
8260 4279
9957 4295
3890 6858
6938 589
1102 4139
2184 8647
8597 1181
1427 468
6559 187
1461 5926
8873 7370
4848 9824
2457 9289
980 1866
5175 6390
9518 7525
308 2034
96 9631
1894 166
322 9822
7397 5891
5129 8529
9282 2601
7199 1176
1646 46
9279 1340
7380 4872
680 4215
3692 826
238 9882
3025 3946
2422 8696
5588 5338
8568 8225
6254 596
7005 8764
3292 6830
2027 5098
9251 4759
4690 4372
2009 9443
981 2228
2791 312
3682 7899
9896 4625
1546 4831
517 4334
9709 1869
4370 4015
6111 5389
8994 4063
5326 392
6644 6434
1792 9549
1852 9828
2472 2203
5977 7301
2283 7858
2829 2739
7037 1522
41 9331
9990 4632
1661 7578
9544 7918
8121 1683
8255 4690
962 6610
8124 3124
3825 2450
4891 6170
4739 5701
7347 9652
8991 4420
6833 4740
4155 6428
2477 5496
450 4624
206 769
4401 326
2470 446
8278 9608
5259 9754
9199 3787
1007 4356
2021 3561
8563 1302
7896 3298
2586 9051
1834 3746
3364 7772
3194 3620
4413 4396
635 114
194 8573
5446 4826
9019 3420
8997 9344
1895 5602
4642 667
9511 4893
712 2699
9512 7319
5366 6296
5787 82
3099 7359
8821 7456
8804 4574
8681 1976
9518 7073
2140 8485
9260 4875
9860 4501
4647 4739
6873 3414
6220 6909
6428 8865
2597 6279
3253 883
2543 810
4471 9869
3022 430
2481 3760
1808 1127
3706 1983
2031 8752
6956 5519
1705 4648
7177 207
9906 3266
8763 5273
3153 3742
4903 4853
7010 2570
6350 2318
5142 4079
4019 186
4960 2472
8985 6801
3276 5951
8590 2071
597 2547
9036 998
21 4892
9253 589
8436 8645
2109 4069
8259 1444
6547 1138
4278 5874
1109 1334
5368 6696
1553 8135
152 9583
2095 2271
6890 4419
7958 6249
3747 4164
8937 7471
9412 1809
7338 8081
1911 9592
559 6608
7253 8232
8435 1395
9991 6614
7638 8987
338 328
7689 2846
7343 1169
5575 7341
4224 6973
6884 9398
9506 1897
1662 1181
6718 1829
9787 5389
5530 8367
846 5432
4540 1137
2561 1881
7712 2537
6338 4296
9992 722
2201 615
6127 8173
4994 7915
3080 335
7499 8974
117 2202
4635 4349
4981 3488
5694 5051
6825 3748
2202 4966
4483 9495
521 6968
229 5114
4438 9093
9545 1696
9979 7790
4474 9226
49 532
6796 7471
9282 4583
771 9156
3390 3035
887 6038
8950 3585
5832 6177
5297 8816
7911 3335
4614 8232
6429 7793
4686 9955
7522 120
5217 3296
1193 2997
685 50
6067 7259
1517 4212
7322 7678
5758 3088
5447 6241
4688 5290
7056 569
1708 6870
3864 6637
3409 6488
5622 2014
9175 8196
8356 8237
7076 8622
405 6791
4962 7259
1752 1884
1494 2771
6290 9102
4372 6919
2234 8081
1714 5359
7218 6054
1618 6428
7271 3372
5828 2756
4614 2314
5201 8753
9369 2767
2576 4675
1427 3640
6175 7859
8609 5974
1591 4613
2512 5520
1501 3762
3300 523
6080 359
4322 4211
8562 6106
9988 1772
3312 7042
5727 4813
6189 9088
6515 4201
5896 7368
6344 6316
225 9838
2831 4904
2179 3368
4367 2747
6997 2353
7629 9323
2917 5149
3455 9832
2143 4497
1825 9692
4747 2129
5410 1798
4907 8786
7455 9658
7361 4964
6284 6835
503 4628
1430 6672
5442 627
6009 1432
4656 211
7840 9666
8331 2278
1099 787
9236 8149
338 4240
3373 2021
1715 5769
4598 1995
4590 4777
5852 8993
1536 1025
7835 9901
1486 8411
2167 3117
8415 5751
8342 3893
8823 2194
4211 683
8385 2887
3821 7228
5887 5013
6482 8606
913 6417
8133 8376
3416 8442
4872 9416
6667 7612
4175 2138
3372 7608
6723 526
483 7274
107 6859
1555 4347
5059 7759
3875 2758
1439 6996
359 300
7712 8348
4862 1772
4053 4823
6413 8772
8824 2243
1704 9555
3645 8252
3600 4827
4143 6772
3467 3447
7581 2812
9153 982
5854 9780
8449 6281
6879 8172
4893 6045
2876 4677
7070 8949
3497 5842
1900 2372
1798 244
2563 5947
6892 9513
8705 4482
8643 1482
270 534
5164 863
6658 211
2172 7331
2449 8593
5244 9437
8673 4738
7318 3582
771 671
4074 4325
2120 9786
8234 6922
9006 142
9401 7527
4383 8316
6905 2323
8331 6876
3800 104
2646 3678
6463 9288
1533 4602
4823 9656
4764 7570
4312 4890
6025 5880
3023 9863
8407 3482
1983 6893
9141 8364
6542 5079
555 7384
2132 2659
6224 8367
3251 9375
4165 8420
1738 8772
2531 4588
8436 7101
3114 6653
220 7911
86 8603
1625 7574
3745 9973
594 1138
9524 7175
9853 586
6964 4135
6198 7556
276 9446
1360 1283
4171 1236
7313 7594
9927 5813
2866 1298
9988 4128
7606 3226
4591 8008
2351 7117
6 3165
3048 9140
2260 9978
4915 1686
4939 7461
6008 9189
3811 29
4122 3588
439 1126
1277 6267
1719 2230
8764 1127
1207 3588
5239 4678
8109 9463
1889 1656
6872 3670
7085 8776
6429 7947
7565 1100
2644 3101
6027 1317
3496 437
38 5009
3489 9708
4282 9628
1180 7906
9546 1155
9054 8337
4486 2013
2016 5975
4179 1436
5254 6680
4112 3380
9189 5565
6381 6834
7847 549
6122 199
6297 6860
2540 4564
6643 6470
5146 9100
6563 5372
6892 5557
9529 3922
5950 9909
8856 2384
651 2051
9546 9750
2866 4426
3474 9448
6778 8729
7500 6267
5626 4742
3110 675
5618 5614
2684 6660
8078 5841
2563 7516
545 1271
45 4364
3886 6373
3721 2187
8556 9655
9027 7246
608 8787
7420 2690
5077 6728
8710 1443
1170 8711
4299 5105
1132 3782
5352 9566
7153 6091
9094 2705
1669 1765
2138 966
1074 2970
7279 3299
8647 5175
7800 5745
6840 4006
8711 2757
1387 1242
3101 6576
2014 994
3037 7426
1526 8442
9262 7845
1495 2728
5454 6357
2063 8628
2673 4556
3045 9041
6228 7058
2314 1059
2764 472
9337 2770
6058 967
1497 4589
181 679
9159 9485
5966 4300
5629 5165
1280 7987
6145 9904
4470 8113
6037 3170
7183 1866
3952 2829
409 7798
4964 5967
1868 6098
5308 6674
3244 6579
5782 5932
5505 3034
9431 1161
8757 1298
474 3379
1040 1345
3206 2085
2421 7118
8049 1799
6798 3810
8724 677
5566 3944
2060 7579
8054 6055
1205 890
5378 6947
2181 1345
9198 1631
7261 2816
2628 7069
3717 3382
3007 7082
6655 6933
5342 2382
6374 304
3355 3629
530 3650
9875 1917
2521 116
8753 888
8498 3295
1547 2299
5305 9761
8295 6630
9314 4298
9590 4956
4872 4329
1730 1115
3492 99
5019 6534
250 6907
5878 5874
8666 3404
1644 3663
1401 6670
8956 4360
685 9042
2026 9242
6136 9559
1499 2181
8228 8241
8934 4973
831 3594
9230 2821
9510 9168
513 8573
9999 2872
6808 2616
801 5266
8997 7420
5222 3094
4859 9874
8571 9964
3248 5522
9808 8808
2583 4860
8596 6156
1635 8814
329 8080
1392 9888
2768 9653
5960 8705
9332 7498
6856 11
8501 9020
3937 7139
2289 5484
4566 548
7906 7214
7039 6040
1252 8381
7696 8318
8573 2423
6379 5282
9990 4210
6066 3383
6549 3621
8006 7403
6443 2653
8391 4348
4297 8943
8579 6327
1470 1817
3364 2069
9362 1633
8002 1544
1647 1919
6450 3524
2706 1675
7574 784
2776 6292
3586 1663
1996 1541
5404 2534
3622 7972
5592 6915
5929 5170
4338 6364
67 3316
4420 7593
623 3365
3411 3228
9639 934
2364 5539
4140 2046
4151 5200
2460 553
2098 7652
8607 2594
9523 9755
966 5006
6330 2252
1314 1883
7964 586
4125 3429
7427 6994
2649 6229
1227 3281
2573 5558
8377 1964
3915 3652
1014 2292
2950 184
2498 9836
8458 1575
10 4167
3760 6367
3787 6400
7170 5949
1765 1802
6651 2698
4415 7035
5836 4990
6343 137
3666 3156
9826 7099
8005 7139
5070 2640
5815 2143
4511 5564
8522 8742
7392 6883
9208 2292
6528 3942
4991 5504
6394 8461
4866 2088
8757 4588
5600 9399
5618 624
494 2056
2352 1372
9947 7921
982 9919
6023 3748
9026 8964
3025 4698
7075 8412
8153 6591
3254 5
1484 3805
6043 526
3485 3254
2726 6132
960 7964
3785 9062
1102 7944
3243 2293
5143 69
545 8731
5486 9046
6014 9901
1081 4649
7226 338
9745 8181
5347 9764
6240 2240
3725 6928
4301 1712
3857 1017
4610 8107
7409 1953
5099 9232
8148 2538
8189 3276
3858 142
6832 185
9157 6784
9238 9475
4312 402
5000 790
2672 415
8033 9226
6864 9681
4213 6568
9544 335
6217 6192
7449 487
9052 1254
6696 6976
5498 4334
6910 9479
6533 1003
2023 454
996 1131
4533 5739
3531 9775
6230 737
6334 6102
5789 7004
8368 4612
4199 5959
4518 6831
559 1373
9490 1144
6412 2098
1715 9607
6707 1906
8297 9554
4338 3993
3507 6060
2045 7408
3920 5193
642 1167
1621 1547
2166 1542
1424 1999
5310 43
7526 5350
6513 4143
6588 9591
72 1553
590 3993
1147 5128
4144 706
4822 5648
6980 260
3737 1303
9965 1997
7184 5452
7516 2413
5685 7123
9331 9828
2958 4621
8823 907
895 4153
5148 1981
4794 7222
7586 7692
8265 5867
6595 6405
3277 665
3138 8197
3271 8128
2042 189
8934 8015
5527 923
3106 1880
3540 8384
4070 3109
303 797
2493 5391
737 147
8228 1567
9487 9230
8815 7798
5702 2415
6732 4242
6356 2767
8108 8538
2257 782
5281 6926
9318 766
1604 8365
6438 788
5745 6717
2487 5093
9387 3110
5626 987
523 755
735 4361
2535 9383
9917 5262
6485 440
268 5385
2409 2411
3908 3656
7707 3745
7476 1637
8800 7023
7008 6779
7153 4209
393 3529
7849 1776
7363 393
2889 6948
8061 9085
8767 5295
1478 2704
8518 5926
1188 9270
2121 3594
7869 8331
8269 2702
6059 9609
840 4575
6716 2329
7948 5972
4165 9750
7618 7186
4431 8112
6539 7369
5270 5982
5867 907
921 9608
2197 1118
2994 7976
8293 3380
5752 4147
2882 7902
1949 599
5441 425
1143 7024
5536 7364
6366 8314
7464 3073
2540 2225
6602 8916
2019 4166
9110 8278
4648 2970
844 1957
991 6601
4755 9847
4900 9949
9676 1881
7772 7482
744 4386
7021 9060
2364 9964
3518 9711
7135 8339
1247 4613
5640 3349
9581 8303
3903 7441
4157 1131
948 6204
3284 2223
9428 1654
5637 3966
9386 8906
4372 3056
8234 5817
2199 5409
37 5298
3612 8544
6 1931
8073 8767
7097 2337
324 7654
5226 8611
5748 1090
3662 2112
5060 5647
9730 6071
3406 1264
8726 3357
5945 4303
9338 8210
9235 8603
5025 8239
8870 8466
4698 4051
8707 9591
1838 6619
2537 2372
7915 3880
8547 5079
858 2955
467 3353
4464 4331
4522 685
5501 6749
1592 8603
7099 6425
3081 1081
2562 9711
3664 8328
5691 1189
7139 8776
8781 1112
7074 3540
4873 7285
1050 2915
5114 4563
7065 4037
5012 8116
1400 533
3134 3580
2446 7023
1783 198
4588 6039
491 1765
9583 4230
1606 6942
6092 9644
2045 371
9379 6954
7179 2605
4344 8673
5682 542
335 9922
6114 9794
8480 80
1685 4495
7441 4234
7378 391
7400 7321
3279 3991
9747 1112
5566 4899
1128 2212
3734 1329
3957 7975
1938 1738
2171 2763
2317 9754
8061 1221
3460 5111
3902 6279
2490 2910
9115 7856
5857 4568
2148 3388
16 6140
3268 9568
9709 5817
7755 730
2177 3779
1100 1500
3154 7939
1294 5734
9624 5974
8893 7438
7600 5899
2223 9999
4371 3638
6332 6476
6330 5381
9942 8442
678 2881
5336 7275
6676 2826
3826 7807
1950 5994
3502 768
1323 6952
1804 8603
3616 7518
2458 6030
9873 4152
4866 9935
8897 1791
1583 3878
380 7049
3498 7952
5667 8960
9575 8689
1674 4170
9900 2804
1029 9055
4675 5852
8641 8387
5772 1787
4461 3577
4426 3210
150 4870
832 7223
6272 4993
2011 4796
160 1058
6413 8897
2235 2384
2811 7654
1051 5949
9686 9217
4281 8074
6290 4189
6967 1433
7931 5180
880 2408
7409 1460
9576 8645
2015 3846
7053 2860
6875 7687
3800 1682
8476 6548
4552 3029
1465 4227
2594 2064
9071 5264
3690 1040
8143 8250
3070 8998
5435 9678
6571 9567
4564 8754
9786 5890
7225 6182
1075 5421
5381 5197
2286 7970
6233 5692
8890 9448
3872 5211
5223 5287
9669 6642
7395 5737
4089 5863
3435 7057
8700 8041
973 5924
9447 8463
3098 6130
6136 4444
3975 4052
2488 6854
1067 1160
7602 9421
4737 8075
2812 9249
1138 9972
2420 8012
7576 8245
8074 7095
5573 5729
8141 3664
4089 454
907 8241
5084 3488
1618 7394
6615 9214
7820 7942
8874 9579
6368 3077
9687 3903
7981 701
2970 5517
6047 8118
869 5685
9461 2933
8952 3588
4012 1746
5281 460
4327 4763
1373 6896
720 321
553 2564
9193 3550
74 8288
7422 4295
4408 2296
8978 3954
4928 4270
3136 1747
8900 3612
6204 3780
7765 1357
7046 9763
182 6116
4278 8809
9900 1347
5505 5104
9987 5558
7143 1880
9570 1422
904 8427
4646 5779
8578 9956
7679 2455
2136 6348
3964 1260
5925 7826
4050 2544
9010 6769
965 7418
5384 4335
4141 9247
4680 7720
6360 750
5549 9773
1125 2204
8367 391
2521 7936
6705 1162
6897 356
8957 3399
140 7805
4107 3783
6874 687
7753 4814
3635 4128
1323 5325
920 2983
6313 5400
3351 7527
4890 7396
490 4944
1109 5902
1815 3966
3773 8344
1714 990
2866 2161
4590 9316
2926 9941
7877 5095
5077 9840
1623 1753
7433 6629
1174 6450
795 4520
5736 5951
4301 1199
677 9455
3860 785
1718 9848
6208 7623
178 7757
5911 3704
6994 3670
9618 177
2843 8211
2737 691
7033 7999
7723 6297
418 9703
6278 3120
5777 973
4537 3731
9781 5702
3474 2132
2744 4033
2047 2867
6597 1521
9177 6120
3585 4000
5085 7240
841 3251
859 652
8095 103
8959 6219
9841 9958
19 9662
3681 7304
3350 4578
8493 7505
241 9383
321 6685
7935 1091
7083 2411
6091 6089
9858 5603
7103 6088
113 1529
7805 1417
9780 9663
3417 4092
1211 2727
8851 5408
1976 4049
9418 3086
919 148
3599 5003
9108 5290
6717 7959
2253 2855
9367 8955
6917 1687
3899 9437
5806 4726
9479 612
8895 2100
8750 5909
3109 8523
4429 2028
9786 2389
8193 6590
8027 7718
2511 4156
5649 1593
3951 7568
3925 691
1273 6584
529 1315
8393 828
5950 3009
4978 3196
5348 5777
4157 2135
2119 6347
9900 974
9011 3788
553 8459
8334 8480
2154 237
6142 3760
3352 8878
1447 9795
4386 4487
3763 6511
2369 5279
1218 305
9068 4052
5225 9970
7663 9576
1156 2310
461 6113
2015 1763
4382 9188
9521 8591
3261 2928
9016 9725
6228 5470
8765 2062
7331 9965
6989 4469
4456 9446
462 3627
6930 1634
2389 8312
1139 2479
9248 4845
5899 4640
9157 2723
5552 2130
1709 538
5108 6007
5642 1297
6101 4708
1008 8119
1979 3326
2269 102
5929 6823
9285 7160
9416 6140
2616 7167
6300 6900
8289 3729
8183 6857
9503 2821
5453 9615
8246 6694
3574 9157
265 5026
2951 794
3197 4933
1001 6108
2893 2009
3387 3933
5028 508
130 1466
2148 3328
180 5706
245 5008
645 3573
6745 5703
3906 671
9647 6937
1280 1653
1317 5430
4226 1176
2566 4850
5818 3154
8128 3546
2592 2032
5950 9408
4904 632
8236 2604
1684 6780
2603 9996
184 981
5796 3607
9554 1424
1498 6797
7587 6549
2218 2447
9164 4856
2373 8653
514 4472
2344 2582
3638 7459
8584 4130
7160 6972
633 407
9807 5514
3889 8749
1548 5276
8118 7116
7461 9069
3199 5124
9791 7455
9009 2193
2438 107
5268 6578
7552 2028
6922 1734
1629 8153
4052 2862
9586 158
205 9061
9966 1897
2499 7709
8713 3736
736 8773
9218 3975
5003 3194
6801 7816
2997 4816
100 1461
6024 2749
3066 5996
2932 656
256 206
9128 4487
6072 245
3066 1194
9612 7693
7469 3863
2198 6277
3100 2015
9053 4848
813 1764
8849 8063
2289 1375
4154 5927
497 5768
1350 5717
7390 9761
6702 6776
6063 1903
111 6037
9369 4981
5011 5173
8589 1691
3152 4993
4250 1889
8647 5168
7166 4656
1725 8823
8432 3444
5390 8198
3946 2201
6191 1525
4311 4554
314 6755
5763 2626
4625 4225
1744 754
2511 3461
5393 143
9091 9132
1344 5999
1651 8839
9947 5739
4753 2850
6780 914
3667 5508
2942 4321
9684 4941
8406 2222
8782 4959
4793 1848
103 7776
331 69
1140 4334
6076 2822
6388 1491
192 4858
3361 579
2933 8038
6070 6038
2574 2727
6233 7903
28 9883
4552 9083
6456 8123
5381 2353
2804 8293
1297 1490
8187 6976
27 408
2814 5827
5091 8963
9385 6771
2084 6307
2653 5926
8079 6410
9493 3586
6599 2827
9141 4954
6948 4139
1487 197
8721 1328
8195 5631
1212 8342
8436 5503
7503 2416
5721 1891
7666 1808
8695 1586
7093 4884
7217 3526
4997 5203
132 6575
1114 8857
4240 7546
3635 9859
2138 9220
2838 5150
679 7557
2745 1407
6083 2290
767 7832
3164 2811
7520 8283
7848 8992
2361 481
7295 2985
8824 2210
2264 401
415 1148
4445 6270
2771 5091
828 6052
6038 6449
6780 5736
6254 2910
630 1726
1382 6667
9546 4101
4751 73
3872 6606
978 2245
925 2485
1985 9112
3571 4338
3979 3415
7230 4403
2145 8800
7783 6904
3425 5134
6214 4023
112 2894
3968 3725
9561 721
6422 2556
5505 8326
529 2672
5765 3411
3712 5204
2777 5324
1823 310
4771 4707
7828 2412
6249 3268
5966 1544
4193 8454
9353 7732
73 6694
3721 3892
1796 7824
8358 1451
7132 4501
2983 5192
4225 4116
4743 2407
9652 9896
7453 8052
5526 5477
2129 5104
9508 2617
6861 2533
1044 9179
9478 5738
7571 3279
8048 180
7743 6305
3795 4756
2155 9267
2322 9103
278 2151
5388 598
1699 5788
1988 1633
8434 9931
182 2698
2574 6717
7554 2191
9077 5316
1505 1202
3744 8461
9777 2822
5425 5752
3703 7338
2433 8606
5382 6850
6871 6559
9845 408
2253 8887
5010 6008
6589 4707
434 507
6202 5239
5427 7782
9710 8639
1322 4496
5125 2567
4358 9433
5876 9492
3493 9661
6346 6260
1437 6909
1399 2621
3934 1332
5919 2021
3000 561
1025 5868
6854 3379
5131 1232
5082 7150
2738 3365
7774 7527
9331 4180
7400 5350
8189 4858
4187 9173
9349 8619
8400 748
3754 10
2717 8337
5401 7326
66 6314
2305 5757
8566 2345
4533 474
3709 3908
4228 4904
6565 5011
1633 3161
6057 2250
9485 2300
6875 8689
4837 8258
5444 7872
3497 8962
5000 6803
2432 7665
963 9228
5781 3440
3763 425
4487 6858
157 1112
6874 3502
8281 415
2418 4665
2695 7480
2833 7373
9896 6183
9755 2485
3322 3206
51 2185
52 5633
9867 6286
1242 1399
770 5383
3642 4267
6772 1690
6070 955
4389 7452
6903 6869
9706 6094
8949 517
4886 1834
3518 4568
1733 8774
9523 232
5402 3655
8045 2142
5990 8084
3403 3517
401 2180
8967 9584
8340 9104
6819 6959
3659 9072
497 4786
8186 8641
3189 5811
2186 952
1174 7196
7519 4074
6312 5130
8739 9078
7666 3112
4741 785
5154 7700
5592 3595
502 3327
4223 2944
2438 1349
3563 4144
9224 1602
2612 7695
9930 261
8597 5539
4712 2063
123 9897
7558 6856
2784 9995
1093 4037
6871 353
7366 2398
1570 5476
4965 9339
3379 523
7165 9638
2749 443
4824 4050
9183 7637
4344 245
4958 3366
484 8918
4220 6129
7779 9085
9383 3147
1595 7444
9336 4982
1541 3257
969 8423
3295 3399
1412 2354
7367 292
4474 940
3708 6857
8434 4081
9343 9296
8355 8493
2684 7025
2828 7088
6070 3900
5824 5960
7960 788
3926 177
1311 2855
571 3995
8903 8664
8653 9527
7588 7171
8699 4362
2876 9641
3987 8689
3946 9641
7345 7424
2532 3179
3158 8861
3730 4936
5124 8025
5374 6995
5441 1784
6343 6950
940 9454
6934 4998
8857 6027
4 5421
9618 9386
4650 5011
5166 1437
174 9925
2445 7278
5437 7369
3966 5741
3400 7988
9321 1810
6218 1449
8941 2394
8169 4574
9830 333
7429 472
8870 944
3211 3176
5904 6702
4737 7085
6624 317
1450 368
8683 5369
8059 2777
5993 3821
3316 6374
3653 8250
123 8307
1952 908
7855 5948
262 3014
9955 4837
4182 8282
3414 7799
5791 6485
8405 4342
165 1593
4903 8377
3238 3891
6055 4082
7159 5372
3841 8354
9411 8926
1892 3021
4834 668
3218 8581
7030 222
8401 184
6181 2096
7283 5847
1291 1133
4781 8064
7599 3279
1447 6183
9511 5769
1110 7149
796 3762
9092 6350
1635 2191
9055 8587
7159 8716
4041 411
4157 688
6567 7231
9481 3758
5943 6197
9601 7780
442 1468
1155 3691
2786 5285
8991 9231
4124 3883
3819 2786
3860 3849
7154 9540
3937 1445
3071 1274
5320 5238
9172 281
5833 6461
3796 5587
9641 9198
6422 3709
6749 9515
4794 9116
5001 6103
6205 2514
5126 2459
5805 1229
3000 98
4375 3472
3481 7573
7706 7149
565 8465
689 3892
2147 3908
2635 5050
3314 2616
2154 595
6907 2902
2766 6358
1972 6634
6617 6717
9444 2854
6266 8256
3500 8055
8866 6472
7994 9649
2215 3631
7024 9937
8652 9141
8332 2460
5689 8076
5816 4800
4462 7564
3608 4640
9761 8013
5779 3511
8333 3044
4667 9980
4894 4761
9198 2459
5623 1716
9153 5572
9578 4664
4366 8624
3208 7462
8315 4369
588 1198
9453 2561
8174 5056
8951 6153
4634 6280
3179 4090
2161 7913
383 7592
1907 4223
2477 1160
8123 6983
7335 760
2068 9535
1089 2253
9500 2147
2023 3054
1344 6754
4728 4303
3104 1202
1386 8577
6147 1624
1086 9402
8251 1987
9254 9248
8785 4684
6022 6448
4241 4515
9530 9469
5180 4353
281 3001
9522 5539
2278 9627
5834 1948
1066 5558
2603 5253
1943 9472
2514 6292
8437 6060
2385 5524
2631 470
638 7964
6028 2393
3883 9192
7431 9304
8264 6740
8582 3520
9956 7154
6017 7924
3223 3701
1363 9561
7777 3844
7967 8335
3627 3546
5041 9135
2217 4657
1014 9424
9061 1376
7576 8546
6549 2959
3327 6582
3957 6224
5091 3440
9309 517
1975 7139
2135 5425
2926 8941
3674 4699
670 838
3592 5324
3772 9551
7569 6641
6182 4139
6662 1805
1715 7324
4146 7487
4584 8142
135 6728
297 8077
4455 8190
1705 919
2298 2397
1085 6525
9029 5296
8452 1223
2395 6228
432 6993
4918 304
1404 5316
8008 7494
4095 342
1824 5000
3300 5172
6954 5926
9162 8011
9488 8671
5476 4909
7812 6468
409 4822
4257 8212
7872 3716
5215 2491
770 4122
4023 1830
8230 236
292 2274
9477 51
2550 8117
2137 9372
2630 9678
8598 7612
8240 4499
5323 4118
3705 3588
2719 6401
3650 8512
7659 5149
4059 8126
773 9237
922 6397
5893 7296
8584 6990
5624 6665
9926 3415
5542 9516
1192 1928
5527 9428
9347 3046
2222 758
367 9263
1721 2268
51 9912
7848 4661
9506 2859
520 1945
1633 7223
4223 4414
3610 1423
3704 7850
223 3521
7662 4374
4075 4594
2618 852
1287 6848
7305 2375
4305 6443
6958 8226
5814 6367
9272 4613
9717 8454
3607 2032
2609 636
6998 3484
6804 4075
302 3817
936 3733
5026 6360
7336 597
2550 3779
4053 3617
1535 2203
5927 2694
6501 3035
3779 5965
8242 1081
2842 96
1157 6996
1123 3997
8340 9404
266 8383
5033 1882
2659 7058
315 3200
6167 5995
6873 3456
8169 1918
6762 7162
6931 707
2724 533
5280 7149
6914 7647
868 2813
8668 888
6905 8184
4832 5973
7041 6982
965 1963
4453 7691
2197 7865
3512 2711
7087 3426
6227 7755
8323 1747
4234 522
1249 5625
6919 1509
8072 4062
6173 3425
6202 840
6397 2613
8427 1072
6336 642
8872 712
5329 1684
4726 2952
5352 1415
8024 9577
9968 4375
1149 5608
4270 3449
1024 2279
4299 6309
2673 5260
2840 636
8182 1781
8519 4997
6464 5556
5744 8445
1527 6948
317 4383
4978 5000
7864 6572
8442 8860
5894 7192
646 2180
4957 3373
8713 6578
285 1891
6451 8286
7862 8425
4936 3050
664 2239
4881 2634
9155 2316
7525 2235
1656 3297
9235 6821
4292 5180
5779 6499
7718 7922
9803 1612
3778 8398
2549 1094
9992 377
9538 6959
8330 1600
2778 2041
6787 987
5711 4973
8756 1808
8211 3897
4858 131
931 3070
3144 5043
3078 9216
7948 5285
3800 7084
2460 1974
1497 1187
2183 6669
1860 3050
5146 7772
121 7765
6565 4360
4408 3684
384 790
7077 6149
2159 4944
8980 9753
9036 1860
2946 3009
818 2982
2543 7628
5649 5868
9656 7379
2951 5702
3383 5461
9728 4840
2707 9848
7134 8617
8746 8850
6344 7038
9868 9888
7139 2015
9381 7235
3869 4548
1007 9739
3653 6613
9267 1499
380 5712
3965 2176
29 6572
9914 8061
7613 7861
5430 5095
392 9012
6161 8294
3531 2959
9233 2081
7342 2695
8088 9618
5358 8699
5027 7373
1149 6493
3016 3179
1550 8698
9131 8580
5982 5407
4858 5828
7348 1823
1781 7038
2244 7164
442 3419
2419 3453
3573 2318
6557 110
8096 3982
646 765
4035 6915
1984 3361
1266 4760
4676 8295
72 8429
3924 8928
3673 3058
1848 4244
5822 6013
1821 5411
8271 2093
702 9618
668 2723
7483 4161
7019 6126
2293 7802
1614 627
8549 681
5347 5424
660 3885
8990 5951
9351 2434
4626 4699
9046 2078
8530 7341
7084 4246
8065 839
6203 5114
4988 9161
4243 2398
7804 1970
5886 5150
1040 3065
4942 4417
6559 2118
9297 4321
9603 5771
3573 3533
7623 5808
5462 2450
4998 7994
8292 5391
7963 473
173 7570
2923 2374
3856 6566
9259 7589
2165 9898
4125 8494
8220 5302
1773 8564
8034 6465
5757 1753
2581 407
4222 4554
9283 3760
3061 6146
7163 1750
260 7740
5600 6716
9848 3596
4550 7303
2075 5629
9562 1405
4100 9096
14 2464
8387 7856
4377 5895
7538 9096
4482 1273
4864 7365
7704 4184
8220 4425
4824 66
2163 8334
2663 6892
7464 4297
7543 7763
7496 3479
8180 2929
7220 3795
9243 2931
2212 5342
5484 1750
319 9781
5958 2219
8836 8919
6259 7383
1818 2797
3434 4733
3246 83
775 2372
8608 3636
5347 9293
613 5411
9212 7936
7080 5518
1896 4428
7165 7621
352 18
7005 2850
7293 3051
9856 2564
269 2080
8668 7842
1080 533
7238 5948
4680 8407
5515 3728
1123 8668
5977 5657
941 9453
6653 2323
160 2345
791 9270
8192 6938
5334 3577
4154 5483
7077 691
9800 502
9438 1688
1722 376
1989 4262
1387 4859
1791 8073
6132 4425
7408 4565
842 9957
1204 1007
3707 8063
4370 1970
9699 2053
9694 8613
4586 1051
6940 2774
8697 8306
9571 9481
8154 1110
6322 2501
4822 2391
3384 1093
833 1563
9827 161
8350 4013
8209 6028
4389 5059
3946 10
8847 9893
7392 4215
3762 4482
2515 60
8199 587
2542 3333
6296 3642
8103 8199
4766 5271
5874 5520
3988 623
4058 3315
3167 4364
7005 9406
8192 5703
440 2736
2384 2268
1753 4290
3200 1942
7021 6883
4693 8563
4515 8514
4361 5031
3035 3654
5740 2336
840 8393
4119 8505
1669 3372
6793 3243
6537 7713
8461 2129
6535 1849
9403 8363
4592 3366
4368 6576
2467 7653
9422 4798
601 8226
1633 1947
863 3244
4379 6938
4772 1827
3930 2988
7529 3521
3700 6154
1994 8464
1397 3839
1914 6954
158 8256
5809 5504
2243 2732
8816 2325
5128 3200
3287 4801
1639 9106
7823 7319
9179 2137
4245 2910
2742 3203
3285 3310
5991 9385
9914 4485
8036 6358
7404 7054
6275 2359
6805 5365
8513 1770
9894 4391
5302 5223
3288 9320
8570 127
2017 4649
2747 1124
4684 3581
2151 8239
4266 4136
4056 6277
3531 1363
1484 1527
3834 7784
1081 9635
7225 4424
2680 1683
8842 4083
9108 7680
6488 4064
4719 3625
6332 341
411 49
4024 8246
6642 4786
6032 4153
6081 9761
7443 4191
9313 8511
1492 6058
4812 6677
5901 9419
675 6195
326 9446
741 9716
4855 8624
8639 3734
7897 8844
8730 3615
1165 8792
9284 289
9798 6779
4511 1417
7656 6870
7071 6654
4297 293
8746 6230
7277 3891
2336 2693
5868 9335
3868 8028
3591 7660
2912 1942
3300 3071
9015 9326
9748 218
9720 4793
3201 141
9529 8533
1261 7900
7364 7638
3081 5021
2775 8725
7379 4748
1284 605
3359 8843
191 9291
9641 4572
2378 5141
4862 2169
9881 704
9040 4251
883 6248
732 3169
4215 7697
861 280
4225 544
4171 7187
9904 2819
1028 8924
8459 5468
9083 7543
1949 8587
7225 3862
8493 4794
9578 852
20 5052
275 8258
773 1845
708 2218
6362 5396
3818 9130
7465 5770
2201 6451
2313 2041
3009 7191
273 6082
8541 6672
936 5246
9276 5246
4002 4491
3051 2320
890 8588
3499 1773
6537 5280
8946 939
2568 7210
4363 5661
697 6423
6756 8545
1063 8045
4136 3349
7159 3354
1872 6427
604 9753
3192 9369
8305 505
3495 9702
6076 9263
402 2198
471 7545
9294 946
3559 2130
8085 8925
1702 6869
9661 5668
7029 863
1159 3698
91 2269
5306 686
3514 6292
9207 7320
5739 4865
5208 4195
2126 9606
8614 2198
5613 6546
75 4578
2409 6260
4298 1759
4712 8389
4912 9742
7589 6959
2022 287
6565 6279
1772 3535
6199 3785
7247 4995
4330 9354
2049 350
6534 2618
5206 1101
9785 8518
6179 9237
6695 9047
5292 6033
299 3748
6910 8429
3676 1049
8446 9934
413 1199
3247 8605
245 835
6211 8630
6861 8685
1121 4812
6644 9099
7585 7100
310 9530
6377 3258
8745 3659
3679 9570
8483 3203
460 4367
1503 5183
3864 6688
7387 9470
2194 7854
5012 2182
9633 9176
8257 3668
4110 9626
613 6947
658 4904
403 7120
1544 6868
834 7089
8132 7918
1910 2899
2344 7045
8579 9994
7900 2168
4443 627
81 3913
7121 3974
8788 8934
6226 6764
1402 7559
1088 4702
9821 9532
9504 3429
5523 5393
4959 7430
9065 4039
2544 5745
8920 9078
4064 3667
1330 5571
5191 7564
131 7709
6723 9298
7632 331
1791 76
3929 6479
1398 1684
3263 176
9176 1081
750 6276
229 8617
3308 3268
8513 4194
1609 7216
4885 8670
6645 5715
5521 1314
5058 2471
805 5380
83 7681
3483 5198
9206 8595
921 2311
549 1489
778 104
142 8796
3232 745
6184 4745
7994 8412
191 7626
8965 8121
536 8126
7898 9552
2243 565
5731 7626
1331 3633
7002 7470
7896 3544
8687 907
736 4108
2914 63
7670 5492
1759 4865
2115 6801
3602 5071
8654 5775
2898 7658
4206 9140
9501 9037
7437 4715
6820 3088
6491 4336
3892 6012
5499 9475
9988 1862
4807 2479
8029 9794
4615 708
3566 3133
3991 5413
1390 4497
9088 3443
5079 1575
9426 9335
2837 5033
4536 1180
5450 5820
1816 57
2104 2581
7850 3671
5179 2964
285 6124
1087 1099
1767 1257
2625 7252
4688 5610
3485 5465
5622 9523
9729 584
9817 7633
9113 4869
9421 796
7099 1078
6694 434
1404 9615
6781 5726
2038 6167
8036 1790
9034 47
5148 9684
3751 7437
162 9802
9155 3019
1319 2469
6218 8604
7816 1986
6474 3617
6239 4719
630 8037
990 7606
768 7016
2422 6067
1029 5822
8289 7211
3490 7025
4598 8722
7635 3788
9873 4133
9713 9232
4520 8734
618 4994
6910 9039
8837 9645
9749 7457
3870 329
5500 2765
8067 932
3293 9963
9994 2140
6228 5010
6416 1779
3799 811
9507 9918
7415 1240
8141 6126
5230 3027
7678 5331
6811 7898
7566 5105
1951 3500
3635 9474
9401 5321
6696 2643
2676 7460
9083 7334
2501 6519
2040 1606
1994 594
6585 6369
1767 884
6313 1768
2761 6041
8259 8229
1418 7408
9820 4502
1998 1065
7639 3065
7253 4970
5566 5330
2452 9190
1695 4389
9677 8133
6134 8028
5229 8949
7116 4336
5287 5414
2457 7084
5831 6452
8182 8314
151 6691
973 9238
3575 4305
6867 3749
9831 4824
1739 3521
4658 7712
4621 815
3355 3527
4097 0
8585 6588
2067 4127
5527 855
1289 8610
2371 8165
7364 9873
4302 297
745 944
1373 9412
1149 7022
435 4574
588 3611
6420 395
944 3534
5063 1438
7666 2786
5473 4876
7292 5436
9542 4517
5380 4422
6327 4950
8600 3429
7800 6621
7037 7801
7109 1664
5966 2336
3278 2690
3602 1227
1635 5622
2178 841
3104 1286
609 1092
4738 5784
1608 950
2270 2366
303 4672
9880 8621
465 2995
1343 4047
3172 5505
570 2533
4121 3762
9448 2056
4842 4734
6716 8751
9813 8026
9779 5500
432 3903
9134 8116
8327 9569
1314 124
3750 1319
7701 429
7502 4095
4598 671
5962 2235
9598 5155
5236 7636
1588 1695
4622 9669
807 4096
8628 3060
3579 3503
2886 2273
9258 9652
4078 53
2443 792
4941 2437
7016 3113
3070 1765
8818 5757
7175 9695
5150 4218
8871 4643
1785 3586
3143 7502
386 562
8071 6271
7774 2201
1912 496
910 599
1906 9597
7970 7370
1472 9041
7871 5200
7687 5273
2507 2456
5891 2438
3268 7246
4008 8043
3383 138
7932 2222
5026 4211
7361 8447
2024 8046
6420 7320
4771 6868
8241 4060
8341 6840
5863 448
7720 2606
7350 4872
3148 2938
3814 7614
1801 1581
4386 9642
9751 5066
2523 168
4659 6514
7994 8455
4494 3996
3044 9481
5200 7680
2534 2202
927 7065
7084 1270
6810 9816
7349 3948
1825 9068
1252 7659
4554 7760
1129 1628
116 5323
3821 1834
5807 9454
237 8573
2976 4194
1438 1294
7504 3748
5367 7925
2743 9546
2879 7576
1878 6973
5585 1233
1685 1380
5389 593
3422 9510
5358 5768
3170 767
6225 267
3490 2852
2288 7818
5897 6772
1374 108
6314 5820
8232 1651
2013 7573
6586 7050
3970 5850
8877 6755
2342 42
1650 2786
4689 4897
5805 3812
9190 8126
3322 5224
7076 6921
9904 2408
5986 2805
1066 1003
3143 2110
3539 5302
3910 4881
3758 3916
6081 3049
2617 2476
4456 7893
1725 9639
221 8084
7189 3800
2444 3067
1112 8037
6146 1937
2667 3195
5314 6319
36 2548
7552 2721
507 8013
3350 5438
3738 7771
1028 8197
6245 5020
9890 3894
2675 4826
1253 5784
4001 7074
8541 2359
6501 8447
8431 1692
4825 7417
5999 1272
3170 6669
1752 1855
746 9980
6362 9281
8924 4840
4537 5384
7732 1254
9829 7429
5139 8841
5271 324
9556 9642
555 9899
7237 5936
2351 6055
9114 7685
7678 3250
8687 5358
5205 805
7315 9048
6398 7931
918 9909
1663 1627
6176 4410
3171 7489
7494 5198
1392 8443
9787 4416
5605 2599
8820 2636
5503 3258
6794 3789
5209 1858
1491 9623
2988 8976
831 5772
1015 7958
2684 4723
737 6513
9262 9470
4003 7737
3904 6149
1684 6665
2221 6962
9080 9653
2874 5112
7662 3565
2076 6085
54 5370
4473 7922
7551 4128
8985 2766
816 6047
564 409
5745 3952
7298 146
3776 7778
7296 9825
3661 7282
9663 2751
1781 4804
28 5299
6870 6736
6601 9149
6420 6470
7156 9454
3090 3384
8013 9749
5582 9118
7499 2793
7919 3081
2182 7326
3418 748
5906 1927
5946 4323
9034 1531
9198 9047
1700 3941
1932 8527
2459 7575
4439 8042
6921 5995
9214 4805
5104 3150
5269 7234
8230 5724
4676 9155
2002 9791
8713 1429
6440 5236
4876 4261
6950 1176
7227 7406
6911 6140
3651 1109
9845 9591
9187 4599
156 4905
4690 4092
3511 9575
1887 5501
2863 9605
3521 7422
1277 13
7752 5585
8180 8560
2720 4057
1704 5856
6928 8003
553 4664
3384 3850
2668 9330
5580 9640
2937 4637
251 6598
3721 6963
5960 6157
9896 9039
919 7688
2757 6425
7391 9345
2321 536
9320 1572
5411 1876
8553 7052
732 3592
7387 4024
4536 8858
5886 9521
6588 721
7985 2604
5038 7667
3431 6112
3777 7306
4242 6166
962 4571
521 7961
1727 1545
4312 483
4866 8383
3083 6674
4840 8375
3759 140
9237 2172
1416 6478
9536 7738
6462 7103
4638 5718
4419 7068
3870 3423
3327 2332
9777 1330
4522 2348
54 7650
7859 3251
4238 5169
3056 7443
6467 6827
6982 8392
2212 7118
175 8625
995 8379
9217 4941
9966 1060
2108 7189
5950 4043
7478 6665
6872 7456
1286 9926
2884 2603
6421 6149
846 2012
4826 9517
8713 1653
8579 8382
6079 2449
8537 8094
1626 7277
2356 2237
7472 1929
4562 1583
3620 2563
6974 9454
4653 6836
9725 6796
3425 8888
9100 1419
8875 9864
8285 824
7513 9024
9583 992
6844 1171
914 528
5516 9675
3894 464
3635 3302
2729 8909
339 653
1603 4220
6068 1043
4456 2023
3047 9430
3878 53
534 781
3781 6615
9533 2225
6801 9767
3015 2778
8323 4769
543 7776
1790 9740
6094 3315
8698 798
5195 9085
9333 4163
6713 3903
325 7908
4319 5440
8771 6491
8475 4806
7111 1331
8951 8812
9494 1619
2642 9245
5266 3480
3716 6829
7065 6553
1246 5196
71 3759
1459 1378
8275 3201
167 5682
7761 8104
1041 8095
1934 9853
6581 3229
2930 6774
8817 8196
9629 1461
4776 1511
6048 698
7558 8175
4978 3614
5253 8946
4872 1781
4052 5612
1997 6524
427 9674
2356 6680
6679 3226
1815 3457
4193 3756
4800 5884
3715 1846
2042 3060
2512 6488
8984 3801
5573 6738
8420 9456
9081 9467
8466 3851
9622 8400
6480 240
7236 362
9721 5575
4537 786
4699 7194
2417 8213
8524 9950
3332 529
7265 9360
145 2024
6665 3247
667 301
7544 8897
6028 3153
98 9498
8416 95
2897 4714
101 6067
8863 7547
86 6601
7028 8552
5364 7174
3066 3542
4781 3599
1976 7556
3978 8287
8520 3650
9764 5797
9234 4868
821 9518
9355 2658
8397 8220
711 9044
3916 7719
8586 1252
8456 6447
5161 2482
6605 1509
9132 591
8478 9999
1020 8061
6650 4193
8170 640
1893 9470
2686 8019
5835 7564
9142 2136
4666 7939
5996 8630
7688 2237
7172 5444
2042 9854
7123 9911
7212 9899
2880 4675
440 1865
8621 7396
5449 665
567 2809
2758 2114
9542 9671
8168 6298
4519 9166
795 3368
3497 4526
7140 291
3264 770
4079 397
3397 494
7617 4073
9742 7173
9477 3240
2772 8066
2316 4975
4057 1503
1156 9685
2104 1485
2247 6776
1552 6868
7527 9895
2216 536
1901 7628
9872 7528
2878 9
6585 4409
7082 3982
5844 9698
6133 4700
1953 2445
3296 9560
4313 9572
2243 8185
9632 225
5509 7161
3028 6405
4696 4144
1197 5068
2356 5755
4195 2317
5343 3702
4173 384
5821 5926
1384 7813
955 9395
7928 5116
1583 4234
6086 256
6041 5613
2184 1614
8885 4427
6763 4092
9468 5371
1914 1548
486 4870
2568 2536
5664 9046
9775 9924
4830 5022
9183 8194
3836 6344
1191 6410
6861 6171
8006 8526
6542 9414
4886 7941
4597 5913
5669 9663
1678 6289
3825 8356
756 6991
4914 9952
6659 5447
4478 684
58 5277
9230 9615
9196 3870
8812 5926
289 6472
7288 450
2506 7100
7541 3394
587 1436
6330 3287
5675 4027
381 3958
6337 6553
1471 8316
3881 6995
8869 841
3479 9289
5608 5164
9299 6
5467 3163
5168 1433
4369 7036
8336 6371
7099 4594
5041 211
9685 3055
1495 3081
1803 8289
73 8388
5475 4811
1584 8506
8939 3513
6306 5832
2525 1611
706 1578
5576 3544
7369 3760
27 1707
6054 1280
5679 6491
6603 5730
2863 9808
792 4897
887 191
9078 8569
77 4639
4355 1523
7752 3169
2222 6887
6415 2579
1364 7918
6783 8436
8872 9228
3037 5277
1219 5196
8381 8425
7019 2588
4911 1102
5194 3599
7916 6061
6985 948
4195 3363
386 2238
3677 9898
3936 9009
3351 4034
9326 4489
815 5490
277 698
4393 272
3174 8255
7791 5757
6090 3217
8699 6122
7705 5783
5093 6010
2260 4727
3427 1693
8843 8143
6560 6126
1094 2714
3882 612
9120 7162
4414 7078
2991 5042
8950 861
6936 8072
2263 3772
4246 7360
6964 3565
2338 9827
8150 7929
1173 6726
9370 8525
2729 4883
5679 6408
7961 3750
9252 8755
6015 6927
1373 8878
1620 4641
5646 3120
9798 6857
7876 6646
3676 1385
9776 1083
988 8976
5722 6177
6695 4207
9724 7104
825 8819
4641 6781
7372 1443
5263 8089
4498 4118
4996 1219
159 4222
5525 7299
2069 9749
5365 8656
4462 4046
1262 3352
7698 2208
5526 4117
6862 5218
633 4990
4621 5925
2137 3443
2459 6026
7963 3024
9332 8387
744 3852
6449 7659
3881 8515
4796 6189
2601 2008
7967 9786
5417 6956
2598 9786
6537 3173
5845 2519
5952 4872
4434 4482
4944 5313
9642 2345
3785 6821
9646 6282
3984 468
3032 9859
2329 1972
4346 5498
2983 8197
6158 9478
7196 4772
654 3785
8443 4773
916 9183
2398 2285
7070 3730
9459 1659
303 5802
8341 2940
3418 5453
6697 941
3322 8034
1481 453
1938 5150
4370 7569
8445 9265
3025 1184
967 7771
3228 4221
4253 1536
3892 2042
4655 9314
9071 3808
4351 7348
7044 4743
1453 1199
4844 6455
7099 1163
4226 3600
9024 4211
1470 7816
1272 8114
4224 5077
1973 4740
7926 5395
7205 4414
6698 58
5905 5612
7363 4565
7622 5720
1825 1820
2073 976
625 4619
9296 5486
9610 8482
2719 1062
7816 3069
4576 9457
1835 3559
3651 4263
3131 4139
8849 9596
149 7460
4737 9630
7069 4937
205 9691
199 5311
1139 7510
221 4119
3346 4300
3858 2732
1236 9926
4051 1085
6948 1192
2590 1782
7373 8768
4340 3091
1237 795
2539 7888
5171 659
5000 379
4863 2307
5853 7232
4484 4001
99 2779
3256 1504
5561 4691
234 4115
5001 8881
6494 3963
1332 2419
4213 1893
1840 3956
4544 4157
994 6604
4460 4481
2368 8543
4139 3668
7753 769
3822 9180
9657 8151
6786 1811
8049 2294
7016 8668
6714 481
9897 2570
4599 1092
8325 162
9265 4517
147 5583
3118 6638
413 7709
7169 5289
6588 5592
4469 584
8378 1058
4430 1943
5391 1171
7972 1217
3919 7938
5405 46
8551 3768
7168 8575
1495 6765
5924 5789
5238 7715
3877 7518
6560 7384
4176 3381
5053 2914
9478 5096
5656 1633
1262 8656
9598 1234
9114 9129
3177 8331
2851 9573
3255 9826
9999 4453
3023 4264
9147 9342
790 3105
8687 7990
9616 7348
4610 9174
7739 1112
9569 9230
4219 7059
1360 3071
6000 3869
5174 1632
9373 4445
2899 5837
3271 7906
8042 4887
8012 3562
5667 9484
2299 9294
7681 8896
831 9244
3564 6479
3344 11
5191 2374
8417 3441
5636 3767
7192 8324
5783 4423
7279 9374
1030 8910
8320 3808
9957 4805
1961 4282
388 14
8003 4807
3159 9188
9003 4729
1992 6498
6408 810
8494 7810
3312 9194
6269 7926
832 9039
5945 2722
5213 614
9333 6962
1227 5779
8777 8351
3540 5272
7660 1710
535 5389
8878 5372
5288 3906
2174 9345
9108 6089
2425 5267
3897 6473
395 1221
4947 9893
4656 6457
6930 6817
850 5347
2835 1614
3908 4847
7186 9817
4724 5413
3888 7054
1881 2253
2034 1673
7484 8856
9581 961
9724 323
5873 9536
9586 9155
4026 1246
3103 7428
5252 6189
9204 2953
9178 9104
5526 3772
8760 5913
5045 2102
4962 5707
7313 6883
2447 7303
8091 6451
7174 935
9531 4672
3208 40
6808 2623
5482 131
4812 5071
7632 762
1687 9422
1819 8284
488 6179
5352 1041
3716 3362
7635 1698
3035 8877
7112 3702
5644 5966
8615 4907
9374 8140
2616 9456
2743 7705
6938 8394
4150 6021
1064 7499
7107 6650
3095 4705
6415 3628
2265 868
1331 2167
5288 8618
9108 843
9366 9920
203 6129
1804 841
9580 2202
4024 4892
6817 4154
8989 561
3252 7232
9686 4996
1693 8223
7882 7981
1755 4371
5989 2415
9605 6926
4540 3795
9626 7144
6008 2120
5702 2975
2395 1028
6256 3709
6771 6792
2408 2813
3488 870
4088 8812
3560 2471
7429 8644
2920 4292
2658 736
4893 1845
3798 1317
3807 4471
5878 5334
3698 8689
4010 1391
4136 1242
1786 5050
9305 7771
9097 2832
855 8055
6386 9731
1397 4110
2741 5832
0 3748
9429 4663
7275 3600
7100 7775
5376 252
1776 4933
7929 6750
8214 3791
3538 3172
9355 7312
5210 4252
5162 6915
1926 1387
4515 6375
4872 4644
4640 2216
6963 4962
9964 2675
6134 2989
6009 695
894 1451
7443 1721
3058 30
8084 4526
5869 8576
5600 2519
5898 1903
3966 4375
2457 3001
1735 8421
9744 1180
9565 7679
1930 7970
2020 6790
7315 4900
851 585
6189 9238
7021 2643
8014 1852
803 9250
8974 8649
2425 1445
1684 3635
9607 5288
4050 4785
3965 8939
9713 9280
6556 637
1730 2934
4775 7811
9679 6565
9152 1803
9235 9602
6523 7708
3798 4359
2698 5068
8259 3177
4445 3815
1731 1856
5931 2922
4953 4902
7379 5154
169 1962
4301 7946
499 1430
932 2084
4537 3638
505 2467
3574 468
4525 9585
3312 2512
2040 1018
2534 8841
2044 6115
5508 66
1271 7545
9035 206
966 8120
6739 5162
4864 9656
765 2644
7633 2668
1831 7608
6860 9795
4595 6006
8707 4761
9760 4209
2200 4211
8701 2742
5678 9012
5457 5495
3533 3999
8390 1677
8170 7801
9082 5130
5710 396
7543 8393
348 9390
1096 3943
7876 517
6930 5890
2427 4139
7926 6863
6320 1184
990 224
4774 4809
746 7249
9618 546
7294 8501
9891 6786
1307 31
5424 995
1319 7994
5548 414
6007 9757
423 6919
1183 4609
4885 7100
8730 7082
5852 7111
7779 5393
9323 8663
9292 4971
687 1301
6547 42
9519 7584
3362 301
7558 4193
806 2351
2926 2976
2601 7755
5858 1249
6739 9218
2611 183
110 8437
4088 6348
8420 8387
6876 5542
2007 7843
8651 3674
1207 5520
4151 9360
2655 8535
1221 2507
5663 2261
9679 7073
6723 8224
8392 6699
9652 2429
6087 6124
1003 3120
5280 9246
5996 7456
8868 5958
8036 4796
3871 9457
2188 3737
7768 6133
421 524
8915 4994
8684 5024
3424 3450
8528 355
6054 8538
1149 8022
7805 735
4129 2610
6669 5426
199 326
2087 1395
5970 4978
5083 9658
6447 9570
8702 9456
4304 4687
6840 7894
4731 5690
1842 6322
4352 6906
576 7874
7593 201
755 2796
1860 7809
9454 522
6109 6394
8041 3452
1589 3404
3833 8254
3322 2371
7008 4773
418 5832
1596 983
3055 309
969 181
7076 5270
7014 8563
2486 3521
1353 504
6427 6217
810 7955
271 1237
5376 1962
1268 6193
5494 8707
3101 8008
1803 1596
3734 3809
19 7216
5150 6277
9204 8994
2587 1829
6233 6770
4334 1034
2506 5079
1673 4311
4064 4330
6922 8023
9365 4434
6019 6038
7289 357
7010 7410
8034 4833
2397 7711
2176 6847
5774 5013
3413 876
8631 9446
399 3372
1378 1358
9927 8390
579 5896
2088 8669
4236 2763
4384 492
8124 9587
2497 8274
944 9778
6291 1259
9194 4746
5443 8891
7167 4068
5732 695
5661 2612
4234 3409
1224 4310
3806 3194
9067 6367
2960 1439
8310 4272
5118 3628
4246 2945
8072 4016
1485 4630
1866 2792
9872 6999
8097 5934
7202 715
4505 7655
1124 2281
1018 5187
462 6241
7283 8584
855 9705
1333 4008
3219 7859
1421 1888
8806 1285
6363 9317
9430 9585
9628 4710
4553 8857
1993 7795
728 1260
6985 7374
2628 1388
7509 5269
5912 3965
2710 3571
6389 2054
769 7890
714 1279
5703 4298
2684 9102
1746 2690
914 9700
9974 3927
884 7063
6069 7319
8471 7147
3729 4806
4579 7325
5190 5368
1073 9991
6786 8093
2350 9157
2085 4271
5054 2511
8769 7726
3084 7381
6363 1981
2300 4618
1767 2718
3526 2309
327 6874
1886 2293
9278 2439
1126 1772
3995 8749
4723 3665
1685 4606
2865 4761
904 9576
4761 6646
6419 5434
4937 2141
9089 9959
6934 7297
3019 2959
5997 3205
4354 873
6395 5155
3548 5387
1602 831
3585 6905
2217 5897
5346 1238
6284 8699
9045 8495
257 433
262 348
9718 8226
3535 6729
243 8393
1780 2346
1110 127
4256 1228
4306 7372
4220 5267
7987 393
3603 9537
3415 4807
1511 546
6108 8695
4493 1226
4036 2879
157 1486
6752 3101
6815 5558
8377 7917
139 9305
8546 6514
4595 6647
9641 5743
4513 158
2469 7349
8046 6446
6972 4507
6847 1419
205 8729
6632 4351
3504 2115
8642 9177
6817 5384
5473 1579
7999 1479
3364 5157
9755 6790
3853 7432
3843 7614
95 8841
701 7077
8799 5504
9238 67
4935 5170
6608 9577
3553 2848
4847 440
1071 5389
2157 3260
4842 8880
1581 5615
6389 8839
713 2373
6696 4968
901 5921
3475 5824
6326 9077
4479 2176
878 54
2416 3662
278 1528
1446 9160
2805 6070
9456 745
4324 2094
5808 4751
4970 135
9572 9798
2577 1123
6045 1619
6187 4955
6831 9362
8395 6225
9353 8096
5270 4909
5266 5956
5829 2596
3044 5024
8006 3122
7700 8708
3956 4794
6312 1893
9153 886
9379 2002
2805 7932
1875 9062
1223 3488
4450 599
7369 6799
2694 454
2393 3652
8638 1917
2915 3638
1891 6688
4664 7969
389 1640
3072 127
5838 8919
2370 234
5082 9798
2816 4667
3428 2852
8900 2734
6935 261
5145 5024
2619 8385
3426 6651
9107 632
9319 9644
7328 9656
1442 5874
6846 4673
6469 6161
7046 7950
6828 8566
1607 852
7599 352
389 4575
287 3016
5393 6109
3235 8086
6633 3598
4375 6456
6169 1811
9848 5190
8300 6346
1801 8175
1030 2996
4174 7667
364 6115
6862 9841
4954 1200
4624 4116
3848 3357
3991 1099
4269 7947
496 3139
5082 1885
9783 8073
9987 2911
9988 3096
7529 4144
6267 7476
9545 8147
5507 7763
8961 4995
2984 7130
8233 3748
5423 4195
6190 2082
2790 2744
4588 7872
8551 3050
5887 3211
2471 3091
4260 4681
1925 2756
9920 1380
5150 1610
6743 6839
2683 546
8722 7690
2263 9597
5502 4052
4306 6695
8703 8300
2061 8229
2745 4149
1256 8709
2559 354
7699 8422
4096 3832
6808 1237
6518 6152
1242 7992
5790 2829
9391 3766
936 938
4131 6281
1746 8729
5433 4886
319 3382
2899 1711
3810 3309
2805 6392
5619 5432
833 3353
6533 2897
5575 340
8080 2681
6837 7020
2968 7977
137 5278
6553 316
3587 8109
6810 7630
6492 6049
9375 5231
4854 8752
5911 3109
1757 516
3193 1057
8034 5199
9833 5062
3430 9981
1873 8671
272 7514
154 3453
7143 2206
5523 2074
9121 4378
3892 2347
1126 2428
4758 6844
2571 2921
4224 1359
3270 3200
5989 8525
7699 4857
4376 7645
6309 4281
8920 8528
4144 4814
1139 7709
5597 60
1187 6143
1588 4609
398 8943
5576 8338
684 4787
5950 6077
5042 3718
6284 602
4442 4750
6441 5802
4059 8873
2402 3616
9174 7424
4521 5775
2410 1789
9470 2963
7308 273
2636 7931
5641 529
4309 9625
8622 2290
2873 4513
4330 9603
674 2893
5456 878
689 4393
6979 3671
6616 6968
4736 5339
4007 8168
4518 1519
1474 3563
6200 2908
4097 4865
4231 7979
4548 5361
1163 54
5404 1856
291 2459
6767 5526
9413 6451
6084 5351
6850 1478
1621 5525
4058 9012
9252 8374
5287 7714
515 9808
5508 7303
1820 5889
2622 2334
3763 1936
1423 5329
7043 6328
2326 1141
4485 9602
1568 8591
6070 8294
6444 7659
5867 3034
7266 4144
5379 8364
5860 2743
8759 6634
3426 4804
9980 4177
5671 7833
8699 7488
6010 9803
9377 8180
7669 5861
2561 9345
3639 2297
1896 4910
3529 1424
3958 2566
7952 7826
3102 2534
4695 9269
3303 3729
1688 1979
3897 2496
6628 9151
2657 6583
2942 3040
8710 9785
8856 3465
5268 3308
2869 7442
774 2267
8194 2914
545 7897
1467 6221
6157 9289
6550 2502
6916 9448
3487 3170
437 867
5909 2648
7116 9572
5370 7523
4876 1877
1793 6329
752 2397
7037 2498
9471 9513
7060 1645
8999 5411
9415 5355
4047 5639
8390 6693
4057 6498
9503 9051
4281 4963
495 9665
1881 3993
2705 995
9815 1231
2401 3156
9624 2366
3495 4765
1679 7548
1539 2210
5574 1661
7802 5783
6003 2399
3559 181
5015 3942
5908 4632
4351 9091
5280 6044
526 1513
7583 3058
9239 5914
6002 3927
1829 4219
4373 6781
742 6734
9999 605
9400 2381
3938 1483
8949 1874
2258 4417
1280 3116
9532 7255
5998 4765
9663 6227
3754 8207
8692 378
4005 4920
394 5822
9986 8836
6259 9208
8045 7091
2103 4371
7408 6442
7285 5008
2409 4492
7689 9789
8346 9298
8103 6271
8540 3212
2955 4979
8639 5906
3788 7289
0 8470
8607 7233
4106 474
4886 3295
1470 8157
5078 4979
4254 649
3789 6997
5263 4895
4419 8244
9638 9034
1245 4051
7157 6530
6432 7447
5674 1890
3546 2430
5763 1866
5095 5015
4761 3
8368 2977
7653 1163
5720 1487
7519 3269
5990 2917
1104 3346
5900 9455
1044 2166
7057 2523
173 4279
9672 954
3740 4222
3708 3364
1112 8218
5226 1094
2724 1201
2963 5764
1460 1052
1046 9638
7651 1585
3831 9392
9779 97
3214 9105
3231 8071
7366 8601
8940 2995
4701 8500
4634 8461
8812 6401
2101 79
6564 1657
6418 5520
8337 3123
3708 868
9218 7437
9190 3991
7123 8811
6528 7235
6618 3888
9010 3131
6256 3132
8892 4265
9193 1178
5903 6207
7371 2262
9868 3524
9372 751
3945 8585
8992 8744
8474 1122
3238 9239
2361 5197
1277 1042
1457 3325
3598 11
6799 6713
7814 9276
7203 244
822 1196
174 6360
9539 503
425 410
8586 6719
8249 1818
8089 485
2468 9554
9728 8235
2195 3161
1111 9871
3573 5193
1812 2173
6482 6610
1808 892
4972 7615
4218 4572
3799 677
6225 4889
8859 6814
3915 1693
7640 1378
8885 1182
5562 500
4033 9856
1823 7449
5874 7618
1360 2613
9355 3243
7491 6018
374 2616
1172 1626
3099 9912
1247 4912
2058 5909
7839 9263
1236 7279
9845 122
9907 8973
1623 7242
1188 710
1801 2980
4621 7938
6409 5596
7213 8733
2074 3485
3121 2644
4135 8013
7858 7158
4546 388
2793 3616
9680 6767
9823 2943
7144 3665
1280 6797
4148 7635
6119 9875
9764 8980
979 1387
4153 616
7464 4672
4903 1165
8574 4160
6601 8375
6980 615
6391 970
7410 1654
3394 5744
577 4725
9006 5319
9385 7485
9232 6593
4600 6161
7213 2925
9719 7277
3096 247
7182 3439
7939 4944
348 4363
4438 5579
5013 1826
5636 6638
3042 6681
1544 7266
1324 9974
6141 186
8136 1093
2940 5874
4288 8
3358 2024
9213 3563
7137 1451
5985 4554
2023 1289
1035 140
3514 3067
7603 3491
6870 7905
8054 7331
5874 1792
1613 6732
9124 5794
7023 839
8036 4384
5961 1402
3188 4992
7425 1920
2561 4308
5617 872
1320 9294
2140 914
4329 4714
8127 5667
8584 8154
2714 5153
6704 2237
484 8909
5872 849
8537 9109
8277 930
4134 5759
3274 4665
4360 4475
2944 2219
9344 503
3763 3891
169 9060
7901 4327
1870 5026
3997 3400
7774 7668
6780 7146
7556 9857
4399 3305
673 4086
7354 2461
3170 6170
9030 206
1342 9175
5278 685
7429 4185
3339 1106
7604 9856
7623 3133
226 2156
8103 3992
9816 8534
5297 727
5088 5418
9705 1724
5074 4703
3984 4823
5917 1159
4019 3786
8796 7261
6486 1967
4013 7546
1098 8357
9258 4609
9134 8080
592 5689
6271 5120
8023 6280
360 1041
4365 5615
5033 2577
7110 1776
33 420
5465 2950
659 777
6595 1249
7884 2217
4239 1657
9523 9557
6867 2360
1544 8616
6985 9755
8098 5989
5080 4884
7549 5136
2280 6752
8192 4491
2194 6709
9707 4330
8859 5878
9268 5597
5282 3006
4477 783
7862 1
9075 6405
6608 7341
9464 9283
5270 7588
9027 1945
6489 7559
1430 8008
8555 2796
8176 8283
5351 915
4387 3193
3246 6177
5144 7398
8018 1112
858 374
8092 1585
5808 1220
4209 3441
916 6699
2736 6070
22 6975
5886 3638
43 8374
2613 6063
5512 1252
733 8771
128 2569
2217 8921
727 1863
1047 240
8068 585
3815 520
6514 7599
1185 5056
1376 7421
6844 7825
946 2340
4826 8093
8068 6152
4912 1507
7532 6137
5885 6622
2579 4244
2630 995
1301 9261
8452 9508
8487 4111
1463 963
2308 9503
6741 4127
659 1109
2087 5527
5668 5380
7593 3953
9278 7017
9121 7354
7419 3254
2284 3559
3146 2679
2146 5158
5926 6496
2847 1090
8464 2631
9694 6651
7330 270
2760 9594
3160 589
3666 3418
200 5128
8544 6306
2509 6897
2594 178
5194 5637
5452 1264
5612 6316
9455 9126
2745 421
8386 2713
5142 1622
6693 4039
9654 9451
3703 8013
8165 2153
7763 5439
4471 8614
3274 6362
3861 3205
3334 5664
3427 9490
8389 7000
5071 9162
4922 90
3750 2521
3485 3793
6766 7699
8936 2234
1382 1256
1627 8254
262 9308
3666 48
5093 9290
9519 5128
150 7890
2776 5530
9327 1842
2513 8464
5422 1584
447 4642
7527 4891
7315 4605
7904 330
6635 4184
4500 3483
4148 8420
7870 6762
573 2397
1986 4052
4473 7293
2494 8293
3589 971
254 9860
160 2734
6633 4391
9334 450
8662 4606
2333 1903
3694 5220
8105 2398
9448 5070
7247 5768
204 1094
9854 9613
7834 8332
2938 1749
8986 6205
1439 2815
464 6836
5572 5640
4585 8919
8204 4215
2507 5100
5883 8791
2545 1600
3178 359
7015 6638
1521 321
1506 7322
5461 2809
5496 6543
1545 4122
984 7553
6019 6319
9135 2749
8577 8420
147 5718
2767 4111
65 6452
4859 947
3001 7100
5847 64
2544 1066
4430 5137
7689 9413
6906 8500
6203 2446
5313 1743
2023 2165
5298 2534
1638 4448
9877 5736
3043 154
3250 3919
8507 260
4364 9926
9749 9179
9125 3584
8907 127
719 4095
3398 8283
259 3536
5808 6404
979 7480
1641 2623
7916 261
2877 3720
6592 4191
6576 1348
7473 6942
8790 8010
1822 4197
8615 9588
3137 2460
6099 2319
3456 4020
882 5564
6919 8220
193 8497
7904 7287
5938 5494
9585 1361
6141 4078
2795 2873
4322 664
3744 1764
551 8612
5456 4796
492 6368
4859 2821
1515 2155
8943 550
5794 9703
9742 5264
8586 4069
1737 8112
7868 5306
4116 6204
7503 4330
3099 1148
9523 4617
3297 974
1639 8098
4277 1407
6281 8695
3284 8271
685 5009
7646 4612
5941 3944
608 2589
1612 2889
6234 5324
4239 8887
2588 5288
519 1900
6879 8490
2965 8800
9669 5010
2660 1579
5988 2268
6565 6905
9414 9008
1348 151
1150 8100
6708 2465
1337 5329
6908 6313
3770 491
4488 8778
6164 8520
1350 278
1794 9486
9115 553
6280 4777
7943 3442
1617 7655
5213 2967
4854 898
3396 7265
5612 9565
3890 8609
4665 3251
9177 8856
2439 7368
8819 120
8988 6788
866 1144
9563 3076
4101 6458
2550 2193
1918 9974
8957 4062
6261 2349
7760 9431
6621 2130
3671 8524
4989 8905
8783 3487
2245 7989
2070 2417
3948 8414
2227 9857
8635 6932
7325 5173
6833 8025
3672 7307
5462 4550
8823 858
9888 5179
6634 9719
1397 3052
3911 9848
2289 2515
9602 7854
2445 2484
6499 5442
408 1332
4712 1271
6092 9051
8370 8416
6320 163
2344 7810
1281 386
3354 9461
5583 8320
6205 728
3082 6893
5136 766
6812 4799
6719 9077
7542 9669
7355 9752
703 1875
2999 6674
8271 9190
370 4448
8081 5844
6681 7009
6064 3587
9773 605
4709 9376
7530 8802
2969 3031
9101 2599
5776 1026
1535 6655
7878 3194
3446 7558
4969 598
9717 7473
7472 3820
7877 2183
958 94
2003 8583
1729 5622
580 1367
342 5931
9492 2445
5876 6116
6905 8343
3468 1751
7914 6504
1629 4923
338 8047
8613 3010
5903 905
2838 4814
8435 2057
3608 3592
1051 9062
6495 5319
7875 9059
8420 7975
3709 7670
9076 313
4448 7634
8028 1162
3835 9101
255 3312
6213 1328
5146 9292
114 5359
1766 9553
8109 9457
8851 3875
7816 9127
7563 603
2555 9678
9788 305
6916 925
2308 4400
7713 7289
2199 1442
3075 8651
104 4668
4504 5181
5862 8060
3702 2092
1494 2069
1867 9715
7912 2049
1316 3022
5902 4350
7424 7138
4457 6779
2711 6330
6020 3928
6445 3002
1406 2749
5610 2693
7605 2591
2828 3759
537 3821
2025 3816
4426 869
3309 7476
5787 4828
549 651
6125 6356
2697 4782
1585 97
9454 3162
6878 4873
2200 5551
872 6004
4851 8047
9346 5129
1060 3369
2247 4036
4023 8894
9886 3544
4546 9546
9797 6358
2330 2969
5496 8685
5743 4871
9626 4420
1455 6775
8037 3031
33 4871
6103 4396
5216 6038
9419 106
6597 9472
2002 3545
7918 2485
1854 4639
6549 9104
5023 6187
2933 7067
4487 4541
9699 7396
391 8234
3464 6496
5641 361
6282 3194
4813 6444
9524 6215
4994 4980
2184 1106
948 570
255 2094
3205 904
5967 2924
9190 1648
1540 3370
1632 1260
1922 2981
4031 9835
3814 4601
5268 7239
9511 405
8312 7493
1465 4189
217 1429
3605 368
2976 2843
290 727
9664 6099
4872 5368
901 9921
9329 2004
1853 1273
2419 1573
3944 6513
6959 1194
6816 46
2687 4447
8400 645
440 635
8822 1121
1057 6458
3732 138
2122 7114
2754 6615
2677 5355
4910 1669
1210 2084
5674 6414
2253 3884
2429 5098
9341 9258
2177 3680
9463 2068
7835 6826
5645 135
5700 9426
5933 7295
6158 3032
4787 2112
2263 9691
4297 3979
2819 5112
1877 6762
4146 5437
5366 1060
9715 5990
2047 7626
25 9907
6305 2278
1501 6986
4323 3817
3616 565
9378 1144
6662 8501
7045 2095
6784 1729
8893 3024
3336 661
3403 377
5963 434
367 2319
2741 8231
2496 4233
6208 1723
9293 9277
5431 6468
7907 5365
750 7538
9949 7354
2317 1473
2254 1408
267 7044
6248 6360
4569 6666
9556 8317
1494 6314
3808 8954
1245 6643
5342 3485
4621 9175
375 9808
3205 9374
7246 170
2653 908
3782 4409
3223 6125
5898 5538
875 6040
9619 6382
7679 4513
4378 1639
2577 4005
3396 8743
3108 5235
7546 3074
962 2333
4009 6362
8950 3899
4298 4571
6579 1828
7237 1125
9255 180
4308 111
3012 807
6147 18
9318 237
6127 1530
1686 1994
1865 572
270 8675
5383 32
588 5464
5052 4136
7163 4990
1509 7078
4073 6906
7015 493
1416 9357
4729 5258
714 739
5260 8175
4279 3107
2073 3244
8100 8461
5983 8453
4977 3952
9550 2521
4597 6343
6560 5598
8817 2558
4739 2491
3780 7287
5426 805
4506 3500
3138 6137
7396 8762
6998 6333
5411 1158
5715 5740
6505 8706
3718 6141
4595 5033
8234 5725
6523 2629
6446 422
2417 8721
8037 4578
6775 98
1097 3398
5179 9145
3877 184
2968 8163
7316 7404
994 9803
277 165
8098 7263
7343 2335
891 7529
7007 1964
8052 7931
9054 671
5036 1078
21 1934
3632 9930
5346 7430
1309 8846
1741 7862
9894 8827
9976 7500
7943 6212
7672 7560
9995 956
5959 1271
9473 5077
3367 394
4937 6184
6297 4688
7893 2147
5600 5499
8430 2740
3402 2823
8537 6361
7246 3578
9771 9945
7275 9229
6809 7230
6264 4497
3510 7564
2761 6748
4705 4746
7905 32
9740 839
6469 2422
71 8560
1945 8745
9157 6478
5338 3721
8456 3048
6173 781
1867 1727
1751 9512
5248 8938
5207 5141
6394 5401
5302 5607
3521 2947
4472 3414
2783 8294
4324 7700
1636 7734
5199 6632
8963 8334
6798 5763
7537 7849
6015 2052
3760 576
8209 284
2669 4283
6291 5646
4767 497
184 2232
8610 4268
2961 9797
1064 5164
6490 7625
7972 6856
7996 8857
4659 7336
4579 185
9791 2889
5863 7902
6294 3675
6562 9974
3756 1063
5398 7311
9889 5842
9922 1757
5548 9342
4263 8725
9218 9127
9267 4967
5629 3390
8414 4028
9735 5591
4035 1050
4720 1378
5305 8170
7513 6750
1141 5892
519 9737
2103 7314
9371 7803
3420 9033
7356 9936
6288 5919
2708 9570
7382 5672
1117 8849
6396 8860
8860 1094
6625 7394
611 7254
2582 3043
6417 5051
8916 6824
5233 3531
8020 6460
3402 5979
381 7352
3268 8431
9186 9130
3263 1834
3561 5556
2846 6855
923 5386
2446 2070
7909 9
8885 9681
2994 3493
9160 7685
665 9949
7461 6394
87 8869
4689 7102
1172 817
3023 1140
1237 8249
6736 3504
5665 9447
8955 77
2718 7005
7597 9153
9063 2353
2101 3490
2030 2936
4099 9460
350 2115
5087 6810
9321 4878
4029 3263
2952 907
6087 596
6380 5568
2651 3501
3706 9135
1915 858
8079 7915
3886 28
6912 4711
6286 1631
4751 8063
7381 2251
3822 6221
6607 4852
3527 6278
2995 9929
520 3014
5596 457
1477 5523
9380 1884
1276 137
4077 470
5829 6796
8788 8304
9892 7634
2951 263
772 8766
3768 1084
1559 5160
7348 3960
3207 6734
6762 9957
1012 5021
2827 8757
6532 3793
1407 4521
2438 5863
741 8462
65 544
70 6247
5468 5386
7626 1540
7458 4523
1373 6466
343 1314
1276 3865
8705 9422
1335 4276
946 8422
6633 3229
4119 9434
226 8147
2291 9068
1116 7577
6038 3639
5595 9132
8435 1385
6319 4263
4641 4689
53 7
7395 237
4708 8199
3119 5634
2743 7531
2025 3527
2046 8096
5399 2068
8226 5057
2460 7481
2792 8080
7174 8214
140 981
5218 9213
5091 6602
5583 1162
4144 382
6384 2419
7782 4170
5981 8244
3721 363
3640 1349
409 676
8844 4433
6438 4119
1211 3355
342 7128
765 270
5600 6904
789 4466
554 4211
192 1090
7066 9677
4546 9651
4802 5248
1076 8824
8836 2529
86 1830
8967 1047
1812 8040
2522 9333
4616 8629
3752 1628
9415 7963
9638 8192
354 6009
6221 2728
7180 5874
5065 7891
9784 8760
1913 401
5610 2666
3475 7455
7311 7516
6129 2826
7464 7902
4369 5196
5961 7657
2331 9216
1253 2493
1994 1682
1358 7546
1676 9950
5392 1295
6306 984
1532 9920
1956 8367
7133 929
1685 9748
4667 3871
2672 7169
7975 5362
1189 8593
3238 6017
9200 5586
4732 8298
1814 6851
6648 9329
4047 2142
9059 6144
4656 8506
1981 9000
1077 6860
5427 2381
8596 8215
1968 3165
1131 2676
835 2803
6716 125
6748 7513
3231 5961
9008 3845
866 6444
1396 1976
338 505
383 8217
7045 9424
7386 1953
4789 9989
3981 2727
1079 6543
5784 8115
5238 3518
2180 4533
2901 768
572 7346
4998 4150
4059 2050
3762 4838
4722 2759
1253 8211
9998 3542
2586 2452
590 1578
4046 3727
1726 4801
1719 4162
8920 8190
2333 3838
5297 1257
2208 9337
4863 7273
8195 6696
9155 8873
9039 1762
569 7790
9739 9196
5408 6692
8945 1826
7928 5719
7686 8865
9209 3814
6788 5001
3880 7580
3468 7511
5648 1005
9615 9381
6569 6119
8845 517
6225 1319
7029 9641
4018 8196
188 8815
4558 8735
3848 8841
5270 6758
5441 6682
4981 9166
4868 9049
2641 3898
2408 4452
3782 4838
880 6335
432 6273
4252 5296
3182 535
1570 1408
9236 8096
969 580
9575 6322
2780 8840
7440 7309
8561 177
7892 5279
8140 3036
2994 3634
1204 7695
6379 5708
2519 5459
4274 6215
1925 4997
1194 7210
6902 5905
1624 7238
4040 4588
1362 2653
1819 4615
4768 4513
3211 119
954 8607
1612 2130
3071 8558
4705 2453
1909 9676
1602 6426
9740 9823
5704 5033
475 680
8693 7730
1955 1594
8719 9957
1724 4673
6866 7064
559 7001
7209 7255
1275 8340
285 9440
92 7044
8547 7518
3098 2006
4867 8854
7747 4159
30 5608
1222 5237
8392 4465
6888 7296
7657 7010
8468 2906
3963 7469
1457 3045
6380 1930
7265 1278
7224 6677
8522 5767
617 679
5523 385
302 1874
6709 9616
3430 6235
8478 6283
6864 1300
9706 2119
920 1738
1794 5984
2931 2482
5059 9029
780 279
150 8425
3747 1634
5283 8868
3397 5753
4896 4264
2465 6027
939 7016
8527 6646
1371 5465
6850 9241
3600 6762
4170 5685
635 2815
5427 1797
4661 7060
5242 3844
6361 9734
3874 556
4581 3785
3565 6978
3910 4385
5083 2562
4904 140
6827 9400
3369 6093
8917 7859
4252 4165
6412 9212
3235 2161
9715 660
9251 2836
3525 4186
3119 6696
7830 2632
8606 8201
8689 4979
9273 8878
7341 3578
9552 5816
3823 7055
1474 5158
7231 8746
7128 1766
8073 2804
1267 2932
5874 7961
8285 6625
4307 2356
4933 3267
1474 8324
6062 3698
5792 7230
930 8467
6476 4579
6078 6509
3432 4743
5057 3397
7966 2887
5702 7438
2227 5944
2152 9278
4780 2528
9870 7602
4829 6650
16 1746
5834 8457
2668 3574
2197 8161
2515 4909
8745 5310
3254 4511
5985 6174
7016 8709
9292 4643
2129 430
7623 5414
5073 2384
1336 4258
3192 2895
690 69
5771 8694
6915 6685
7766 141
8134 8636
8551 4161
310 8186
8848 3713
7647 3660
2098 8764
8667 913
8278 4733
7517 430
4303 3120
6302 4407
6699 6203
7571 7753
4604 987
5381 529
8749 9528
6160 3738
4419 9579
8176 1702
107 6547
1831 353
9981 1974
9875 5180
3185 6257
7459 3884
8182 8428
3138 3425
1610 3815
8534 4267
5013 9181
8596 6598
5270 471
8334 6073
2439 4628
2665 2262
9043 472
7971 4412
875 4308
1754 972
348 2854
2231 7719
627 8936
6023 9465
2273 1844
3441 4072
2738 6995
6950 3659
3107 981
143 8577
6617 4694
6480 1300
6803 7410
297 4080
8601 8529
3705 4151
7521 6518
1243 2417
5136 3611
4656 2643
5765 1288
620 1382
1459 9046
5221 383
5802 5931
587 3970
4794 8552
2404 2263
7445 3037
7555 7109
4278 7781
3258 8811
6552 3070
7028 7592
7353 7320
769 1724
746 3824
3781 6857
344 478
7770 1593
161 2056
6621 6658
8121 2167
6310 8008
9419 4150
8067 1076
1290 2716
8888 859
8671 2885
290 4972
1239 4255
854 2355
5440 638
4390 3617
8166 8773
3513 1071
9645 6208
6523 8980
4518 8140
1700 5138
1282 2968
9629 5897
6831 1291
74 24
1159 2916
1526 2489
6537 2700
3452 8543
2870 5986
7940 3296
9220 2516
4521 9970
622 191
7209 4784
2152 7923
5270 3628
6746 6516
2443 1334
8338 8926
5878 5284
8029 2711
114 2340
219 6530
6543 5638
8190 203
260 9878
5335 7063
3395 9531
5640 9447
4051 6148
1307 7096
7147 7910
5397 7156
1187 6645
3301 3744
6984 6395
888 9587
5645 4856
6535 8652
386 6166
780 5754
9434 8804
5677 393
5015 9031
5722 7585
8045 9772
4058 5139
6708 2554
7927 2294
1534 9446
8006 5158
1055 6568
1294 6620
8803 3100
6594 648
885 4193
6704 9787
2582 516
2450 6694
1805 6162
1028 2185
9537 1310
2058 8249
4065 9782
7952 5353
7179 2277
7762 2349
8040 5953
5589 6295
359 8752
7770 6442
4259 8450
9197 9093
8726 2196
3287 8369
3517 8544
4638 7272
3223 1016
4050 2510
199 6768
5986 3524
2213 5672
6399 138
7728 7374
5419 3921
2902 5575
696 5544
8844 3822
3429 637
13 5393
8583 6058
2538 7903
6058 2739
5554 541
3269 5875
5302 59
676 5748
6620 2796
2331 9702
2427 9311
2667 2763
6927 4137
9257 6424
712 7873
9991 2863
8818 6709
5181 1260
4230 4063
4964 4999
319 3813
3309 7985
9562 2684
2321 4541
1993 8934
5762 614
3490 7305
2182 7886
4520 477
3597 2831
2052 568
1363 4421
2923 4066
8628 8166
9622 9633
893 4901
6445 4902
484 8825
1263 201
4530 6207
2167 6443
2981 7444
7324 5704
4782 1534
8738 8969
866 8604
5937 3285
3817 7324
1678 3107
7222 3076
7319 2685
8754 9878
2480 709
8335 9636
9173 7213
4988 8780
7397 6533
9534 1650
5212 5381
9117 7827
9589 3311
5949 4916
9613 3272
4062 261
8751 7208
9816 7601
3140 8978
5754 7377
8586 70
7507 7840
7368 9859
9853 9859
8579 9519
4512 1437
4585 8202
2247 5922
885 5748
9751 5787
2065 3918
2147 6874
7233 3789
3897 7017
44 7929
4516 4388
4815 6035
7704 3324
1181 9091
262 8743
122 8237
1296 1805
3069 101
3166 2164
6452 3930
833 2278
3693 8810
7127 2258
3214 4054
9676 9101
1726 5213
6314 3313
1922 622
9519 5541
6936 1040
1042 9854
2471 5303
7623 5455
4865 9734
3402 8230
565 4174
6569 5803
9001 2528
1421 3349
6339 9922
9982 6695
2819 8851
5666 1917
8163 5255
34 389
1217 5982
1046 9301
7830 3953
367 7296
9554 2172
8337 1448
6079 3149
8083 7378
5075 7152
6496 2922
7222 2810
2264 2663
6280 8488
5794 5949
1599 4404
5892 4667
3560 9186
4597 8861
3937 5278
1128 1992
8990 1002
7101 8319
1477 518
4742 7670
1826 1148
3690 921
3776 9630
5400 4194
7275 6851
2219 3512
1433 9134
8596 6958
4358 5414
7873 4659
6948 6881
1640 9566
2448 9
276 4402
7959 2814
2780 9381
3537 5827
2386 4340
3972 6548
3979 3694
5809 3803
8279 9953
3331 5242
6699 5901
9029 8282
7026 8244
7893 1692
3880 7407
8203 7652
936 2496
1574 9076
2853 7526
4157 7101
1512 1637
5924 787
634 6360
5303 5171
8333 7256
1579 1858
7064 3426
7013 5048
225 3151
6911 1962
7856 9103
8307 2352
2412 2318
6112 2428
6144 7750
4757 4424
3775 257
520 8241
3354 5609
283 2847
9714 9472
6193 393
2650 3918
7606 2067
3624 7942
5028 6090
8052 4810
2902 2700
2951 5653
1314 6291
8494 8930
2167 3408
8657 8560
7243 6763
1797 2424
7097 8272
6023 562
414 8998
4304 6955
5377 1932
7785 5011
705 7709
5985 4225
2884 9883
778 2405
9676 7936
1072 8382
2560 1464
1274 2631
5186 8335
8701 9006
5936 4152
3314 9926
4159 190
7296 540
7561 2271
5436 8563
9430 1439
5194 5339
2105 7067
7831 7013
1640 4446
8471 8134
3416 7727
2582 7891
4825 585
6739 3683
7172 5710
8506 2685
4289 2550
4964 7526
2911 5701
2724 8612
5345 3419
7388 3542
8142 7591
545 2552
4004 9453
8710 3950
2223 6276
2862 8352
6922 7965
2961 7420
6541 5053
5130 7799
4730 2527
7107 3952
1029 7412
214 6819
7776 9858
6432 1136
4672 9659
5602 9474
4106 6112
5710 3666
6387 9907
8005 74
8604 9189
5668 1766
9085 1160
194 2897
1496 3544
4539 6807
9492 4829
7151 7615
7145 8249
7904 4177
191 6107
2591 5805
7023 9727
432 1200
9354 113
4119 2539
2835 9045
7810 5649
2234 3328
6249 3475
5428 3184
2947 9599
9800 9639
8665 2332
262 1191
2286 3339
1873 4853
8674 8070
1575 7269
7798 6450
6087 5618
7247 2959
6414 790
2502 1192
7839 9402
9943 2198
150 1049
791 7208
5369 4593
7861 8650
7775 7470
6643 230
7023 6854
35 4417
8600 2474
4171 7637
9148 2489
8153 6217
7937 4757
5159 2347
2641 2930
3863 570
8789 2269
1397 7674
4518 2451
2468 5169
2347 7844
110 8422
3250 202
4980 6299
9318 1062
4836 171
6303 6317
8486 7992
545 5094
4762 7474
4914 7879
1855 3747
1332 4670
6521 2754
581 1330
4998 3036
8756 2545
4645 6317
1906 6862
3560 6709
9927 1659
5343 14
5276 2562
6938 5633
1004 5747
4086 3171
3312 503
5948 1366
2851 8394
9888 2249
8343 3581
3080 2400
8765 1890
3561 1345
8525 2752
8364 4728
2720 3241
3962 8639
5829 1222
4186 2153
5647 195
1279 2245
4644 741
204 6658
1114 5090
3453 5319
2494 3165
8659 116
4619 9960
7993 7774
8610 2690
7131 6927
2975 1423
2911 8000
201 4448
7336 1163
5281 1186
2461 4168
9744 3754
8835 8059
1706 1001
1139 5937
4159 252
2375 8513
946 6727
765 8574
160 747
2195 1453
2066 8451
7926 4344
8842 5204
8212 4039
6207 7765
32 3790
2910 1895
6703 102
7134 1964
1218 957
7274 4193
2931 7005
1594 1307
1208 1625
7649 59
2857 7734
5284 2736
850 2236
6492 3822
3964 8623
8890 9722
3142 8307
7389 8642
4447 2544
1729 3737
269 2208
5064 1729
1341 6527
2795 9601
2725 9439
8516 2440
6904 826
4853 4198
7299 732
4993 8818
6083 856
6816 4710
204 6539
1822 4102
2207 5417
964 6001
2767 3133
3653 598
2011 1649
163 5855
9122 7704
2987 7861
951 7309
6610 4483
7867 3399
3573 3315
8636 3595
6830 3907
4875 4548
4868 3569
238 9853
4382 6724
5261 8871
1568 2297
1663 6676
164 7904
2106 5887
5410 3738
2119 9964
3151 6822
1691 4551
7481 7607
9119 9136
2225 2324
9843 9269
2887 1138
5287 1044
2929 9259
1912 1334
9244 687
6347 1178
2261 3921
4434 3916
89 7514
5794 8145
4937 9789
7134 6491
7725 1385
6917 7761
2534 3225
9506 6038
4633 9231
8399 1198
7094 5743
7656 2525
7858 4058
5604 2777
4581 1141
421 2730
7116 7595
775 7457
6745 6646
7759 224
696 9237
9337 5702
2907 9901
9821 5097
8396 1620
181 4075
6590 2366
1621 7442
5136 2304
1011 1478
7613 9319
3329 4649
7482 2216
9521 6494
3 4674
1537 7802
3001 2095
6447 8138
7999 4503
5045 4619
2143 7111
4668 4470
6004 4778
5730 4907
5787 3085
7022 9546
9772 2396
7101 7743
7894 7559
3205 7923
5274 928
1236 2727
2232 9729
5180 3960
507 9810
542 9771
5567 9318
239 6608
1357 600
669 2779
3723 144
7820 1616
5824 7867
5400 8069
2390 6550
9643 6395
2970 5872
5697 9382
1308 2869
1472 7991
4466 1978
9252 2322
8854 261
4088 5728
4844 904
6507 2506
5772 219
1423 5047
4121 1296
3296 5813
1765 7928
7573 119
69 4623
3241 3052
7873 9077
7050 2637
3251 155
9977 8489
2936 8118
6454 9797
8315 5439
6228 1503
4109 1639
9476 7268
9356 9364
5061 5882
2974 9437
6683 4861
8565 7349
7029 2976
5009 5432
5858 1783
3778 3771
8256 6734
7127 9964
5723 2459
7996 7896
3048 7027
5973 1579
8732 8489
902 4201
3048 385
1522 5930
1404 7946
4557 4001
399 5712
7752 5016
7154 6427
8852 5606
3276 1470
8051 4931
4850 1966
8002 8500
7566 1299
6082 3358
7549 7481
5177 2608
9221 6438
5586 2165
8966 9763
468 53
6480 748
7445 7750
8533 3891
2378 995
877 9669
2165 8715
8019 7131
2562 4679
9639 5514
6793 3525
2131 6405
6848 9890
6611 1267
3519 7190
9491 8262
3808 6739
6124 41
433 2331
6824 3072
9437 3679
1019 2263
3438 2868
3946 9471
9332 6918
2292 6222
7404 8270
6346 1468
4922 9369
1041 9359
6863 3436
5309 3763
3939 5852
963 9013
2267 9735
3798 4839
3967 824
2014 2145
6419 8579
4800 3777
3085 78
9191 5619
7145 7740
1328 4345
283 3474
1286 724
5669 1040
8099 1720
6942 6675
4775 444
5585 7994
9989 5074
2525 8370
7501 5236
8074 212
9682 6321
1593 8085
8261 1082
6330 9107
755 1134
2246 1720
4212 8936
5804 3212
8429 1524
1751 1361
8224 7993
2495 6807
949 8282
8226 2885
8657 3669
3982 5819
9053 9227
1456 505
3150 7039
2420 7819
3829 9982
4597 4899
9946 9158
9558 769
7691 2501
7603 6746
6304 905
8695 829
8807 8221
694 5734
1096 3965
7277 8523
2420 4379
7833 7503
181 6076
7386 278
7160 2270
2846 2668
6964 9704
5157 2226
5932 5446
7826 3308
171 9772
3757 163
7705 7936
758 5539
5066 1464
5595 3005
5322 9965
1754 4783
7631 4869
8699 7506
7049 3123
9583 3232
7537 113
4980 1716
4652 143
7099 5440
2684 9475
5621 7862
6072 9233
3282 988
3223 4463
5256 1946
9909 5667
8462 9539
3144 6370
6468 9636
3177 2125
8614 4960
8130 7667
5155 5696
3867 8866
1462 2526
2589 6574
3040 8827
7204 8144
8706 2648
2259 7246
4819 1551
5575 3693
4523 4449
764 8762
3674 1719
1453 5258
3801 3189
849 8701
8279 7917
6972 8979
8708 7955
2339 5488
8391 4560
8306 1881
3500 4049
7336 5191
3756 5338
41 6926
6195 4499
4889 4717
9945 654
3050 9010
2848 8672
1096 833
2148 5953
5315 340
2520 2584
4375 4821
4514 3043
3983 7377
5986 3970
9962 1231
2455 5211
9388 3911
5944 4520
7577 3650
6439 3369
377 2422
9682 7662
368 2911
4396 9378
1442 8600
6242 3781
3796 7180
7189 6225
9517 5656
1446 7020
1326 8692
8683 1304
6030 1922
3485 4173
744 1628
1952 8274
7653 8598
7747 4208
5632 1626
5294 8751
6990 9253
4617 3926
2864 8062
713 9722
9751 3866
3505 3951
317 6451
9282 9178
9190 4830
2338 1918
9927 4350
4799 8965
5080 502
1448 9404
3635 2380
5538 3742
8305 6166
6277 9514
9098 6295
7827 2161
4205 5718
5839 3965
2905 2743
8023 3400
4038 3365
7569 6441
1949 4279
8581 742
6748 5348
2899 973
6429 9271
7073 1653
4111 5763
2240 4459
7686 1786
7576 3901
2575 8106
351 3750
9295 8499
1100 8428
5242 9659
2936 5042
4227 607
5373 7425
1071 5379
7937 1288
6987 5798
8226 3031
5578 301
6587 5648
405 9831
4929 3977
422 8617
6038 1521
4412 9288
9982 4112
6777 6668
7230 6481
5507 3462
4816 4555
3194 1452
381 1726
8154 2539
1383 5212
9893 3339
6007 3989
9883 2153
8197 9435
1628 7106
548 8954
8928 746
2330 5564
3038 6915
8465 4500
8042 4737
8238 9992
1898 1155
6814 8558
9895 156
4513 9396
2073 6053
9419 2113
9570 1977
6763 451
4448 7712
5256 4916
711 8713
9187 9808
9642 8726
4430 246
6770 6805
2795 243
3396 8704
2369 6433
4323 169
7873 8542
5897 701
3435 5599
1863 8683
6603 6368
3230 6180
1428 6628
5712 1105
9517 715
6068 8122
9256 7701
6394 6322
5978 2485
3948 3154
5395 2987
3950 3758
970 5127
4202 2947
5451 1634
9796 9660
448 6472
9515 2694
3349 3930
6574 3945
6787 210
4843 4967
4040 6641
6385 2986
4908 8350
9464 6219
6701 4824
9160 5693
7669 4049
2659 9111
413 1165
5680 985
1846 4472
119 5695
7133 4506
8196 1786
379 5019
2534 7400
5483 3710
6151 4925
5594 6125
1126 4939
6758 5252
3698 9604
8409 2384
2266 9330
9903 0
795 9051
4415 2074
1356 2081
3837 1802
9655 1797
4181 4877
8782 7880
3708 5203
7101 9665
3519 2149
7484 1251
3019 4000
9497 5199
8344 2636
6937 2005
7615 1546
3916 5551
8897 1342
1344 3972
4006 5292
8549 9023
8656 4725
2911 5774
6780 1184
3750 136
9323 9182
9540 7154
7239 8232
8137 9091
1167 2527
4683 2751
8779 5691
7984 3888
5035 3545
1529 2131
1830 1673
332 4229
7292 7416
6113 2002
5967 8767
3224 9793
4504 3941
3453 9630
5386 3588
1517 4994
5739 7966
4016 1111
4570 6435
4045 7199
3810 8681
1631 2660
3796 9485
9481 327
6738 3050
9224 1368
630 8030
9590 1658
3955 4464
525 8653
543 9415
8403 1015
5890 9624
6573 5991
5786 2445
2140 1631
1862 131
331 2590
5932 729
8634 1332
3651 9437
1539 454
9236 4874
7112 8209
1308 4831
9128 6195
2993 7626
6920 2041
1943 9181
6135 2008
392 8287
5638 7361
2836 1596
8955 1296
3026 1753
5460 3529
8866 2094
7784 1951
5089 1446
1699 9516
149 7433
6778 8662
4045 1164
2214 2532
8779 6680
6229 9605
3045 3967
586 331
3437 2432
3912 4810
5359 5465
8394 2397
4297 9016
5273 6219
3177 6106
11 6844
4649 1906
9786 6027
4607 2669
233 8963
6756 6555
1681 1397
386 818
4326 5147
8452 6818
7122 7867
3848 4874
3417 4083
5353 5275
8753 6688
996 7059
5219 9039
8902 2471
9180 1444
7442 2807
2436 5300
5506 6940
3090 4111
6032 3282
9917 336
3703 4291
9727 5230
8830 1291
6973 9458
1287 6030
5949 5906
5801 8557
103 6218
8841 3498
5686 6716
5221 2252
8011 6732
6721 5484
5120 6340
9970 3545
3435 7399
9935 3899
4819 5814
1870 1509
7707 4055
1462 2340
1033 5348
9881 3026
3861 4014
42 8016
5064 8620
2346 1843
9627 3269
9416 2502
1093 7116
674 3186
4770 7058
7459 8336
3448 4185
6081 7908
5957 958
2583 7092
460 6510
5072 3132
608 3992
486 32
7466 5564
7134 5231
4987 8320
7333 8194
4293 3070
4055 1133
6901 790
7466 9719
1043 3782
6174 7856
676 3455
5515 4821
773 6467
6424 8793
6314 519
5837 3392
3469 425
8572 244
9503 612
19 2484
3415 2715
7177 9043
9867 3310
9691 1392
894 1585
4954 6358
9821 4454
1671 9831
3855 5799
3339 9198
8392 7175
3621 3695
7278 8009
4582 1042
9668 6538
4977 5746
9693 1222
7177 7362
8599 7026
9561 6786
2332 5611
4892 3348
4277 647
432 5825
9650 8734
9186 6781
3432 8924
3672 5074
546 656
3935 8536
2949 552
1291 2502
8578 9062
9576 8412
2023 7525
9091 5907
9044 9410
7413 9485
5137 9057
7357 6035
7243 8236
9984 5437
6785 8586
1550 7208
9953 7384
4180 5572
5571 5705
445 4217
4579 8328
821 9915
3078 9323
963 7350
7695 4011
2152 185
7617 5637
3227 2505
2999 5406
5217 7335
4930 9068
2940 8994
3836 2768
2128 8188
6697 9347
4315 5527
7824 9122
3904 1732
8977 856
1077 9477
9514 9706
313 3823
6177 5520
3249 4256
5079 5858
2898 3891
9772 6913
8360 8696
3958 5611
8601 4251
7452 4553
6110 3648
2900 4112
2196 1806
4554 7668
4357 2312
4103 9232
6486 3838
9157 243
2310 6041
5659 4748
6370 1428
2473 9002
4225 194
6083 3641
358 9745
5801 2895
2363 418
9415 3398
5863 1101
2312 6367
1531 6230
9754 8690
7854 6419
7442 6915
4410 8248
8754 1640
2884 9133
158 540
4242 262
4569 897
5268 7251
1688 8036
8941 427
9317 9735
7761 8182
2464 5117
21 1896
8583 5635
6876 101
3239 2905
3767 6337
7590 1056
3176 7634
257 8135
1642 8431
7967 9702
2879 5537
8009 9313
2858 9115
5605 9354
4086 2196
3583 6492
4998 1342
7698 4386
226 735
5334 8265
1883 7085
9274 2452
6056 1871
7548 3421
2982 7626
4899 6573
2989 7005
1497 4731
3483 5514
2549 7092
5214 318
300 3653
7834 5827
113 8950
2412 5321
549 5190
4957 260
3480 7600
3626 2124
8243 4071
6560 685
9707 1632
4722 5709
2 6
8362 1567
5018 4602
6809 8404
6842 3732
7088 607
2084 2880
1939 2134
1765 9745
6947 372
9391 1077
8246 2781
2896 8235
2862 3597
2918 4461
190 8347
4012 4390
530 277
7535 1549
756 1039
3318 4963
1160 3153
709 6154
1898 1293
7212 6473
1171 4294
1230 7089
4251 8189
953 5837
3700 2064
4097 9932
8710 1525
8831 6380
5877 6936
8033 9819
3177 8956
6927 4578
5444 618
9522 5189
4867 4018
2631 7615
4284 2904
2486 5926
1649 6482
3710 5394
1348 9127
2322 3335
8181 1437
7199 4212
6437 2666
3531 8286
1462 2261
9725 551
5830 2976
6476 5142
5441 977
9587 2333
8738 3868
6385 192
8823 4767
3414 1103
8337 4028
3974 98
5217 1230
8451 18
2725 474
5792 9712
972 8043
4444 1477
6733 8336
6596 6538
5711 8575
6407 6504
6003 7704
8877 3830
1052 4565
8370 6206
123 3959
2320 6841
5556 4177
1592 9609
7526 5190
7410 982
7897 5711
5605 314
7 7998
1083 5875
7391 7892
2521 3951
261 3496
4739 2640
1945 2819
2138 3593
9747 3350
7849 6890
5698 9860
8034 9075
1848 8956
8838 8404
6511 3084
5646 5712
9593 7276
9996 7159
8590 1130
4754 6169
9489 9770
8316 5210
5793 3609
897 7580
7061 8390
5835 137
4664 6216
7622 7866
7152 9244
786 8809
8039 8081
6444 3114
445 9678
9210 5526
6547 3373
5133 67
1728 8652
6228 5261
4113 7693
590 144
8485 3494
4835 6097
5808 8154
1607 6473
271 515
2086 1912
3313 9082
8292 4840
9952 6207
4146 7857
7710 6519
3669 7219
8225 6750
1029 1315
736 4949
7419 838
2131 8618
1983 2417
5089 1310
1617 1000
9675 1899
635 6981
107 15
8290 7719
7661 143
7663 7671
9088 884
7491 9593
5323 3455
3518 4092
9340 4632
8914 5918
9392 1657
9097 3347
9278 7156
7498 596
3353 335
4999 8075
3053 7888
6568 1056
8713 4764
4245 8237
6033 3579
8388 4814
876 2307
5834 3141
3977 8697
7043 2604
3936 2836
6117 5557
662 9398
3208 8762
7922 2266
2272 3043
3782 6392
1423 8416
9675 4102
359 9024
2878 665
4162 8269
417 3235
6954 5053
2132 6500
4104 5189
6278 9582
2806 6066
184 584
2092 1765
2367 5947
78 4626
8163 3714
2702 4119
658 1529
6169 810
2411 5422
1288 5457
9880 3220
4261 9775
3948 3900
9115 491
7520 464
1209 7772
3644 9035
8251 4014
6751 9656
9672 1437
7533 665
1130 230
9019 3983
4660 6296
9322 1972
6468 6086
2886 9275
3216 2490
671 1656
8286 4396
8914 6902
7799 9919
3660 7193
3706 3453
8460 2290
4675 1657
2917 8394
1193 5028
1069 89
1467 3726
9805 3523
8403 4659
5395 1000
6563 9352
1408 8069
3443 6274
3044 5361
135 6397
2801 4530
724 8135
1239 8118
5497 6216
7949 1762
7372 9139
8625 2735
9050 4892
919 8694
3880 4303
7089 7993
1665 2707
8758 8912
8616 5897
6044 7117
8800 6015
6595 3939
6393 9550
5359 5236
5154 7298
7688 3068
2767 8874
4954 6256
6060 8111
3385 6935
4404 1201
234 9520
81 3715
7035 5117
1353 199
1384 735
5194 6174
8681 1327
303 4418
1616 4450
9557 9444
6921 1894
6846 9090
1247 8493
1255 570
8825 8942
5081 3644
3168 4682
7943 7708
9522 5454
9855 433
5281 3468
9298 1387
5355 8376
5375 8865
8546 5203
4416 2204
6976 4060
445 8331
653 5606
2198 9159
9537 8435
3765 5090
5324 3467
9947 1383
8816 4363
6345 4743
8910 1383
9543 7125
61 5147
1343 3727
9214 3614
4068 4777
2818 2246
4784 5271
9528 8462
720 7375
6614 3784
7896 4058
2264 7753
2975 813
8446 2164
4267 2025
1535 1851
525 2380
3528 7636
9856 1740
5160 3894
360 307
7836 7738
7376 2531
4913 6446
8185 9653
7069 2080
36 4724
6366 203
9270 9990
8887 8647
6218 7586
4298 4886
9307 7097
6848 4811
617 157
3333 7123
1937 7043
4900 7732
5813 7232
6659 2748
3974 8071
3343 1722
8846 3304
914 7830
1527 5351
5139 1189
7654 5771
250 2153
3037 2513
9082 7436
7868 7450
8996 141
651 1055
2243 68
323 6392
1707 1506
4614 3423
4328 5026
3009 2273
7843 4482
3189 9738
9222 6848
6848 5101
8173 6862
8134 6890
4091 1010
8842 8754
8321 1057
4098 6352
3908 3637
2920 4125
6803 3481
7322 7885
843 1981
9130 7425
8482 8770
4625 7561
1905 8182
7044 2036
9482 2678
7845 2105
3146 1161
1591 2018
2298 3630
2128 5347
3881 2462
5529 3140
7916 4862
1897 3216
4180 3934
3220 7658
8978 2229
5093 5322
4614 5266
1317 2126
6241 4337
9206 2779
6970 5526
8755 4693
1234 727
7702 7599
8063 4608
190 3658
9531 8085
4507 2939
9117 6413
1353 2957
3320 4802
1414 8757
4878 6837
6091 3768
1605 5292
1926 6173
2039 3557
521 5831
7967 294
883 7808
5341 534
4591 5209
7342 3136
2718 1511
8965 4803
7898 8106
8334 8533
5718 3518
1151 1890
5357 8070
9122 410
1906 2842
2852 7302
256 5770
4253 1555
8531 2170
1170 1154
9610 9038
3536 9074
1316 8070
7299 69
6748 7529
637 5206
2783 7786
4682 8403
9414 1855
9639 1482
5761 1419
8056 1426
1789 476
204 1838
3736 2534
5484 243
4417 9656
1007 9226
6278 5430
3659 5393
7972 7697
910 4638
4215 8036
3801 5059
2611 2534
22 3751
8544 6684
9503 5735
201 1386
3644 8502
4778 3576
4066 8679
7035 2279
2785 4264
3711 7427
3374 41
9106 4014
8264 8283
7658 6821
1388 1466
1745 4443
8989 2291
6570 4216
2024 5506
1584 7841
1256 1417
9287 7855
5510 8304
4947 6879
2947 8183
8811 9574
8465 3578
5924 7783
291 566
4528 4694
4717 7810
8499 3493
175 2413
934 2820
8517 704
9949 1087
5503 9740
1647 525
5010 957
2154 7726
3228 1001
16 2157
4705 408
7568 9216
1720 3405
7784 911
6913 2876
1464 2075
5139 2334
1897 3427
8304 9097
8530 1020
3108 1843
8477 8526
4238 8981
40 1982
9055 897
9236 6404
2334 6808
8356 1887
1472 9064
2029 2186
342 9294
1164 2512
1650 3368
6254 9181
1706 3206
7845 7299
2708 9540
100 9769
556 8389
7334 5205
195 5835
6792 8444
7975 3752
3035 9289
7112 5809
9441 3499
600 2345
3312 5490
5866 5920
5099 1117
7763 8937
8098 8731
4353 9889
2416 1346
4448 2123
6996 9467
5864 437
8015 2011
9242 3249
2222 3781
4949 1409
1958 5764
8428 9880
6576 8248
2927 3254
1028 5502
8427 5030
4802 2517
6274 4649
5139 2309
6143 8902
5287 1533
3608 491
3982 279
3114 3585
1679 6997
7357 3776
701 9478
9819 6092
9028 5769
7378 5221
7354 5692
8176 5797
4675 6769
8831 6540
5475 2202
5560 4910
2506 1053
9336 3579
3676 8794
3729 611
5688 1567
5124 8612
5463 1548
8233 5248
4939 7662
9612 9896
9994 7882
6752 2023
1703 5068
3745 8089
4179 7771
1577 2393
604 7109
962 5825
73 7400
5391 253
2092 4910
9463 1947
9287 863
333 1789
4771 2043
6663 9172
9824 2788
9937 2422
3114 7666
1994 1461
2500 3483
649 2289
7481 5443
1473 6605
7393 853
6870 7094
4546 5139
8672 1554
9386 994
4573 5834
3751 1410
824 650
92 8971
1355 4954
3568 3289
422 5110
4463 6253
8438 8253
2452 5756
5386 1381
1692 6485
8621 8784
7018 4863
4844 8565
6153 8679
7669 5251
6338 6906
3263 4773
4943 9863
6474 5051
609 87
3316 6783
8030 2938
5111 6726
1074 3255
9592 9593
5559 9618
526 2074
7838 2043
8192 5023
1223 8087
203 3456
9524 6685
9126 4217
6802 3306
9867 7530
9889 476
2577 7322
1224 8620
3132 9502
2612 2024
3347 7076
3799 4252
8921 667
4280 9321
4142 3467
7535 8164
7282 2060
4618 6594
5805 8450
5464 1841
8213 6724
8049 2284
8453 289
7137 8652
2533 6521
6291 7200
8957 6225
9427 6414
1070 1643
2657 6280
3656 2025
7671 2764
3957 7682
4200 2682
5983 38
3417 8811
4036 8778
8155 3207
6599 6051
2288 8640
2630 7994
7182 8964
72 8149
2659 7071
9792 5155
5480 3290
3604 8679
7523 949
2203 8577
1000 5275
7031 5114
434 7001
9071 2678
7995 8598
4152 2281
1174 6990
9133 8721
7727 8303
5252 1607
2699 9546
6312 1199
5135 7211
483 7926
8313 7000
9261 1382
5343 5843
280 2073
8627 942
1201 6271
4967 1896
9838 9064
7284 5717
1361 4023
1486 6495
9728 5800
3703 6929
1058 2902
1416 1063
3274 2028
2068 2907
8105 9197
3863 6902
1926 875
9496 5972
8993 7795
8530 6745
2660 5496
3382 8653
2341 1931
6160 246
1759 4367
3088 289
8643 9797
3678 4307
3752 6507
9401 8968
6053 1046
9682 9933
3282 2568
48 441
121 9226
8475 8450
6745 7376
4073 8483
491 8355
2113 3682
684 6110
3320 147
3620 2061
8394 3391
205 1814
3987 8246
7826 2535
4479 3864
9812 4783
9988 8386
6238 7608
7071 6009
3810 9760
857 6886
2599 7318
6538 140
4758 6457
3216 1367
24 5274
580 8372
5544 7669
192 654
5608 2613
5763 89
8928 8077
5922 8266
2371 7464
3008 4093
7666 7317
1499 2162
3075 7538
910 1916
9866 4710
5760 4811
4849 861
4595 717
4294 4512
634 1211
8968 7041
7614 8328
541 9382
6093 144
9215 9956
2586 6403
4889 5516
9848 1230
9552 1412
593 3201
9643 8615
4396 375
3921 5861
5676 9821
156 9318
5206 9383
1864 2446
2332 6525
5082 4982
100 5634
2015 9993
8153 579
4075 3290
9887 6910
2871 345
2087 8463
1374 4752
3684 5462
4246 1575
5452 5439
2617 5138
6697 7254
4439 9009
7341 4477
5022 7956
9971 1204
61 3630
6660 926
4199 3854
5598 9401
7938 2577
2330 1815
5577 9409
1451 384
6736 1440
89 7391
264 6510
200 2805
4352 2049
1601 8339
599 8268
693 4063
6020 8971
4670 3892
5906 6598
4793 264
9293 2565
8900 9313
983 7219
1686 6789
1750 470
6159 4739
9303 6426
5627 6854
9482 7482
455 6383
3348 9868
6917 9056
2174 5351
2611 1350
8958 6400
2835 9346
7677 7033
7079 8028
3730 5671
5071 6878
5480 6299
7432 5575
1745 8002
4095 3573
4725 9058
2531 1739
3015 4253
8567 4733
6080 4336
5800 5461
947 5696
723 2569
3941 1490
4397 8697
734 1588
2133 1323
4272 9952
3554 767
704 2100
4695 1728
6697 8491
4210 3600
8475 6334
771 8731
8986 3539
4570 2624
8190 2816
7413 149
1839 489
8696 4790
6382 9610
4054 8213
8083 8506
5674 7788
4811 7918
7163 9245
7617 7126
2886 7009
6188 8488
5902 3444
4836 9821
2078 1296
9796 3662
1545 3838
5404 4786
7554 1094
3007 7391
60 7101
9889 3953
9855 6620
1911 1662
235 2994
426 6343
7618 9685
8265 553
8404 2531
2416 3789
4684 8424
9329 7151
5198 6925
9701 6917
8378 7815
5982 8062
1174 4296
4020 6011
5765 3682
8882 6842
4341 9563
3099 5640
7300 4576
5001 5074
3691 9639
7560 7319
4244 9249
6213 8685
3863 7366
4213 6615
8894 6134
9582 1029
4494 290
950 1607
969 1119
1709 5441
5803 8046
2946 6213
9807 9848
3097 2890
5850 1744
4825 5621
8726 7407
654 696
6921 9460
2521 7757
7740 7102
4756 3418
6382 7359
4932 1587
3855 1135
3002 3954
7808 4969
9912 3614
8035 3349
2929 3332
7445 986
8105 9639
5922 7788
9349 1297
2974 1141
9803 1907
5697 4797
6379 7361
1661 5876
8481 7823
6838 4128
7388 6674
3271 161
7650 6591
9317 4372
4516 1558
8742 9864
6039 3245
3782 6663
9963 9540
5596 2068
5321 9334
259 7668
6054 74
8347 4206
7542 2333
8852 7735
7483 6042
5871 3286
3129 7192
3265 7114
9545 1355
7897 1188
1890 1188
6741 5401
1879 9540
5382 7925
8816 1118
1463 4811
126 8301
3161 770
5570 8250
2680 5029
5495 3367
3800 9302
5510 2219
868 5340
712 9508
5109 6380
7545 798
1591 3701
5623 6865
8107 9846
4573 1158
4552 3792
5609 1823
8041 9501
789 9974
7520 4435
910 8205
1154 2662
5944 5597
9821 2204
9464 8917
5581 1529
848 2499
4376 3661
6799 7150
4448 3919
2877 7812
1289 2563
1181 4770
8826 4764
9419 5183
8376 546
7550 2503
3706 6892
5965 5580
6202 6161
1374 568
5164 5595
2275 7121
434 6032
607 4681
42 6808
289 1251
8373 9811
7898 1888
3659 8069
5380 7167
4043 526
9438 3855
7479 2382
8790 9909
8675 9934
2008 3990
7813 2062
2088 1797
4189 1235
718 1097
9328 3145
6520 5679
344 1970
4810 2825
2954 3000
1321 7240
9821 1486
7817 6117
5559 6601
9697 5292
7405 1843
6204 9489
9031 1401
2963 3478
8203 7354
4437 4051
2629 7337
9900 57
9003 1467
4710 5574
818 3311
7286 5111
1809 7283
3983 1287
6941 2534
1834 3505
5639 9399
672 1012
218 9736
4818 4943
8192 4683
7850 2265
995 4675
8867 4098
2961 4358
2134 4809
3879 5083
3115 777
8089 3845
222 348
8760 7548
5272 9591
756 2265
9350 7243
2179 8822
854 331
6752 1884
3178 5981
7300 4692
6878 5700
4690 7759
8784 1401
2110 1668
7355 3465
9549 1137
6110 3315
290 4048
3235 8165
9551 1859
6004 5291
120 6157
9768 371
795 5123
445 5643
4349 1069
7438 5436
3328 971
5238 7802
7295 9820
242 9403
931 4357
6460 1573
9962 122
6975 5291
2101 8052
677 4713
5815 7552
7039 4380
2138 3295
6747 5413
8393 5188
1806 8483
2253 4016
4001 9436
4020 5039
8196 8694
232 3303
7955 581
6084 5620
4029 8411
3415 8698
4546 6418
8816 383
272 9930
3440 1466
444 4898
2154 2268
9145 3590
3028 6558
8883 5445
544 2547
2622 8110
6047 6771
336 1218
3830 5033
9 4030
9778 6830
721 4653
1118 2216
7041 8327
5193 5048
7002 5694
4085 7386
9577 8427
7390 1139
3374 7418
2495 9483
5353 9349
4353 9947
9681 7901
3760 5573
3504 8982
7275 8832
101 6985
8424 6547
1538 3806
5790 9991
3461 8798
2918 8849
3376 1989
2413 2126
8484 1201
5188 6865
2409 4242
224 4263
3138 2867
7490 3405
268 2001
760 9995
3121 2278
8823 1054
8397 7673
9086 8564
5538 7757
5564 230
5481 2588
6877 8878
7393 1852
5749 419
5198 6172
1171 6232
214 7148
1605 2990
383 8866
6442 7911
1770 3518
4428 5231
3779 8051
3733 4424
4885 3369
9507 4567
908 2951
7257 7492
1657 8284
8243 9547
3239 7364
8457 3495
6064 4405
9720 4265
2168 2366
6966 7943
3000 106
37 2648
4976 4446
7992 6750
5435 9936
1621 4006
3821 4524
8530 4878
7947 942
888 6994
1588 1209
6086 171
3436 4234
7771 5604
9887 4092
9009 8145
8047 2532
8118 6479
808 6304
6034 8930
285 6465
2437 9182
6002 3140
6959 6538
8642 3470
4109 1783
9563 4073
6694 6871
9146 3335
6573 7411
4075 7000
4904 3821
4595 4028
1007 9992
7803 3401
6004 692
7352 3233
9240 9305
5704 151
2065 280
1686 666
680 76
3874 6263
475 1621
3988 840
6644 391
3707 7376
4667 5724
2914 4374
8125 9250
7848 6060
4964 8279
7760 46
3892 1712
7078 6235
8300 9327
4618 6916
7130 8272
4121 3142
67 7841
5684 482
3551 3390
6749 5328
7831 5031
706 3786
29 6364
167 8517
4901 9888
1116 1073
7608 452
825 2766
8507 3157
8472 6727
2414 1512
2623 4812
1582 4111
8881 645
4619 9169
8095 9134
8972 2261
7328 8170
4089 4113
484 4551
6816 8862
3180 9397
7894 4519
619 8708
2328 2982
7544 1285
2680 5758
3995 374
3402 2842
2628 6868
2550 6634
3593 2912
5943 5026
5943 6802
4628 9937
7276 9783
4458 5808
434 1530
3406 449
5280 2061
6524 3057
7651 142
9408 6951
5784 3847
5771 873
4172 4738
5206 6334
8476 2235
7627 4755
1476 5770
9644 3410
5110 2931
1925 128
3634 3109
920 9977
3181 7783
2025 1002
3817 9383
7486 2513
8795 5042
9170 9618
8346 2279
3173 3720
1565 8447
2563 7047
2467 8205
1547 6447
799 5944
4296 6081
2101 8230
9061 4591
270 1383
3869 489
9194 4094
7055 6565
5601 9503
8218 6447
2397 7874
2193 7231
6907 4359
7247 1289
6613 6933
6536 103
6009 4284
3811 7081
1991 5801
133 6679
9885 8848
2283 2187
9893 9554
2239 235
4250 4288
4147 4056
4598 4189
7942 6087
4310 9706
6002 931
5754 2662
2018 9489
7073 9835
9561 7931
6027 9999
1735 7861
6700 6891
3941 4303
8768 2408
6946 2191
1036 996
8643 920
278 6913
758 63
640 9846
123 7454
3641 4215
3455 4744
2762 8940
8953 5802
775 9057
400 398
756 4883
2112 2655
3923 2473
8717 2974
7743 8244
9199 4775
9333 9605
7071 8409
6887 7133
2616 700
4009 2926
3021 7899
880 6713
8854 6390
1930 7759
8262 2710
9356 2792
6208 717
110 6540
4035 451
3298 5093
4117 6835
6013 7865
3049 3476
4887 9126
422 1120
3804 2032
4115 353
511 1199
9363 6752
8730 4453
2137 9847
9733 3089
5154 8818
1362 3355
1317 1634
7652 4285
4406 841
5226 8688
9924 1304
1793 7367
3685 9781
6910 43
4569 492
8574 9893
6010 4472
4591 46
5144 5784
2564 7318
8521 6730
3585 6303
2995 6991
1181 3214
3074 7837
457 5025
8648 1307
4366 5031
9839 9447
39 4417
6333 8565
4444 263
5402 1502
8699 6273
6188 133
8591 3596
4043 4360
6318 2152
8040 2505
7665 8496
172 5490
5776 5269
1914 1048
7845 9106
204 6157
3847 8081
5040 9559
1475 4038
2175 2900
6865 594
7255 8599
8808 423
4514 4202
3888 7247
4236 4996
8420 22
1446 9438
3170 3148
8344 3852
2083 8746
5803 6805
9427 2450
4326 9459
3516 6417
9865 4631
5362 1842
7746 1350
2407 4243
4749 2493
160 3407
621 907
842 9180
5411 2280
9062 4151
9174 6722
1856 9344
392 2020
9704 3639
7442 3184
3611 4962
6875 6262
1146 8014
7052 5311
3630 7476
2201 8264
1438 9983
7473 8797
3213 2558
9614 7980
8043 5258
9781 3143
7862 1050
9923 8192
2428 3499
4025 9974
6297 231
204 5484
8283 4441
2950 9611
7157 6793
6 2155
1822 5377
2231 2957
2124 6399
4944 271
4564 9677
2519 6072
3501 9929
481 4069
5509 4656
4728 8551
7351 9537
7899 9778
1205 7250
9492 3721
1406 6559
9327 593
1113 3157
4870 5577
3563 4231
5132 1732
5438 970
458 2817
6913 1836
9241 9729
4204 2425
4756 6326
9886 3711
8696 8655
1654 9143
2341 7975
2918 1087
9340 320
3979 988
1781 4850
2958 7491
6764 6036
8327 9028
804 394
1874 3434
6356 1059
821 74
1052 8681
3463 5692
6994 9409
419 1185
6246 2345
5834 9471
7276 2720
2869 6107
9651 9795
8405 4066
3014 3638
2720 7554
3836 4734
8112 4738
7159 7218
4877 2102
4517 8886
8549 485
5376 5311
4788 2571
5575 6974
5712 6982
1814 5593
2800 3803
1178 2471
7083 109
2572 4235
9332 9918
5005 2202
7597 1465
3398 4000
9129 963
7506 5817
6342 7636
3062 4692
7778 5250
4226 4729
9724 1147
6605 2269
9176 6729
3323 1967
9236 2199
5028 5810
5577 3265
5790 8480
8501 1227
961 7319
1271 5923
8833 7940
9343 4935
856 2288
5003 3097
1287 3934
3253 3364
4276 9735
3410 9978
9510 1715
4077 340
3676 8442
303 1197
7644 9854
901 5960
1358 5715
9407 9472
4308 4641
4776 1218
7248 7799
2297 5449
2582 6754
73 4290
4040 4789
9195 9321
9856 2466
3112 7467
1224 9635
8721 2959
1670 5545
2006 248
8795 4931
2718 1588
9096 660
1313 7087
3502 8083
9301 9705
5153 1526
8139 3143
6242 9590
5704 6420
9176 2942
1363 2853
947 5732
1043 6253
9911 140
6628 4172
3273 8763
3390 4715
6283 1983
6820 5085
5792 4490
2009 8620
1744 734
6743 9530
2687 9118
9737 8061
9843 9278
2297 6614
3602 1021
1178 7393
4175 8879
833 3386
4729 9670
2225 9913
6509 5510
6548 3771
5227 8052
651 5245
1330 1064
3938 4139
5332 302
2401 495
6936 9684
6390 9715
9452 7425
6935 8199
7213 5060
1726 989
7773 719
334 7807
6922 3316
8954 8781
9563 2470
4630 8888
3527 5674
6643 5859
6419 6389
5947 8628
2702 4058
389 52
2324 9459
8541 3508
9106 789
5416 8426
2209 2330
9861 2521
3832 1699
7961 5858
5405 715
7729 3622
1609 8772
3622 9177
881 4693
237 2991
6977 4234
3238 8035
6225 322
4584 5073
1580 3370
6472 5286
6420 5222
8956 7179
8147 1697
6022 1961
2769 2457
4788 4341
9699 6367
4744 2287
113 8926
8153 2035
7427 8065
8337 5318
3975 4243
9983 1251
3837 4679
8029 7360
7489 1046
1923 6646
8408 2111
658 2765
2158 2761
9729 2961
2783 5443
5270 7130
4305 4703
1360 764
3923 2700
761 663
8337 6764
1218 6355
5020 5325
6385 1728
7413 6471
242 195
4725 8789
7076 5069
8667 4967
6587 4453
8936 249
4129 417
9007 8623
6494 8836
2640 9339
4542 6353
1409 2756
3529 2521
9846 4659
1890 750
3374 4525
7758 6401
1964 9234
1681 5990
6600 49
6914 4174
4423 4853
7030 6180
9902 6235
4951 6503
1000 2204
7610 9670
4965 628
1424 7664
2902 2870
7615 4562
8560 9368
2094 4755
3451 798
587 4836
1704 2255
535 8132
437 2705
3555 751
9384 2624
3319 4775
3485 5253
7236 1132
6090 2901
7298 5832
1345 6601
2398 9516
7949 713
6010 424
4943 9007
416 6900
5607 9767
8667 5784
1576 2125
6344 3818
7520 7553
3510 1633
7495 1402
4219 6578
3671 7355
8774 9364
7881 591
2437 9742
6190 8518
2441 7404
2191 7706
2263 1885
1512 3814
8486 4569
6217 1441
8803 6913
8206 9498
5506 3838
6834 9732
8040 2129
8315 5397
6716 6806
4191 7025
707 9368
8103 4429
9399 998
3265 9707
5578 9549
5981 9708
8540 1046
2374 552
5082 8265
1093 6410
1989 405
6101 8792
1342 3925
28 8467
944 2874
5627 8156
5542 2606
2085 8088
2024 7644
1668 4688
4553 4851
4110 6514
137 6949
4811 669
5446 5950
99 845
1172 2159
71 858
3421 9573
7403 1159
9254 2592
1257 6625
9425 8175
4141 4467
761 2763
2710 2896
7672 8574
408 6834
1773 3139
3539 7700
2510 9574
3206 7909
9197 8991
222 9317
2579 4258
4279 2126
499 5736
5577 46
2500 7072
7998 7601
9106 3251
9377 4151
2495 8169
9883 8583
6881 2837
3240 4826
3522 3692
5239 4583
4652 8885
4347 6450
5884 4666
3432 0
8669 6820
7262 3063
8468 6665
3702 2387
2040 7771
3985 2141
3480 708
430 2809
6147 4864
3911 5864
3659 9748
3990 5716
4738 1588
4592 9792
6666 2545
6430 5622
205 4703
9700 222
7558 1680
248 7500
5439 84
8994 100
921 8052
3278 4779
4898 1468
9994 5539
6974 3314
5596 6662
5979 7625
5036 2193
7644 107
3145 300
3142 9844
641 7350
304 4778
2284 9040
1292 8747
3653 6035
7674 5365
3694 8540
7414 7589
5798 7240
314 8951
2964 6536
6723 4793
2136 1373
1569 7429
9945 5450
1060 4308
628 4154
3279 1481
8309 4769
6746 4964
7124 1969
4078 987
4119 9233
2888 3584
6737 2428
7634 1834
9851 776
8702 7350
5831 4225
5904 4778
6325 91
7778 782
4922 6147
7732 256
3454 4376
4727 3381
9 2098
813 985
3800 714
9931 6313
9559 6813
5629 5566
6680 4595
3640 8784
6502 8349
6683 8911
7084 1104
9446 1750
6314 4307
6620 85
5002 4898
7150 3997
7375 5236
2003 9635
4206 2215
3237 1744
3843 8410
7874 2506
7883 4049
2742 1034
4957 1072
5479 6275
3717 6681
8220 6515
9538 4930
2971 7509
7253 4179
9863 9958
7672 1192
4962 7895
7661 6752
5198 4687
5679 6793
1098 1425
9741 3730
9796 9026
2219 9455
2942 710
5790 534
7786 8435
5085 5375
8003 9816
354 1356
8595 2292
987 1069
2461 747
9779 3276
8025 8570
1350 6987
6567 7166
7717 4523
1029 2626
4266 408
9062 6242
674 2629
9839 1663
9788 5330
3275 5294
117 8299
1676 9554
8569 8825
8077 1041
7649 2628
5640 1675
4238 2912
9815 1664
8731 4906
2081 4025
1368 4056
105 1054
8219 9985
8321 9478
454 8583
2920 671
36 1169
2937 8864
2397 4898
3428 4036
844 8096
7857 6423
6884 9832
7331 4886
4014 9632
2893 3060
540 3455
283 6563
8099 5841
1344 2465
5614 7339
4454 4774
2325 6009
3402 2499
2536 7091
8464 1171
286 3414
9249 5957
3987 935
1891 808
3410 1945
3471 526
9566 1313
1562 5363
1138 8962
8245 6428
5253 6165
5260 5397
309 8965
2518 2070
695 5541
7264 1303
3706 845
8274 2693
3506 1089
5552 7899
5815 9419
1054 6755
3279 13
1170 2546
3736 4837
4308 698
6966 3304
5779 8420
6462 3140
1477 9406
3986 2944
7702 7423
9483 9326
8306 3408
5170 8105
4993 5562
5668 3545
4142 5637
5748 8177
7405 3177
2551 8158
6276 8358
8032 5543
4634 4673
8029 9708
568 5606
7986 7904
8546 4543
6353 9619
2917 1368
3158 4736
5214 8891
2587 7697
9539 4771
8830 9212
3874 6513
8801 6688
9030 3383
7959 3861
4757 8452
8021 8448
6246 7354
4091 1835
5941 3931
9007 6595
506 1945
8864 8267
5281 5430
6093 2756
4048 5206
8694 7980
8857 4258
8951 4391
1063 8444
2222 3189
4874 6262
5208 5761
617 3357
279 2963
211 1301
6919 2240
1267 5340
4926 8077
6515 3699
3635 8612
8547 80
8196 2679
7353 8906
6456 7038
1541 3222
4363 8346
7149 286
4500 3156
8695 5899
6419 1358
8289 4611
4900 4358
8845 2553
9214 8096
663 213
669 3304
324 1718
9426 9403
3740 7599
3496 7714
5952 7047
9995 7769
5723 5397
2078 4232
7992 862
427 6603
4145 924
794 6817
2250 8268
7235 9666
7541 357
8367 6176
1909 5670
4633 5849
4064 5550
6087 337
1115 8030
3059 2231
5057 6315
6699 3891
1313 2722
5022 4695
2060 1127
2573 9274
6762 4686
9066 5724
3978 5713
3445 2891
4846 7903
6832 7984
8141 6448
9322 4838
1122 4161
5105 5615
3611 3807
6375 98
9168 420
2064 2400
7759 2673
4484 6600
4941 5499
2189 4569
6019 8203
5698 5608
7035 9518
335 3103
2102 8199
3588 65
9456 6029
9942 261
8828 7521
7858 8523
9651 1376
5115 7819
196 5278
9375 4097
2774 2636
3743 4782
652 9036
4241 9897
52 3541
8719 2665
5867 6017
7397 6947
4906 5965
8150 2767
9095 497
5062 1089
5812 8139
277 6663
9147 3556
1335 5411
7288 4119
3483 2230
3613 3101
3562 4371
7672 997
6304 6836
7824 4700
149 1486
4802 6831
5153 4155
8173 7714
7292 4327
7229 4009
7227 4913
3278 3745
6079 692
1819 1427
8842 4132
4710 3698
6913 1225
6964 8413
7708 618
1971 1101
6269 5062
2430 7536
4433 8706
18 4282
3107 2091
1279 3017
1661 2209
4122 348
8824 7999
5453 8470
5065 9234
4593 5861
1915 2436
3727 8600
4468 6239
6908 8172
7198 4969
558 3525
6931 1715
6636 3881
5529 1845
7362 8385
6583 7866
7298 4756
962 369
6619 2014
7828 9645
8123 653
9293 3848
173 8464
1940 7121
2531 5427
6689 4951
6868 7455
8891 6831
3582 3188
6000 6594
8732 388
1436 6278
3437 2354
8842 7788
7272 3422
6392 9991
351 5689
4498 1510
9039 1230
7197 3652
7521 1323
7087 6067
7943 7852
7519 8207
8749 9152
7724 7696
9525 4580
2795 1820
6722 7655
6571 4601
665 3342
9912 3453
9927 424
7134 3916
1155 9387
8457 3075
1830 4401
852 4761
6527 990
2971 8194
7336 3786
1215 7780
9029 8008
4604 7253
8210 9548
317 8716
5695 2658
9277 8721
7399 659
8732 1245
8109 7657
6768 642
1880 4621
8110 2946
6205 464
4332 8253
8450 2920
3534 76
858 6692
8518 8864
5636 3042
8063 8683
1810 3101
7340 8349
8942 7395
4049 9202
4910 6563
4801 4871
316 8885
5579 2535
8718 9467
7530 4679
8581 3166
1831 4593
855 1953
4798 3228
5289 8549
8586 2022
82 7237
8206 9960
3464 2743
8079 36
4921 6899
2381 7449
4405 8836
8406 9197
2473 1186
6725 5952
1412 8805
6481 982
4174 2827
6556 3208
7814 6207
6158 9058
7853 796
8366 1812
3528 5478
8582 7070
761 6932
9277 5258
4755 9719
8870 7145
6766 788
1702 3575
6357 213
7011 1871
4237 903
7123 5315
5140 6254
5248 1431
2521 3876
7315 3385
5972 6027
3745 3059
7373 7043
676 1958
5208 431
5020 238
1996 8499
7941 3216
1312 7737
5122 7452
315 3777
4708 8589
8461 6271
766 4143
4744 9421
8410 8091
4212 6948
9376 3283
5136 1522
4204 4654
3286 81
4419 6282
3444 8449
6138 872
8763 8377
5329 3597
3247 8290
6969 2298
5389 2513
2429 6445
1579 5518
9875 9108
1350 5956
5677 3680
7651 7057
3629 180
2044 4645
7503 5757
6617 3836
6607 6889
1510 4802
6013 977
887 2507
4726 2142
667 6802
7713 7345
2334 2833
2451 3500
173 3216
5728 1934
6919 3975
9828 29
5153 264
9481 4602
9953 1386
9106 5123
5320 5327
1880 3898
4224 844
8947 9038
7952 4995
6082 2039
4346 4829
672 5271
9579 498
9142 6014
9982 1165
3833 8124
1535 1453
9521 2567
7657 4151
3204 9892
279 8781
615 5313
8659 8896
5158 2309
8868 1546
9692 5034
1756 8472
8490 1675
208 4686
4936 7535
3612 4194
259 5473
4211 5928
7000 9174
5326 5721
8859 689
606 2163
5646 5479
7991 7491
8103 7774
546 1026
3048 9477
9132 9789
6085 5076
1494 8975
5616 7272
3137 2869
7656 3855
4929 3690
1709 6259
1555 8438
9194 419
2526 6726
2611 4036
5295 1685
6543 1964
7045 8647
6370 2455
5915 8506
1216 7908
4149 5337
566 7807
9083 7410
3295 7869
702 5011
2143 2294
7324 4773
8911 6344
3460 819
7591 4191
4080 5991
1943 4397
5411 8313
3014 8208
4228 6531
8911 4603
2356 4101
4438 8672
6454 7773
871 2713
1596 1398
3969 9639
4502 6827
1134 8235
1998 1052
8162 7463
7940 4028
2482 3754
3098 159
6254 9327
1961 9918
1827 3447
75 5450
4959 9305
8160 5982
6973 9338
1562 7646
7528 5566
9465 9017
6686 9594
5329 2450
2752 415
8208 6677
4696 9021
8925 8467
3683 1180
8599 4559
1419 7199
6877 802
8938 1918
6733 2384
1300 386
7837 5061
4430 6922
9152 4444
9889 5856
6646 4167
4817 7072
4371 4926
5338 7513
7967 1863
341 6298
5470 7985
6764 4190
276 8860
972 2901
3852 8408
4549 707
1464 1294
2723 3407
7384 4820
6805 4029
4338 5758
8654 7539
7464 4955
8292 3580
8128 3846
6771 1975
8379 8373
6040 5102
4975 7234
7938 10
5304 2341
4847 346
6471 8730
8502 7274
4738 6328
6366 7983
5259 5683
9736 8522
8993 198
416 9419
4094 4780
1790 750
9078 34
3169 6567
9138 3754
1627 8920
2573 5715
2718 7247
3631 883
614 1750
6816 2339
9415 3322
1240 7566
6143 9079
7799 4719
5803 1216
2210 8727
6820 7531
3923 1741
5455 1736
5519 8055
7214 5639
4581 4471
7396 2885
2082 5311
4403 7911
8292 8278
4386 7487
5196 4351
3002 3535
2579 4729
1795 9646
570 5980
1646 505
5809 6094
4674 2140
7768 6157
6074 5102
5112 5807
9290 3373
5157 6234
6881 2711
8258 6293
6116 3711
6011 8886
9468 9417
1576 8512
8783 8996
3473 1441
1117 7500
6425 7233
1656 4514
8347 7806
6140 2128
7801 4122
7218 2253
8225 4708
640 2821
4592 7434
1673 8590
1812 5167
4581 7685
6010 8326
4933 2403
9111 5753
6571 8978
5056 1864
7153 105
1211 1883
7331 8047
7968 1609
4666 4454
3456 7579
9853 8437
1914 4353
9248 568
9660 7486
2489 4170
4320 8697
7592 2239
7591 6363
7151 1284
6051 4150
4558 1455
735 2260
3020 2012
3568 6251
9148 6991
8906 2120
4563 761
9840 8038
5074 2450
5572 6882
6980 1424
2951 3830
8536 821
6412 6679
8153 5760
6102 4274
7016 9838
8748 9198
684 999
4801 1948
2511 7991
8219 750
9265 6914
1466 7128
2908 2629
3861 417
4482 9483
3997 7701
2617 287
7923 7765
1738 5468
2752 5387
7654 2521
4502 7263
5082 6774
9925 1870
7809 6214
3 5871
6639 1459
6585 6766
3914 6778
1944 9680
2176 1437
1055 2198
4533 4431
9671 9158
7743 3268
9138 9184
7318 7967
9362 750
9390 5381
8063 2927
8609 7454
778 9798
4666 2271
6794 5820
9788 8812
1749 4874
4346 4197
2429 2329
5790 9625
7635 4911
5595 8147
7490 6511
4520 3630
332 9684
7127 7524
1988 2169
3701 5603
7816 5259
4491 8449
1291 3227
9596 5747
9107 986
7163 9168
8880 9855
2546 8069
1359 2345
900 6684
5544 5315
741 4586
9112 6846
3735 7825
7973 6890
3407 5555
3546 9435
6074 7576
9215 2046
120 772
5565 3440
6380 169
9052 6853
7018 1312
9411 8123
4507 5770
8261 7300
3495 7399
6590 8741
3127 4664
7040 789
1492 3880
4307 3327
2287 8803
6142 10
6190 8848
8313 5043
895 4659
5405 7987
4171 1994
2019 7864
6274 5495
2086 2460
6710 8609
2208 7867
7590 7836
1890 9142
9348 1401
546 8515
3119 298
7423 5535
4331 4480
9764 4348
2139 5729
8768 9979
8230 2352
2769 9830
1059 7505
8084 1527
274 4735
231 9802
495 2884
8357 5989
7721 4624
3099 6697
8701 7920
8896 1989
2911 5659
5118 6363
6733 3869
710 2579
2521 3295
3050 3425
8755 4641
322 7210
9797 5005
4234 5776
5227 3612
6039 7511
809 9517
5376 729
8431 8656
3220 9032
6260 4329
517 678
3466 2158
1542 4035
6433 5857
2325 3526
803 1488
1953 3400
2364 7840
9993 4846
4995 5270
6192 8663
5499 2226
2500 4528
5496 2549
8382 9463
2541 8652
7325 8145
7803 4625
1041 6217
1595 5363
8045 6677
46 5313
4115 9016
6817 4848
9510 3147
8643 3818
3791 7254
4874 400
4445 9789
9047 8511
3571 2491
7837 540
5209 5059
2151 5423
4733 8771
8169 204
3983 5201
506 6568
6223 5573
9286 7308
4647 160
3006 7493
4183 5651
265 4957
1433 1353
5908 4078
8411 7535
4791 9685
8228 8922
8732 6510
4345 9160
7204 357
8089 5959
4323 7293
1489 2676
4967 2535
9811 9631
2257 2988
9287 2612
6551 4415
8208 5651
1505 4728
8896 14
3193 9343
6351 3421
9477 2138
3069 3194
560 4335
987 7537
7256 8640
2581 8326
2565 5166
437 4562
6720 3346
7027 9987
1720 7010
2869 7145
331 5765
1353 1652
2098 8024
6462 7935
5557 2572
1086 7792
8339 9727
8686 292
7874 6862
5944 2928
1323 7207
353 678
4835 7897
747 3945
4038 3489
2984 5851
2650 5623
3099 8944
3527 8459
7566 8397
1387 1532
987 8605
1186 4607
9713 5112
5660 7959
4021 7359
2121 2554
6012 3421
4685 4047
8405 2254
6080 6048
3520 1487
501 3663
510 6991
661 4839
9719 9763
4267 6498
5221 1303
6925 9777
5405 9857
824 1855
342 1229
8572 5281
895 1523
8599 5474
2137 8205
1658 7676
4411 4612
4697 372
9163 853
4575 8290
7544 1071
1852 8157
5424 7891
3702 9424
3429 8115
3578 8267
5619 4440
8740 462
1757 5864
561 2368
1225 7223
4592 9597
2419 3279
2307 1098
4453 2185
6078 4904
5412 5525
3400 9691
8361 4166
6175 5753
7132 7109
2 9024
9907 4687
9890 4300
5789 2144
402 1238
23 7379
228 5445
7606 5827
5319 9864
993 7605
6177 5563
685 3698
4943 2354
7136 9791
123 6926
6655 216
5239 6622
6632 3148
5163 3669
6763 8780
7034 5964
5630 5785
2370 2871
8984 8477
1586 121
9122 8280
6056 7539
4626 5839
9089 1049
6036 5309
1081 8236
8784 4843
9797 3662
269 927
1105 2993
6517 5303
4293 5512
8419 742
621 1721
4551 8546
5732 1835
3599 6014
5326 1381
146 5615
86 2403
1122 9855
9398 7457
2928 372
1739 9047
8834 5424
1685 9099
7375 953
1055 9247
9764 2805
2183 4417
2123 3196
2589 6080
9060 1744
5178 6347
6111 7782
375 151
9250 5375
632 3165
182 2051
3292 6974
1086 1694
7218 7126
4276 8164
685 4849
301 4407
5339 8812
3646 732
6975 4461
6939 5665
2234 5102
5331 9022
2038 6985
454 2102
258 4287
5499 7609
1879 2519
9275 6434
4852 8931
2501 7557
6583 6101
5798 6924
5543 9175
2247 3627
342 6966
6620 225
3080 7017
5557 1714
5922 9930
2119 767
1545 3106
4962 6700
2492 9654
5670 9907
6056 1747
6510 9464
999 2596
681 445
7233 8893
6821 9647
9482 663
6077 7352
1105 8599
5201 844
1017 4519
1070 6957
5409 4505
6726 2586
2329 4546
9368 5094
9173 4871
6705 1310
4832 8566
3717 6773
5690 8010
6904 5962
6636 9094
8634 3816
9964 4055
5593 9682
7008 4482
4919 9559
5117 5681
9868 8252
9117 803
2420 5105
1738 7300
345 2936
6140 3497
1564 8780
5846 6172
6157 7441
3988 9667
5071 4567
4527 3516
3520 9952
1098 7555
8293 965
6032 249
6188 4431
9698 6421
5951 923
4164 9519
4659 8243
8992 418
83 9010
5249 6229
6935 4114
1574 653
5301 1532
2777 8992
6615 8828
3607 7627
4569 286
5627 3836
8863 7607
2194 6919
2355 3077
6006 2454
660 6067
7857 7634
8249 6487
4697 7290
3018 9518
7364 3262
9305 3374
216 2747
4484 5476
5471 5185
7592 4186
4409 4774
2238 4844
6161 2095
6829 6350
4081 7536
5847 1867
2740 6840
8319 3660
131 3741
6013 2704
3657 3351
8326 4793
4325 6992
7346 8854
431 362
1748 6021
2766 320
158 6022
9398 371
3813 3618
6281 5758
3811 1423
2395 6743
9151 5078
7052 3801
8885 3004
579 8587
5591 7749
8387 3171
1025 6265
7939 2724
8042 5496
7354 2982
7085 5121
5362 5815
1628 9126
7559 7765
5211 2279
8148 4376
7263 9011
6197 4449
1411 9453
9873 9232
3199 4536
1211 3713
9681 4410
9739 2689
1816 1851
4500 6343
7355 1002
9585 985
2448 4572
3970 5442
5081 8955
5040 4730
8273 370
1104 318
452 2351
5283 3307
9552 3344
5877 2706
9568 1340
2939 4022
5171 7730
4138 528
6715 5973
1314 63
5734 4903
7134 5390
9646 2421
3835 223
6788 2311
9748 9347
1066 3893
317 5338
6170 3672
5337 1848
1833 7779
2058 6409
1690 4715
3184 3622
3391 4559
71 976
1550 418
5462 7956
5678 1659
4954 2615
7854 6217
2214 3947
3200 3646
2447 6506
7478 7190
1734 897
3829 2618
1565 9396
7383 1505
9507 2619
6695 8240
1703 7181
3584 8159
8579 2225
2883 3150
5275 9411
2823 1299
6754 4328
3218 887
764 8047
6789 3150
4053 6979
7517 4116
6948 4370
831 2376
5526 9637
4962 4053
1933 8691
8629 7688
5089 7207
325 1406
2107 2485
7712 7588
1103 6601
8863 4074
2909 3769
688 7689
9387 9380
8575 7648
1817 2128
607 5422
9528 2934
9962 1414
825 5683
507 7928
1989 6440
2258 9292
2756 9943
152 356
8849 2022
9908 6153
2818 1716
9422 4308
8812 1661
8751 1117
3742 7301
5543 9402
462 9131
3429 7956
1409 5641
1908 3667
18 2801
2973 8935
441 1905
1136 474
5824 9781
2926 3171
4758 9322
5184 3338
849 8511
155 7073
2304 5897
5944 6475
5957 6298
3593 6467
434 6561
1889 8248
3583 465
7452 1486
6426 6653
4058 4858
4862 162
6360 4931
9421 8561
7636 8758
3166 6963
2209 686
9215 6876
9378 6383
8740 2852
3652 6008
4820 3140
2476 4090
7690 2385
3598 3205
1898 3284
8531 5302
8571 3608
9019 3042
4074 3382
3706 9529
8623 4584
8392 437
6342 268
659 5470
9586 1732
3349 9308
2781 7107
5742 7553
4316 3579
1969 4064
6700 2021
380 5194
5394 7064
879 3963
3856 763
5151 3842
7035 5298
799 439
8792 9995
2330 5365
3763 3043
435 6505
2767 4766
2519 7543
3678 3414
1373 3311
1037 6935
2490 5799
9171 8945
7311 2460
1926 3195
3140 6795
7516 8494
7939 9227
9773 8790
7026 4991
6706 987
6960 9925
5734 577
5475 8050
6413 4237
3941 8166
8154 6452
5524 883
3805 1044
136 6740
8797 8244
3349 6703
7920 6526
6376 3626
1968 2941
4892 8238
6557 927
1143 3447
3768 8215
6723 4734
3742 1015
9713 2088
975 94
980 4565
7107 282
6304 2335
7322 4008
6838 4743
1344 999
680 7912
7804 4503
6225 1368
8584 8236
7390 2889
6655 5248
8750 2508
1315 5948
9745 2386
4411 7365
3461 3257
559 3247
128 6591
1301 8939
9251 78
1623 2812
3895 5327
7924 5731
2697 8496
9802 6559
667 6593
207 9837
1435 3049
3008 8617
3572 442
29 6651
8237 9278
37 5444
4180 5176
6258 1760
3072 9371
6923 9456
7596 9232
8844 8666
6331 6749
9047 4972
1891 3157
3755 1783
1222 2225
2292 1166
2835 4850
4671 9107
8582 6568
5714 4070
1314 7840
7075 9517
6170 1012
2202 8551
337 7049
1077 2556
6668 3555
342 2204
188 564
1419 6605
279 9976
5913 7080
3319 9986
156 8467
1624 3301
9964 3568
671 2917
3162 297
5034 788
3790 6780
7538 6383
5077 4695
4712 8505
4718 1139
5523 6297
4462 293
9871 7195
2477 2030
9511 2605
4884 8769
9192 6975
1435 5672
2257 4115
6138 6948
8046 2660
186 3553
9465 6764
8492 9597
3232 7653
6585 6297
4626 4024
3862 1799
7360 7536
6201 4454
8800 814
6086 4551
4146 2935
5543 117
1690 460
6198 4982
1702 8179
3306 3352
2708 8260
1613 7596
7292 1450
5303 3128
2055 7487
9221 3835
3315 286
8690 6952
9887 8587
4167 8479
3002 7200
4185 6140
8591 3488
2719 5291
3394 8436
7828 3752
9977 8831
342 1791
6440 8510
7155 2321
331 358
4582 7303
3059 8231
7445 7179
6730 6594
8574 7590
9657 669
9454 1295
1287 5374
4124 7615
8880 9300
4068 3548
7281 9199
5074 9032
1082 7978
8115 1086
872 999
2832 9977
525 7353
6174 159
1624 7949
6210 4824
3478 1142
2565 4576
5186 2002
606 765
7786 2786
2794 6224
8922 8196
7048 5405
315 5859
5370 4094
1705 7358
5283 3656
7592 8106
978 249
8687 3888
6686 9568
4799 7769
3544 960
7177 307
548 2462
8480 8275
6978 9701
7892 1970
3998 7788
3183 2554
6724 420
9887 1082
5 3670
6934 3826
5280 7287
1230 4669
1359 9462
5788 5824
4452 7030
2576 2595
9141 5099
9078 5451
9931 6927
7825 6631
8285 7741
8168 4657
410 1644
7359 851
9696 2267
9057 2077
2790 5426
8220 2064
5253 3484
2061 8601
4429 5322
1150 2703
9909 9304
6567 8614
6321 826
193 7846
7641 361
6263 347
334 7720
3999 3119
7755 7973
7670 2352
8696 3235
1211 9571
2778 4809
4100 9198
642 9382
4535 1969
7901 4147
1281 5058
3182 9713
1522 4929
7430 2927
4054 5741
2574 822
537 7653
8790 3369
3424 3571
757 2658
4715 4451
4722 7661
6954 8503
7918 7982
8929 9560
3685 7567
3595 1534
2194 3617
1684 3006
2426 9061
508 2988
2764 918
9705 826
37 3606
8658 1112
2136 8710
5762 7600
7918 6859
3207 1899
5908 288
3595 6638
6127 5280
1467 4521
9275 6537
2909 4842
8818 5988
714 5142
3166 4958
2355 5328
3023 9864
8474 3442
5454 8783
4460 4641
409 7861
110 7547
8724 6091
5956 2962
7841 5022
5985 8562
8411 7850
9258 3087
6902 1350
2035 3073
6857 461
7383 6483
8972 6324
6934 991
9750 2614
5086 6829
2251 4337
3216 4429
5893 9490
1604 3557
80 3691
7549 5831
6035 8710
2541 6611
3836 3846
5996 2650
8396 1644
3196 1333
3132 1960
3868 303
2980 731
4274 1384
990 5962
617 3476
451 1962
6670 3674
2009 9157
5102 5466
2919 3942
223 9201
8364 6878
6261 5859
7448 9946
4195 3535
7837 7198
5490 9182
6319 5983
972 7712
3396 6259
1138 7024
5214 2593
7199 8896
3699 4013
4030 6614
752 1833
3560 4294
5498 3918
5929 6542
9529 8820
2646 3918
8498 9507
5655 1634
352 6466
4090 8605
9456 4604
7986 8772
8757 1225
6913 6559
5118 5839
6133 7303
6496 4208
2229 8689
119 427
1140 7952
8880 1702
4677 2927
2013 6629
3728 7733
8523 1661
2644 8699
8040 5002
2027 7437
3468 758
3649 8084
6968 6004
8577 1113
3452 7269
6211 1906
501 936
8629 8787
8473 1900
1550 7832
4658 1542
8267 9574
7431 6335
5919 6543
7397 3
4917 9248
6603 8307
5814 6694
5091 8217
2166 8759
9025 9564
7000 3542
9264 9747
444 1016
5709 8720
1237 3130
850 689
994 4623
5550 3505
9653 2343
345 9512
7751 7271
3809 5081
9896 4564
7448 1169
9165 5453
2256 3791
8976 277
3147 8363
3467 2638
5582 656
236 5500
5393 854
8695 8034
7912 4495
5104 7513
7626 8719
3543 4641
7431 7534
5716 4471
6485 9433
9226 3392
9751 8189
184 5469
1382 3048
2114 910
4429 3062
528 2902
8922 3168
4004 9774
977 2845
7754 821
4685 410
6801 2671
3414 1555
734 7185
3017 4852
6612 1414
8169 675
2195 5481
2299 5559
9948 2203
92 5331
6565 8264
8862 3365
338 2245
6643 2099
7309 624
7262 3465
7434 7388
4157 6841
8452 4023
1518 3945
5538 6652
2804 9273
6817 2827
8237 1108
7678 7964
9584 6255
6265 3240
5667 5922
8898 3286
7713 9801
3752 6529
9811 6007
5535 1963
376 4162
5295 1071
6024 7085
7464 6513
5221 9447
1373 1426
1422 536
8934 344
5029 9198
1727 1299
282 7856
5382 6803
5964 4812
1277 8006
3203 5956
2837 436
8621 9259
9215 729
6850 1032
5116 5994
935 5117
1965 3918
2776 8398
6220 9053
4441 5874
7883 1787
8324 9796
9058 2654
8845 5421
5925 3122
8731 93
9547 7343
4989 4155
2457 8581
1795 8082
2213 5796
6923 7167
1849 1187
9211 6395
8020 7403
4983 5648
9126 9687
6100 3091
7839 9750
406 4828
924 4311
8364 5059
2158 4995
5626 1166
3351 3340
3732 43
1337 3843
1863 3842
2692 4095
1378 3248
2348 2182
7961 286
93 9526
4546 2194
1980 9582
4398 8290
140 9924
6070 930
8121 5999
6024 1735
711 5558
9185 2669
5487 5560
7240 9951
5249 9635
8533 1451
2709 9304
2661 9850
8275 1745
8886 3783
8729 2125
2368 979
8598 8568
4555 9587
7312 6180
3481 1651
6045 4194
3252 9058
7774 1612
7608 5907
3480 6026
1544 2073
8148 8862
4107 6758
8906 4002
5369 5506
74 8023
4924 5708
902 7699
1384 698
5321 9458
7102 8357
6826 2673
5848 4424
6428 4516
2037 5417
7649 1110
4205 524
1750 7575
9183 2521
6205 8888
889 4011
4228 2918
6607 3245
2240 421
2258 2719
4350 1746
5326 3139
1308 1342
1412 1046
740 392
1200 5942
72 9692
1553 4540
7364 5584
7625 3645
8864 4552
7877 3372
6622 9906
8960 71
3535 7196
7840 5279
5011 7941
3283 7405
3807 8189
881 9358
6907 4339
1661 3190
7767 7085
4412 1549
1367 6633
2957 7088
5474 1416
5862 9579
2052 5308
2642 507
9033 5993
3425 3855
2937 2122
3441 1528
5527 1747
7153 9870
9128 5918
171 6340
9010 2001
6733 8617
6866 8159
343 8367
951 7818
933 5607
850 6073
2511 5450
2218 1709
226 8517
5085 2702
4295 8028
3476 8469
4743 8690
1930 9020
1196 404
7543 4206
5143 8261
7596 374
2852 6455
4270 9515
5939 5098
790 3220
8244 3595
219 3619
8148 6739
319 3823
2219 8977
1111 9408
3608 3893
8794 54
5900 17
4717 5774
8459 890
8835 6900
1600 4123
3650 7375
2907 2501
1360 5585
2796 6495
8625 2531
4716 2213
4844 9099
1434 276
8872 6701
2203 6345
6246 9670
3750 7072
7898 1154
9531 8392
5159 3396
8799 5697
2342 6733
5418 9839
6434 1382
9683 3312
9326 2366
7209 4740
1097 6850
3718 6691
9920 3195
6514 2335
916 5868
1336 5908
1968 9357
19 4995
8034 914
6227 3292
3200 7027
7411 4954
383 9453
4259 8933
5905 7017
7799 2907
2220 4642
1988 28
7960 4997
2361 1497
4161 6090
4584 3938
4324 3322
1060 2600
722 9546
7798 8167
990 843
9345 2528
364 8396
7677 7810
1810 6559
9302 9582
3124 6209
2168 442
1207 9786
5426 2998
1654 3375
5334 57
6417 7164
4141 8674
8696 3080
4914 3803
1560 6217
7143 2716
4785 8010
6776 114
9664 44
5071 4976
8574 2880
4137 4525
5698 9830
9838 8821
9078 4811
3572 9093
6377 8684
7684 1484
5468 3600
9830 405
375 4064
110 2129
1895 5771
3798 901
9511 6277
2876 6838
1164 9643
8938 3334
4441 9885
8851 394
1662 8215
3730 6554
3135 9773
7853 2860
2203 2088
9509 3950
5512 4684
6872 2453
1838 5735
1421 5937
4091 9315
3469 6204
3198 3581
929 6869
9156 6026
4251 9815
7061 7654
8459 8644
742 6241
5024 3286
8125 2473
9519 6977
6130 5348
717 9669
8081 9957
2984 9664
8639 3573
6438 4903
3957 6831
400 5009
3596 2575
6855 3012
8144 6659
3849 295
4079 1983
512 3440
8483 4726
6954 4325
4742 2120
1667 3534
2411 7978
4628 136
2870 3668
9139 6236
6712 9245
9246 3253
6045 4674
8202 7507
8525 8147
2226 2927
6428 7592
2506 1651
6149 376
8210 913
9270 359
7256 8044
2587 6192
8975 4161
2377 8505
312 2353
4210 5481
7989 9914
6333 5654
2002 7588
6831 2654
8527 7017
2074 5974
4711 4013
9427 3779
1349 307
5176 4368
731 4800
5433 27
3116 2728
3916 7415
8848 8018
4863 8982
9892 7880
5553 1611
185 9091
4257 7283
3015 104
5739 7886
8046 9310
1490 3243
6140 4138
7641 74
7368 5804
8344 7107
1551 1733
3440 7870
8651 7488
3286 8106
2943 3363
3882 6759
7730 3406
8823 1425
8952 8690
6436 3373
426 866
5763 5427
2624 684
6116 5992
6845 1678
1703 8429
5465 3127
6871 5126
7518 3194
7967 5717
6636 8526
8737 5486
8640 7495
9627 7490
447 6405
4298 5759
3881 9826
6437 8251
8686 2513
1309 9532
5572 7416
8066 9753
9296 2849
1331 4350
5231 9294
5469 9214
44 3300
7800 5641
8750 828
2272 3
8228 4533
8098 5405
6749 3453
3079 5848
7999 8940
5043 7614
4200 1972
9302 3654
6815 2009
5515 7707
2204 1153
8047 4939
1351 7419
9153 7845
4968 6224
5593 5701
1712 1961
8211 9168
9294 903
2571 1017
4 7525
6548 3472
7599 5804
9162 7968
9562 7754
115 9863
9801 8988
3149 7171
1917 4052
3829 3835
825 3520
9742 4769
6115 4150
3175 1996
7523 87
158 4824
8295 5353
2837 5884
4837 4698
8348 3246
9317 9764
1329 4125
9554 40
7411 9274
3381 8112
801 8888
2930 2975
3582 9143
8658 4651
831 4464
1864 3890
3270 902
684 5512
5593 2646
6877 2610
6649 1634
7168 2549
8395 5388
2825 9748
3363 3960
1882 2268
221 8439
5282 2763
1327 2686
4765 9967
5032 1461
7859 2466
3879 3802
9338 7873
772 151
5303 2423
1313 7921
8583 1104
1878 318
3180 9590
3251 6246
8027 3336
1815 1380
5093 2322
2449 2554
5982 7715
5906 4068
5516 7114
8349 2823
6758 7570
5266 8653
2057 9537
3981 6294
6537 6021
2775 6178
3963 2473
8118 1351
803 7817
328 4128
1488 5842
5954 8409
1634 9359
9711 548
4800 5634
9070 9472
349 1731
3841 5274
7813 6017
3321 2789
8851 920
7452 8451
9578 3601
1484 3447
5460 7216
1578 6951
5784 5457
9235 4804
2957 4951
7033 5300
2971 9253
117 9791
969 9494
8287 9728
8791 4569
7121 6167
2437 8301
8933 7000
1362 3516
8858 6468
6857 1264
8415 7381
1898 9692
6657 8526
190 4095
6713 2349
1392 5644
2654 6396
6524 943
4098 6465
1537 6960
2806 3166
7233 9436
6403 2748
5580 5974
917 7006
4365 2324
5977 4425
1852 8216
1199 2105
1282 7199
6898 7132
8581 578
7212 8272
9506 1227
346 8491
5741 7313
3557 2624
2146 5178
2208 7355
3415 9685
1891 7356
1833 9656
7073 7475
2824 6945
536 9685
5260 6462
6310 4936
5188 5857
3058 1598
8537 3252
5247 491
9597 1140
6120 7058
8192 7984
1953 2884
593 2568
2761 3345
7207 5220
7372 497
5882 9446
6423 1447
6807 4582
1010 2548
2405 2143
491 1871
5535 1091
9036 805
4664 3165
1845 9608
8949 3894
8207 9385
4843 4648
8207 150
5421 4648
1868 7441
5922 507
8388 9830
829 5956
5981 9536
7537 8062
8697 11
5430 3794
5408 6528
8347 907
5462 5972
8107 8521
3075 7261
707 3127
6232 5883
6051 6939
7010 8091
6474 7190
2169 3350
1129 650
5591 7094
547 7594
3143 5056
3979 3574
5718 4336
2507 8359
7508 2309
5977 2418
5232 5711
6438 5199
8399 1972
9849 6855
8066 7322
6695 8298
2797 9568
403 9139
8670 7904
7506 615
2214 6617
5480 1283
5374 2710
5184 1611
5460 1523
2279 6856
9498 9368
1234 3887
2285 8729
1734 9212
5443 7676
2731 2531
4009 4853
7623 4050
5125 4152
526 4408
8058 5784
1826 7136
9801 2862
103 5711
4470 109
2138 292
3338 154
8951 7818
3935 8968
7325 1070
703 3566
8252 1582
21 8128
6849 5437
698 5399
4528 4124
6444 8869
8322 8254
8370 9755
5291 6746
9555 2525
277 7397
7652 2333
274 9143
9185 1022
7955 7998
2018 7984
6875 6661
4106 8478
1952 5585
4449 9866
8650 4945
6322 2840
8494 5689
6472 5591
5658 3972
5783 7744
6454 7517
1612 5434
3912 4308
8207 681
4017 4983
1542 9776
1781 5291
721 2456
6156 4570
772 9754
7351 9797
540 2440
5885 1618
3246 2278
1556 6322
7235 8667
4067 9988
2157 244
4209 6727
6104 909
1448 4341
4203 4616
6894 2553
5972 9533
4557 1960
1801 3794
8878 572
1588 7582
8467 2859
2390 4073
2902 6317
4958 1826
7414 5876
8343 5997
1291 2781
1995 3327
9915 5876
89 6539
5335 5034
5269 3451
5328 4056
687 4872
7564 2811
4027 4147
2573 9388
7809 6279
1401 4023
555 129
2433 8039
7989 8792
5787 5572
1116 8315
7777 1954
4666 179
1032 6685
3476 8525
3964 5730
2744 3831
8708 6943
7298 1818
8071 5251
5880 8137
5892 1650
9327 225
2811 7367
1972 2508
7852 4880
5929 3106
1529 9944
6163 7278
1989 3640
9435 6765
8922 2711
411 6335
4745 1588
2709 1354
9207 3272
8397 50
3427 2843
3038 53
5223 8395
3158 8423
5654 217
1930 4885
8460 8740
3504 796
5953 9806
174 9264
6257 9293
5840 1612
8416 5186
3192 3847
2709 9070
8555 9793
2495 3140
3605 7227
4938 4289
1734 3027
7041 601
3783 3287
3838 7091
7482 8155
2702 9724
5262 6027
5718 6673
6609 5614
4904 8600
9509 5574
259 2310
7504 4240
7656 5493
6271 2704
6478 9466
2106 3285
5643 5778
5730 6373
9807 1808
1463 6132
3315 5028
4097 9218
4911 2836
9878 3672
6191 8834
260 8559
4952 7563
2405 4590
646 8806
8355 9777
2266 3180
6461 3779
7435 3080
5978 2009
7455 7720
1711 4985
3954 2000
9794 552
74 6889
8101 6703
6312 1804
492 1045
5335 87
6138 2836
748 9769
2009 9103
4623 6473
1956 2711
8037 2874
1349 475
8312 4771
7960 6762
8056 6244
4438 2421
5673 8235
2327 5577
4054 6783
8064 9807
552 7419
2496 3017
2585 4590
9312 369
1987 7735
2874 6469
1171 7623
8982 5889
1626 9078
7857 93
5857 9340
7456 7701
9877 2062
7189 8402
6640 142
5591 5786
7383 6090
6378 6334
4439 2827
4744 653
2390 1709
2599 4697
8980 4157
690 4943
7842 8334
6084 1782
6663 5036
5777 5136
5847 5944
7879 7206
9044 9933
5970 5191
8245 8205
2630 2791
3683 7098
4388 7950
2592 4425
8027 1903
550 4362
9880 9153
1218 4636
2932 707
5992 9791
142 9075
8955 1234
5823 3388
3929 9071
9251 249
7450 1864
7034 1509
2983 6006
6176 526
4269 6861
3037 2377
4953 5144
3047 9448
722 105
9529 7049
579 4957
7788 8667
6323 3858
736 9878
9340 3965
365 1736
729 3745
2470 7994
1175 6822
6130 8216
7244 9444
2658 2466
5958 3768
9211 8221
7684 1143
1480 4550
5940 7303
1329 5643
5914 3559
6181 3356
1030 1592
4867 9481
1957 2731
9161 7474
7736 8527
1617 6136
9482 2248
4335 26
1731 3679
5176 1544
4197 5902
9688 4454
9825 6028
4471 9553
5850 6101
4328 4576
8474 2799
9791 7190
7207 6366
4301 4257
1683 9493
9089 6217
9777 9203
6749 6533
6801 9149
2010 9174
1665 2843
3217 2881
7808 1392
8840 872
114 2163
6863 1092
8468 9850
5014 4382
2077 7506
6804 5297
2038 6363
2750 8439
975 8929
4703 6834
2071 4747
5956 6418
6718 1801
4947 5049
3548 9060
5318 3394
3659 6363
1030 3665
3900 789
9663 8743
2059 4516
428 2386
4761 9500
783 3503
2454 605
8159 6224
9208 6347
7341 3934
6650 4543
3457 2210
3303 3801
5182 5192
6348 2465
2029 7656
4715 6711
9207 5987
8797 3383
6708 5242
7364 9903
8432 1952
3789 2615
8944 7572
8436 2447
678 9721
8134 1
2376 7009
3072 1097
3673 4116
8425 8814
6608 934
5634 5627
1682 2636
2366 3434
3434 6
4630 187
4844 7743
4677 921
5792 8827
2793 6404
4155 3848
535 4771
2616 8304
1052 9548
988 6270
6160 9599
8153 6687
277 4698
1986 4585
7764 5546
1319 1740
6290 3965
8143 3544
2726 3305
2450 1647
9231 4375
8595 6153
7950 7079
7839 8292
4578 8150
6899 3536
7435 3641
6599 4783
3759 1730
6419 5244
9633 8096
1583 1979
2465 1116
7385 3549
3848 9794
8784 6998
1767 4573
2510 1208
6681 4342
7518 9972
3744 2263
1018 5781
1951 3095
6888 953
1348 4184
491 7210
9812 586
563 5285
8530 957
2339 9363
339 4847
243 4767
2819 2185
8843 607
7287 8998
9949 2094
9530 8960
2285 861
3722 1582
7214 2714
7156 6938
4603 1243
6064 6564
1243 4727
3898 2395
6951 2727
6807 3624
9304 6782
9543 222
9864 5780
5509 3239
3306 7443
9976 3992
2402 6700
4391 8483
5954 8229
497 9770
7685 8077
1831 632
5556 9324
9003 3860
4534 9361
9539 7082
9269 5067
3571 919
5375 7128
547 9707
2616 7690
1028 6774
3890 5347
9873 3802
9084 2613
5004 6249
4225 5847
747 9142
9737 9862
1811 3933
7844 9127
4791 8791
8183 6672
4333 8862
8769 4490
3931 232
8898 7662
1523 7788
9660 74
5350 7535
7580 675
7245 1241
1193 32
7764 4735
9239 7180
9159 8629
2546 3469
282 2417
1343 2476
3580 9801
7146 7655
1310 8580
8780 4415
7478 3018
5939 1929
7345 9882
1116 7798
9787 3730
3202 677
719 2965
9166 9925
9160 1076
9815 4029
1225 525
3323 880
7697 394
4077 2278
388 8617
5353 6033
1849 3494
3412 7956
4226 8374
305 5163
411 3595
1758 3142
8251 8682
4883 1495
8950 8290
4499 1152
880 2525
9719 6776
7750 3556
1692 3951
6091 4920
4210 4153
2791 8335
2586 1988
7607 3078
2926 4818
3481 8102
4611 1616
1741 8514
7552 5700
6471 5751
8804 2033
3560 946
2045 1147
9319 3812
8590 9770
6502 2703
8987 9676
1088 6164
8151 7229
5312 2658
884 3010
2240 2418
8574 2940
840 1887
6583 1960
9328 8366
726 6122
5879 7181
1549 2233
3359 5056
1728 1266
4857 5595
5133 7905
8629 4547
36 8586
3396 9820
4472 9425
5358 9798
2606 5334
3585 1703
2284 4499
2622 6613
6950 2069
520 4953
7484 8211
3418 8365
8178 9720
3287 3632
6120 2325
8643 9523
3380 3708
5862 4365
3771 5758
6796 478
9077 9981
7862 6277
9805 3736
3027 825
4998 6690
818 4913
9831 6402
5168 1838
1664 5178
7600 6292
6374 2290
2069 9367
3343 8859
2948 5720
9642 9387
3569 5471
998 3815
4336 4627
2460 3844
92 5608
4792 2506
1214 8506
6700 2191
8211 3515
8127 6491
6697 8390
4381 5161
4147 266
1540 2601
73 430
8701 1040
2491 8525
2381 4291
8380 502
4742 4449
289 3798
5819 4926
1457 9855
6239 7866
4126 3748
1417 2483
9077 3984
949 3340
1719 3831
4043 787
2878 4996
332 4795
6837 588
3655 2550
2747 8920
1726 8519
422 5702
857 5060
8192 7042
3972 23
1804 668
3306 3310
5320 7602
9841 2984
9162 9031
7 6266
7447 73
8267 6231
6088 4550
5060 4001
6312 5892
6002 7302
4155 8662
2569 6969
5876 4952
1738 9592
5597 1748
817 3632
4529 8080
4014 4841
8698 4188
578 2042
898 1537
2775 938
775 9142
699 5553
9516 3361
3241 1345
1567 4924
7878 6111
9309 854
9342 9055
9435 26
4343 1313
8755 9435
4517 2601
933 1846
3135 7967
3775 866
905 3034
8466 1241
1278 6136
9651 2284
8933 5239
5586 9403
9068 1139
9664 148
523 834
5358 4415
2584 5746
6812 291
3660 3912
209 5277
5773 1733
9006 510
3142 2613
8719 7700
59 6018
9712 6361
3227 2205
5452 9043
768 837
8782 3389
4936 5008
6148 1101
9643 7321
6913 2261
9084 4874
8312 2154
2959 5086
4130 6951
4025 8057
5733 7514
9954 3597
6383 2843
4421 7407
9219 507
2377 536
8242 323
3446 4453
7469 3672
3971 9714
1981 5988
6005 1064
745 8722
6462 3973
7005 5748
954 2884
4483 2864
1366 9578
4572 1971
8408 2266
1332 7633
8447 1314
6986 1517
6016 1814
9373 1325
9852 2569
5012 8058
7850 3011
4167 2558
1226 8373
6483 4740
7412 4968
5188 7355
2588 7343
5528 6308
6399 6983
7360 2799
3913 5854
6225 5534
5517 1515
4297 3507
8735 8140
7824 1018
1819 4793
1210 9831
9733 1478
7081 5399
5923 7573
6633 4975
100 2774
3917 1383
6211 8825
7827 9034
6242 4237
1883 7716
8512 5630
9094 7208
7232 4164
4657 3722
7214 6758
8260 7459
2893 9160
3900 8839
4402 6114
1001 6740
5513 4051
5894 1120
3188 7332
1893 3130
8482 7281
8152 7292
3229 5103
4141 7325
3982 4917
1641 6008
3495 8456
7991 5732
7022 1579
6260 6809
2697 6571
443 7947
6784 9050
4800 5939
8674 5658
8174 3550
1635 7193
708 6349
7455 9810
6277 357
604 1212
7092 3931
5493 3125
832 6675
7713 3978
2300 1727
1393 6458
5286 9619
4007 3637
582 1932
4135 249
2827 8734
9336 5711
4750 6813
3291 5611
7556 3965
4249 2214
2128 8784
6509 5649
7692 9002
5948 9015
3453 8
3294 3130
1333 9887
393 2840
7517 6211
1153 4076
9467 526
8116 9171
9513 1551
3550 8619
8502 6762
5158 5221
1925 7449
6592 8203
3964 9915
4282 898
8781 8187
9979 1331
98 9489
9554 7887
5793 3521
4922 196
764 9578
9988 1304
2481 784
3538 3684
6479 3284
3856 1097
6347 5071
668 2001
2636 1810
7508 1450
6733 7160
8190 9960
4491 5637
4315 2169
204 1895
1814 3493
6538 627
9166 2647
2847 4335
9483 391
7622 4636
7485 8205
513 4129
9515 8280
147 2535
474 4324
5522 6570
3680 9376
2331 1873
6493 4840
6024 6980
7898 6919
4266 9907
5476 1926
9257 4436
1464 4792
3183 7759
2976 8350
3142 9921
6211 8856
5157 3721
4895 228
700 2146
5879 393
8967 264
195 4720
8655 6990
600 2165
4813 3221
3495 4668
6842 1603
8138 5852
8195 6957
7520 8735
1821 9273
1986 6453
9906 2740
3982 7717
7650 5476
1842 5691
9161 1151
1885 5005
40 7813
2617 3204
7285 1569
5600 7609
1531 4032
7545 589
1629 1058
2576 3392
1182 1992
7295 391
5910 4644
1575 6347
6228 2764
9351 4976
2947 2408
8481 5971
2597 8284
983 5849
6942 7820
1089 976
6704 73
4266 7657
7464 4280
2194 8950
2043 4003
9684 174
1292 5560
1441 9261
2644 834
8619 1082
6633 6654
9990 9463
4172 7384
7056 6517
2141 5197
2296 6751
2556 5756
5657 5360
8465 3844
2902 7542
5319 4422
2706 5975
9033 5120
8466 8867
618 1069
6674 6630
5081 2848
7365 5564
2043 4422
5279 7850
6760 4429
8393 6376
1232 520
3246 7497
7718 897
625 5239
8163 2773
906 1517
5458 2769
242 9483
2488 4946
1489 1043
2602 8729
8655 4182
1986 9440
4352 2806
4446 9934
9700 9904
8477 9892
3110 4739
4561 2942
6745 737
7699 9616
8136 774
3792 4126
7326 5357
7161 8605
9450 1418
4360 2852
7898 7117
4832 9352
3777 4311
1881 8216
8431 9169
8524 986
8803 1653
6847 8264
5608 8193
566 6286
7466 7555
3067 9574
3324 2539
9534 1208
3335 327
5554 4935
9694 4306
1998 3521
7299 3805
171 8729
9776 8342
4801 3851
9302 9185
1125 6160
7048 8846
6378 1945
9610 8454
5937 6162
1548 1290
1992 8102
8209 7076
9566 7162
392 598
7600 9177
740 2353
1243 6255
4939 7298
2710 9888
6382 8290
9775 2921
9762 6851
1778 1059
4742 9695
3714 6581
511 6524
9535 9981
5264 2416
1396 483
5537 1890
3419 2915
1248 563
4635 6995
5987 1419
3479 2950
2899 5665
5158 6526
7856 8070
617 9026
428 3744
442 9087
7574 2487
773 3275
6202 2325
8608 3135
1247 8049
7687 6001
6764 7411
6190 1663
7561 8857
6471 257
1086 2034
957 384
835 8199
3771 1125
2998 8832
3641 9923
6230 8305
2143 8336
5577 6687
2507 3661
3137 6293
3479 5100
7136 1043
366 6580
3878 6554
5412 9425
9160 6296
9029 2144
3360 5101
1373 2380
2695 8740
3447 6399
7687 5748
1004 806
5522 3685
376 9509
2230 4986
2040 2318
7417 5025
3038 6751
5614 8520
8651 8678
2645 3055
7992 382
1796 1814
45 3175
3532 1188
9423 7057
5171 1313
5777 4399
6280 452
2340 8045
488 9948
3472 4859
6369 2387
5374 4500
4346 9482
8480 7892
9632 2833
8976 9322
6846 5719
2574 4893
9270 3818
2086 7566
8376 9286
1497 4181
4477 1012
920 2915
8177 4823
9178 8522
828 6416
721 4089
6816 6583
6214 7675
4678 9015
1867 3955
544 4984
681 9818
2805 2377
850 2843
773 1535
2527 8247
9271 8287
4228 6973
240 6389
1061 8209
7616 1767
6241 6886
1694 8425
8005 5853
4806 9650
7676 5594
9438 4273
6470 4847
7296 5870
4404 837
6283 6752
4747 9023
2402 6197
1915 6628
4175 140
2210 8779
7713 9872
2802 4329
3720 4125
5317 8470
7544 156
2014 1515
5856 3488
8142 6483
3408 9623
2742 7950
6607 6941
1908 1391
6056 2354
4290 7685
9051 9551
6476 8749
1339 8134
2274 7584
6384 439
6997 8594
8804 5109
4543 461
8407 1630
3750 7855
6748 8838
8611 3206
9088 3260
9328 3600
8936 6531
2293 5805
4932 2970
1061 9286
4603 6857
8982 3649
3038 9352
205 2548
1796 7910
5043 3873
2367 7302
6787 5197
3151 6057
2357 6932
400 7847
9344 5358
7366 1218
5316 4787
6323 7828
9822 3436
2168 3271
9669 7485
9415 7582
1216 5203
5149 4471
7978 7035
6170 2139
3796 9423
7901 2862
2842 8631
9309 7449
2920 9297
1544 9381
7929 7191
9110 8181
5068 489
7727 4384
3825 3724
9792 941
7736 9313
3139 7646
2740 4923
5136 1152
1958 641
4965 8414
51 7362
8460 4820
4134 6992
1368 5666
565 6582
9998 1372
5949 9563
1049 1679
3682 1734
6695 3390
5067 4175
3772 8937
8093 3488
295 2000
3445 1918
3163 9179
4011 6440
4305 2834
1256 9179
556 7535
9157 1913
1563 6630
6767 7053
5130 4283
4441 4543
893 8040
9259 740
7704 2988
3185 4375
4711 932
15 5971
2585 4497
9888 7642
5223 6108
3716 8113
5456 7843
7027 5576
8918 2263
4996 5420
4360 3998
6951 4916
2426 9401
729 915
4455 7263
1577 4271
1675 118
4200 8532
1931 1059
1056 9504
8180 8216
6390 6505
1654 6033
5532 8392
6851 5530
6726 52
6814 7102
4933 1917
2132 2203
756 328
6204 7536
89 9560
7382 9060
1128 9598
6114 3675
3282 2897
9187 8200
378 6961
8666 3581
6923 8838
8383 4924
3624 3055
2801 3492
3596 3836
6508 1789
3682 9327
2271 7585
8870 2676
5967 967
9815 2245
1257 6733
235 316
9203 6966
547 1509
9760 6277
3466 3646
9672 960
2731 4580
8417 5439
4856 8036
1916 6506
6408 1698
921 6752
4714 2255
6908 5971
3597 4829
3362 8889
884 5038
1543 4566
1995 3972
3258 5320
826 8393
9626 2933
1634 501
768 1097
4461 7147
3618 3063
392 7148
3572 651
357 6730
8635 4005
96 9397
1469 2802
1538 2431
1113 1591
1217 338
9750 3424
9405 7653
5211 1668
5010 9872
933 4739
9063 2267
1369 7292
2448 7667
8164 1100
7887 3670
9733 1987
7156 5739
5320 243
1191 1998
1007 7884
5035 8797
6617 8932
4235 7779
6804 5564
6775 4086
9612 459
7929 4718
6483 8358
8754 9876
57 6322
5135 4842
1203 8392
2369 1573
8610 1856
6975 6274
3974 5908
8254 4273
6629 2273
3386 7159
7609 9772
5771 4502
9818 2514
9002 1322
1804 9120
8987 5951
9646 4319
4685 5180
4099 7456
1773 6405
1950 5299
1818 1686
6392 3614
2593 1895
1887 701
7005 6549
4672 9720
7629 3907
2393 2564
732 1315
868 2142
3238 815
1757 5663
1152 8576
6253 1801
8679 3425
5319 8913
4977 3031
3122 74
1403 6140
4209 6987
3211 2299
6554 3651
5077 6326
6577 4955
1581 4260
5669 251
8005 4970
6228 9827
7441 7816
4241 459
4421 6262
5490 9779
2185 4809
6822 5470
3705 6330
7249 1223
2448 3507
6393 5994
1829 7597
5108 9102
7913 9924
0 6957
7856 8855
6929 6617
9799 846
7653 7408
5716 1952
7579 2174
6377 2305
4554 5482
1010 2938
2509 4139
6315 9704
7252 4307
5246 2289
2327 1612
577 4719
6829 726
163 5407
4059 5377
3504 4110
595 2576
1805 8100
378 9680
4242 7365
4622 1024
465 2488
2263 462
551 9080
1544 8165
6612 6282
4782 6805
9493 3401
9157 8984
153 3511
7408 1935
227 4851
8821 3163
6437 6896
8167 4580
4193 9665
7898 1235
277 3996
4430 2126
9166 8246
7180 6688
4763 5593
2385 3255
9284 6289
1691 5538
2059 2909
3702 880
2586 5975
7170 4244
6 2428
6119 968
6376 2036
7424 836
2683 4192
9222 5821
9029 6497
2464 2834
9768 3120
6507 4302
9216 8252
79 3490
5369 7527
4662 8966
5534 7875
8266 4855
2567 4291
4916 577
7007 1282
8187 2787
2069 3215
1743 3618
7575 2361
267 1047
911 4194
3418 4332
8141 7850
4814 3117
9238 2551
9524 9525
9569 1271
2817 8977
6587 3868
7919 2714
5559 4379
3906 8195
4401 8098
3163 8046
4983 7511
7235 2511
4105 61
1500 7095
2943 5628
3610 9143
3815 3610
7041 6323
331 2018
4210 9317
1870 8706
1698 8068
5588 9677
347 2764
1794 3602
5784 810
3733 1445
3611 1004
7747 7967
9018 6544
2230 7124
4595 5817
4479 3356
6070 4194
8338 8819
6692 9051
1641 3314
4005 293
7311 1150
352 8387
526 8180
9493 5025
1651 1549
3860 8986
7212 5100
952 3751
2271 4797
6519 5987
7048 9141
4982 3087
7442 4761
4449 5504
7917 9368
6036 3378
9416 4009
547 8912
3842 7436
8244 1691
8123 177
6866 7013
6215 2936
3286 6514
3704 6987
6169 1601
7200 6443
7506 3417
409 7705
4808 8368
6755 1963
7176 2473
2919 6728
4198 5279
4783 25
5255 8198
2181 7568
5287 321
4334 6961
5581 3554
5721 1512
9177 1731
7546 9939
6694 6432
5564 9360
4823 2419
4399 4477
6922 6486
2779 5646
8785 3838
8013 6101
954 4807
5466 7218
6396 1148
493 5403
5734 5307
1472 1968
5595 3081
1887 1707
5856 8190
2066 2050
5395 6689
5247 6053
5485 4409
9892 7839
6108 521
91 6367
807 2954
5629 7951
9632 9518
1282 9365
117 8879
8146 5791
4619 4639
7759 2
7942 5735
7332 8621
6094 7961
4262 8866
9849 7452
8675 2684
8614 3624
2893 1459
1195 5196
8886 6328
1664 4573
267 1558
240 90
4544 5605
9232 5471
2626 8447
6256 8750
7682 914
7128 4337
3975 3892
5143 6649
465 6028
640 3917
100 9647
3517 5943
5486 2540
1516 1746
9095 9683
8002 707
2866 4863
7618 6263
3308 1394
4194 2407
9724 5514
4705 5943
5497 1517
2468 6766
7709 6289
7278 1375
3121 4556
7184 435
1562 3756
1793 7665
5441 5337
6139 567
7735 9788
2694 3669
9830 3025
8380 7015
8569 5676
6023 8887
4509 1542
4262 4430
3417 8572
9578 7044
4713 456
2616 3938
7214 2749
9349 5803
9051 6987
7711 7661
9073 9404
1222 156
4240 7041
4689 9841
2812 7516
4450 6983
4551 1994
7189 6482
271 527
9025 7255
9037 3237
5142 1355
7342 4449
5502 2526
2337 8810
7166 8565
5981 3847
8853 7714
4620 3671
8981 2229
2344 1368
4744 937
7456 7548
3202 8705
4682 5861
4922 9978
4064 5119
1630 287
1016 2540
7765 5727
5146 6309
7677 6332
6586 773
1597 1435
2052 6516
3920 6787
3148 4182
4767 2915
9261 1052
9837 5640
8927 6374
1325 939
5847 4950
8072 124
141 1754
129 7962
3573 7753
7125 5779
1776 3087
7259 438
4106 5085
15 5454
2471 5881
278 1785
624 6907
3449 8734
9598 5719
5343 3648
1204 9916
2067 3439
9072 9906
678 5354
8640 5035
2980 2180
9941 9244
2972 599
5112 4472
7619 1280
4157 1308
6280 2542
8994 1697
5951 5401
6444 7692
7926 8332
4772 2461
35 9613
2309 5503
6973 7716
1178 9548
8398 4851
9999 9979
9966 3965
998 5155
1250 778
7702 4094
121 7062
7000 3734
8053 2022
7517 144
5291 3286
4292 5607
3666 7512
324 6290
3355 6995
6031 8774
7036 2127
8616 636
7074 7411
7579 4875
2490 3540
8982 187
7146 3115
7816 4025
8968 4808
1270 6802
1935 5805
2524 9854
5412 7314
1249 8508
5346 1273
8809 2307
3848 7926
8747 9020
5518 8592
2578 8735
7421 6990
2622 7186
6799 4653
2453 6838
21 3958
7725 1640
1000 3814
3327 2309
675 800
9265 9576
8816 4108
5395 8115
255 1082
4301 8709
1144 8518
6890 9484
7194 2256
7668 5287
3739 233
2321 9138
5141 5219
7210 8176
8369 6083
7113 3969
2109 9181
4537 7607
5843 3372
9582 3023
5866 6801
4605 7569
129 5642
9800 2261
3470 8770
639 9493
8331 997
2579 1347
2203 6887
5632 8142
1245 536
2044 9772
756 3188
8497 9414
3242 98
6700 9226
5290 1847
4946 6412
4339 2807
9605 4599
8671 3242
7436 8836
5318 1294
8791 8126
2093 3882
7297 2069
8802 679
1412 4364
7059 6752
4113 4528
2888 5348
2365 3568
4440 6275
9268 5149
2838 6823
9270 8245
3007 1607
9347 1101
4694 3662
2695 8067
3654 6798
1037 2155
7325 9042
2957 7366
6387 1762
5961 1470
9234 7870
6801 2137
8628 2063
2014 6946
2014 6271
9102 9523
3883 6036
8225 5633
1897 3106
232 3470
7857 5259
4355 2048
9115 6102
1629 2248
9682 3280
9306 2699
2842 8853
453 3840
994 7593
1791 9494
8169 5280
639 9859
7891 8740
5626 836
2588 9673
8448 9206
3822 2013
7543 732
8779 9833
6645 6445
1469 2137
3855 335
4094 3614
4202 7031
3991 5078
423 8645
6653 7482
9801 1743
803 7595
28 9989
9294 6256
4302 2022
5871 6049
822 5892
1589 2591
5596 1804
7267 3454
8942 8569
432 1522
3630 7175
7407 5093
680 344
4301 8493
8443 9217
2314 4479
1268 6051
3601 6681
756 5297
9974 8445
2358 1115
2468 7224
6478 7307
6754 638
6406 8219
8515 5425
9141 9220
7343 9766
1626 8919
2921 5478
7359 1038
5000 9793
2683 4629
7743 4442
4277 9123
9458 1048
1242 2538
8093 5557
52 7918
7305 808
7966 1453
5398 669
9267 9672
6454 8744
2786 5306
8473 6769
6654 6798
8492 3781
9228 9705
6063 8281
6874 9595
2731 1326
8868 6567
3826 2545
7072 3837
4335 9114
3651 6512
7577 7670
2952 5861
5190 5880
7702 7505
6596 7374
8673 6455
5354 1879
8654 9023
3951 4630
6657 120
1816 2746
8293 4893
8574 5401
3124 4188
9467 7124
3818 6324
4589 6336
938 7143
8038 2285
1060 2779
3863 2051
5771 7530
1071 9997
9905 5044
6239 2389
2766 1595
4612 178
1651 8303
4498 4235
3259 2759
7633 3018
3071 5402
3923 5305
4960 4824
5683 3158
8554 9431
4479 5442
5094 4385
6866 3343
6747 1323
4325 2488
6626 3699
6400 9606
6579 833
4744 7939
2605 5251
4000 266
9396 6494
5512 6450
8257 8060
6868 1289
7529 8084
8585 2059
9674 4563
2528 9864
5973 3504
2286 369
3290 528
1525 193
8447 9250
7729 6768
3976 680
7858 8516
375 9467
95 8916
2585 3345
8493 2116
3942 3910
4898 3154
6505 5881
4993 3244
3586 3921
8985 7267
3607 7559
6486 872
182 2404
3009 5326
7469 8987
5032 4943
4080 3338
1183 9741
4077 7702
221 378
9571 1423
7057 8156
516 8304
8148 4954
2590 2648
4960 4055
8814 7701
9027 7485
871 7253
9651 6657
2343 2931
3267 5052
2960 7147
8595 5
5355 1768
744 5897
6542 7335
177 1532
8180 7786
8537 5313
4870 9804
1461 1747
1253 2448
5397 5594
9211 1349
770 2687
6305 3938
3071 7207
1067 411
4925 771
981 2289
989 2560
8109 468
7688 6110
9168 7996
4544 2843
3034 8010
4197 6115
8507 241
639 502
1796 7377
8437 363
7544 7542
4576 6046
9041 9587
8974 9109
4827 2891
7591 4009
8944 4891
6135 5914
3256 1272
1441 8709
885 268
5772 4618
7104 8619
6057 1336
2481 1254
5565 3705
4683 5488
7700 9019
1542 2305
4854 3359
9050 1758
2853 4809
2066 7900
9733 4246
8955 7961
9416 2020
9161 2995
4145 8013
8299 6626
7657 8200
5208 5358
4736 6922
3870 5408
7265 7914
6399 1001
5133 310
8506 5573
7593 8936
2592 9841
527 5388
4555 2918
4502 9434
8782 4867
5931 4833
9293 2897
1354 2495
4765 342
8197 1595
4079 716
9230 6985
8581 8764
6429 8082
3019 8952
1085 3060
647 4712
5745 6016
6278 4381
3820 6286
6144 3967
7990 1165
9299 1036
7534 9070
1990 893
7176 5286
4705 635
9483 2236
7182 1968
4428 1379
4432 8802
2895 4347
5865 8514
3484 1215
7609 9921
6392 5169
2325 8991
5372 4143
3545 7866
7526 4561
6034 5134
3144 1483
7687 6383
3129 3615
3073 8736
6837 8993
1744 2348
4503 9548
677 294
5760 4988
5472 7003
1232 6543
3674 8695
6639 2724
5628 4085
460 5317
403 7037
1726 7893
7341 933
7917 8732
493 5946
3063 3347
645 967
4421 6142
7375 1212
7695 6901
699 4110
5607 7848
7108 6312
4550 346
9457 9062
4832 3567
8950 928
2515 3567
3821 5984
2863 6836
5957 353
3031 9990
4397 5565
4177 1386
4957 6029
2329 3017
5641 4087
5667 4607
6310 381
5417 2213
2015 9941
975 918
5541 9483
557 5386
2831 9220
6667 7849
1467 2949
7545 1644
6596 5645
1904 4100
7972 6863
5810 6794
6259 3770
6563 4199
2334 6153
8722 7595
6168 1699
8305 1274
2253 2203
7514 8814
9211 4652
9968 7706
9401 9058
2291 3019
8053 2482
1495 2361
1780 1231
1198 1134
4838 7138
5531 2338
3 1473
6100 9126
8191 3518
6678 3277
4118 2110
6786 6489
7930 6747
6737 3706
2473 2062
2361 5396
1248 4027
4856 67
176 9800
15 4516
8570 4229
6191 8457
9138 60
5958 9461
2557 2092
8317 9700
7965 3822
149 6382
4368 5676
4859 2677
385 6330
7911 3048
3777 5482
153 4708
5182 5605
462 8308
3644 3194
503 2428
4196 8976
9342 308
3426 9627
8386 755
6891 7124
791 8176
1809 9259
6440 4870
2183 3446
1765 2904
915 8274
4733 1360
1463 4612
8065 7617
4965 5240
997 8883
6092 2445
8434 9719
9820 3407
7653 8995
1688 8817
8685 2047
826 5909
5551 5506
6535 24
1930 4975
3359 3
7159 718
709 8662
1956 2269
6526 1609
5137 8837
7904 5512
1314 8579
2380 8300
4554 7633
5532 9867
8028 1021
6204 303
2592 1275
6420 6717
1801 5309
7256 9285
7168 3798
3529 4551
9101 4542
4746 1679
9200 7995
6523 2034
166 1895
8651 3253
1649 4798
7881 1887
1482 9055
8040 1834
7073 3288
9229 9280
967 8548
449 4227
8969 6703
5718 2953
4605 1095
538 4306
794 7567
4609 8266
1732 2435
5985 4428
2793 8325
43 155
5714 6408
3211 5171
5638 1380
9796 1056
8159 4081
6153 5326
8459 1494
7624 7635
2470 784
5217 9379
9900 8681
1073 5225
4482 5221
902 6564
5042 1354
8471 457
7608 8337
3490 6449
467 2495
1240 5257
251 8003
3095 5109
1485 5078
2916 7683
2004 9496
8966 921
4702 239
1709 6204
6448 5134
2551 3613
2464 8466
3907 5710
6015 5156
2621 5174
555 114
5824 7854
2756 6702
7590 5611
4341 6217
8022 3480
3190 4172
3548 6490
2982 2774
2743 1867
819 7967
8432 3207
6027 8158
6708 9383
7534 5977
1977 6225
8365 4113
2781 5228
5518 5288
6169 9020
996 2490
1343 9129
2866 4297
7011 9248
3046 845
6624 2690
6420 4575
6907 1800
6892 3671
7723 3524
7130 8915
2403 879
1596 3682
7293 6778
3408 2523
8312 5242
219 7171
4196 4056
294 7406
16 9115
1985 3979
1327 196
1037 2115
3204 1376
265 8964
8469 5537
1408 241
9700 2155
1665 5117
7064 4584
4928 1574
2450 9821
2205 1602
1753 8470
9495 8598
2852 2803
7946 438
3598 9767
8655 3222
1686 8766
2150 7268
3079 7539
267 268
5166 4085
5691 523
9537 8918
2449 7561
9326 7864
2227 9229
6264 848
3323 6481
7091 4454
2212 3493
1480 5192
3660 9328
6904 2030
989 2720
345 3054
8517 8773
3209 5581
7195 2554
2709 8636
878 6296
654 4652
4722 9904
1165 5648
732 4641
5853 6081
8299 8747
9058 6154
8028 2997
2342 226
4830 3401
5348 8372
3309 3829
8772 8408
2176 3118
4760 5147
1432 9073
3798 1660
9670 4640
1757 799
7644 3668
308 4886
7146 932
3278 6305
7049 5185
5391 9157
6637 3860
6347 2167
3821 8542
2089 651
2303 1871
9975 5337
9334 3975
4957 5887
5509 9204
7383 2790
8147 9701
3454 1687
3099 5420
1494 4053
9072 5417
6087 2502
5329 13
8226 5555
4288 2322
5887 2097
1234 2185
4869 8634
6804 8010
4576 6013
5040 6082
3535 8320
3115 2325
8397 9540
8176 8571
6750 9377
264 9379
9284 7662
1544 4998
3667 3947
1947 3336
9186 9459
9250 1698
2654 4502
7899 9197
6574 9854
1277 7434
8496 964
8093 5343
8033 5452
882 5661
5748 7359
3229 9909
6885 5170
1126 1051
7605 2894
4752 2094
7584 8414
7989 5087
9383 2205
1638 3683
5618 9396
2386 5296
105 5804
2108 8226
2002 5702
8393 8676
8080 3556
3339 2031
3274 5000
4961 9244
1675 6926
1488 4236
5081 8772
6340 8934
9136 2507
6890 4679
5579 8214
6715 1044
237 9188
9733 6848
6983 1435
389 516
6917 5070
7239 4849
7564 5668
4196 5467
6406 4496
3325 3799
6382 9495
7683 6843
8346 5885
9918 1621
2990 1846
7447 9350
7034 6613
102 1904
6825 5691
8900 5735
9844 870
3941 6419
365 1953
3315 7174
6657 4653
5190 3140
852 6887
4929 5958
8122 9905
9169 7757
3771 6325
8202 5972
3865 2222
9725 8116
1586 1175
3656 8177
4562 7809
257 1040
6432 5105
3839 2749
9117 9559
9030 9492
3862 7793
9329 6763
5099 3827
2040 201
1924 9688
9338 8701
1091 8775
7731 4606
1310 4333
7401 4369
2572 2450
8931 5083
4742 4847
4297 2014
8696 884
2308 6937
5020 6901
1952 6362
3428 2828
7808 8860
2947 9486
743 5037
8708 8389
6849 9573
8392 3051
4971 602
1679 9329
1272 9782
4900 8047
1342 830
4406 5177
8067 6904
4304 8883
8199 1812
5704 4258
9724 8837
1524 9825
230 7859
4925 5534
6784 6444
4399 9762
1050 8665
4067 6388
4987 1728
1684 1595
2999 361
1201 1991
5210 2892
775 1393
8264 6231
2188 9520
3908 2051
8295 9007
8728 437
3883 2313
8840 739
7927 950
7502 990
413 2649
9861 4436
911 3480
5938 2950
5839 3928
2484 2759
1586 1646
3844 9357
1284 6839
3682 5596
6215 4482
9413 8513
4016 1668
7743 8874
3627 1457
2831 8190
5296 4702
3661 8589
8747 3212
7724 3088
4762 23
3025 4425
4172 4113
730 7553
1940 8975
2326 5664
2448 3159
8420 1192
199 5591
7661 2831
8033 807
9927 3434
1395 8208
6199 6878
5155 4094
6727 4178
2545 6719
6060 4771
4680 8989
7080 1659
7024 8062
4632 4830
327 3769
3324 5171
4459 4679
2139 8023
7321 1770
8983 3558
8590 3933
6202 5099
3154 2395
6445 2138
6058 245
845 5506
1881 4787
6669 1106
6706 9562
3062 3876
4083 1809
7474 416
5488 6991
2405 8765
5527 3589
157 4256
9674 9934
5812 1117
9908 8297
6854 7048
337 5970
9361 6855
5074 4466
9512 811
8906 9519
6088 3966
8123 3862
8564 6645
5707 6544
3234 3918
9285 7362
3269 8992
9777 8087
7832 7776
279 9523
5059 7427
4736 8480
7302 186
7005 8004
7957 888
6255 6778
8178 185
1114 4968
3776 5553
4638 2928
5268 6892
3033 489
224 2279
9614 3505
6311 6872
5252 913
8315 8435
65 5869
1156 180
4211 3387
9442 4185
1084 6112
4120 9488
1718 8696
5213 2226
9597 4380
5577 7100
8874 8212
1677 1790
8928 7410
3544 8252
6201 8375
9151 2576
2704 7913
1631 7550
3491 9961
2912 7950
1646 8448
1563 1534
6467 2503
3185 4735
9970 3690
5694 3380
7158 6939
5651 5876
128 3413
2546 1417
6883 7992
6928 1843
8914 4794
7798 7304
2707 2962
676 4599
4434 9053
5072 5442
6385 9196
1154 7649
9873 1815
7083 9987
4505 7933
5407 8466
5474 805
1330 136
2647 995
5169 1271
410 8052
4937 807
104 323
3681 9121
3238 1759
5677 5176
5672 2766
9629 2127
7783 678
469 2997
3752 9586
3570 9237
4455 607
1411 8892
9070 626
9388 2996
2920 7290
7143 5597
3097 9030
5950 7291
5912 1140
5047 870
8100 943
8663 5349
2600 8422
1270 3483
1650 5201
8657 3226
6085 7287
6366 3266
2020 9931
2516 9366
4644 2134
4763 9853
6355 3505
262 6576
5793 7510
919 1060
2411 7042
1409 1672
6936 198
1361 1500
1119 7818
6453 3707
6038 7373
2565 3105
7628 4661
343 2736
4112 3199
109 6408
2677 8828
3845 1104
8345 1695
2803 6296
9043 992
6162 2516
5458 6774
4377 4464
9906 6153
5700 9215
6038 1740
9055 9668
18 7017
9275 9355
7266 2794
5341 9483
5185 626
5162 769
5088 543
5644 5093
3527 1603
8276 7130
474 3446
4129 9012
9267 3041
7265 5014
133 949
9799 1333
8562 3090
2211 4883
7977 1199
4046 7994
246 5828
7396 5949
1383 2947
2619 6671
6086 7633
473 6455
6614 2675
3512 674
1046 9462
7495 9179
1365 7924
7849 546
8260 3231
3866 1488
5235 6232
5628 9296
3579 3213
6574 7949
4684 7416
2650 8167
6515 1053
9166 5932
606 5905
4379 697
4843 1488
4868 1401
1977 7575
7341 9151
736 7344
5619 5236
3352 4715
3452 2839
2286 9296
1350 1220
8070 6907
9484 8572
2791 482
2575 6416
1702 4053
860 8822
5844 945
585 7028
6429 7381
7324 5168
9733 3806
7944 1346
7497 2710
8878 6036
2538 4959
8371 531
1317 3373
7012 3972
333 148
2001 2525
7943 9282
9480 5113
1804 5640
7095 1914
495 4591
3654 7462
6548 8722
8106 1486
9578 8064
7487 2531
7496 5255
2357 2876
34 1176
2076 1999
9057 1199
3650 2929
732 2041
6201 3218
3473 8930
7141 4545
4016 511
7771 5563
3080 322
8570 6640
5662 3691
4621 5036
6144 386
1744 3744
6591 2610
6033 2887
1170 979
3898 9339
3259 3104
1358 6870
3588 1976
3282 3449
6055 6385
2998 5894
1116 5888
2842 5682
9694 87
439 3118
2663 8703
2590 728
8225 7004
4897 1563
1194 8533
5977 5415
2269 6756
9094 1707
733 4361
3164 1821
9608 2735
714 5501
3763 712
9005 5948
3429 1764
9022 6461
5220 1872
1446 3542
7148 8846
3659 6369
5826 755
7398 4080
3984 2651
4585 3999
8974 2775
5237 7058
5899 5851
122 5602
8571 2066
8582 2069
6042 9705
6667 7271
8264 9704
575 5687
9832 9231
2354 6626
1354 1616
6125 5976
7475 4825
1989 2879
2457 92
9097 7636
6450 2266
8215 4552
1711 3586
4999 1844
9049 1314
1075 79
5813 5732
5952 8063
6347 3946
3621 9555
3712 7146
7999 6030
2668 4899
5453 5014
802 4322
2921 6985
1190 8287
533 357
2810 1336
9430 4929
4039 4291
6902 9839
6013 5306
2180 8930
8135 4500
590 6278
5913 2343
7864 1974
2094 9543
2484 1663
4521 7132
6797 792
5605 2691
6472 6316
6729 8173
7689 1538
9802 4212
6445 8658
4384 7799
2181 716
9398 9260
9443 9806
2279 6356
2279 7496
913 11
7374 6730
305 7853
7729 6063
8673 6763
8658 2100
2734 3843
3116 8766
7820 5726
864 6799
8489 1443
9602 8806
8841 585
8001 2855
6288 9861
7927 3356
9240 691
8863 1045
6846 9790
245 4509
3493 1661
9895 7364
4314 4949
5732 2007
3121 203
204 9447
4960 3018
2267 7584
5629 7910
4801 295
2125 1546
7432 1611
7273 9349
3611 28
6159 1053
6806 4668
7962 5201
5241 4309
44 3155
3417 5621
3381 7786
7154 4460
366 8203
8558 573
2573 5675
9659 9777
12 6129
6192 5089
7065 3323
5408 6342
3658 6609
6518 1388
5190 1692
5049 8913
7548 9481
3831 8808
257 154
4539 9859
79 9583
1247 9717
1183 2123
3295 8603
965 6744
5524 1127
373 3764
9329 9679
6281 1649
5652 1863
1911 8903
9476 1348
962 9401
6828 6332
271 3351
9240 2493
8131 24
1077 6664
6666 1956
2308 3218
6635 7660
2921 8862
948 2242
7736 3802
6302 9219
5980 8690
9613 5761
9151 2138
3532 6658
8721 6842
6790 3533
6294 8751
4627 7441
9480 4484
5867 5441
6486 4001
20 8651
5307 291
409 2658
6063 2413
8182 3461
9172 4406
1912 5841
5917 2232
7205 4894
4815 4272
2143 2144
4199 187
6164 647
3500 1546
3765 4301
8911 3057
6229 5749
4126 344
1233 500
797 1346
6271 2978
9082 2642
9296 6606
9142 6986
1450 437
6319 7815
9113 4882
3093 6019
1270 804
6495 7920
4922 4575
3713 896
3589 7812
481 5226
9676 1235
6486 8470
4682 6997
1697 365
1736 4558
5930 9977
9171 8405
2986 9342
7286 2097
1676 6133
2799 5262
8478 336
363 4524
1585 8833
9287 938
5951 5560
189 7442
2219 6676
4710 9693
7906 5039
8345 9681
1982 3161
5686 6438
5004 1019
9634 9941
3548 2740
8458 3711
9264 4687
8393 3627
3963 5393
2919 7323
3630 1701
6066 7929
6781 7120
5602 9126
381 5741
7666 8017
7512 4598
3686 6162
6992 4253
6717 5371
9758 6926
9811 1878
398 8784
3955 8980
8184 2798
6651 679
6775 9071
7655 3894
1835 1431
5811 8488
6407 101
4034 2889
3709 2352
5343 4905
1818 6070
2331 3929
7158 7415
9654 9835
4668 159
2416 1595
1150 4929
7011 5261
3502 855
4923 1439
2993 8152
7601 4658
724 7406
5210 7763
9660 3926
5393 5897
3787 9499
3921 9561
4713 8738
9952 4977
7298 8822
1596 3565
9178 8377
6445 6396
5352 1047
1698 1040
8352 1345
5138 4183
7691 6177
771 8913
9047 7007
307 9852
68 4194
6879 4223
3017 6494
274 1968
7214 1159
7242 4010
7258 6624
2294 2730
5177 816
640 2583
6372 7122
4195 199
5918 6814
162 1859
7431 4066
6272 7172
7178 8797
2803 8463
5113 9271
7939 8197
4025 6543
6855 4317
1255 481
4359 2369
2248 4160
9571 1849
7333 4344
5446 4824
7510 3384
8006 8235
6482 5143
9845 2601
8853 5494
5995 7497
8893 846
707 6919
7996 9759
7144 8768
6627 7295
9259 6088
6134 8142
9096 47
6613 1384
3806 5129
8546 2012
5270 8376
3086 994
6462 130
2143 3254
8502 4039
342 8159
9713 9196
1380 1898
1133 1242
6384 8265
9197 2690
2196 3030
9557 3206
5251 6875
264 7995
949 9355
7399 6557
3678 9426
6505 6250
1934 5009
9884 7625
3385 7232
4570 3542
1432 8156
2214 8568
3245 4184
6672 6059
3689 45
59 1047
6504 4645
9385 8323
7384 4496
1534 212
4274 9665
9469 9435
6814 329
5461 9625
4712 3920
4113 9921
5702 9276
6922 3160
9789 1077
385 9598
9623 9979
5514 5018
2548 5216
5553 7434
8303 3813
7651 513
896 3495
722 2347
2427 8787
7358 2354
9993 9412
1822 5901
2979 2662
6849 1086
6175 8785
4475 5747
7532 6218
1008 1326
6921 2935
6003 8324
3515 1509
4141 1249
5395 9747
8506 1152
1286 6153
3965 3787
4421 3651
5651 6276
5461 61
217 4760
3596 1951
3707 1155
9260 3869
3994 6440
8880 4876
7742 9423
5748 7711
241 7334
3789 5707
5262 7103
9653 4576
4252 4373
5941 7165
5460 5196
5481 8844
1710 1256
5974 8001
201 5643
1077 629
4738 1064
9101 3551
2225 290
5412 5288
5613 6775
1705 2566
5087 3423
238 7277
7616 97
8198 5985
170 2437
7327 6470
4620 5747
286 9940
9881 9126
6030 4533
6309 1256
5448 8843
7192 1422
6497 7268
3502 5839
9036 6389
2572 584
5383 6444
1419 2487
7324 6807
4404 6874
3454 5183
8316 8586
6724 7687
9144 7189
8240 4966
3102 6836
796 360
8475 9843
60 4543
9087 9367
6574 3884
3751 6744
6211 6087
3730 8127
5793 7814
7471 3706
5138 4504
8896 4876
3582 7104
7374 3148
5384 5992
8641 5947
7165 292
8965 3759
7679 2157
5819 88
2526 3404
202 6521
2108 5980
7061 2938
9334 6628
1340 1443
8125 3501
3523 2193
5428 6163
8964 8500
3982 7454
342 6912
6323 3417
5977 3316
601 1551
2119 6244
5376 1911
5532 6608
8127 4119
218 7019
9046 9402
9417 6078
8237 830
9898 690
1623 3147
5010 7024
870 8008
8914 5883
5405 7724
874 1447
1514 650
3903 3635
7226 7146
2142 4210
1917 3593
798 9589
3020 9936
8068 5272
400 6802
8197 6261
5193 4771
6103 7792
5082 9812
5859 737
5701 9368
6364 326
6823 9002
2743 3145
7215 496
6145 9039
6931 1610
9655 4091
1854 2304
675 6615
9616 5906
4301 469
7915 2867
5929 2924
6211 3012
6495 1265
6251 435
1003 8196
726 4216
3797 3311
3836 1396
3203 1876
8394 6311
5738 6305
7869 8285
2538 8534
4382 1566
6383 2193
396 4609
2802 3367
1215 7008
6755 3076
3108 1131
287 8459
9351 1070
6106 4099
4660 3483
26 5893
327 385
4260 8912
952 6947
6112 9415
3440 5593
7389 2717
9566 2495
2674 1332
7412 2756
3016 5093
7500 6676
4564 134
307 2779
7297 9970
2243 9446
1504 1370
976 8574
8467 1679
7380 5765
840 8690
2127 4114
4078 792
5643 359
6911 9062
5271 5391
9969 4589
8759 2091
609 1667
2631 7883
8392 1474
3803 4736
6266 8730
8213 699
8697 7207
5821 7352
3225 3430
637 3698
6962 7193
418 9836
6123 2350
6505 6135
9758 3260
5005 3788
4346 6975
6913 3399
3207 8369
9113 1485
8599 1581
9150 4598
9515 6091
5224 5871
771 8938
8266 9347
9464 6239
5054 8559
9146 3070
9880 9203
9358 3619
593 4655
4471 3287
9835 6494
8247 5385
7510 8834
527 5056
5050 1204
9367 1370
5941 6472
8871 4161
401 9086
1472 1113
6985 2393
2433 2064
1025 7129
8049 6587
608 3904
8429 5402
6737 2910
1690 9994
1820 5951
3106 3263
1590 5140
1551 1075
6425 3203
3743 5908
9194 6368
6707 1353
1510 901
8758 9486
324 1384
5592 854
452 9677
6947 7208
6994 4882
4149 3524
8822 7368
343 8238
4854 5054
4552 2624
9461 2242
610 8495
2653 8004
5507 9671
2605 7358
4063 296
5657 5145
8598 139
6584 1956
1152 4741
4563 7008
8578 6550
1338 8582
4932 6482
6817 4769
9393 3215
8797 3726
2571 5411
3243 5368
8731 3284
6440 6110
1954 909
426 189
2533 9861
619 6046
3916 9453
2337 9445
9143 5529
3021 8935
4375 3290
7154 1608
7693 6002
9539 748
2499 2386
9041 1510
4848 9491
6437 5639
4238 3169
7931 9215
6655 7569
5080 9435
3938 3397
6327 7484
4115 7226
2235 6151
431 469
3058 2646
4594 9719
6906 9903
8263 177
7411 8339
6347 9907
2103 2205
1386 6947
3600 4858
9950 1851
3913 9440
7037 9076
6124 171
6781 306
167 5316
8402 1016
7233 6142
4343 9674
2142 4513
4721 6292
3058 300
2544 4607
4615 9751
5756 6806
2107 6559
3312 847
9788 7443
3757 608
7511 280
8783 5077
2046 7205
8210 5248
1496 5347
3307 1302
6957 4803
2963 6280
4145 3381
6840 4824
7996 9997
473 6699
7525 8155
4427 2360
2539 2685
7295 3340
598 3866
4496 7587
6712 1687
9563 9086
5418 3137
3156 7979
9677 3343
5558 787
3308 4330
3966 6731
5541 3144
1015 5299
4177 5737
1274 1358
6157 3903
670 8500
8746 3819
6562 6276
273 186
4956 9035
6667 1446
8584 3783
3815 128
4683 3976
3883 1176
5698 1555
9159 841
9738 6428
7082 6925
2055 1843
5854 5082
5472 5204
1103 895
783 4784
9032 1838
7259 5014
6858 3128
6724 3710
120 1655
2019 9224
1175 7945
3610 5186
9463 5471
3810 6744
7971 9672
3844 2653
5583 9049
476 4480
8124 435
2893 7249
4451 6872
7007 6304
7131 441
3278 1685
2694 9154
5919 8827
5445 2502
8160 6153
4357 691
9904 1393
4592 6263
9572 6266
7554 1201
9060 552
7957 7715
6424 6007
7048 4637
8491 3893
1618 7650
8641 8482
291 2561
1076 8784
8910 1778
2252 5859
4119 732
7776 2740
8126 1020
3315 8686
326 3004
4170 3927
5608 5497
3614 1863
6495 4332
3115 7925
6330 2348
9765 4208
4890 6268
8829 4112
3721 4552
4731 7967
3618 1668
5934 7381
4918 3559
8348 488
9505 6089
6902 5191
7643 6364
1227 4350
4446 4740
7187 4285
1690 888
8861 9798
6852 2085
9320 4576
3630 3631
7535 7527
62 7557
863 7963
371 2401
9563 3270
771 3592
5993 2436
2477 4148
5621 4236
2897 7334
4425 2678
3973 3527
1570 1108
7860 9548
2660 199
9844 4479
5211 9431
8546 7057
2601 8977
5157 3483
1784 241
6642 6224
9259 6312
2887 3155
1236 3140
8965 1716
1071 7064
5443 8219
608 192
8040 6283
9519 9374
1130 3233
3856 6874
4173 4921
176 7150
3503 4457
8349 9050
7839 5107
6913 6155
6862 3801
4616 6838
8041 9128
7792 9747
1591 4826
8841 7126
3171 6980
6852 6767
1758 3336
3493 4537
1902 4130
2879 6801
9056 5901
5351 899
1176 7216
682 1020
4398 1349
517 809
3048 3152
3843 5460
2935 8073
8000 9901
4682 2252
6785 3685
8021 2445
1918 4830
8231 7426
7135 3646
5637 7986
5899 5045
5538 161
2607 2013
8427 9872
4314 2375
7524 8176
2418 7173
8228 6217
2918 9879
2623 4744
2073 6484
2996 7799
4456 4996
8497 849
6416 4575
7251 5972
7712 8579
9977 7990
2651 6781
7466 9028
9149 7018
2951 9210
9986 5169
2082 3918
3891 8492
7398 2331
6061 8232
9081 2863
4835 6536
2557 1541
5197 7815
2165 1640
9309 6255
2195 1259
4205 6452
278 4143
5765 354
8578 5505
6161 2998
2366 4969
7580 9003
9269 7428
9260 4153
2889 8111
3343 61
7027 7291
6839 1816
4963 2704
2810 4545
8919 9317
2766 7309
6744 8827
3092 1028
8000 8331
5339 5987
692 8227
7759 3351
8329 9041
5275 8105
2778 6942
8558 9147
9304 8779
3553 4219
701 8389
8897 415
4863 7324
3383 3013
5311 4677
5205 6841
9162 4055
2565 3172
9708 9648
6059 4911
3668 230
6082 6268
7121 8801
9804 4629
6316 9496
310 1968
9578 6205
5398 6057
6142 6782
5047 4265
1051 9005
9149 9232
1523 1183
6292 4476
2832 2632
2794 2045
8499 1879
3477 2591
5664 1645
9637 9694
5475 5575
2095 8546
9129 8914
1488 5414
5178 1218
6058 511
224 9818
4345 1271
1800 2888
5774 517
5717 3930
2793 4344
4451 8650
1631 3385
1863 8930
4381 5295
9534 4511
6510 670
3021 3901
7083 3837
9176 7734
6120 7437
510 246
6962 8414
8222 831
1273 6581
8587 236
2933 2928
5731 174
9009 9136
4850 4692
2488 404
2934 1134
9935 3109
3412 10
5121 5399
2007 5651
7356 9315
8598 4700
8168 8529
50 3416
6485 4583
9309 7822
7290 221
9185 2831
6099 8757
6922 4940
8776 7686
266 5512
7078 4309
4131 7866
1195 9915
264 6277
9165 4758
2696 5101
5838 6941
8222 7136
1342 247
3889 8645
143 3194
5681 4402
1145 9850
1975 1167
62 6309
5648 9268
7055 3181
2560 7920
340 1222
1848 9194
8120 2559
3062 1476
8683 3629
2461 5315
4102 154
8452 2424
8626 6560
7734 2630
4363 5597
7242 7839
871 1763
9895 7568
7971 3338
1817 6508
7122 855
6089 8663
8695 1872
7497 238
6318 9820
9695 9883
6020 2393
6494 3626
7978 7939
4264 2193
3557 1330
6768 9927
138 6364
1126 4703
1839 4272
2296 8637
1724 8834
4822 8782
3853 9861
1715 5201
6129 1297
9690 3119
6516 2464
3435 8373
5732 6
5458 5363
3156 7049
3177 9000
2029 9427
7696 23
8479 6865
4333 3168
4146 971
243 9821
9012 4994
1665 4289
4141 1333
6194 9386
4032 6530
9377 7272
7071 9016
5033 6437
8019 5262
9291 7329
785 3999
2971 6173
9763 2910
8978 3146
3030 8414
1039 9369
6402 6866
196 4313
9455 6618
7612 1813
9001 2675
4546 1416
1559 6544
4073 8803
7068 2743
6538 2651
1135 3965
6708 4364
862 4726
6952 9501
5802 1484
598 8611
3089 607
129 5014
9866 2842
6237 114
2815 2450
8736 1898
5672 9797
9774 3405
5742 8417
9203 318
7600 1254
206 1223
945 4486
2159 7528
9798 2092
16 9187
4417 643
4705 164
9295 1056
460 2938
7356 3176
1002 9425
7321 8583
966 6405
4771 1833
4197 9904
6537 3742
2128 8116
7398 5755
3075 4342
9140 6527
2363 3886
7850 1664
4825 2956
9800 431
58 2211
9795 8412
4038 7683
380 370
2821 5587
6760 5447
6106 6744
3257 9471
5707 3315
1895 4706
3420 9477
4476 6176
213 8707
2515 2695
1053 1348
2161 7675
8795 7213
6056 8299
5218 5245
2439 1801
7322 1710
3623 5782
4035 1223
1176 6102
7869 2990
8072 4084
7827 6492
8617 9288
7817 2570
8454 4505
2692 4606
7244 4395
6965 7179
4956 7842
1998 5351
9702 1331
670 1029
5134 7144
889 5538
3774 2935
8824 3614
3513 3147
6755 651
2849 7954
9087 9473
36 2917
5684 9351
4657 8028
6621 6079
7671 2114
9384 5263
9278 6758
8104 4247
1413 5635
2207 8054
7138 4564
3841 4905
4572 5415
5751 6658
2659 2360
1533 5391
1602 7502
9480 4458
8489 5008
8442 6982
7774 5070
5686 726
5443 9896
1904 8326
8955 5020
5977 762
6037 1259
5976 6943
2115 4271
5387 5764
6783 9681
4252 1832
3291 2787
5399 520
7222 2955
9137 4158
793 6433
4685 3072
2723 8372
9477 2139
498 5834
4376 8653
1594 8326
881 712
7046 6039
6683 3839
2490 2295
9720 4235
657 6855
8198 7485
4577 8285
7329 1815
2550 2966
4111 5374
9766 2111
4917 5807
9260 434
2014 7395
1521 1305
774 5125
9858 9120
4273 9797
5285 9328
3465 2968
5398 9637
4629 6239
9568 4527
7423 4327
2505 8579
4438 7375
4080 759
1927 8767
343 4485
1887 1773
8749 7581
9524 1159
3192 3549
1649 6274
1048 4369
6985 7309
6982 8805
7 2948
5139 5377
3074 6352
4085 1222
4319 6760
2589 2371
7662 6464
8789 9458
9779 27
9524 4135
9704 1683
4434 6225
4424 2642
5295 190
7250 5505
6153 2316
6140 1762
6866 2616
6475 9082
3065 1311
4408 5608
6820 6884
4641 1998
8987 1239
7307 9865
9985 2601
1522 859
7920 4470
8349 8371
7993 1305
2834 4133
2296 6302
559 2894
8488 8502
2364 9180
3592 5740
7886 5560
6711 3960
5133 7021
4875 792
2910 6449
3606 1810
6570 9341
730 864
4824 2270
5635 324
2254 646
1299 7027
4045 3282
7444 6152
1579 6421
7902 5555
3993 2326
9225 821
7433 5655
2244 7271
8018 6188
4876 4065
9469 2538
499 7348
7269 8743
3274 3295
4725 9478
5703 5194
9163 3756
712 192
1626 5519
5937 3046
2215 4501
4731 9219
6499 2289
2812 7644
9803 1850
1118 4346
4814 7014
2326 8977
9661 3289
9882 5710
3713 5189
2438 6512
6127 8932
3082 3402
2543 5514
1548 8923
6927 8604
3256 2758
681 8095
6821 5448
5599 6058
1437 4533
7290 5083
1664 8291
1919 919
824 2019
4073 5220
6823 3811
48 8213
448 5743
7829 5099
9234 387
1674 7898
699 5924
9028 9005
3250 9806
8523 1265
8440 2373
4087 6272
3645 6484
8582 5145
2682 107
1307 2654
5039 3929
7589 5754
3052 6169
5261 7244
136 3409
3149 5774
7987 3491
6606 3202
9543 8639
496 645
5245 8055
3243 863
6516 6890
2514 8562
4836 134
6430 5954
6907 8669
7068 3349
8994 3801
1785 2951
6971 917
2135 6690
9479 8432
1076 8335
5356 6615
9880 4142
6013 9293
8191 2072
6998 853
2312 8000
5967 2912
328 2921
6909 6749
6937 8224
599 9014
9636 2338
6525 3248
8831 9755
788 1183
3509 6
1168 7610
3864 1352
6114 4897
5200 1275
8508 436
9910 5694
2892 2535
1297 5685
7408 4411
8111 4657
6593 7989
7483 3950
9047 3955
7744 6904
4690 2053
3141 8776
5002 7067
5844 7318
5238 9600
7687 7185
1327 5270
1388 9038
4801 4
6260 4190
7249 5055
952 1193
8101 3791
4865 9365
7523 6661
3340 471
9312 8108
9193 8758
2002 4800
1861 9821
5332 3978
1740 477
5819 4609
8066 2574
3854 4328
8267 4456
5659 7256
9066 9724
1442 5357
2903 3872
2999 2774
8864 8938
9702 6470
896 6496
2440 8091
3371 3871
6233 8893
6912 7928
5962 3787
7849 584
8748 6822
127 5132
7101 164
5780 8033
7754 2059
1885 3994
1751 2493
6123 3119
7021 1592
9285 1559
8613 5624
9789 4703
7789 7458
334 8287
478 473
6630 5275
195 2436
5350 1027
7073 122
6846 2657
4086 8180
323 1067
2049 5205
5942 3030
5495 8044
1490 9756
3614 5365
7022 5163
6058 2420
1149 5329
8729 8792
8892 4813
5594 5461
6825 8060
9208 2772
5159 8731
9091 9606
3656 4090
4046 3299
821 2941
7364 9004
7705 6348
3710 9681
144 7273
4186 8612
700 7869
1764 3631
4092 1713
3249 3121
4142 9470
490 3638
5077 8981
7323 39
9346 5982
8161 374
7063 2570
3441 9496
9106 941
5028 6579
1898 1807
4106 7995
5392 7153
2240 9118
656 2580
4831 781
2570 1421
7046 4646
6867 7180
6965 5095
9051 1151
2039 721
5273 4051
8102 8063
3836 5627
7906 1777
8243 5605
9230 3266
9830 8440
6400 9328
1052 8620
3708 1143
7364 9275
622 6572
8349 3961
1759 6010
5296 4261
2583 2014
7004 8365
2122 9852
9288 7834
3542 1814
1240 5854
2802 1572
2947 6554
8637 2639
100 9096
4774 3158
8404 319
7329 46
4298 3912
3692 6822
3716 2792
2914 781
1075 4895
6223 8541
8065 3390
2872 4456
3665 9383
3063 5558
5517 5258
825 2448
3107 7709
4683 5180
533 6626
6606 5094
9462 4450
1149 7437
1497 3396
4632 6573
5064 4562
2908 5448
8137 8837
7612 2199
6495 5554
1500 9455
2813 9686
1239 4593
6217 5002
3146 1994
5048 5484
6201 1141
6478 6712
4851 7564
1358 9065
2427 7719
7623 6008
4072 1410
1797 5371
9912 5794
6586 5633
4672 8781
3295 1212
7484 2445
4440 4798
2205 6875
3651 5502
7779 5186
9347 3742
9029 6256
9814 5740
7317 1767
2589 5305
5506 2153
242 9858
2981 7773
1058 507
597 521
7777 4718
8745 6146
5831 132
2202 6642
7322 7486
1896 2600
1581 8405
797 2479
5481 4092
12 495
30 1888
8704 3790
6164 8954
7747 5635
7722 3035
2307 6121
8573 7418
4178 1380
7309 8904
7597 362
2714 4817
5340 4748
6560 3565
753 1021
2208 6092
3662 3681
6407 4828
5417 4774
4427 4510
5714 7867
3430 3393
9477 2786
4489 5773
9917 9151
6949 6080
9265 2316
5632 4739
3713 8317
8162 9023
607 3186
8572 8794
2523 7345
2002 8585
4201 2296
4541 588
5513 3840
742 2101
2154 5183
3264 6208
175 5156
4103 9970
715 9981
7372 2546
5033 6568
9725 6648
3385 5109
7926 8049
8250 621
4696 7497
2565 5557
6212 6242
1918 396
4552 8257
9256 2999
7875 3711
8433 520
6242 786
8816 3086
382 3257
5666 2342
3445 9696
1933 6433
3216 2733
7468 9753
5030 8077
6604 5493
6548 4794
9245 2674
9638 9521
362 4084
5861 3146
3034 8481
7518 6720
7367 1701
3638 5051
4588 470
9975 1147
2371 7018
9488 8142
9817 5889
9200 6497
6593 2513
8828 2724
5368 8406
6702 6635
5995 2793
5679 317
4011 3842
3448 9181
5009 4162
5820 1190
2929 9912
5294 9054
3841 5728
4871 7105
4519 1088
797 7058
2847 521
5185 5437
5254 8241
2888 5644
6111 2302
2167 3021
6082 78
5181 3108
5034 3942
6014 1132
4480 1379
7927 1333
9957 5477
2749 7766
6287 4424
9859 6211
6659 4938
8964 1048
2870 2645
1421 451
8997 3749
2006 8828
9078 2744
9883 8143
9733 4747
2177 4260
3113 5153
370 7538
7032 3797
5245 2753
1329 9559
5712 2989
5898 7742
7019 1690
5861 2569
2517 4987
4648 7513
5070 1550
3032 7791
9453 9073
3091 8495
2070 4449
4232 1392
5208 1892
2092 9463
128 5880
2759 3880
1756 1583
1666 55
1018 4560
1014 9028
9600 7939
9692 3737
1601 3826
3122 2827
5972 5757
747 597
5694 4690
9794 5590
985 4492
5294 2799
3636 1308
8323 6531
7943 7797
6607 8171
6964 4777
732 5346
1338 2183
5006 9046
282 4295
1866 8570
1960 77
2287 5404
6458 5549
9730 319
3276 4146
6521 4597
703 1502
368 3883
9693 835
7788 9468
7403 3374
4227 9702
5655 1463
6283 370
1746 1171
5549 64
453 4309
5059 3223
2938 6157
1769 9610
6406 9106
7708 4995
7938 6747
445 2932
4930 8566
3717 1334
6394 219
6942 8519
8645 6916
1422 1945
5242 1897
5767 301
3655 7039
9096 1081
9479 2289
2681 8062
8809 9549
9693 1491
2598 1339
5951 5098
8897 4810
9597 6406
5461 9617
2454 6923
324 7989
8099 6911
3136 2115
1031 5234
2962 4379
706 6872
3108 1106
2591 5727
8401 4681
481 7900
6436 210
8462 5714
2488 6608
3356 5840
4769 6627
4974 3957
3017 9235
3127 3366
2257 1832
444 3104
8548 8818
6409 9942
540 5065
4938 5359
4736 6012
2042 8460
6726 6364
354 9592
6466 5307
3670 312
5752 2466
2310 4378
3541 4740
888 4269
8578 9368
8881 7122
5968 3627
9070 8004
2148 5665
8111 5146
1501 5182
7760 9246
8631 1372
3472 1944
2379 791
7006 2212
854 6069
6477 3899
2765 5797
9790 9036
3496 8349
8077 9856
7546 2820
2184 4881
1592 5241
4102 8092
3687 1872
3220 9161
4299 5300
1184 9780
8264 5306
6188 2699
2199 8447
2324 4165
1504 1698
6367 33
8257 6310
3255 2363
7272 1372
9427 7970
503 4910
2262 7652
6028 3520
734 3528
5279 3902
3889 4642
189 9203
9552 6737
9703 6234
3457 6577
6512 1447
8570 2449
4767 1536
8841 463
6585 4956
5722 882
2595 7193
4167 3284
6193 2013
9367 7954
3309 7751
4394 2431
7468 9582
9569 108
7169 565
976 618
3071 3856
1809 742
5646 1397
3596 5631
5785 1276
5792 2192
4214 4132
494 7267
5471 2915
9765 5186
3940 9442
1332 982
1271 1285
1698 1037
4618 970
1887 9968
3676 5351
2624 3994
325 4847
3774 8295
1502 5628
9471 535
8940 3431
1450 5368
697 8022
7543 361
6100 8424
7502 7987
5942 7194
4052 712
9544 4401
6208 7791
7014 9323
1868 3239
1472 1292
9631 9146
1570 3863
6244 5425
9489 2450
1962 5327
6064 6579
1019 677
8265 4482
1013 1290
9176 9083
9772 9051
1063 1687
1531 258
8925 5602
3509 4277
1549 7478
1608 260
9529 4858
1989 1525
1952 4603
6724 2086
2240 957
9249 8654
9430 1841
5751 8350
1112 300
8892 8649
2974 4761
1679 511
8208 7306
1695 9416
8607 6381
1301 3037
1748 3943
3085 1998
121 2291
5920 6309
5878 9207
9341 1241
6512 8027
6400 5694
8771 1266
8579 3337
2943 5116
4030 4389
9374 3076
4727 8843
8206 3411
9499 17
235 7474
7583 972
249 4769
4470 617
4418 556
1568 899
9223 2103
4673 2946
7510 7857
8925 5698
1742 5011
1635 4575
7764 5105
5498 8629
4831 1550
6401 2135
2571 2905
9985 7879
4982 9256
744 8815
5275 8339
2141 463
4622 6537
8445 7162
2663 6550
8353 8831
5490 1522
5712 5914
3175 5783
9301 7016
940 3761
8697 5099
1644 9939
2793 421
101 5377
1231 7658
5192 2276
4727 2453
9962 4982
7230 3132
6182 352
5946 8719
6 8388
887 3658
579 6300
7706 9740
6098 2009
8127 84
2319 1466
9582 1425
769 9492
4321 2766
1782 8854
1155 2557
854 8661
981 867
3958 9958
1847 4698
3276 5648
2105 9385
1341 4269
6868 4071
7242 768
2795 5457
7116 3903
9653 6424
1722 4172
5614 6979
900 3809
2360 6128
5420 740
4028 7148
7358 4981
6176 8317
3248 4589
6257 5767
174 3131
7138 7448
1840 6171
2650 4339
3883 225
7245 6669
5688 5316
8538 2342
8130 3196
7408 6543
9551 3759
7153 4243
8838 2447
5477 4416
1047 9310
6973 9198
4728 7908
2054 9027
1644 2757
4584 9745
4723 2526
2056 1855
7155 3578
2502 8813
49 9005
9503 2515
343 526
9159 3023
6665 9323
7678 4700
3744 2535
668 2238
5037 6593
5101 4308
2233 6551
1597 1856
1976 4674
7541 1867
3808 3408
8900 4094
8136 1548
4294 6530
7164 195
9984 6252
2518 7636
1245 2333
3945 4301
5305 4736
1204 3742
3156 4244
3006 6846
3892 3228
3452 5679
4286 2298
2568 8103
442 20
7789 6029
2174 8844
265 8309
3430 4642
1662 7775
8471 5508
7630 459
2645 8586
1388 7476
1120 2915
1662 5605
7273 1915
9527 6875
6077 4584
8535 3277
6339 7650
5025 2531
6061 8565
1968 7088
9439 6450
3874 2370
8698 7702
1429 9219
5539 5122
1563 1227
3048 6410
5069 4275
8894 9667
1539 1486
2812 4464
4925 8778
3175 9893
294 2172
3329 8314
131 9000
3658 3978
3731 7106
2922 8315
7385 2431
3039 8161
878 1197
3026 7243
5548 3714
7240 5374
6077 7985
8353 1305
9741 3606
700 9629
8169 544
5780 3899
9132 7778
5664 8589
11 8670
9752 4942
4074 4891
5217 8276
7640 2374
6702 7792
5967 9751
9873 1452
8272 9039
3082 192
4049 7715
8423 369
2556 9256
7112 6467
833 7266
4226 239
7704 9302
9478 2929
3815 9315
7692 2973
4039 5984
7032 4850
774 2886
9084 4293
3167 7830
6882 1229
794 7702
8506 6523
8617 1182
2247 1048
4767 8685
9882 8222
1037 668
4614 7517
2197 1708
8558 456
3030 5995
6272 6042
422 6271
9211 9886
9056 6707
5044 312
6913 9738
111 1136
8112 3749
9280 8937
7865 2934
1300 6785
600 6585
8434 9900
4375 7619
2128 724
8098 2280
2106 6127
578 676
2026 9426
8254 9978
3085 5655
2236 2341
7361 9395
4158 2753
5713 8631
9099 9692
201 5083
6146 8715
3187 6277
9412 1142
6684 8330
481 1684
8857 8570
4711 6750
5528 3955
1392 9975
6700 2530
1151 8294
160 8481
2548 4954
9374 9026
8975 7077
6929 2166
8281 1389
7883 6029
9332 3342
7276 1776
1587 3914
4786 6824
9741 5581
4152 3448
9013 5920
7535 2938
1696 6084
5697 1156
5865 9824
5206 9162
734 8499
9001 2546
1946 9741
8683 7404
3071 3646
4600 4938
2643 4783
9647 3152
1741 7507
244 7563
9537 316
5932 7507
2158 2817
4755 380
2386 1470
9712 7759
3543 6386
2797 3999
1078 3386
5663 7003
7906 2491
8909 1222
6045 7191
9942 3843
8458 3225
9666 4993
8302 3764
5963 8373
4425 5699
4226 8838
3654 1099
8882 3758
9490 5940
9017 4440
8700 6341
7738 3172
5806 4450
5000 2670
3363 63
351 8143
5287 5887
6974 5099
706 5340
5315 4981
5479 7561
7148 5436
5493 3061
3182 4823
617 4765
4415 8987
4711 6871
8453 9018
5422 4635
4282 8340
7797 1416
2838 1065
8355 8407
2318 1910
597 3073
3269 5286
666 4374
9244 7488
5768 7782
5083 3980
9526 4280
9811 9265
3759 1794
5313 3124
3309 1193
194 6800
808 1986
4598 5117
7109 8839
2680 8735
3707 7893
1796 7113
897 1411
4089 6013
9380 4795
8609 8840
2875 6849
374 8133
8210 3746
4152 8184
2243 3593
6984 5109
5881 3708
7790 739
1675 9188
3653 413
7702 7231
3313 6842
9156 1846
1089 6231
3368 4164
4780 6762
1021 2351
341 115
5755 8375
9308 1112
1255 5193
1293 3867
2506 7991
7349 6358
5240 8712
4631 5805
234 4736
6520 5932
8541 2534
2247 4486
2057 8876
7427 873
9589 9010
4091 5877
97 5120
4868 3441
9133 9417
5048 4376
6208 9301
5074 2699
3135 2876
476 9683
4938 1205
4575 3761
1322 2028
4993 9636
2878 6621
6758 8911
855 6538
7326 7830
7664 8036
3971 2029
7744 5433
6984 5220
2367 4431
389 3572
6179 4430
1595 422
4772 6995
8037 4318
6901 3072
4851 6559
7865 7188
5784 925
8033 3586
283 4843
1072 3705
6279 7466
1509 734
6451 5026
3003 5535
8899 6698
1073 8361
5997 7930
5656 354
2546 7459
5136 3553
6877 9160
8591 268
3686 8213
9410 8014
9099 6782
2901 3647
3823 6659
1317 8961
7625 5190
877 9168
371 3695
4393 8900
7983 5799
5212 5155
8365 1303
3667 7853
764 2545
642 1986
5168 2015
5934 1320
4237 5765
5754 120
8074 4527
6356 5903
5794 9062
9504 7042
9202 6867
9124 4792
6020 6956
1711 7921
9660 7725
5885 2061
5042 1447
4432 4788
7863 41
4905 4740
6628 6417
4980 2155
3491 1229
9133 9217
2573 7472
8922 6986
4906 6458
4187 282
3090 6759
6624 1512
3433 6878
7345 146
9900 2778
9822 2790
9124 7656
9165 4995
9292 3152
4642 2230
439 8790
1619 1719
6512 1437
7204 9969
7423 8417
72 8140
2754 9490
8994 7614
2369 7945
5868 8128
1413 9327
14 7477
2516 7078
2829 5640
1794 4410
1911 2627
4037 3821
1823 5916
4151 3008
9921 3813
2909 9301
1898 9682
5257 9706
9497 9762
5300 1417
7682 533
4824 4353
2535 7251
1462 9740
7552 300
7548 5679
4714 9888
9171 2813
5640 8078
7121 2078
3545 3180
644 6575
102 6949
3642 9364
6756 7007
4740 7327
7802 3105
733 2893
5788 3184
4379 7664
3786 9243
7514 2317
1910 4659
6443 7734
967 1001
9561 5180
9502 6250
48 2890
3213 7476
2357 9500
8371 2226
9127 6235
8904 5131
5420 6159
4971 4851
3687 1400
1956 5341
3761 1952
7152 788
4856 3857
2502 2869
3182 7665
1558 7050
8739 792
2882 1738
1582 4960
3573 9188
9804 1798
9844 8622
4819 6312
3664 10
3806 505
2878 4055
2236 3356
4012 3048
5936 2628
1515 1367
8897 8937
3172 8386
8516 6117
2297 9685
6209 3406
1160 3769
9604 5291
332 5753
7847 3594
4795 5724
5718 8840
4255 1017
7263 1852
1998 4914
8177 660
8416 5930
3941 7343
8221 2198
4107 7707
5154 6092
2480 4822
1852 5479
7935 6017
2355 35
9423 7500
3563 1950
7300 7924
4225 8237
2094 6018
9138 8203
9992 4890
6778 5986
832 4962
292 5428
6626 3124
3068 1858
8357 3994
9415 7578
4464 3981
3796 9819
6300 6103
1653 9792
761 665
8323 839
7649 7466
1072 7618
7139 4220
9125 9693
67 7523
9222 4838
689 1842
1372 4525
659 6747
3059 1743
1096 7093
5106 6603
6961 4982
4751 5580
4600 9055
9379 5000
6924 5357
2728 4993
3888 3363
9250 409
9900 7165
9442 5964
4565 3465
2739 3550
58 5111
7785 5080
6818 4194
5185 6332
623 7562
4689 7614
3572 5076
4626 423
1846 1028
5962 5538
6672 3429
2892 2754
169 5673
5651 961
9970 8216
7025 9876
9910 2501
4308 7900
5834 292
443 9827
5717 5742
2676 9755
5945 9776
8636 867
8381 6251
8705 6109
441 7806
9782 2690
475 5022
9463 6108
4677 1247
1726 4656
5631 2349
7837 7620
4271 7612
180 283
8869 3390
5967 1288
6643 5491
8997 4963
8262 4383
6904 8107
9129 922
9089 8583
1972 7346
464 4024
8962 5665
2544 6321
398 6468
9187 9771
6454 6753
6853 4610
136 2550
8100 3784
5803 6524
7729 5903
9623 4765
2342 9440
6475 7656
1224 5694
4726 1305
4139 4807
5806 6396
8950 9145
6843 9343
6058 955
5402 1498
337 1587
904 6696
6700 837
4207 3871
6265 904
3426 989
8748 8688
5617 8331
2004 4996
3456 2557
8438 4131
6940 4633
7382 2601
9572 6660
9134 6132
574 4246
1928 7240
3020 2065
1213 3295
5500 5156
9333 1923
5654 7525
2555 5466
5696 5226
8261 4656
2788 3463
212 5634
737 9734
7099 5657
9499 6159
8015 4519
9448 70
8400 8880
9854 9860
1965 3612
9242 80
4068 6600
5101 5611
4383 9958
8680 1605
7802 8655
2320 8139
3491 1029
157 2821
8423 5194
7815 6837
8978 8086
9403 7548
8711 4824
515 7841
7536 6828
4964 6209
1217 6732
2857 6031
1116 7938
5741 9104
3463 8392
4980 5825
3325 6631
5445 4497
2785 6859
5996 2193
2165 7238
956 2504
9728 3358
8148 2455
3133 5660
1813 1560
7586 4967
8807 5697
7607 8260
3078 1202
6148 4095
5104 1076
1460 2123
4333 4174
2963 6272
641 937
487 9167
4640 8133
1439 9299
1455 639
8918 4667
8506 4002
821 31
2683 65
9658 5505
7341 8704
3434 8753
3954 9490
446 8261
9698 5742
2092 9685
2734 6243
606 4645
7630 9615
3892 6861
5814 8918
6455 4530
6256 9893
2853 5199
4607 208
5973 5762
2590 1352
7491 1866
7546 5603
5611 1172
9273 529
6863 7356
4679 1214
8524 9992
572 5342
8526 7656
7336 6888
1334 4331
1524 7905
2433 612
1935 5748
1808 7928
1056 5711
1788 29
9617 5454
4161 4896
7411 7571
5202 5297
678 7049
9088 5217
4527 4558
9740 4390
9831 3635
2299 2687
8922 6267
7440 4482
7927 9821
1545 590
1347 5764
8097 7641
2846 8448
1657 3001
54 4020
388 8912
6176 9543
9610 8546
5294 5282
8488 7380
5831 181
57 7721
8319 959
155 3981
729 2902
1294 8401
9928 2545
9364 4528
6090 8876
101 6920
4868 8016
8833 273
6659 981
3550 2713
566 3065
1918 2188
3829 4872
192 436
6655 3093
480 2760
1449 6887
2377 6089
2101 5619
980 7691
7988 5383
8416 5514
5031 3635
4282 2444
7161 5247
7216 2324
7686 3355
7400 3474
55 6811
2011 2477
5887 7435
5992 4988
4136 8
2068 8141
8073 2562
8366 627
108 7347
3144 4122
6284 5686
7403 181
1962 8727
3196 8503
6674 3530
9473 8964
530 3055
1505 5691
311 2213
4370 1530
9879 303
1980 5614
3174 4768
1950 1727
2179 8346
4232 228
7936 7572
7807 9464
7956 323
4867 2242
3893 3317
9261 5485
3449 4849
6982 7837
3768 5290
9446 6693
1460 9336
4634 7249
4795 6335
7631 2139
9384 7764
9235 4749
5544 5423
4737 7315
8687 2995
4950 4322
9429 3263
2135 479
9119 5397
6496 8381
7524 3173
9837 6263
4627 768
4661 3052
9531 1573
4481 5528
8931 5648
2481 9926
2952 1930
1863 8174
9809 8592
6482 2256
7928 9356
4033 4984
7944 9522
5714 7476
2398 8249
348 598
3104 5676
7062 5020
8572 3377
6127 4421
666 3315
677 9574
2604 8505
8106 966
1021 8877
1906 8811
1739 5664
9141 6365
9927 4510
9011 2451
3544 6851
8836 4915
2557 3445
5222 8381
4029 2584
982 3066
215 8572
1175 2588
8990 5131
3099 1039
7732 1812
6202 2900
330 7419
5538 6103
2803 4535
9586 4186
9376 5973
5621 3402
6606 8272
2264 5748
7864 1991
8323 6367
3150 3610
9283 9640
668 8523
4081 2864
3766 6554
9876 3919
4727 1221
1387 673
9638 4131
7730 8860
2691 2865
4431 7008
6484 7339
3379 2977
7258 4902
8962 9212
677 5920
9480 5941
200 880
616 7984
9000 4482
8539 2296
556 8026
4842 7917
1776 527
2790 9084
1045 3671
3159 9634
7814 6837
768 7925
5211 6911
174 622
3514 9651
9566 1814
7951 7427
322 2092
1672 9573
7381 8957
9272 5319
4025 2135
3558 3984
8426 6620
3042 556
5597 3122
9675 6503
535 1007
435 1304
8010 4594
6686 924
8937 7333
2348 7621
1086 3909
3915 852
6120 536
6051 4170
326 5386
3441 9638
2374 3083
1422 6619
8502 9216
8898 485
8138 2571
2445 73
7908 8219
138 5180
4439 6452
8495 6895
770 2009
5978 475
7605 8291
5103 6926
4218 33
9492 1718
4671 8348
8057 7122
5835 8855
1700 1363
2047 4753
6827 4795
3768 9543
2469 9581
8700 7112
7178 2508
5397 3859
7517 7235
8405 8070
7412 6689
1038 7070
897 6701
7873 7109
255 4583
9504 2469
332 8691
6177 714
6972 9563
5097 1179
8876 2304
5616 3055
8710 7049
5293 9901
2461 4074
7579 7988
5965 9562
1199 1206
555 1595
6819 4198
9781 279
2464 7950
5417 6649
1432 2401
5346 9025
783 8736
3216 7198
9025 6877
6420 3499
2606 6461
5545 11
3552 5213
3874 2434
543 2822
3383 3569
6494 125
2409 6743
1372 766
4783 354
3332 5761
9718 5302
1982 9535
9710 9857
4364 7613
1300 149
7926 1753
5981 5320
7425 6633
7038 1598
3206 7770
4353 6244
773 7134
7922 4443
3624 7137
6134 5156
6841 333
7766 4706
1361 2459
5382 1372
8283 2421
5757 4968
7014 1377
6958 7179
4385 564
9646 776
8927 7703
7652 2674
2138 4154
1282 4122
2715 938
6610 2128
1535 7959
8119 5661
2718 2805
6414 6577
9386 1526
3054 3944
3036 8105
4772 5547
9433 8015
1384 1499
7829 253
664 3083
6124 5834
3873 2130
5963 5847
324 6647
7700 2530
1974 717
2242 9042
3333 3731
9553 3591
2178 8067
8687 6695
4190 3313
8095 2652
5695 2649
4462 289
4642 1934
5684 7376
3547 6192
763 5643
8750 747
3102 1523
9539 3374
8947 6074
7351 8348
3297 3809
3321 5763
1182 8064
8948 8507
185 7318
8523 7907
2525 6939
4064 5561
4150 585
7573 2959
3461 9498
1550 7429
8263 8179
3996 802
412 9294
4761 2667
7227 9993
8425 7758
7527 2611
2135 561
3795 3133
6447 7745
5790 419
5280 1362
5835 4045
795 5840
8858 2718
1766 4110
4699 7764
7191 6646
2859 1505
6076 7095
9888 4859
2858 13
8755 2826
9838 4496
837 8447
9141 167
9924 1441
8957 5910
6003 2032
9737 9210
7286 132
3487 9659
3504 2963
1657 649
8247 3691
1690 9316
1013 8253
3127 7991
7844 257
6438 7345
2002 2780
7469 7154
3325 3658
1423 4357
318 3592
5909 9018
6694 4346
9030 6997
9086 9151
8117 138
1147 4950
4203 4880
8811 605
8145 7376
6406 5285
9609 3187
4968 8819
6998 6103
5290 334
148 4258
6462 6482
2387 148
7670 2342
3981 5511
873 5278
4561 1367
1463 7654
1995 87
790 577
3409 9998
8807 3618
8007 5823
3728 1897
8290 4017
3929 6955
8716 900
3801 3235
8556 3769
1238 5999
1129 9287
7652 7029
1141 2106
384 3539
1727 5132
1857 3905
7567 2610
8518 8091
8753 2269
9913 6992
1575 2875
3497 8411
1184 5805
1263 383
2467 9283
6111 3669
4220 3341
7186 5352
4906 6422
7914 374
7820 4224
171 4392
4431 6207
3828 699
9306 8288
3374 7833
3957 2081
3744 4779
5128 8822
8829 6319
927 6917
7573 5936
1468 5224
4230 4172
3588 2039
1927 5537
2400 62
2707 4627
8733 4906
2000 4855
6535 5367
8946 1903
8888 4234
3216 9696
8415 3905
6096 6810
4133 5917
9472 3394
6061 6606
2973 1046
76 9956
2265 8879
8883 6054
2871 5547
5667 6214
4098 5730
6665 5739
9124 8764
8225 1308
3108 7121
4590 5760
4687 5753
5111 6898
8159 7132
4054 7623
8455 6846
842 8893
5270 8643
4508 9813
3679 5837
2293 2886
4061 9130
2561 6036
4058 1400
647 7515
5253 6158
1641 728
3567 1315
7251 3966
8669 8206
5896 5365
7667 9898
1022 248
497 1285
2617 3798
6650 4384
3412 9976
7738 6677
7099 3012
7168 6315
2963 4663
3381 2088
4317 5747
8258 671
4073 2701
6212 4759
5132 3245
2307 2353
1400 7924
6562 6716
4802 2132
1743 2035
1575 7293
8376 7043
2213 5176
7576 9292
6040 4502
5043 3290
4835 4350
490 3954
3163 4014
7685 9261
8884 9966
9898 7955
6369 6587
7585 4579
3394 9096
5673 4746
3549 232
2728 9548
1554 1438
7526 2070
2387 6814
2003 2177
5713 512
7185 1993
9339 751
2532 7101
9694 3588
7584 5085
6137 1348
8933 1275
748 6020
1233 6340
7964 2397
3846 6904
7314 3840
5251 8578
1942 1318
6914 1231
6655 407
9400 4586
8025 6701
6869 9949
8129 5687
5813 7346
526 7493
3471 5119
8215 5084
4935 8232
353 3401
6431 8031
5097 4628
8824 9787
5177 1887
6512 3276
8964 1808
7509 5827
5471 3671
2414 2152
8085 9231
2069 9422
2679 8124
4151 2524
5418 2166
2669 3018
9224 2874
9503 9291
1425 2801
8037 9166
6684 5075
370 7100
8226 9978
3333 3299
4115 9230
46 7002
5517 8258
8943 1384
1389 9652
6534 7094
686 5787
1134 7499
3689 4032
299 3797
3574 4643
468 4564
7834 639
6591 3689
334 4745
44 67
7585 4815
9739 1936
7515 774
4543 2027
8692 4096
2837 1129
7463 9002
1220 6799
6749 7768
5524 5822
3993 3566
572 5408
6676 4158
5078 4782
9344 9371
3245 2621
5014 3062
4064 4711
2759 4855
7290 5973
7758 7648
3101 6305
3806 4613
1118 3147
3407 5622
9307 4409
5139 965
1415 7686
5972 277
1111 2188
2455 8138
1360 6223
3730 958
5851 6699
1822 8186
4612 452
8431 9924
7520 6334
4264 7081
8705 3380
1559 2754
2790 1107
1242 9589
7835 2951
4577 4212
8976 5364
174 8912
2594 7112
5577 8602
81 3900
3597 4596
5128 9171
7364 3186
4864 2024
1554 9342
4335 3776
8379 6781
448 8726
7262 5723
7408 6694
3987 4333
9951 9361
4843 3725
4831 4724
6151 3374
6661 4027
6988 4970
4027 6869
2545 9967
7132 213
2510 3622
8606 8164
6692 7871
2254 9553
3225 6352
4180 1364
9640 4657
7835 202
4156 1190
1132 6401
7301 574
3508 2808
8716 1872
8584 7764
687 3420
8326 1938
922 9172
2082 7287
4188 7834
6883 6757
6961 9142
6704 2871
8165 2658
1234 402
9379 242
2901 511
698 6839
2632 6386
6261 7258
8893 7930
4084 382
609 5588
4687 7791
724 8717
7879 3681
1469 6865
3234 2951
8865 8880
7461 5841
4910 3680
3040 1380
8202 4321
5536 2728
4787 8870
4430 2685
4762 5072
3609 5740
1754 7570
8669 6151
1583 70
3516 152
4283 6067
103 9442
1588 7055
4315 8103
8785 9017
2178 7049
7092 2979
5930 9259
196 5618
9615 3200
9844 2634
4826 1023
1102 8826
9298 3374
6112 8621
9294 9650
6638 6856
1675 9258
1356 2819
8580 4873
5732 5317
7330 9058
3486 6064
4759 217
6273 1345
1345 9862
2380 2469
8502 3851
1986 3446
4636 8640
6120 520
8827 757
411 8975
3208 7490
7568 5921
621 4227
6599 6347
3544 9546
1213 9837
223 2313
5506 3149
4378 3775
37 5810
4254 3494
7167 2466
3883 2164
4024 6804
562 5689
8062 5906
8155 7974
9831 5718
3394 9235
9341 4145
6763 3665
1947 8147
306 4434
6421 9233
7620 9019
7815 3183
5158 2762
3422 2362
650 4113
112 8158
1800 6248
9185 8551
3027 4496
8214 956
6599 2043
8519 8223
8683 2613
9295 3373
717 5999
4600 908
3025 4384
8427 539
9364 9696
6698 6051
3631 6434
3311 9623
5331 2069
8444 1524
5734 5234
2011 6440
2748 1263
8800 6685
8512 1060
956 4070
161 5316
4099 5692
4787 6085
1402 4578
3380 9933
3494 3078
8831 5873
7806 6031
5757 5822
9439 5453
9176 6388
9335 2917
1699 9097
5982 7389
1381 4695
3723 6065
5733 1918
2670 523
352 8169
6830 2124
8141 6481
4385 8539
5634 4951
3960 5745
7607 489
6317 1506
9754 3020
642 434
4393 2418
6282 3311
2928 8492
6487 8695
7954 9175
7058 7237
3145 3281
5411 5317
9177 3842
7181 7990
7823 4837
2270 5633
8415 8442
1661 7722
9483 8878
4948 2874
7754 1882
3934 5159
8118 5453
4099 6680
1137 434
5170 5740
2004 7838
1943 9126
2951 2088
6303 3947
7068 1975
1712 1701
6361 1242
8119 4025
1910 4781
9287 3265
7957 1235
1523 7006
6682 9082
8530 2180
5900 4825
66 191
6310 2995
6352 8771
2335 1332
530 6966
9908 1718
5025 8811
3725 9303
3600 9107
3881 953
7151 1112
7390 9502
9514 5854
270 1814
3617 6696
220 5936
1559 7152
710 7296
5360 5271
9570 3760
7326 4350
2438 272
3443 5982
7992 2409
1694 422
8368 9850
5643 2259
1064 6417
995 4154
9877 3868
205 3847
5218 9195
9491 8931
6815 2425
8072 7768
6143 907
8640 1046
9289 7540
3947 9312
9420 8229
7120 8554
2056 3166
1747 9233
6865 4218
5735 2580
2161 7621
569 3281
2018 3380
9046 5511
3196 9618
4663 9139
6337 4235
7813 1568
1789 7407
9159 652
7120 8487
3676 5695
8406 8278
9164 5886
8453 1996
4687 8833
4638 578
7312 2229
7606 6942
3308 5473
7857 2876
3460 4076
969 5414
144 4440
3533 395
3920 2318
3081 2880
7582 1387
6782 3417
7671 4156
7169 9130
6410 621
5429 3263
7722 8021
5621 5464
7506 7233
7183 8209
2751 7130
1177 4750
2888 4430
9671 1496
850 287
932 7364
9026 1483
3454 7918
4484 5850
2711 3817
2824 8110
9303 8891
3087 9606
6784 2433
9054 5702
2641 285
9095 414
6968 2377
3412 9517
2217 956
3797 8172
1721 5238
339 9677
7064 66
5578 1561
4197 9918
1190 6923
8332 7064
5075 5174
8282 1225
3756 785
1995 9137
646 2695
8967 1262
8127 74
623 3662
4220 813
3831 7097
298 1511
2803 3544
1389 7087
1931 2007
3156 1518
4124 4666
8074 7073
7382 7411
2235 1492
6765 6915
434 666
6943 6586
2714 7300
5449 4284
7999 2353
3080 2772
9239 7022
3871 5375
7793 8230
5450 9635
5667 8043
6434 9649
3693 2502
2810 7642
6799 213
4378 708
9344 9782
1420 1812
4545 9957
5931 137
531 1856
6569 6327
6068 5893
2797 6822
4926 6180
3661 9473
377 6575
9410 8870
266 2552
1323 6436
7746 5577
6110 8491
6012 778
3402 2121
8857 3510
3208 6276
4993 3059
6144 6431
9997 5824
4067 5355
8873 5526
6635 4239
4898 6591
8071 5225
789 9105
4475 2157
5739 1846
7194 8020
7045 7038
9658 6874
956 3870
1551 6356
7300 4668
3167 5682
2779 9418
8881 8722
3122 4240
5203 6347
2625 5175
5717 8845
9913 8445
9617 6504
8114 1386
704 9306
1925 3402
6645 9688
9003 5314
9510 3525
9136 3164
4534 2146
2385 9357
3144 2676
103 7417
1439 9755
6557 1242
8614 1605
9448 3116
7872 2884
7448 9885
7973 5834
4692 8315
7398 9270
1321 7819
601 3216
9114 2708
3869 7712
9852 616
5886 4613
2425 4869
1188 1220
8810 208
5351 7362
6167 6700
3386 7061
6953 4651
2485 2611
2045 8848
414 344
175 771
1979 3043
2561 4027
9724 4704
1759 5816
4249 8027
422 1810
2498 2117
1729 1032
6308 3215
9567 1157
93 7245
8290 5510
7702 8067
3603 1062
1452 4788
2737 6159
1968 4609
4193 7445
8230 9688
2848 2618
1214 4556
9134 4486
856 5230
3252 4498
3951 2422
2881 8884
9008 3083
8217 87
5844 1331
569 1382
6174 6676
2351 9890
3808 881
4785 2598
514 923
2797 1276
1701 5620
1242 5065
6490 4177
8256 9761
18 9280
8869 8172
56 5571
6568 8180
8830 2037
3826 34
6995 5166
2115 8544
958 2008
2514 7265
5724 861
1109 748
603 2861
2516 5346
7088 622
6256 2753
403 541
8044 9531
5504 4108
5718 8096
3341 740
3639 5006
9753 6214
3884 6844
3624 1454
2760 6120
477 4854
6064 703
5108 3066
8008 6771
1766 541
9769 4786
5278 8689
4861 3911
22 4069
4310 9568
6996 8536
1569 6018
6966 5079
3536 8407
5805 4984
2638 2197
6964 9666
9960 2086
6951 1801
8817 9812
5217 8822
408 2582
4840 2181
1752 4321
7116 4167
6279 1025
2968 2016
4606 6221
3510 1768
330 9463
8384 5324
2790 4411
9593 7511
2193 9923
2912 7939
5654 1076
8170 5387
4849 5665
1252 8771
8843 5687
1738 251
6028 5266
2190 8276
9741 4508
217 2064
2544 8942
6014 7891
8969 8813
4772 469
4401 6393
7852 7001
2587 4524
8280 6368
7629 2409
4621 9775
8183 3360
868 5032
7774 6723
8380 2814
7867 6408
4086 4954
3213 4335
1918 6393
6026 1898
9551 236
9416 9405
2022 5002
1210 9829
3299 9074
2514 9192
7140 2777
4488 8184
4493 9481
4238 379
7718 8843
6745 4634
4834 9818
8973 3359
6236 6920
1759 4426
7105 1547
5428 8824
2348 7589
6456 1251
225 6853
2071 6429
3227 3482
224 5664
9807 3567
2362 3789
3741 1715
865 5960
388 5608
4326 1113
5763 1537
7898 5463
8790 4740
5233 7163
3867 5057
3964 7578
9666 362
3523 4326
6021 4521
786 6606
4452 3866
2817 7367
4699 708
9716 3719
1301 8631
1204 9674
1474 6777
4943 3018
2080 8267
667 6933
4642 5855
3363 1831
7161 7121
4539 2514
6577 3883
1779 1435
8750 4931
3145 998
9717 1473
9679 0
3404 732
8898 3138
5069 1395
6272 3154
7118 9885
1583 1218
1440 667
6860 6006
7756 7370
5070 3458
6676 6507
532 2239
515 9892
5245 6746
4626 1266
7217 7536
2067 8599
6508 9380
8210 9251
570 4974
4223 143
8486 8666
3538 1374
7021 1740
9839 5913
7649 6564
840 7600
5663 3422
5671 3087
7568 7856
1710 3336
2840 2069
4886 8095
1523 4481
5138 1465
972 2665
3312 5947
4202 5895
7400 3589
6242 6577
8257 1374
5739 3667
7367 6918
2067 612
8472 5890
7680 8232
4491 19
7962 5832
2685 8772
5660 2336
6984 4602
9291 7951
4313 9217
6422 2753
6700 571
7081 4620
726 732
4309 5800
7452 1953
8252 3147
1849 451
6396 5606
6307 7466
4942 3077
1568 5704
2962 6537
7419 838
5298 4383
1117 2414
7307 9912
7211 4361
6741 5694
4326 8792
643 4298
1212 7978
290 9467
7311 5293
8018 708
7711 2308
9995 7236
6627 412
8111 3216
5655 131
9408 8848
3070 4108
6106 6638
491 3198
2790 9455
1105 2583
8026 6879
1487 9088
5494 116
7833 6084
1959 1481
4446 3625
3393 1944
9684 8048
4648 7195
732 6298
5610 6245
4715 104
5523 990
5477 9876
4054 4247
7672 5907
3106 5600
8677 5975
574 6186
8592 5150
7505 6798
2473 6972
6180 9999
2811 9029
2614 6100
5171 8900
7086 9949
9711 8087
4073 9281
7742 5520
7864 548
3900 3926
2802 7360
1840 5055
1609 5190
5568 597
9655 5794
9155 174
1569 8530
2219 7682
2647 630
3091 7331
3554 4101
3367 3862
5957 4254
6186 6542
1885 6647
9325 9267
2944 3727
2032 8024
9536 3675
7533 8572
1673 2311
8262 8165
7120 3671
9018 2102
9060 2947
7714 4414
9201 3316
3228 5481
9610 7098
7752 9175
2044 2161
9599 6145
7658 2182
4186 4603
3549 8588
4701 47
1376 3688
3806 5403
5711 9539
1022 1735
2789 4211
3651 6982
6784 4539
7641 9316
739 2150
9443 1312
4486 7697
9138 4958
7363 3666
1272 9216
464 5200
3573 2751
3253 2943
7904 3248
8006 6155
6119 9986
1655 2659
8020 9321
9809 5240
7705 5895
6389 3229
4399 665
9390 8679
5333 2792
9814 9916
3727 4129
1282 7790
1154 3103
5446 5048
4629 5833
7497 2582
1968 8868
4415 1395
2388 3224
8987 6057
6328 280
833 5357
2971 3051
8949 4288
7864 932
3803 2229
4333 6801
8084 4981
2994 3271
269 6355
3163 7965
6875 9227
1266 1353
2097 6647
6904 556
8688 2324
6486 8382
5540 7495
2619 1556
3671 3476
8153 3890
8021 6781
2269 1571
9820 3749
9768 2864
747 1178
4668 4846
9731 6977
7904 9905
7672 7050
5605 6225
9505 9413
5216 6665
5918 9498
1986 5058
3142 3102
6028 3093
7772 1236
6249 4279
60 7243
5829 9755
2900 1799
5871 6815
5148 2192
2070 6633
413 9843
7533 8270
4506 2956
8380 5457
4407 1798
7565 2483
6298 9581
5764 2963
3754 7973
5100 7249
9734 7532
5539 2920
480 931
9661 6236
6560 1757
5132 9004
6570 4715
4562 1904
7497 4922
6436 6431
6689 4368
4923 9644
896 1866
1976 3044
486 5560
2838 3392
213 943
6788 1511
4121 1571
6462 4701
1262 703
1253 2109
8776 4475
3829 1792
2275 3867
5080 428
7141 1621
1915 6402
2380 8243
2594 3326
8243 733
7841 461
8814 3201
1211 2897
8954 3613
7013 3441
6814 6902
4381 8397
7400 2354
8433 608
4836 667
3036 9464
1730 8429
9279 8853
3104 3918
5168 774
2544 2226
3888 8039
7901 4759
257 3561
4776 9524
4614 2516
7296 8649
2088 4939
9309 9816
7471 1867
8635 2482
2741 6251
8396 3400
3033 8628
3311 3218
7624 3963
431 8939
8898 4243
266 2664
1705 6598
7676 7830
9516 9821
4680 6286
8527 633
1 4751
9989 6807
823 4823
9301 3686
8674 3802
2804 7384
5159 5402
6048 1002
9001 6849
4285 4960
3466 7878
3179 9970
445 1874
7291 7447
3858 6412
9085 439
8729 9410
1454 718
3808 8599
6156 9730
3465 6339
8814 6126
2683 4206
2447 7723
5162 543
7158 6590
2868 4578
2605 8302
7287 696
4808 4235
4318 4294
8191 3855
7413 1613
9791 4244
9568 70
629 3545
2018 7553
9598 3459
6845 7886
8363 3782
3790 80
9685 2704
9293 5799
4439 7210
7396 433
1975 4122
4621 3900
8491 8701
4843 1675
1052 6938
7169 2598
2207 7920
4736 3899
498 2950
259 4382
9751 4505
4540 4714
8010 3723
4351 3684
9057 4963
6345 504
5283 8212
929 5865
4981 7480
6982 8591
6926 286
5996 6582
3713 2694
7114 8249
57 3523
6060 2262
542 4264
591 6085
8252 3849
6786 6766
718 1693
1298 6179
5039 370
1751 9600
195 8819
5780 1519
7742 573
8915 5765
3180 7169
1354 7755
2111 4140
4391 5986
860 4416
2499 8347
7191 3064
2167 5605
5195 624
4094 2907
7208 7246
2646 23
3786 45
1665 196
9525 2493
8629 390
1946 6339
8214 389
2007 5961
9218 9626
9038 9376
6755 2942
7154 2442
8727 1600
7769 2540
8395 2095
6969 8109
2540 2939
4778 3058
9690 6835
9096 8454
9797 9229
5413 9337
6470 3999
3348 8871
9033 8839
8298 4210
5099 9830
4995 5675
6072 6609
2043 2146
8279 6307
4075 3139
6513 6532
2793 5228
9578 3102
6822 3010
4107 3780
2112 2809
8778 8165
5121 5994
8253 7838
4126 7216
2342 2224
7183 7095
2210 8984
3508 7450
1776 3149
1824 1483
9629 1971
4918 1811
8916 8905
6890 9272
6866 5658
9743 5132
517 9115
1808 9161
1917 2348
2780 9665
3111 1207
9176 4460
4023 5209
989 8594
6837 4681
8933 7810
8685 9096
5177 9919
9203 1941
7355 6552
7438 2375
8074 3630
8896 6938
1148 5985
916 9290
1550 2178
109 1913
2924 1450
3332 1537
3430 1416
7319 6679
3127 4225
4154 9574
5111 7635
2287 6975
1802 6822
3215 8840
1162 2013
1628 3386
9606 8278
3635 6453
758 3474
8543 1437
8220 1430
7572 9735
6699 9048
9940 4189
2879 3122
3345 8224
3562 6893
773 8043
4244 2135
9254 6835
3064 2297
9463 5342
1176 8729
8099 9318
198 5240
6883 7952
9126 7837
2873 5178
3589 2470
8275 2088
3687 3756
5535 7589
5524 6394
6447 9850
2038 4189
1250 1372
5639 9277
1509 8174
224 7069
5500 5373
891 1496
470 1750
2071 8123
5495 4976
7874 7563
814 5636
5821 1404
3672 9467
7418 6055
5022 7678
8326 2339
1613 5584
504 2519
9077 2153
2727 285
1335 9645
8291 9376
8484 9379
4766 5822
56 7601
2508 2806
5688 3006
142 994
6833 4366
5853 3953
4525 1571
2060 4590
4555 3794
8251 4900
9044 5031
7779 3424
1181 8862
2514 456
3679 9824
794 7503
5715 386
8056 9338
7374 9607
803 7455
2830 2234
6100 1010
9315 7081
3698 8060
510 1504
3943 7012
9582 5638
2823 8962
33 4576
1546 7030
1731 2199
6685 9119
7412 7898
2051 2214
4481 6740
7691 8603
3020 9081
6272 3996
6433 803
5584 3802
6770 2669
8382 5155
1955 972
7647 9874
4068 1782
4705 8727
5839 3520
6103 8802
7004 6335
1257 6505
2501 4473
7503 2870
3509 2079
7582 6421
941 9798
9864 5600
2815 7702
6077 7407
5002 2215
8613 1333
2997 9307
1639 3645
1764 8842
3382 7424
5560 6503
3517 2829
2587 1802
8822 2717
6168 9692
7585 3830
4417 1609
645 3827
3581 4948
8390 2967
7439 7074
9146 2643
8475 9212
1884 5208
8769 4031
386 9058
6878 2861
9423 8284
9660 89
6336 3173
1531 9079
5742 3276
5344 7129
7510 9196
8025 6950
4085 9683
6006 2698
3877 7771
8072 3205
1258 1355
7313 4947
8158 5162
6241 2762
939 6116
9639 3530
2774 5705
8469 2308
617 4297
8693 6701
5942 4564
8017 1133
1102 248
706 5076
7445 705
4006 2186
7430 466
1222 172
4832 521
2977 7432
4410 7226
6874 9854
6786 9176
8876 7873
746 1893
6859 9166
1823 5762
1602 9893
9170 8325
268 1352
9787 737
8155 3142
7968 9888
3159 7499
6869 3321
5164 7454
5555 8460
9640 4463
6788 3968
1995 986
6626 153
6908 5401
6881 1836
1094 4862
7437 9155
6175 7358
3081 7098
2241 3948
7081 2979
2151 835
447 4694
3825 188
4283 2294
7321 8454
8732 2166
9246 3947
2682 846
1374 9149
8518 1771
9917 1686
4236 5277
9238 8558
7289 8014
784 372
144 7684
1900 8391
4744 1120
1413 455
6270 5353
5462 9680
8761 2257
9650 9872
9628 3936
884 7041
6668 9313
9334 8658
8323 1442
8677 4465
7771 6274
1256 7945
8714 234
2485 6702
6546 8944
6416 5566
834 1204
4220 7640
8030 2813
2267 4676
6557 7593
8114 602
5155 4435
7747 584
2409 1109
2225 3985
4795 8354
5453 5935
1425 37
973 9619
6611 2808
3009 6545
2486 7578
5615 9320
1026 2643
1668 415
2663 4947
5375 6497
1309 6529
3225 2353
7697 2384
2215 2898
7558 7264
7460 2159
3608 1820
161 2522
8894 6473
3950 3440
2951 3535
9784 3834
8069 409
2349 2510
2753 6771
5574 1105
7829 6376
8383 2461
9431 6942
4579 8398
1562 711
7958 7005
225 9668
6942 4790
3732 6413
5605 7637
9217 3311
4834 8137
3692 9639
8755 1060
3710 2353
9738 5325
3246 3494
749 6839
6123 41
1709 5242
4770 1218
474 9470
9733 7789
5079 2874
3214 8056
4636 1345
8471 2402
393 5250
1446 6430
8747 9792
9220 1156
4145 6112
8327 95
5695 3904
4906 7117
8631 1236
1814 2657
1323 4039
3294 960
7829 70
2990 1724
6727 564
1837 6381
8779 5559
9249 3638
1472 268
5912 2000
6463 5304
5027 2227
1004 3873
1343 2155
2009 3666
3337 8210
7143 6340
6398 1416
2267 6095
5293 9116
8916 8472
2995 8415
5194 1488
5114 2245
369 2546
8918 8488
1200 2854
9349 9211
1331 1159
6999 6170
141 6186
8618 7108
3465 6077
3183 986
4566 6254
4795 1639
3064 4366
9457 4027
7255 2563
661 6579
7075 6534
600 8913
4884 988
4251 9034
8563 1481
3161 2548
5999 8416
6201 4734
3528 1067
6476 5083
4610 307
7315 3309
7850 8337
8087 2087
4580 3087
3705 3909
609 6196
463 6743
9182 8780
6562 7833
8529 7385
7805 4766
9985 7137
3853 2399
4312 5544
6288 2972
6578 6791
821 4288
7349 6556
8478 5464
5936 6976
214 9907
7255 664
6427 6986
4311 3345
1425 5650
3972 2589
5446 8212
8583 4329
3150 9404
8047 6510
7209 5620
500 7583
3280 4098
1338 774
4651 3717
5197 4371
7807 828
5962 3995
7744 9620
1971 4758
5380 3062
6865 1796
8514 7018
8843 4103
7613 6136
8599 4550
8876 8651
6424 2042
1115 7438
5108 1123
100 6314
3174 2849
4620 1863
3360 6565
6706 9991
9291 9160
2193 1289
4221 4009
6944 5719
4131 5402
5177 7239
4129 545
660 2327
686 9968
8410 4819
1553 5527
5075 3958
4346 7819
8799 8196
4566 5710
3352 9863
9720 1009
3181 2687
716 3772
5174 7407
7727 7148
3838 1092
8512 8267
5120 6279
7795 9620
4637 984
3974 2342
3358 4154
5592 7311
1195 5339
1011 8742
1945 186
461 5419
7117 77
273 2641
5116 7906
2704 2105
6109 5577
7979 7567
3741 4774
6133 2873
299 5361
4421 2655
4335 9158
5567 773
8963 7072
4127 9786
3897 8391
6283 4656
2599 6102
5735 6159
8292 6298
1714 4286
2092 6158
7297 3139
6879 1296
2837 3478
279 5492
2736 6101
4037 2758
4894 3316
5703 294
7406 4393
8215 703
3940 7980
2270 8413
761 3195
7363 7575
2727 2264
9102 4374
3719 5721
3646 2822
3629 8113
6049 7471
5206 4288
6888 4967
7789 1299
6143 2233
4087 8251
6487 2492
7728 2745
827 5566
8630 370
9550 7704
5495 3690
8672 8416
1748 2735
7891 6030
6422 7785
2849 3777
1419 8639
20 4937
5846 1448
8969 1696
2008 5368
7286 4680
6656 4473
2162 7050
3991 2565
779 4498
7728 4628
2398 6097
3688 833
4696 828
3070 4068
4805 5771
4961 7192
9520 8529
3653 1134
4788 5846
8653 3513
7266 4209
3462 1259
3778 8747
1450 5397
4927 385
3006 6464
4855 7011
3565 9820
7654 771
7174 9304
4480 1281
5479 6916
8880 3624
1180 2462
5521 2587
2712 6787
1140 2204
2498 7403
6819 6346
4250 9526
8081 8184
288 5031
8504 4095
1606 68
7487 5320
2019 1120
1161 3882
5261 2943
550 7901
5937 7587
4018 9707
3572 5615
9580 2694
8384 5336
9763 6094
5019 2880
8040 5047
181 9473
818 4520
6560 2122
6330 8580
8213 6195
2572 5449
3701 1495
6904 2507
316 3750
8640 4122
272 702
309 9795
3851 2272
5278 7622
7812 3669
1848 9170
5105 5301
6520 1882
2789 768
970 3241
839 248
5075 9428
7691 7733
1118 2884
7214 8417
8883 9709
953 4099
9977 5721
548 8628
5099 4133
5906 9615
4431 5828
5521 2807
2017 7818
6558 5545
9163 632
2070 4227
2870 3410
3941 8658
6944 3512
9563 357
8343 6842
991 2477
6253 6246
3459 7585
7305 4529
9984 8416
860 9280
1446 2551
4574 6294
7496 6089
3061 6797
3893 5475
9803 1636
3146 5656
9091 688
5886 3238
1029 9033
1593 1506
6155 8684
7722 6167
2327 4719
5905 8988
217 8380
4776 7795
849 4917
6920 6106
3443 1591
9164 2878
9105 9919
1987 7392
3330 9960
1943 944
2392 2301
9096 5938
3745 1628
602 3641
1728 2365
4378 1763
5502 5587
4953 8831
3853 1857
7416 8547
7937 764
2558 3400
6505 7130
1703 3178
6797 9933
7937 4557
12 1783
2351 8182
2692 232
9720 2967
5113 3525
3614 7202
2016 9855
7575 9936
922 8574
8273 5246
6660 4541
5541 2243
2940 6587
969 2911
1134 7901
7250 1799
6312 9503
8834 1513
5702 2448
9123 636
7864 1124
9607 924
6132 3462
9031 7109
3667 7810
4519 7968
2277 8154
3448 6791
8553 3314
2999 380
5474 4683
8021 3478
8180 524
3791 4745
9822 1324
5747 4177
7718 2289
7903 5286
99 3186
1694 5893
8465 8114
5435 6171
9521 2891
4172 3996
9848 3516
190 8966
9279 1222
5517 6524
3250 8631
2769 8098
1618 4971
171 2297
6911 1244
5547 6236
3559 9891
6249 3902
1523 4901
4115 1652
9556 3384
8740 5496
2878 1149
2399 3772
6381 8305
480 9169
6456 9483
6601 2110
7332 3452
5053 6096
9910 6208
2953 3469
1005 4894
6989 5042
110 8762
7537 6728
6397 5118
2532 9305
2470 2818
5453 92
5963 4260
7938 7793
1807 5128
1085 6866
9188 2161
8482 6795
7858 4838
1416 6493
2132 487
4344 7939
3348 5933
3889 2307
634 374
7149 5242
8427 1027
653 5258
5287 8200
6980 6430
3461 8383
246 2916
5401 242
3556 9779
7554 1145
5096 6976
1074 1689
9125 4942
2612 5167
2581 9393
8370 9380
5678 1930
1552 5532
5842 5358
120 4940
4189 2587
1785 9426
128 6368
7748 605
2720 1305
517 5103
9859 6243
6546 4707
6585 7479
7132 4932
9564 9281
6117 9608
676 4392
9167 681
7529 6728
9008 3199
3079 7940
8470 8271
428 4255
2775 7033
2059 6233
6063 6130
5208 1577
3707 6954
2239 7294
5406 74
228 3572
5277 1031
9459 9812
7624 1323
2829 6225
3873 2141
3201 8666
6281 166
8718 5220
9155 3036
7034 8718
9022 9334
5799 4487
6060 5064
679 3559
4205 5642
336 2419
1523 9337
731 2136
2144 6395
4898 2246
3601 9165
1812 2804
97 5241
9917 2543
4956 432
6916 5667
2458 3202
8806 2753
7697 8455
7298 8496
5514 8244
5829 6116
1824 8716
4636 8781
6736 9251
8117 1614
8839 2377
8935 5764
2639 3558
5435 1460
6058 7179
8738 6996
3719 6167
881 7806
5470 8322
3636 4001
1446 2250
7527 8062
3460 6491
3875 3547
1351 7914
3566 5971
7816 4812
2994 6590
4768 5050
3620 7030
4836 7960
5478 2155
2782 7801
6944 6952
7664 2052
9173 5661
8626 4042
9443 2246
9843 8831
434 7319
9728 1590
2068 2577
2599 8994
2510 1203
8271 872
4142 1004
2098 6023
2480 9435
1858 7741
1947 2383
7980 4862
8208 7533
5315 7876
6136 2472
7242 4188
2875 8160
1962 9032
1920 6678
9286 2878
3707 4777
5482 244
8612 6209
3658 5920
4887 2860
4041 430
372 1587
3664 289
3942 8559
4215 6420
9789 8469
3914 9034
8799 8192
3437 5388
3281 8897
7742 8003
1288 8988
1337 2674
8286 1621
1445 8771
2635 4136
6710 5346
1544 8079
8884 8487
2206 4009
7757 275
4241 4461
2880 2661
8077 652
5325 2838
9366 1853
5535 771
9821 5450
4231 2977
329 2618
8966 8967
5875 623
164 3779
1284 3618
3573 9525
8415 6095
77 754
3315 4412
6759 6029
8033 3235
4895 6973
2842 2623
5820 8113
3603 3406
6554 568
6246 8887
1619 3177
6169 3947
5089 8274
1935 2352
2490 7422
9474 7511
9401 2396
5772 8249
6747 2134
4004 2495
2674 2760
5044 9180
4271 8076
9516 8783
9989 2299
4212 7987
104 4390
6176 4639
3043 6168
5730 3613
2533 8226
392 8557
8122 2895
6653 9085
5764 4010
6611 1408
1150 2341
7154 299
3601 1350
9469 7671
6938 8405
5069 5180
4017 8585
769 5243
155 316
2309 2079
1717 915
5561 4632
2022 9589
7005 7423
4754 4771
8111 1746
1898 253
8340 5143
9214 8106
2211 2172
1873 7600
6323 205
6469 7586
5321 3099
3550 7295
9908 6913
5900 2597
1916 6316
3871 9642
4555 6301
332 6321
3331 7065
4421 4915
66 2931
9974 9378
7153 184
1457 6484
2309 4449
8210 4564
4465 9280
7053 1484
5907 349
3217 7642
5364 5958
4882 5705
2591 1006
5975 6814
7476 6603
812 8457
7308 4158
7924 9473
220 7673
3423 592
9350 6748
6209 4748
6450 531
7346 4220
9847 4026
5490 5525
6328 9972
1324 4628
5755 4547
723 4060
3681 8398
2153 1633
202 2493
8376 8364
5550 1395
9023 4056
6320 6643
2868 1358
2929 9627
6662 9100
3925 2499
4789 3032
9753 2696
2418 3567
421 8120
2420 6479
596 171
2704 5863
2561 9960
7229 9186
1954 1407
4196 3237
3561 6350
1735 9334
7743 8815
6477 7127
3908 380
7052 1427
1595 3776
5606 6660
5425 338
5018 113
8719 8691
4042 5026
6920 7890
3411 5383
2252 3442
7599 3347
5517 4514
7605 2300
3830 3331
4569 4835
9777 9314
9554 916
6051 768
223 5807
9728 3207
2832 3870
5122 8071
2248 529
4671 4870
5455 4400
1393 5138
2712 6120
1400 3157
9630 9533
1321 317
3177 832
3303 9669
3178 8566
8185 638
4976 2211
1480 1670
185 7718
4770 5259
8758 320
6981 1529
5104 2685
6048 7312
7499 8808
8342 2343
7886 7180
6832 3822
2189 3999
1975 8870
81 6720
944 5026
5088 6250
5733 6197
8808 7896
7727 9046
3262 4189
1736 8351
9189 5092
159 7026
905 4133
6045 9202
3714 1346
8919 7251
5 9507
3405 9245
3606 685
2290 8884
6593 3729
1755 744
3627 8567
2490 5550
3531 6335
16 6667
1431 5988
4681 5933
9292 5973
114 4413
5937 2581
8251 1690
7931 4735
378 7304
4015 6822
4940 6733
1903 2602
5637 266
5422 1849
1369 2458
451 8270
987 8290
8424 6645
6753 212
1654 9373
5117 702
5741 7543
9849 1263
3853 9130
8668 3415
7887 6608
3963 7815
6258 9537
713 2822
3584 3858
8297 310
3949 6216
3650 5809
2292 8358
7902 4818
7559 6259
5824 443
4804 5663
9108 655
5753 5390
7548 6788
6331 7636
1955 3575
4680 3112
5792 5814
4284 1162
7998 925
9396 9272
8934 971
6601 6803
1203 1946
5731 5658
8365 1411
7115 961
5481 6263
5140 6220
6107 6106
3171 2489
5975 4650
4391 8423
4542 671
6892 3992
1052 2615
5381 7108
1369 2501
2630 4248
3273 9648
2449 718
1785 2083
2931 8403
7715 2220
3695 4150
4889 6698
9221 9066
6763 6464
9776 8927
4756 4837
8799 5222
9083 671
4339 7371
328 4503
1615 1233
8172 6619
142 5052
7881 7872
1274 7170
189 54
5624 4294
747 3662
8891 1765
5341 7417
7681 9935
5754 3619
9462 8380
5253 7435
1799 1835
8022 9140
6419 7305
961 9202
5514 114
6895 7189
8198 5803
8552 3021
34 1677
737 3947
545 647
2302 5463
9444 8684
5018 4067
2009 115
7026 9176
2621 7154
5751 1130
8715 8517
4878 7287
78 9974
4799 153
1191 3635
2796 6572
4195 7684
9569 7509
7455 6640
842 28
1098 1059
3496 1244
2747 5850
4991 2826
9053 6079
4030 2662
2043 1528
2565 2507
4697 1212
2044 5720
362 4667
444 8277
684 4665
3836 5999
6770 9798
4622 850
4638 6917
7950 8852
2329 1640
8488 137
7848 3780
3317 1083
136 4100
5409 3621
4914 3391
3136 1234
6634 2754
4016 143
8278 1261
5977 942
3988 6613
3489 9411
3655 1522
4495 9273
5195 7700
7250 5909
5748 2358
2373 4854
8778 5927
862 3103
8754 151
3773 7897
5474 6242
274 6416
5180 2426
3974 5057
9563 572
7662 7279
6098 9279
56 17
1085 623
6269 5697
5983 1624
8408 1365
3109 9429
1081 8525
5907 505
129 6638
7617 8871
3875 8021
2832 1089
4780 2587
9787 7568
4892 1989
4700 5268
6310 3774
8782 9976
417 5181
5977 9741
9699 4488
4120 6246
1266 5546
1402 2106
4886 8669
6730 476
7822 8886
1685 2419
6684 9791
1052 1417
2831 5988
4943 9859
8992 8376
538 9121
1338 7424
6137 5592
5732 5628
4186 7469
6957 1216
4356 2662
8724 9153
4262 7490
9281 3890
2439 1112
3986 1389
407 6992
6414 5920
3684 8619
534 1626
3663 2143
7651 2674
3928 3993
7090 3485
7825 383
9609 3938
3565 2945
1106 6879
5470 4518
1582 119
5651 8898
6585 159
3598 1848
6997 3706
4534 8004
5334 3911
641 6516
7990 7393
4494 5956
3352 930
598 3436
8862 5116
3504 7850
2509 6778
1360 983
9662 9616
6866 4783
622 3977
5935 4526
7836 8856
1718 4659
9304 3498
8631 5331
577 6147
3181 9010
5505 7098
4031 5729
7449 275
6086 7336
9116 5602
1211 7728
2508 8792
1866 2035
8766 7184
4412 3040
5006 7825
902 6176
6134 6768
8662 52
3672 7239
9816 9095
3794 3109
9599 9426
3774 6502
4796 6373
4719 8780
9553 3260
9425 1056
1025 7855
9864 8685
5975 8329
9188 5396
7769 992
1091 4803
6021 2359
2396 2697
7333 7192
9243 5411
3383 8555
8469 8758
6626 3931
4567 3011
6628 7148
6104 557
9179 3452
7015 1647
8898 8321
8605 6062
8039 7191
8408 5550
1330 1820
9172 7262
6757 3737
2348 3018
3542 4310
6963 2467
2698 6205
2131 1461
1931 238
9795 4845
285 3645
9103 9835
3393 7315
8077 3273
2003 4457
8221 7249
4643 404
2171 9446
7474 9810
6017 9421
3382 8599
252 9474
1266 230
9360 6213
754 5744
3676 6219
9154 7983
3889 573
9684 510
4598 4903
9651 7077
4819 9979
7693 5808
7449 9141
6644 2187
6603 2141
4818 1736
7445 8342
5327 2827
6479 5899
8175 5938
2120 859
3726 4254
678 4685
9280 9349
1032 4453
7878 4315
4803 2625
1613 611
1044 4231
8175 9594
3106 7106
2623 5449
6496 2390
6983 8097
8537 7220
7533 4209
507 5691
7154 5559
6883 5968
1921 5782
4698 4725
9576 5479
5951 883
3176 4925
4105 2271
7001 539
1245 1497
1679 5534
8080 8108
6209 5888
5579 8798
6290 8503
7640 6007
4740 6741
1793 3242
5116 6220
1998 8495
6879 3216
6919 8045
6571 2850
6071 105
3975 7519
5599 8049
2627 8693
9558 1734
4078 3132
9927 6318
9341 8311
1902 8229
1432 6256
2622 5564
9730 5459
9321 8789
3712 1077
3579 2444
1133 3771
5228 372
9319 5641
3179 2397
455 5778
8687 8794
7434 5642
2005 9333
2268 8317
1181 352
5686 7912
7453 907
4004 4576
7464 1573
6028 7161
186 7222
9014 4262
4493 8049
3224 4925
9467 4935
3090 2928
9744 9734
399 2183
7986 5077
1627 3220
351 3711
1412 8608
8019 1680
5413 7194
9038 3878
9395 6470
9707 3504
9935 7785
669 9421
2403 1754
3355 5804
5177 2586
2092 8316
8753 9994
5138 5788
1150 4691
219 2581
6095 3719
5659 8749
7034 7751
7540 4303
7271 1335
7697 1093
1085 1303
248 1705
3259 1657
9635 9939
3382 2290
3797 2022
8315 8423
9959 1114
3592 6028
5143 1917
6458 2582
9956 7648
9449 1739
4038 3067
888 2164
9144 5010
2045 7109
4735 6997
7597 2678
7848 1462
4421 5694
9492 5733
1050 4401
2048 7725
3701 1685
3323 7911
2917 9304
2107 1272
9399 1601
1308 3126
650 9385
5110 4642
9394 7296
6226 8168
5837 4540
1941 4208
2360 2614
226 4450
7665 8463
914 8521
6406 5695
6342 8655
3332 6495
2418 7347
5779 8404
4677 9023
3000 9310
1196 8787
8721 7473
553 1656
4914 6718
9197 4166
5511 5004
1924 1423
8779 7754
6531 7080
4257 5262
5571 250
8634 9562
7422 4475
9740 5153
5862 8856
967 5182
7167 7824
1737 5238
2993 3123
7824 9147
2939 8821
8290 3519
6512 3907
1335 4411
9038 9947
4729 4407
3451 8317
6364 4436
9974 890
274 5267
5579 8487
3995 796
6378 4540
1347 9952
3517 4575
328 3870
2939 895
7208 2602
3829 4279
2322 5213
8738 7518
2575 5702
7869 2671
8558 4900
9867 6940
2933 6123
4396 7213
9039 736
598 425
7572 8313
8991 8509
982 3325
22 5638
7597 3890
985 3517
7325 1163
3112 6226
6643 2029
4167 8922
4946 9508
1219 922
3805 2417
4184 9468
5263 4419
4664 5069
8684 5939
9947 4835
2098 8445
4810 8969
8596 81
4177 7447
9738 8762
7998 7073
1058 2703
8441 9675
2869 2813
4938 7884
7342 3825
8673 7976
6457 4806
1020 6101
903 3448
4981 4922
1769 2212
7931 3669
8539 981
6081 7496
2972 5271
3512 7092
3487 6634
8752 1491
5145 5965
7914 1495
8115 9095
4095 8051
2262 695
9729 613
9008 4476
7485 3478
158 6100
4521 8556
628 6881
3785 9569
2801 7673
140 6284
9670 776
9484 3643
2080 690
3925 9615
1038 6197
5261 129
5564 7315
5043 2663
6726 1494
1170 9583
1810 6277
7903 511
5948 879
5162 9640
1255 535
8371 8210
9696 6642
3462 6524
7247 967
7099 1230
4696 5123
7162 3954
7166 9373
8279 9832
5297 2560
9249 8772
8526 4553
8394 6405
5595 6428
9102 6703
2855 2913
1269 7340
884 7839
56 7953
582 6780
1665 7191
1421 2963
36 1908
880 8614
4083 2738
1470 4487
8777 2778
780 6620
5282 2311
1088 6261
864 2782
6920 9014
7624 5880
2918 5040
1702 8596
3658 7136
7814 7233
8653 591
2513 502
1200 3831
4632 4909
1635 4919
7375 1574
8197 7198
3093 5062
6445 8057
2591 1533
1832 7010
6795 9187
4480 8408
8782 1296
6854 852
3087 2612
6878 5307
25 8540
6871 4455
4673 9278
99 6842
5813 1565
9500 4445
827 222
2939 9002
1288 1783
5784 4424
2093 4746
5831 5161
4433 4222
4918 3566
7624 2397
4525 4992
8160 3477
8525 8345
3706 3076
3291 15
1334 1087
938 7541
1680 9418
6586 3836
1580 9387
894 9706
5906 1088
1556 8645
2489 9473
401 8547
1295 8071
3512 6867
1063 1937
7238 2828
3338 6932
9323 5055
7522 1122
9387 2944
299 9457
5557 2329
5317 3551
7319 8480
5495 9009
4048 908
8431 7407
2829 2758
6053 750
8921 1132
7182 8289
8222 7950
160 7232
1277 4316
7601 2976
3819 4131
2702 8801
4287 5154
3884 1674
2002 2701
722 3061
7836 940
242 7494
3539 9341
8561 5303
4575 6545
6407 567
1050 9240
1960 4840
5418 2252
3217 3965
8962 4419
9534 4069
3442 7104
5253 1051
8317 7803
2255 685
396 1835
5618 6787
9 8053
3672 3344
8785 5973
3153 2885
1416 4062
8192 7932
1094 6883
8710 1194
787 9565
7288 8097
4497 4755
2212 6846
2300 6060
6305 7384
7910 4199
9681 1346
290 1914
3089 3128
2120 9433
641 2609
4416 9204
5873 1544
4183 7568
3814 1254
3310 5707
6443 4467
9322 4030
1295 1181
2426 5666
7191 7490
4927 2134
1295 1966
7710 9401
838 2158
7639 3147
4514 8863
6444 8340
7222 519
2336 7275
5358 2675
4714 8400
2617 6659
9924 573
8598 9736
4932 5129
6597 7184
7331 8140
8454 4532
4150 6082
9757 1852
370 430
5749 7048
9510 9799
813 1947
2110 4563
3635 2923
925 9928
3192 6340
8047 3258
8194 4091
3465 1987
7558 5985
7830 258
584 454
5367 544
6486 9269
3009 6802
7617 1549
1912 9516
5390 5615
1856 5465
319 9814
4702 8613
344 923
7758 6122
2046 9124
831 8563
7595 7127
3690 5622
4447 1002
3050 9367
6679 7279
9177 1559
3281 9214
5747 7151
4610 3784
1608 9027
6910 8912
6555 3141
3659 3115
5763 4955
4859 1019
5067 6328
1874 8778
7668 3908
4381 9840
8142 8455
5432 9291
9635 6643
2216 3152
2788 1921
9627 8816
2194 6094
9121 5844
5807 1854
2800 2665
3226 6791
8775 3248
9702 5223
7453 3201
8309 1936
4631 2775
6924 3949
6121 2317
5623 6543
3154 4847
1295 9863
1909 5471
6786 3256
6105 8810
3795 6029
3856 1006
3357 4748
4824 228
2261 8250
4483 664
6918 8694
4991 9187
1476 3504
2284 8312
6339 4679
7985 8063
9372 3936
3734 972
822 8481
5579 9759
1400 9320
5735 8297
4860 7233
6127 3871
964 9700
3679 6650
7911 3192
5840 6834
5126 5901
8967 4631
6685 1283
4692 9346
9532 8784
7967 2816
8727 7743
2997 3401
5808 9164
4938 5805
361 7532
9952 9884
7747 1067
1275 9412
87 5912
7011 2364
3407 1490
9609 360
2629 6670
8584 3886
5553 2379
7996 3621
658 2473
2945 9234
3426 5769
4277 7109
9551 4970
94 8022
3139 6069
2050 3873
4605 8009
1654 2832
9581 9141
4179 5736
6531 5184
8648 8425
8991 8807
4200 9206
2671 2278
37 7458
3444 6010
4412 8749
2225 446
2472 7423
8377 9651
1637 8790
2308 9284
6441 2860
5992 3304
7245 6305
3129 8068
6648 1497
8809 265
6611 3680
120 3941
1263 1839
433 2278
5498 3335
9736 7947
7948 3851
6115 6459
3776 3268
1300 3345
1619 6879
2391 8610
3180 6301
995 1581
1040 884
1251 3960
905 6071
3819 9573
7837 6183
267 6808
965 3716
1800 639
5705 2439
332 7626
8052 7998
8862 5774
8448 3288
4352 5929
3021 2292
4985 123
5154 4356
867 2946
174 5288
8309 6399
3435 188
7096 7084
9631 4392
8162 2411
6423 667
9785 1178
228 3238
400 3462
8830 1895
3143 7696
7881 5125
8368 5218
1364 952
7888 9465
7965 3843
5565 5321
819 6117
8190 2521
3404 9698
9565 5434
2679 9713
7714 3965
5594 6990
2128 6191
9649 4254
3123 9231
7593 4456
4921 4637
34 9087
7924 2847
4203 5125
5594 2777
7673 2168
148 2522
2759 554
2265 7522
2755 9499
1689 4530
8594 9814
9284 2480
2784 487
8091 5448
3119 3512
8108 205
247 4001
6903 6266
4978 1579
3522 641
8914 3057
5238 1104
8698 4763
2171 5304
57 3281
6163 8360
1782 2476
6002 2463
7776 4748
7337 1300
7687 3599
8592 8344
8227 7916
825 6684
7248 4936
3632 2229
6523 782
2028 7810
1489 6911
6551 8327
6145 9887
2802 5640
3933 4908
1331 1367
7903 4239
62 2903
9159 9550
2987 6999
4474 7521
6828 833
2844 3272
1969 1665
4020 6285
110 4410
7472 1452
5749 7481
9540 2712
5645 4826
8191 8906
7105 2058
928 2535
5967 1332
317 2708
1178 9466
589 4043
7910 8185
2126 373
9840 6340
4078 2481
1640 292
948 6850
2351 2514
5561 298
1238 8324
2121 3384
478 3048
1406 8558
4880 966
3584 8089
9962 5468
9796 1823
299 8927
3180 4946
6228 9217
3985 1013
5005 464
3908 1462
492 3910
8162 5827
4460 2344
2351 1656
4313 2124
4602 5681
3062 9670
9348 4524
879 3829
2846 5618
8899 5734
4387 3901
9793 2641
8451 6773
5901 5982
9075 511
7534 6018
7208 9224
1869 4400
7597 4498
3575 1881
4917 7576
4013 2627
9297 5910
2157 4532
9757 9576
1794 8116
6129 4540
61 384
3287 8158
8879 6453
1466 6340
8667 1395
28 6669
186 8073
7191 7388
5598 1826
86 2798
9088 2053
7387 1827
9574 7565
5970 4595
8746 1823
7876 9350
6838 8252
7100 9963
4296 2489
8103 7415
2534 5076
7325 8856
1583 8325
7088 3491
6201 7151
7429 5955
4459 2096
9630 2688
1723 1232
8032 6466
6271 1966
8236 2240
187 9728
3433 9152
4359 7614
6154 6604
2003 341
6809 4103
1121 2521
6716 3711
6663 1287
9230 8334
1042 5513
2777 9565
8717 120
8818 5824
3120 6273
7706 7684
6975 218
4436 7233
474 9188
640 4942
3556 5076
4077 2546
7500 1943
7323 7316
7018 976
9109 7183
9656 427
285 3389
1968 6595
7502 227
2954 9796
1122 686
6036 6260
9534 6769
8608 368
997 1395
9221 4656
2105 1940
2820 6626
8965 6473
684 5543
2280 5736
2536 1074
6018 1298
5729 1234
9996 6064
2269 4513
7521 1882
7574 8921
952 788
5236 2265
6694 3331
6756 2444
6026 5590
2615 9476
2372 704
1223 3917
7398 6966
2830 7533
8928 146
1154 5592
3355 3724
6572 385
4697 7122
2719 3203
1251 7451
4378 5687
4296 7920
7542 6409
2496 6862
8313 9170
9761 2796
5740 4486
6871 2486
6749 1068
3808 3618
7353 5926
4072 5693
2616 1090
9222 8894
2265 8201
8224 7848
7050 6591
2860 5239
5965 1425
5993 8773
2562 2252
3676 5386
9744 4646
686 5530
1112 7500
812 6305
1562 5097
1725 8310
2432 8730
7478 2127
6313 4797
199 136
45 5091
5734 5738
1916 935
8343 7317
4047 8465
8462 1337
4450 8086
6115 5541
9838 8815
4777 6179
2557 7013
6918 1987
6984 8654
1443 9428
3161 9102
3779 3921
1863 1365
17 2616
9445 5323
9054 3474
7345 5902
7167 7024
6110 3815
8389 3931
8769 4512
8022 7258
1729 6146
8508 4273
1552 1869
2428 9307
8686 2406
1975 3807
8673 1703
1018 151
3055 8044
7742 7289
7855 1382
9735 1220
4440 9618
7330 4370
4695 4266
9842 8455
2874 412
8433 5916
5593 6484
4391 5477
4798 5159
6806 3284
6312 7990
1451 9555
6898 6124
5401 2102
1665 6084
8032 6334
5594 3509
387 138
7514 3927
5321 7427
2853 6727
939 1268
9012 2922
5022 101
3160 5792
2238 7144
9971 4035
6567 7197
2794 4149
2757 2305
3422 4598
2304 432
5257 7168
600 6935
3869 962
2649 8266
9210 5452
5591 253
8744 1457
6692 5337
6557 9924
1283 5645
3556 2532
6832 4605
4354 587
700 3644
7167 9094
4047 5715
2499 3300
2364 6216
2809 6908
7594 9800
8456 8730
8784 744
3038 6569
4125 7420
2843 195
4137 9661
6419 883
8453 5551
6906 6837
8280 5706
1042 3368
1198 8441
471 5391
3014 4542
6071 1072
7528 5426
7192 9983
3421 3093
65 1846
8472 3354
5731 2031
5489 635
2138 8368
4046 5149
4892 9459
7494 4994
8431 6461
5424 8662
9260 1765
432 2421
657 1616
8758 454
7625 5591
4005 5892
9209 2610
1200 9747
2045 4042
6661 3466
2686 2209
727 1645
1546 1099
1574 825
3266 3420
2452 9493
3071 9456
5513 3942
9028 7036
6022 4356
3954 435
7636 2905
6156 9227
4323 4564
8412 4356
6764 8521
7508 1935
6465 3902
7696 5469
6319 1693
966 3359
4421 9237
7374 3602
9290 9185
2322 5457
326 7288
9833 2482
7807 2916
7043 1137
8474 4037
509 9752
7025 6231
5282 4709
6155 4106
7474 5524
8331 255
2330 2501
984 6087
205 2528
7272 7
8917 4026
3739 8312
6947 9759
4177 4799
7041 4963
8068 535
2341 7810
3829 7332
338 6254
6650 291
7220 4012
3238 2816
7444 9603
6918 935
8336 7893
2646 6581
3243 9140
8609 224
4709 9311
4008 258
3613 712
2614 5845
2097 8233
6638 9646
183 4190
9199 1873
5882 3807
7089 7064
3622 4860
4769 4304
4463 6040
9105 1891
129 3712
7635 9903
8467 5939
1369 838
844 8983
1793 2529
1750 8574
3867 2578
1999 1137
6671 6426
4539 3143
8501 6646
1390 4447
9738 1125
4187 1310
9218 6014
7715 2329
2319 1190
2850 8422
8312 7496
9908 8407
6188 9292
4763 7111
5925 9975
4539 1622
7398 3719
9024 7369
6433 2307
2216 6508
2912 6548
8077 3553
2354 5610
9893 1467
4807 9349
6567 7639
3643 8994
596 2763
8818 9942
7685 2906
3146 6675
700 6848
5242 5256
2392 7292
6496 814
9711 1670
455 9688
3376 1214
8677 350
6041 829
8475 4339
9880 1881
6718 824
6808 4087
6749 9143
1682 6664
5036 854
2225 1548
7798 6842
1415 330
8054 4329
8832 5330
9620 3679
4717 7504
918 1399
7323 7492
9463 555
7833 2371
2565 2598
6477 8200
4657 1176
2655 8402
1687 3778
7574 939
9769 4820
6526 9002
256 7841
8758 9260
270 3392
1023 337
5244 895
2707 6348
3921 8201
5583 6680
3868 8606
5184 3794
9598 9114
9851 4011
3246 5011
2995 2975
722 6118
1908 443
7785 6172
5853 5118
950 5147
7607 6441
5842 3619
2188 2885
8333 4535
1640 4899
4216 3815
8579 3117
9809 8253
1105 7165
9126 3683
6264 8245
4733 942
3811 2857
4275 636
9046 2568
319 7553
9966 5076
5186 6782
1392 2650
5651 1857
4744 1077
3924 9850
7678 7637
3016 8728
9719 2968
4385 7167
1966 2103
9588 1494
9243 3094
1681 2458
5406 2312
7436 4284
9776 3777
3482 1895
3408 3232
7564 8986
6652 3302
2110 4338
6267 1035
456 6161
8804 174
2751 2612
251 3966
7700 3309
4734 7246
8342 384
6949 6578
3183 4856
3524 1191
9415 5513
8969 7810
5792 678
9402 9534
1521 6625
1142 3592
9941 8074
7900 786
323 2356
6927 6581
2545 6265
8143 9914
9632 8066
3106 8688
6085 3905
1151 9607
5800 2054
8768 1471
1902 811
7189 3241
747 525
8519 5137
347 4407
2940 7378
3357 9379
9916 9586
826 2136
2107 4451
5306 7602
5496 3257
9638 6123
4921 8028
2351 8932
822 6975
6010 5738
4196 3077
7644 7424
1204 5457
1058 8974
3947 4124
6778 979
255 449
8758 7796
2318 3284
151 8704
7350 3313
4743 7008
6053 3248
765 229
6669 2742
8557 2959
3883 3536
3444 5221
4995 6289
1501 2339
3583 1817
5718 7839
9090 4780
2555 7281
5302 2995
1639 4937
6642 3090
1159 9734
7724 5538
1236 3490
6376 7325
4274 1397
2225 873
4372 9519
8334 9273
8323 272
8219 6519
3919 9063
8623 307
3615 902
3094 4184
8701 6309
3808 2150
5452 2344
9614 4345
4449 8850
8617 6075
5075 7468
4216 519
233 778
2315 6901
712 9210
2109 8443
1736 2743
7699 2324
3489 8159
3907 326
9755 7793
9884 5755
195 5767
6403 6453
3230 8435
2959 1716
9571 4381
9858 9310
6444 4417
4300 4878
2007 2803
5317 1684
7167 4630
5210 7388
5852 5842
6179 120
2635 1550
2225 2592
784 8427
8717 6304
7686 4690
1838 1203
5842 5619
2699 2893
7208 2535
9130 3148
5977 5472
3681 7795
1525 8410
7850 2658
6390 2994
3145 7358
698 5175
6766 78
3959 6995
7035 9763
4994 4883
9837 2989
3044 5468
3002 8970
9832 1494
5830 2438
379 3143
9143 2242
3023 8229
2476 1914
7867 5870
4490 2447
1073 5563
6293 6197
6744 3016
8431 5724
4795 9327
1001 2603
4733 6519
3357 9071
5002 2254
2815 4884
2729 2135
8824 7501
9430 361
759 6433
3816 5980
6669 8854
7003 2401
7501 9751
5666 4397
2319 2048
4646 9864
6159 2570
2037 4384
7835 3745
428 1948
5441 8753
7362 6479
1167 269
8208 3953
8438 1883
5546 995
4730 4340
4838 6955
2418 5330
9168 9888
268 5386
2476 6018
7379 9193
3026 22
1343 4419
8355 7186
9953 6564
6885 8804
1336 9176
9669 8271
389 5824
9616 5447
2880 3334
7688 8068
8115 5254
5815 3806
4888 8020
8957 4612
7025 6160
3831 6003
8457 3360
7092 4869
6411 616
9276 3730
2885 2158
996 1781
3153 5581
9153 8167
6240 4883
1875 9429
1711 8026
802 4443
7422 2819
2155 518
5684 9385
4896 9308
8024 4875
1119 6440
5586 6150
8395 1009
4253 3883
8480 3766
4182 6253
1459 5887
1619 9917
7811 549
3210 8238
6930 6029
6939 5790
3373 5359
4134 7156
4219 1646
9956 8994
5591 8309
9855 336
6067 8423
3532 5068
7676 5245
4070 3171
8020 9737
5533 1066
778 5646
9200 7938
1578 4147
7603 294
3476 6608
5524 3405
4287 1946
7447 826
4726 4040
1187 6435
653 4997
6190 9819
9496 2764
9423 3875
2763 9301
3551 8877
6837 2641
2325 2883
5836 2655
6422 3872
3912 407
9063 2146
7896 8961
7207 4223
3865 9380
724 4619
5564 2001
3867 5209
591 2151
7728 7372
5486 7362
8846 2037
6499 8303
9487 606
5040 8600
216 5240
3704 6659
4992 8233
4000 4249
3912 5525
6953 4230
8514 677
7724 7653
3976 2763
2505 382
9011 8602
6687 5596
4669 5169
6826 3688
9332 8665
9072 8041
5621 9551
8206 6994
110 32
4076 3166
7757 5293
6433 893
2736 126
3703 8903
9152 6957
1509 903
6853 707
5567 644
4110 6689
4326 687
6881 288
6043 8984
3414 3364
2045 3709
7055 1805
731 1041
9923 4717
740 8000
5672 5370
3029 7809
603 9027
3512 304
4734 497
9448 8685
9302 4206
6869 782
2648 2996
2436 4858
8372 4775
5596 2434
5924 6097
647 7152
8018 2334
800 4205
6131 135
5640 2027
5811 1041
5281 5886
9071 2967
1951 2142
8997 5260
6304 6332
6309 6741
623 294
5695 3224
9884 5736
7661 1208
2655 962
1413 2243
4566 1138
485 2467
6502 6188
6784 7838
2854 8749
3622 147
3425 86
9012 1572
1999 1287
858 1208
6 5194
9251 1836
18 6550
434 6441
7455 6021
2442 124
3973 2382
8207 7816
1372 5075
727 1445
3761 9568
1629 8505
1030 3947
9494 3128
1697 2857
2135 7581
4544 1213
9660 8043
223 7313
6111 2993
9170 3757
9078 7546
5145 9313
6806 3562
2516 8140
2477 1445
584 9122
1111 1519
5733 9772
9067 9715
2732 7870
7924 5788
3413 422
511 4515
128 5072
5936 5656
6083 4107
9445 8972
7117 4165
1222 8194
5374 2796
2931 4229
3415 7972
9579 2778
9579 3522
8022 794
4234 6390
1917 2659
1760 2115
8375 6361
3059 8739
9725 7443
4960 3692
2493 8228
6748 4647
3286 8082
5862 7506
7614 1044
494 5747
4983 3216
8434 2429
9024 6458
1039 4891
2364 5737
2487 9123
8876 8840
5361 3643
1172 1101
6113 6079
558 5865
9091 7282
7273 9481
1521 2849
9221 5626
9392 222
7664 6422
7421 1699
2985 574
2690 8118
8520 8344
4379 2188
3373 8708
9393 8020
9716 5008
1802 907
2736 6595
3822 220
5709 6329
5228 9250
8773 5559
2293 9477
5048 5078
4826 1956
6392 0
770 3845
3158 268
6223 229
9218 6840
4020 7925
6642 9800
228 6982
4357 5043
665 5782
6962 9000
220 2677
5523 8194
5211 8950
362 5589
2892 555
6649 7937
9375 2532
9059 6335
4622 9555
8516 122
9713 7230
6276 3359
5884 2195
9382 1443
4094 6069
8225 4427
884 4481
7822 8859
7555 7283
1167 3548
6644 422
8270 74
4886 4186
1644 8557
3435 3509
8395 9266
2006 918
8040 8392
4277 7322
2895 9349
137 8773
1703 3522
5346 6206
1563 3125
4778 5731
7593 1891
832 125
366 2388
1340 7315
9226 8097
6713 1371
53 1650
246 5806
7995 7943
2246 4458
7213 3307
3831 8420
3054 7361
444 629
5440 2815
4828 7007
1956 7499
2727 979
9914 4024
9396 3490
5533 2320
5202 6290
418 4171
4520 1506
5049 1863
545 5707
5781 484
1261 3266
9966 5537
1336 8175
4119 6128
2951 9993
4222 4633
225 7474
9761 1295
1414 4523
7556 1567
4439 7833
3096 4827
5311 6235
8305 523
4900 458
3633 5569
3404 2549
6548 6775
6945 315
9122 9404
9721 1121
4081 5006
3769 4035
13 8355
3446 9414
6125 5026
5956 6827
9851 461
7002 9584
1944 9326
5394 2109
2223 5647
6925 4506
9960 52
8839 1480
8194 7882
8991 1735
2687 3454
5711 9349
2714 9287
4630 3758
4983 5567
9956 1207
7411 1932
8688 419
4655 9723
1142 2272
3686 8235
8297 5445
374 7701
7881 7004
5440 9588
8347 3075
3723 8250
5148 9741
3953 8788
6656 188
4543 1491
6410 2004
6830 1035
534 9708
6218 54
4796 8900
4491 7516
5453 5138
6913 6492
8991 7076
9717 2660
4809 2469
2719 5972
7935 6509
7411 6886
7738 8187
3602 440
3232 4740
9962 6279
8413 1634
7274 7987
8328 4956
9118 4247
6877 3122
4835 1449
8534 9395
3076 9461
6369 2575
7011 1777
5719 5137
4253 3171
4633 6459
4664 3442
5181 7822
8368 1504
3843 3603
4750 4781
2292 5050
3827 3177
7572 716
6663 3092
2179 172
6149 9029
1358 6433
635 3673
957 7095
8232 921
1870 3482
2931 6755
3964 5353
7888 7829
343 6407
2951 5659
819 7224
1065 2222
9984 6880
9632 256
4963 2240
3474 2398
7799 408
8168 4257
3283 6281
5913 1352
3219 6546
6513 6834
7288 923
6456 7024
2179 3492
5439 3044
2329 4950
4491 4060
8552 2906
5586 44
3554 3792
6281 7354
8061 1469
6414 1617
7097 8969
2165 1148
8630 8504
2598 6886
819 6389
5369 5973
2725 8299
3216 5
1820 4073
643 8381
1261 8586
8028 7780
2119 9597
3524 5472
5173 9525
1777 8544
8789 5290
93 684
1399 4877
5132 6251
2549 8366
2882 7078
1731 4794
3713 421
2272 9957
3688 5230
626 3673
1163 1747
9729 135
6263 2470
6741 6799
4962 9357
7514 410
9213 3914
401 8929
2422 5634
8196 5161
9337 3042
2357 6408
5605 4366
272 1850
357 702
8221 2213
7217 7384
898 4498
5263 8691
5607 7002
8735 7948
9896 5578
8227 4483
2330 2222
5809 2513
1777 6316
8054 5258
374 3685
6745 1971
7931 3453
7230 7200
8596 6338
2358 8702
4439 9194
8282 8828
3499 9436
4925 9500
694 9551
2809 5634
6245 6700
3676 22
261 3894
1000 5917
5394 8736
9003 7268
9947 6605
965 4374
9911 1842
6682 1587
4211 7537
8969 1866
4216 9142
2384 4068
2774 7327
63 94
9331 4976
6241 9211
4444 1831
1626 620
9870 8190
4471 588
2064 3177
9323 5439
4569 514
4423 6228
3283 1704
2728 2266
9335 5146
4058 5037
4375 3843
9712 653
5066 6864
7008 905
8556 3366
9916 4496
945 5576
4942 1880
1209 8583
5447 3081
9739 6724
6034 1064
6968 3106
3359 8979
7269 9404
3109 7633
4322 5235
1253 5749
9371 7897
3677 2932
9289 822
2383 8653
6779 1848
9623 5263
2194 9734
4641 1634
9231 1739
3184 3957
2069 5944
6248 3217
2202 7630
2847 4406
5163 8705
7174 5380
3581 9732
6476 9342
1515 9581
5844 4338
8511 5495
7040 6306
8530 6000
5360 7952
3283 7484
1068 5563
4232 3293
8514 8503
9078 3725
9151 9427
250 1983
4144 3996
3629 4361
4907 7106
3669 7177
9775 5896
6537 6702
9110 6613
968 1763
1996 8822
3475 8750
5923 5786
7157 5704
7290 7763
235 776
2119 8987
4316 3100
9523 5887
9836 1059
9352 8273
8178 2995
6547 2356
1534 7082
7521 7706
1217 7722
987 9523
5090 6367
6534 1064
2078 9216
9615 4337
862 1426
1801 4777
8227 7907
6672 4672
2864 3744
5596 5922
3226 5026
7457 7601
8143 1559
6664 978
4035 8327
4334 4579
539 7451
809 3924
730 1494
9582 629
3504 6402
8648 7011
8265 6978
6074 7836
4346 2536
3944 6396
6739 3577
9792 7570
4652 7567
9087 3366
3057 2864
1176 2150
6488 9025
426 7158
9670 2395
4611 1758
9752 7192
15 3308
9215 1333
4630 2734
5641 3874
7214 2609
2847 808
7579 488
6733 2538
4397 3122
3446 2980
141 781
1780 9318
8482 2528
2010 7471
5096 3492
672 3474
4179 5461
5104 4429
8214 745
899 9756
2627 7290
6984 3428
471 5319
5177 8569
8251 2356
8118 750
7637 854
8267 2934
2784 8929
1162 9581
9874 5932
9810 7997
9692 2030
7914 2170
8226 7514
1178 9148
8836 8595
7768 6638
245 5487
3823 6622
1958 9173
3908 7084
7826 1077
8888 9953
1653 8952
6818 1955
9816 4461
3959 696
1085 8897
3200 7377
8503 3256
6935 1353
3685 3843
5901 5989
9195 4672
4787 9984
7061 4883
7228 1160
2716 3893
9326 8717
9842 3162
8942 3305
3167 737
596 8135
6730 1859
7300 6921
9237 5287
9436 4213
762 7359
3453 2467
8630 2452
1788 3980
5674 5995
4405 7500
36 9917
6375 5550
2170 3421
5899 7136
8195 946
5093 6723
4050 1602
976 39
9801 651
7721 2895
3563 8706
179 5375
9612 9513
3162 7942
5698 592
4977 6653
7421 6712
7114 9796
7495 1510
2776 11
1808 3542
2546 1517
3512 9752
9294 9944
3252 1007
3482 7562
3057 3010
3502 1738
3535 7602
6577 3497
5442 7081
2652 5636
8118 6276
5642 4398
2838 8748
4034 6166
4979 7898
5906 734
3401 8620
1945 9081
339 1782
1755 1535
6345 359
5643 4728
1629 391
9650 3757
3801 4119
4015 2964
6784 9311
216 7980
2809 1757
9568 5802
9239 1163
5103 5292
411 2504
7169 697
4306 7912
2192 8385
2627 5138
5067 199
8132 1686
972 5790
5518 2961
9934 7384
1455 2928
1166 2204
8650 6236
71 6932
80 8814
9821 8785
4708 3285
8137 4369
4113 349
9645 5879
1632 2005
1494 409
6434 969
3959 358
3780 8043
1208 7196
7142 5719
9802 7276
4519 9317
5415 9193
6139 3368
2696 1504
3064 8867
7321 7399
7264 1734
9407 6923
1306 5714
9526 3321
7124 2835
5217 4298
6810 5100
7947 1418
3133 7997
1686 9207
1157 4614
5404 9957
3438 6722
9727 4771
4737 6849
95 5873
6117 4263
5432 9992
1649 4087
6572 1192
9200 3031
7996 8830
5786 5664
2993 2727
5596 3721
268 6483
9608 492
4250 9648
377 4094
2420 2834
7396 11
4622 6971
831 855
7224 5039
732 2071
7712 2376
8594 3035
5564 6366
6724 1344
197 3396
6961 1698
4239 818
2366 1890
9182 2773
6307 7869
4523 7028
6705 4479
1410 4976
2983 1353
2049 4245
7565 2093
5847 4972
7968 3882
1761 7807
397 2184
1301 3619
9065 7443
5400 1388
3851 4149
6098 1773
4088 7115
2483 2970
6457 7628
7621 2087
2592 9130
428 4381
1857 6858
2540 9902
9277 8881
2620 6825
7541 22
785 7680
1801 4644
121 6810
1360 4605
9584 7154
3859 2125
3608 73
8124 7239
3099 6407
1877 9734
2444 4730
9731 7537
2139 9059
7501 3090
1285 8816
7549 6019
4905 6704
9127 4737
9522 8878
5293 9419
4758 5914
9257 9166
1561 2
5440 291
4908 5298
3072 1086
7463 5153
8192 7729
6442 1905
3376 2229
4962 2920
468 9450
4790 7329
2373 7914
9404 8957
5171 4745
7025 2053
1410 6087
7171 2980
2191 6117
5514 9856
470 8987
1245 9998
1386 7069
2249 768
5729 3301
2805 9003
53 5979
3115 9353
1986 7872
9738 7152
853 6802
5277 1276
3970 2100
4848 6150
1346 4073
439 5657
2046 89
3571 5547
9919 6699
6727 9381
7654 2049
5675 7402
4960 3462
7811 3053
8972 3127
7039 3849
356 8725
2560 3075
4752 9006
5067 2865
3992 9197
2901 1029
8389 3940
6569 6524
2406 4803
9765 2453
1805 3676
6123 8431
5774 4659
8573 9755
4085 5367
3494 2764
4412 7608
7224 5487
4915 34
1982 3656
9037 4368
8779 9606
3539 4913
1802 3616
8340 2838
7252 5681
9361 8624
2264 3324
858 3009
1460 9274
6936 6779
7134 666
3154 9436
3577 1024
6659 2242
3021 5658
2244 8203
6757 3314
1761 2848
7147 5731
8159 3926
5479 458
2170 2941
6720 9079
9237 4413
1114 5184
4353 4462
7421 7931
6908 1263
1143 4669
2153 9745
3206 5719
5216 5047
1040 822
5292 7976
2307 5497
8577 9809
9164 7379
2592 4191
6925 6602
5423 8230
5151 1478
4974 722
379 375
7269 9680
5883 3782
4140 9744
355 2832
9938 8595
3686 8746
7296 9664
3482 5128
803 906
3060 2776
9467 7232
8694 7064
5730 1309
2066 7040
7437 1801
6815 4206
7162 96
2475 9766
2732 7680
8886 7887
6536 3655
1543 1026
9571 3094
9362 5932
6722 8613
7215 171
807 5262
3396 3627
5151 9710
7337 4896
8289 6144
9608 2548
1911 7467
648 4476
4991 840
4352 7777
2215 8707
2104 3824
9102 95
166 8152
3551 1944
3701 6484
7652 3388
4875 2647
1162 6829
8905 3123
3228 1175
4233 4264
1440 9586
1930 4829
3104 9644
9530 923
6989 9105
744 9086
2569 4016
5498 4704
6537 7348
578 1457
890 3035
4550 7328
962 3226
8364 4105
8596 5971
1208 7744
9714 4170
6864 5246
2773 16
3847 5330
1005 3638
2579 323
2461 5065
8543 7076
4550 1057
3751 3337
8741 2058
335 2723
6184 5482
8623 7747
8450 3141
4664 4023
7836 671
1654 4105
7053 1272
7007 5030
1716 8742
8772 503
2829 1153
1532 8393
6753 7463
6638 9307
8068 6840
7667 4940
3062 8173
7761 8347
1919 6308
6374 7216
5399 2431
8742 7798
9597 2750
7094 9514
7833 6941
7 6623
5473 1948
1206 9388
3938 74
9656 3094
9893 847
4364 4938
8336 3386
3335 7716
2730 7852
4990 738
6758 373
8455 5135
4416 7098
6372 3579
3876 2018
909 8347
7970 7599
2588 3748
2687 1146
9554 7137
1126 1527
8788 3701
2130 91
9159 6940
5155 2244
9523 4588
277 8299
5760 8312
3604 6292
2000 2147
4497 3239
8476 8369
5969 4308
3067 5332
2134 3161
3809 4556
657 5670
9834 2163
184 6586
3918 3436
3971 7330
3968 5877
3035 9898
3964 7401
1715 7880
9890 7286
3997 8082
4902 5448
337 8047
6208 9581
6853 1484
4878 8349
7270 4291
7794 4823
6556 3203
7462 8177
4849 1265
9151 1592
7083 110
7234 4886
8361 6707
9172 2744
9165 3033
2184 8216
973 5366
5841 8628
2694 5081
2309 8912
9138 6016
6430 6064
1202 5393
8050 6996
3893 932
2609 9399
7079 9401
5159 2255
3614 5487
1294 1973
3119 3909
9741 9171
8016 696
5892 8008
9842 9264
2601 2684
8693 1433
7182 6021
7561 3520
5313 7909
8128 7448
2717 4878
4104 4652
762 8118
1488 438
9365 6411
7629 8877
3793 3121
6056 4724
5708 3702
7884 9297
4877 4981
8134 1988
8572 6550
8429 8197
5561 113
7862 9433
2859 4415
2280 1995
6142 9347
4941 9156
5861 6920
9016 2501
5983 5929
3682 2127
2970 6073
911 9906
1422 3154
4315 8253
1049 4062
5091 6634
6350 5295
6978 5637
4206 8106
3868 2496
3775 606
117 5304
11 4364
1407 5817
3736 237
5869 1737
7064 6668
8527 2041
3109 3272
8765 3590
7858 4293
4886 413
3605 4105
295 3482
3113 3283
584 8252
218 1649
7020 6621
3158 3133
7859 1104
9688 37
6752 2783
5976 814
6797 6408
8109 6428
351 9584
6957 2264
9751 2709
2010 1032
1563 8965
9307 9462
9160 4598
4352 5835
6079 7297
2697 5550
5863 4132
9370 7101
8750 2949
6988 3214
7046 8485
8861 4866
6636 4232
5626 9911
4665 9468
4185 3136
6 4297
6386 9915
4577 4725
7047 2954
7504 3765
9011 1298
6129 1494
4784 9648
551 6917
9588 141
6533 4034
475 2480
1290 1538
5753 7317
8598 1268
2359 171
6358 4096
9097 7639
9784 2512
766 6299
3595 6057
9609 259
7325 6823
9838 4095
7561 2231
3439 4936
8531 6686
7915 4595
3509 264
9351 8768
5259 9552
4432 231
5284 3398
7932 7029
2398 6367
6538 3803
5864 3218
9366 6528
2048 8638
3642 1174
1815 9831
1951 1031
9884 1265
6233 5715
4990 4641
4460 1704
936 1013
1820 9281
6582 6557
7067 2819
6118 5437
4952 4260
7768 6628
3406 7371
1692 2327
9455 250
8020 1114
1772 4312
6388 6435
9636 5227
5390 9472
6080 1336
8048 3961
3663 8654
2006 401
1093 9188
154 7815
514 8750
5464 9108
2911 1546
3706 9736
4385 5061
4771 362
4934 7123
4207 8185
9157 7846
7458 7648
3031 3859
1217 4019
2261 941
3112 2767
237 5383
7796 8257
1208 6270
32 9918
7281 1787
8944 1430
8334 8737
3056 4600
4232 3958
2002 7331
4886 9271
3096 6824
1845 4400
5282 5602
4705 5117
8331 6380
1958 9338
5982 772
8455 3963
1205 9441
4949 4081
8751 1840
9352 6019
247 8362
8997 9515
8217 6759
3911 8060
3079 6026
6017 1382
8500 6544
1543 8335
9053 7594
485 7991
5069 5278
6135 1325
7475 5956
7202 1901
9236 1774
6613 8297
7893 4791
7864 5383
11 7059
4150 4528
2400 359
5640 2604
4718 1071
4220 6308
1155 1291
7238 7613
7114 7814
1799 9491
2886 667
9561 3363
5019 8378
7306 3967
8934 9828
5348 1625
2939 8586
489 4678
6287 3418
6299 4374
6545 2607
4055 8702
5214 6943
1141 8622
8772 5636
7197 9334
6267 9695
1418 5971
8122 9922
8436 5677
8439 1959
3454 5970
5162 3520
3737 4684
5477 66
1300 2852
3111 6359
8278 1098
7056 7094
5277 4835
9442 818
354 2246
1340 52
9175 5281
5995 8575
4371 8772
2690 8001
7090 1039
1418 9748
3609 8356
1945 9103
3055 8692
6890 9984
4908 6233
4119 374
3512 3090
5576 3503
7376 9402
8722 199
5887 1041
7776 8409
2652 7254
2264 6433
1281 5325
1052 508
6875 5732
6664 5062
1549 981
5221 971
919 8571
9759 5477
7044 5905
6302 1132
5929 1660
1301 4252
9499 4384
4453 4153
1316 7010
7603 1999
1040 2714
4845 6351
9256 4682
1695 9051
6895 6230
8149 340
3312 6744
6243 2788
5617 4882
8574 4294
2007 7443
7329 5043
4903 7237
4604 7729
9594 7363
581 4249
6417 144
8467 4579
1907 7684
7111 8925
2836 11
2326 6909
5357 9111
8556 7452
9817 2131
2052 9354
1974 2147
2959 9920
9808 2688
8198 2081
1487 6795
2813 5017
9340 1631
8387 1392
2653 2884
2740 7484
8976 7000
6768 8845
9484 7987
1078 187
8636 5278
2592 7454
1270 2730
7478 8793
7479 5220
2797 1493
4139 3204
4918 1761
9566 6587
5998 9007
305 2337
8268 6075
1947 2772
9208 8116
8413 9787
584 1844
1449 6828
2407 8607
9663 9060
8088 2764
2468 7143
5332 7927
6783 9440
3908 962
140 8966
5703 9521
9975 352
5207 228
635 5491
4263 2546
7865 7850
7095 5326
2146 6129
2218 8189
8442 2775
5096 8217
7413 2251
1768 4080
4135 586
9314 6286
7776 7841
2607 9432
429 7204
729 9225
7511 3006
8856 2122
5716 9671
6798 545
2870 8160
2520 2272
7966 3378
5434 3571
3140 2309
306 9664
7879 8420
2681 2991
9520 2988
8343 8292
3262 9195
1550 144
9177 8440
5139 771
8811 9151
8608 2508
8247 9165
1787 4099
8332 3946
4747 1630
4245 2450
706 9193
4729 7837
6141 3175
1487 215
5383 5548
9683 4369
4427 6873
3479 2875
2172 7922
9967 8658
9379 2647
7392 3404
2839 8447
6240 3468
8829 8932
3189 1160
7497 5478
9690 8402
6958 9405
9564 6784
7674 551
9684 5442
2872 902
5412 5623
6728 8472
8298 8490
1304 7163
5841 8442
7823 8598
3152 6798
2638 3023
5192 4999
3190 9515
5821 3235
2442 9437
9013 2672
3844 1352
9590 3885
8670 8312
1120 2583
5656 4399
5274 7535
2100 4572
5684 4487
5892 9656
6745 379
5925 1441
8377 4513
7979 6422
8984 190
6570 4712
4380 3200
6110 1964
9690 6749
6606 9300
5773 5212
4679 5242
1708 4340
7225 4454
2120 7965
4545 5759
5100 9072
4636 3394
3061 5173
5133 413
1820 4948
7841 6152
6936 709
6861 1564
8385 1561
314 5164
638 9986
1083 7072
8664 5717
2245 1092
4145 5972
1825 5100
4223 7405
3928 8347
3955 8601
391 5481
871 7779
385 437
3499 8729
550 5859
7272 2062
5320 3373
6334 6846
5328 7165
4296 1423
1669 4048
5395 8145
6509 3129
9138 382
9354 8512
4279 2175
2602 7599
6513 3523
5684 5768
6354 7303
8064 4113
7687 3209
3250 7707
3851 7657
8106 4437
884 4941
8466 7349
9020 8909
9352 3769
6430 337
6792 6460
5513 8233
4576 6404
9239 6991
1798 4152
3071 1024
6846 679
3619 1422
3579 9083
5766 5086
8889 6664
9731 4840
9463 3789
8428 6724
3670 7061
7832 8400
4470 6753
1284 212
6170 5456
2138 9875
5787 8346
1981 1235
5979 8476
393 2167
5234 5135
1712 2874
5662 7182
8642 1567
1479 1164
4519 9880
9337 8593
4872 8449
6613 6566
5718 3888
1639 9300
9236 989
8691 3595
4591 8904
440 5235
2903 9452
3973 3139
3542 886
3264 1614
8637 8854
4113 6621
9212 6548
984 6956
2406 2554
210 1303
4282 4942
8161 2092
823 8067
9426 4638
293 1352
5935 694
6146 582
9144 3212
4839 3979
8163 1133
8569 3042
3913 9670
4704 7831
5527 7805
8016 624
8055 8388
2022 548
3191 8008
9138 5951
5675 5862
280 603
8003 489
2271 4996
685 5887
1658 4667
4630 1492
4822 2140
3049 4212
4387 1011
6137 1097
7041 8446
2746 7903
9185 501
27 1611
8335 7474
3455 6964
873 4539
1179 5968
1986 9852
157 5292
679 8683
4968 5079
1898 1313
4869 7448
9435 2924
9432 2425
3453 7343
2244 2115
8944 1400
2628 9958
9430 5358
9092 9874
8777 569
969 4036
1733 2018
8038 7720
6737 2420
963 3625
8011 5122
3128 6884
7556 9817
2768 7114
7125 587
9562 7816
1879 2579
7188 7131
8968 1025
73 6927
13 9050
7383 3557
7981 4676
1181 128
2999 1498
1392 3935
9347 1748
2548 5773
2739 7309
8883 9325
6159 9768
1866 8749
7225 2974
5700 4769
825 6537
9894 7261
205 5609
365 4155
7383 4697
1671 3647
2334 8096
3349 5488
2111 4292
2941 3943
1476 7539
5954 4257
7596 2658
919 130
9245 2779
2904 278
45 1197
7260 4051
3890 7504
5605 3457
2888 315
5654 1003
7795 9155
9793 162
1961 5387
7324 5769
8852 3346
9305 72
4070 1268
6486 2007
6558 4441
6855 5541
9607 1263
8247 812
563 4042
134 3444
3847 6685
333 353
8196 3879
7617 570
3362 826
9653 1998
4915 3867
5167 3169
1506 2607
5193 8359
6334 7318
5530 789
2114 4770
2205 3476
7648 7381
8315 7871
601 5101
8181 9486
2567 4383
7277 8100
953 9845
6225 6453
1464 7782
2224 5035
172 7247
3556 5779
3771 7841
2634 7209
5565 9074
6972 9986
8506 3920
4770 2179
5036 7019
6617 7648
8482 7456
7031 6403
8993 1070
6317 3480
3287 6371
2173 236
1768 9088
1959 1907
804 706
9108 2306
8643 5588
1048 9719
6044 4488
2318 9468
3762 459
5784 9458
9019 3116
2811 7781
6519 3041
289 7209
170 4846
7690 2574
9254 5889
5659 8201
9023 6357
2687 18
1574 8998
7087 7744
4348 9958
1854 3060
4481 8459
970 4439
1265 7329
6061 8421
4337 1771
4249 8985
918 4241
5776 7721
627 7298
4552 9429
6019 2327
7515 4466
4474 1842
5863 6612
2464 3698
4289 8776
4787 238
3235 1355
3339 5923
5496 6468
5927 351
9213 2154
6816 8815
4249 2197
608 5803
4916 3703
6426 2411
6879 3497
504 8570
7201 2602
3772 7576
1479 1855
2036 7544
195 7278
5262 4661
2670 2470
6256 5876
3355 5646
5694 6064
2481 646
851 4949
5298 5426
6160 4431
9284 3998
5810 279
5484 9564
8400 1686
788 4734
8942 4095
6461 519
3272 9303
5310 4404
1873 7307
324 9282
9344 3603
2009 5095
6659 9141
3151 8546
7080 1373
7830 2396
8762 8500
3711 8914
9218 991
8357 8455
5667 5935
9951 6012
3961 8314
4405 7676
4605 3535
6892 7093
9365 7426
5342 2726
8291 2997
5354 3377
308 5160
2735 1335
8448 8446
9183 8831
3493 7512
5362 5077
566 2395
2125 5459
1059 354
9676 5837
7314 9125
788 7213
7922 3309
4182 1988
3621 1695
448 7988
2703 4256
4822 6898
6742 3734
2046 5319
9224 1649
9838 9455
1502 5096
5003 9861
7006 7990
6989 2923
5014 2190
4152 8986
2199 1851
9741 4159
4997 454
4605 148
8837 6995
8676 3047
5087 1465
944 7406
4373 4239
6068 9025
564 6712
5333 1438
3686 9880
72 4893
7372 8555
5917 2204
9509 5643
6338 2455
3355 8780
2751 916
3950 8268
9272 7831
1897 882
6945 3773
1213 1659
9035 9892
7575 7358
1881 7052
8521 7529
4584 9768
5566 608
8713 5916
2655 3830
5687 6957
2218 7335
7445 9978
9302 263
9093 5561
8175 4831
5598 4805
7146 7072
611 9863
6996 3175
5272 2373
5673 897
8763 8206
1626 8584
8254 2110
2549 3857
1514 4909
5369 3613
7964 8213
9007 3377
8692 600
2877 1427
6164 4153
1361 3207
9915 3446
4769 1489
106 8254
109 177
5174 5393
8863 6443
31 6571
1490 5547
6755 4816
1107 3146
9614 8401
4815 5521
5885 9434
3384 7487
5882 2377
5824 2918
5936 7119
3054 9904
4637 5030
3488 9814
1144 1964
5558 2308
9668 721
263 6241
2706 142
8305 8243
1148 7693
9595 3274
9846 1773
3592 9136
3889 7162
2295 5847
4363 8497
6146 5211
5860 1959
904 5539
3595 4454
7875 3953
6077 9361
8077 2615
3744 3762
3086 8138
6178 2938
4274 6153
4722 6632
6016 2752
7287 4060
4937 7151
5985 4651
2646 9143
7846 7708
8612 9065
8556 1332
46 1219
2233 4898
7564 5411
1189 5535
1902 4302
5953 2661
2151 8871
1081 5799
1421 2248
4761 450
7411 5473
8012 5492
2888 4651
8347 3374
8017 418
5260 7052
7000 3145
2740 4753
9742 6790
9641 4897
4712 4162
1391 1326
186 9851
2363 7737
5188 2746
4259 8671
6445 9692
5822 7425
985 2394
3031 4781
5406 3849
3273 2796
6560 9657
3247 1281
9629 1205
4273 8204
5431 6077
1070 3489
6479 487
5281 9520
9979 9624
5368 2460
964 2579
3067 3791
3374 9259
3179 5201
9150 1516
2308 8207
8940 842
9036 5324
1828 1724
6644 5089
5622 8257
1370 3000
9881 3365
3520 9876
5779 1260
402 1283
4644 2567
1093 1603
8812 5164
8135 2220
572 1016
7599 8835
5158 4859
4061 4472
3853 8470
7838 8841
9041 6387
6589 3973
8762 2318
8129 1510
1312 5924
9644 9510
5851 5818
1768 8466
7388 1316
3659 4131
7886 1524
4550 5179
7340 1076
7838 8372
4610 9674
8091 6056
2028 5536
8704 9051
8504 4499
9678 6855
5513 8414
4570 6265
5152 8682
2004 9253
2317 2316
8469 6521
8605 5168
4679 9684
4364 1589
6244 4640
3325 704
3102 8188
3439 2166
9857 4284
8857 9040
6903 7199
8197 9877
1929 8683
7176 628
7607 180
841 2109
5789 2667
1083 7336
4924 6529
6140 7682
3650 9115
777 9847
5555 9217
6532 9834
236 8072
1910 8817
900 2425
892 4749
5490 3516
4465 6281
6201 4179
2960 8847
3954 3149
789 9430
3128 4838
5272 6142
4855 4911
4136 7232
6508 950
4367 4928
5797 429
6703 7839
7669 7816
3560 4490
5069 255
7454 5388
813 9442
9101 6513
7217 8315
4131 2368
7239 5622
4170 5927
6703 885
6680 6055
2020 4518
8859 228
957 262
3430 8317
1630 3263
9252 7290
7996 3212
677 1708
2054 782
168 4645
8728 5388
113 6763
6745 7279
8559 4601
7100 3256
6289 1956
8070 3339
9764 5866
1118 8098
5461 1627
1380 2171
1912 1502
5661 7301
6225 1886
1750 392
2098 6750
1561 6811
8913 8960
5294 3445
4590 9224
383 233
6424 9002
3456 6363
5369 8116
2099 2980
5102 4878
1849 8725
1751 6515
8245 7880
5900 3494
3057 1621
8219 3933
9434 6309
4216 655
9801 8719
4927 4865
2782 7237
5409 3308
5271 8929
8745 6228
1901 2807
5228 9694
3221 8139
9567 3479
3852 6812
8376 7277
4891 3954
3285 2995
8338 5395
374 2054
3304 8397
486 9114
9515 28
9613 6811
6438 8708
8202 4712
7812 253
496 2236
6541 4863
5631 486
2366 5763
5921 1861
4878 2073
221 3300
8371 2553
19 8052
1793 497
5147 1936
4235 1757
1186 862
3747 5364
9715 6063
4180 6814
9523 511
6748 1397
8966 824
7978 6669
8734 4788
2542 9936
8155 9204
9630 1993
7786 3442
6176 6816
7399 8665
5088 4850
2150 5377
2383 3083
7205 303
5638 1295
3692 9169
610 4387
1741 8899
1332 4972
9954 8253
4739 5251
6859 7601
5286 9596
2982 9723
6418 341
1405 3833
2783 1520
8667 8796
6980 2664
8675 7517
6497 9285
5899 6264
6855 7589
4462 8817
3518 4125
6108 3773
9140 4236
1191 2470
348 8320
3019 3326
2804 1403
3710 7150
3804 2566
6777 5806
7438 1436
9727 9852
6636 5565
5369 3369
4948 7164
1678 5342
2124 4692
8638 2471
5392 6798
2224 6771
2866 495
3333 5977
9751 9819
5168 8900
9287 635
4723 9985
4864 7949
3911 5223
7250 7358
8466 2397
5708 4432
9603 4159
9114 2847
2062 5703
2295 326
6344 9194
5533 5936
7472 4180
1065 5712
3572 8721
498 596
2932 8706
5048 2387
445 4284
6659 3315
2890 2090
8987 2707
6936 3563
5786 3984
4464 3710
1941 3438
734 8177
3534 619
806 7229
1967 5429
9963 8795
4981 9267
5577 8205
2182 8790
1552 6688
638 1090
3776 8069
3857 9941
5566 2585
6346 7078
4788 2748
211 552
9700 7709
681 9522
6110 2175
4476 4685
3936 195
4915 6035
5681 508
9119 6492
2085 6479
55 4952
2778 1267
4675 1472
1942 7703
5720 2334
9824 3184
7308 8160
6201 40
2594 1016
9333 2457
8682 4061
6833 604
5547 4425
9825 8980
2658 2155
9434 6453
9742 6756
4930 6188
2808 309
8559 6070
4672 6522
121 8874
5692 633
1695 3190
5651 597
8839 2247
5206 286
7219 8880
1971 4109
4921 4379
9761 230
1732 5859
7890 213
9432 9520
8297 3233
2668 7814
3219 1279
4302 2920
1788 1510
1361 5721
5283 8440
1796 1133
8819 359
3594 4367
4819 3858
4485 9097
9802 5421
3229 4194
9761 4193
2638 7691
1767 4537
7265 5156
7135 594
1917 6513
9665 4160
1926 6294
5148 224
8042 4215
1453 9686
7975 5072
9804 6056
4577 8720
3463 1808
3931 8206
4453 794
5734 5392
4809 8219
8357 5246
9859 7887
4573 4208
6763 1582
852 1599
9887 2909
7098 50
3600 693
9054 9339
3731 9293
3899 7337
5681 3025
6611 8397
2079 7906
2570 9703
9091 2234
6024 3254
2708 8774
3980 1107
6300 1838
2753 5404
517 8735
6072 8629
4459 3913
5357 2941
4692 7686
3037 6195
1294 1124
7695 6847
9854 4034
3646 5363
9082 239
230 7084
4870 6451
1337 3639
330 9492
8400 9596
8016 8077
6067 7392
5280 2549
7265 5351
1382 9860
9687 1037
5417 6678
9195 1612
3647 26
4890 2024
8531 5604
794 9419
3593 6999
4206 4475
8454 8589
4035 9445
5638 1964
928 4463
765 2112
3165 1994
3544 8520
2399 997
8912 174
5316 3386
9506 7636
4439 6736
7756 9649
2584 8448
4750 4442
6001 9255
6463 7466
7246 1968
1983 8077
8500 275
6537 4889
5790 1756
1646 1373
2339 83
8238 7866
7325 2019
9170 8024
5292 5996
5169 3568
1400 6674
9986 7477
7359 8119
266 3781
3327 2635
7324 565
2851 627
9365 494
5440 5941
6223 2683
1930 8248
4509 4260
7996 4362
5602 2718
5788 9365
2532 2428
7876 9992
9267 473
1748 2704
6514 7567
7069 9326
1901 4639
6868 7372
2407 1583
5113 3351
8153 2714
8701 9499
8840 8595
5171 7405
6147 4267
5555 5563
8665 734
9908 418
1718 9751
9666 6238
1063 224
1941 4670
9457 8331
1637 5936
197 6276
2202 708
2936 3632
2743 1475
7744 8316
4550 1796
3270 6564
7362 1116
5946 2745
3204 8661
4756 1659
8121 4316
4161 6119
8152 9881
1414 1892
8450 3625
9167 5670
8076 6954
681 913
2807 1687
1432 1991
8979 993
9770 2314
7283 8406
5841 2019
4882 3904
75 6730
9217 5517
6864 2923
3290 9602
5659 420
2506 1292
2880 962
4909 1507
1508 715
2940 4670
276 1878
2105 9704
9975 9089
5968 1152
3013 4180
8273 1318
5857 1169
7668 1228
5112 8823
6589 5446
9257 4621
9454 5550
3382 7986
5586 6464
4919 4843
1249 776
750 5886
6078 2845
3137 2967
4665 8976
8215 5581
9482 9925
143 9416
823 5121
9534 9634
9696 4328
256 2161
5236 3604
922 7025
7898 5944
5235 4428
5879 490
434 4017
2886 7351
5995 6714
9677 2079
4276 7204
4580 3796
2957 7653
3395 2327
8377 7025
5155 2409
7002 1232
5348 9933
2876 7182
9199 8988
4702 4332
8781 179
9808 7819
5766 6775
657 6989
9208 2630
829 6393
9977 3212
3556 764
4452 2243
6195 5141
9605 8339
8514 921
3926 2937
5818 4448
502 4041
7656 550
4040 9156
3762 6147
3339 6003
552 7565
445 3505
914 3206
5163 8281
383 3775
4571 8007
2227 9297
7167 3414
2283 3015
7593 5681
4038 1205
5099 8008
1535 9889
9717 9928
7484 3199
3403 6526
7544 7980
2834 6597
9742 6610
3118 3528
3623 2949
2834 9738
3185 1767
6116 6329
7398 4182
9869 3033
4664 6897
2711 2854
7946 1162
1617 428
5463 2659
8374 3099
734 7066
1783 9304
1080 9040
5936 7841
3558 3142
8779 959
5039 638
3424 3630
4374 140
7153 4657
1261 2588
6121 3096
1002 9216
3530 3755
412 9049
616 7815
3707 6420
9395 6009
4619 2307
6281 4308
512 849
7727 4058
8934 6915
648 4991
5633 2309
9040 3740
1188 2916
2255 642
7284 330
5744 1738
4216 9175
5653 9054
9864 5608
2801 4815
7562 9374
7380 5191
9462 8527
6950 4223
6948 7202
5483 9232
4914 5772
9668 9678
6925 6017
9149 7231
2650 6655
9660 2114
2967 5142
4421 5897
1288 1800
9889 7209
4613 6691
9954 5835
8700 1174
2340 6269
6163 509
147 1162
2597 5764
5196 9218
8782 4846
8355 3390
8069 5046
2419 1143
8676 1478
1102 4964
5602 7484
2287 9152
1544 3805
1636 5172
2720 2103
753 5848
3590 5576
1103 1314
4802 5336
7565 9489
6642 2558
6359 4317
5435 6410
9932 849
6914 7926
1700 7274
1727 2000
8467 9468
5878 7313
8793 9758
6434 8950
8295 3294
6881 6986
2753 6416
5558 2405
6392 7938
6885 7657
6612 5340
2701 2652
3982 4166
5716 5542
6038 6466
8814 9292
5709 6073
5969 1971
4736 2116
6531 519
4563 6881
5234 9850
6175 592
9682 5191
1374 810
866 9876
9824 6478
8306 7391
6919 7853
1647 2166
9485 5915
2941 5144
2869 3006
5404 3583
8170 7275
3787 646
2345 4560
4056 5577
8214 8040
6242 1650
5408 1618
1727 7975
2116 5874
1265 3632
6144 1659
3208 9069
5407 6958
6467 5977
2553 1566
7927 92
7629 2932
5120 41
5577 4980
6844 1105
606 941
8985 565
2601 4040
8784 868
1639 214
5692 8767
8790 9795
1675 5764
4020 8159
3367 6001
6637 9506
8786 4291
9533 1050
3171 6992
7986 9025
8693 6275
3413 3315
9809 8301
5726 8872
1165 1622
633 1100
773 5649
7687 4821
2086 3846
4483 7723
1573 4988
561 8740
7569 2791
6821 8965
2255 2839
8747 1115
2524 6627
2997 1981
9095 1733
5462 4833
5197 3206
4716 7332
1792 2110
5178 5101
5773 9190
70 9573
9025 8046
2616 8217
8129 9351
9789 5462
4267 9481
2219 1034
4314 8595
4474 3535
5445 8355
6014 2494
8123 1876
9302 7639
1683 8904
7091 7852
8000 2162
609 654
9795 4137
6905 6593
1283 457
7728 1047
5454 6497
9627 3819
6865 1056
7519 3728
5706 1906
9264 6970
4417 6442
4185 3081
1218 4653
6394 5542
1871 4209
8464 1336
769 8461
1326 64
5302 1392
5033 7426
7840 1750
4236 8969
1058 5417
18 5429
9259 7206
4671 3538
4698 9530
6482 9325
7831 5125
9535 53
1891 2348
9632 9235
512 3094
1192 6759
3477 8530
4650 7960
3685 2263
6586 8536
5186 6136
6095 5621
1869 9408
8607 54
9578 2657
4031 7086
4455 1775
6497 8277
3781 1631
381 5402
131 9841
9921 1356
2634 5333
4298 7955
6305 4507
9117 6390
6647 2703
5807 1997
9687 6438
4955 9978
7967 8078
72 6699
5679 157
1775 1256
6266 2871
7321 6577
3169 1479
3254 9286
2260 8873
5341 4964
788 7703
5150 2817
4855 2780
4538 1982
1462 2736
5237 1674
3834 5403
8596 4967
1281 3629
6031 2950
8007 5193
9518 6806
5279 370
605 2853
2267 6878
3263 2436
2783 815
7011 4879
7780 6248
1034 5540
9518 9135
4781 4998
9226 2272
9009 6350
8222 6130
4797 8477
5795 3847
246 8410
9290 4409
8652 2811
5181 7929
374 889
7393 1749
9154 8480
2301 210
6314 5110
1185 4184
4413 9517
8578 9880
7067 6937
7334 473
7398 2077
5692 8492
1759 9316
5338 8051
1792 3978
4335 8715
6809 2700
6442 2293
342 2255
6838 853
995 1231
2072 2974
2845 8415
5765 6642
3427 5027
7495 1888
6455 3592
3417 8437
1486 5519
6617 9278
3284 5055
1076 6460
1666 3981
9893 9297
8170 6460
7026 7740
6926 3354
5565 1352
2166 9955
6184 6
8906 6325
5698 7591
126 7837
692 2845
2312 6911
4861 5631
2672 752
7010 4606
4448 3067
2196 767
9944 9566
7082 4092
3473 6502
8492 8313
9220 4882
5506 8425
4753 7718
1288 1475
4551 3432
1078 5061
5450 1454
4183 3766
9954 5798
6155 7151
7757 4513
5330 1020
4258 781
6923 9611
4075 832
3922 8435
518 3042
8116 5414
4503 7244
5467 2572
6736 7017
8025 141
7060 5696
3756 6941
1443 8489
3441 8274
9807 8707
9983 5556
7867 9413
1310 6473
6593 346
9424 4365
8567 6406
9414 1560
2131 6876
3998 6327
9331 257
101 4256
5495 4072
3846 6108
779 9850
4649 9137
8725 1516
2856 5156
6491 6622
3320 3878
4601 7532
7780 6299
1879 9097
3952 6192
3291 3906
322 3183
2946 6761
5328 9767
2453 5919
7774 8854
8526 1332
7771 3406
6286 471
9340 8937
1516 9373
6249 9515
1571 631
8319 5803
9139 986
548 6323
4199 1904
5776 9715
8318 1116
4858 7824
2535 8241
5727 1641
4686 3791
9793 5448
6651 3278
4566 9612
8882 2018
2316 1354
191 5908
2620 2820
3624 2985
3854 5058
6138 8663
7010 7586
3847 832
9494 432
6450 227
3231 1886
7536 3894
9921 2496
7900 1428
2386 7141
4224 8068
5276 5244
6157 8613
6008 2459
8642 4107
4428 3018
8460 273
5411 657
883 5977
8877 6788
2296 9771
2742 1107
4270 3461
7815 1777
5865 4148
4937 4220
3250 9453
2140 6640
7081 1399
8641 114
5227 7374
2063 6268
4927 890
7209 3593
8112 1147
5813 9814
9101 4476
6101 6719
8975 8890
7298 6136
9325 526
1549 8233
2066 9580
4763 2755
3121 4560
9889 4234
2215 5940
4987 242
2774 7533
5081 9027
9543 4270
4716 9120
8146 9688
2268 5416
6458 3804
812 2183
6050 3974
74 5883
312 8905
7991 9475
9869 4180
7283 5164
6912 8477
9278 3782
4725 9185
766 4467
4758 6127
4543 1752
9537 3225
1060 3414
4596 9340
6231 5087
5867 9845
4425 8051
924 5195
8932 8226
4771 7129
3987 7778
6847 6785
5426 2772
9163 5071
3996 5857
9291 1854
5330 9452
4901 4944
3614 5264
9865 4031
4734 5138
9274 6943
3584 6038
1921 807
6132 6726
7456 633
6544 5164
1653 1380
1272 8566
9754 1306
3154 1924
5248 1925
2638 2434
2132 6438
2340 2473
2538 1439
634 2212
2028 7709
5908 6550
2162 2263
5486 4719
9450 7736
6525 4617
6789 7681
627 7533
8158 5002
1386 4032
5834 2240
6450 3253
5046 4915
6866 1642
1374 5735
7795 509
7131 9886
8847 940
9316 8476
5871 5883
8167 1669
9627 6598
3887 2385
5819 9259
7065 3541
4232 1193
3809 7628
2269 1466
6920 4075
7436 3358
2482 6372
7470 2682
8282 5410
37 4388
1784 1596
3114 381
2028 3711
8430 7334
5488 2393
3385 2141
5466 5627
6676 1464
1393 6998
3806 6005
3505 7166
5116 8504
9369 3057
132 1380
6228 3407
8329 5473
6198 6996
4099 2085
3598 9124
1435 9328
2877 9279
7684 6889
4377 4266
4231 9089
3979 8008
4140 6394
102 6574
1410 4757
4477 8801
1157 2596
5193 4633
9073 6297
2179 6854
507 4253
1141 2941
6264 5039
2477 7437
4177 7738
7509 8566
3134 8693
5823 502
3230 9257
2330 258
5034 809
4681 7127
4760 547
7169 8557
3375 3802
2630 1375
3756 7229
6908 9197
5397 6934
7187 1343
8732 9291
7124 4956
81 7001
9786 9015
3296 4787
3647 1848
1631 6727
7535 1031
5866 2267
1164 3568
7746 8111
1773 1780
958 271
1382 8697
1786 7564
9234 3469
4686 6161
5772 2169
7693 6709
5524 7853
3499 8660
390 5598
3725 7487
1803 7339
5239 5133
7339 9727
2972 1841
5565 8770
786 8423
3130 1359
417 8721
2048 6972
3595 3876
8224 6026
7324 8308
2229 7345
2258 6139
6040 7913
456 7053
3788 7070
4295 7894
9498 680
4465 5517
48 8416
6109 3401
9861 2845
347 1544
4605 5835
5316 900
6393 3178
8467 6400
1714 5499
4782 1245
2163 2928
1745 8059
1659 7604
1564 8225
6854 1076
4217 3078
7736 4714
6324 946
1512 5036
7914 1472
6394 2421
8209 4066
5523 814
5835 8045
3097 3996
6168 10
8790 6010
9701 4372
5809 2803
5434 8737
9019 2520
1336 6852
483 5914
97 437
6611 5505
3032 2978
3934 5164
1438 6127
9434 9538
9073 5198
534 6647
8345 6569
4178 6823
2843 989
1050 7593
1957 4273
6431 9035
281 2207
6438 9792
600 3767
5086 4628
4550 2905
2945 9752
5860 9406
4283 8462
5483 688
5647 4403
3842 6873
8881 7223
1968 2587
3185 6542
7796 5631
165 9185
2517 8181
3631 6851
4359 2520
2159 6142
3140 4337
5746 9640
444 708
8872 8004
672 3412
9980 1852
6932 8797
2798 4134
1759 3591
2653 1326
4749 1421
6658 9419
4974 720
7774 3803
209 1003
4330 5150
8309 9820
3068 5923
3904 6533
6791 916
8955 3968
3682 1
887 8412
2411 628
592 6927
8233 63
4421 3676
8420 7221
6851 5158
151 2851
340 9224
6857 886
1603 728
8151 2367
1790 1825
1370 853
6759 2218
7287 2824
8271 910
2324 8371
2706 2135
124 1722
9194 2982
3862 1527
4708 2095
2093 4677
5062 9643
4888 9687
1891 5022
7602 4251
2072 302
7080 6195
565 9290
608 2221
6348 8195
3691 2295
1724 7026
811 229
2146 7269
6475 5251
6185 3180
7727 913
7461 1815
2721 2440
3163 2160
5948 817
5192 5639
1290 4901
2316 6118
952 6051
2434 3090
6257 6834
5761 5754
1892 9878
1771 2519
4787 5923
3043 6442
4270 1256
5981 1620
4870 2385
8727 5896
6489 3090
6436 4919
1810 6329
6 2540
8058 9784
1509 9148
9188 8941
1626 4919
4395 5638
5181 56
9704 9005
5849 1462
655 5685
1502 1402
6201 7330
8499 1937
3014 9030
7280 1413
1370 8598
3470 4174
8986 4447
6778 6580
6002 4509
6893 9011
9763 9859
8458 8352
2405 1849
8673 1772
8525 1575
8977 3839
9467 4728
3994 6018
4694 3490
9439 6375
6699 6298
1724 1091
3868 4940
378 9351
3546 7305
2809 2077
8269 582
5457 3781
2546 4981
3403 7500
5465 4479
5266 6148
5314 3984
1839 2899
5244 7506
1899 6539
5661 5182
9189 6526
63 19
9518 7937
9612 1381
2171 2064
6223 7786
6763 1818
1758 5143
3938 2622
649 7501
7386 4382
8466 4308
5157 6399
3351 3969
2984 9146
7944 8069
5495 2292
3613 7699
8334 6564
7794 5308
4860 2313
6897 8784
3694 1658
3695 7357
9135 3547
1233 8541
6693 1332
3488 4015
1846 1232
7495 6241
964 4281
6254 7925
6450 6816
8332 8698
6445 8744
189 2210
2203 1046
9642 9512
6779 8604
2866 731
8948 9717
6522 5886
5862 2268
7875 6537
9662 7336
7491 1118
5302 7996
9030 5824
2256 9863
5006 3846
9787 7351
715 6272
5608 9830
1293 8425
7553 2794
5229 2234
1742 9187
1692 6937
104 7590
7499 9579
35 6740
8049 6548
9010 4980
5003 6226
7973 2286
8034 9540
8431 4264
9914 4101
8133 4408
9520 7613
31 2433
5420 7284
3812 6012
33 2220
1229 2523
3591 6497
8692 1162
4113 1076
797 6131
8105 5653
3625 8253
3957 6834
6571 5696
3616 473
2788 4013
4509 9940
3293 3910
6993 5235
5819 9077
9494 1548
7639 8868
2057 7830
6065 8677
3434 710
8620 5050
8009 4897
3952 769
9 9840
691 5834
7106 6906
7493 3420
9254 7608
8938 4037
3621 4605
2476 4443
9478 9966
9399 2927
8496 1530
9248 5626
3153 8432
1522 7641
9569 7874
2518 7807
2972 6446
7656 6795
6378 1604
8808 9992
2913 3063
3931 7914
2202 6171
9076 4513
3107 6042
5212 3166
112 4811
2461 7213
393 3826
9538 3725
3121 9027
736 6320
4667 3726
3032 3685
5028 9888
2211 1223
57 1545
6289 8264
5520 1027
8317 2137
2343 2837
9911 774
2238 5045
5570 9534
1801 5419
9994 61
2947 9880
70 4907
3297 2124
4806 2505
7216 1242
3846 743
6486 8955
5423 6419
7901 4655
8852 5126
2339 457
8298 9650
9719 4692
2359 3793
9595 538
2088 4941
5927 7471
5529 5445
3322 7213
5877 3034
2321 1832
3074 1081
6334 5193
6681 2500
2572 7379
1618 9422
4674 5334
4661 1443
566 7284
2597 4580
3252 7503
7860 8684
263 4935
3357 8545
1831 1809
1243 9050
9881 1153
2647 577
1983 5538
7046 9660
2491 7641
5312 1632
5256 8405
1795 282
9813 928
374 2387
3919 9091
2786 2710
5607 1468
6530 2847
897 5360
5965 9211
1982 7504
8465 2983
9130 8681
8663 3881
7714 1260
5185 3315
4848 523
9317 6116
329 4991
2142 4459
324 8192
2880 2911
3602 1037
8584 6638
7950 2820
4649 1698
2747 5902
1526 890
8240 8712
1206 9420
3277 6575
6066 7094
1085 871
8343 4192
3965 1843
8170 9850
4681 581
7148 4340
6852 1423
9200 5040
7369 1046
1765 1210
5662 6847
5456 6994
5468 6458
5871 2064
2821 2278
4228 3663
6579 4449
8990 376
4534 6831
6399 5407
1116 228
1555 7109
6567 9847
8610 5095
1256 8737
7765 8130
7032 8983
9111 5616
4994 2870
4687 9538
2708 6484
1299 6174
1687 2813
8697 2480
1948 3992
9716 16
6493 2803
2088 2232
5580 8339
6030 5122
9883 6745
7807 3455
901 519
8943 777
4523 2135
691 3824
7448 3139
4850 7399
6365 1373
4886 4195
9626 6401
5326 2231
3661 1737
2162 9391
7464 7186
7451 3007
8439 5055
3372 8828
3364 5025
6093 8400
730 2863
6182 9375
9601 2825
629 4627
3368 8690
1368 3075
7704 6698
9211 3966
3133 3396
576 2012
8772 2436
7118 422
5855 6654
9825 5117
6953 8098
4205 8975
9617 5317
3316 3660
1744 7753
9731 3874
1729 1411
6720 6676
9623 5270
1984 2218
7523 1754
915 3679
4704 2222
8584 3297
8812 7478
150 5365
4731 8421
4905 2364
5339 2031
2578 7863
4139 1779
7705 6808
1917 7859
1193 5216
6806 8658
2268 3069
9564 2209
1985 7712
5793 250
6343 9818
3638 3397
7651 9977
8248 320
7364 999
6011 3394
8698 8750
5049 5374
6782 851
1958 3736
2474 9329
6149 8390
6310 4587
5591 5147
6401 2843
1060 282
1225 9726
9921 9796
1706 4308
7271 8010
2468 3907
6856 5068
9308 215
5223 7507
6718 2045
6901 5902
8157 7094
8390 9738
3096 3106
6275 2285
5483 1162
4773 8259
5371 1330
8326 3027
3820 5749
7529 5771
7883 7968
1550 2773
3588 2111
8554 5469
6989 8814
4035 9478
6506 2397
4229 2822
6550 6332
6644 9100
8348 9820
5503 167
9352 9353
109 1795
2123 6945
8622 2307
9650 958
9854 334
5800 1311
3491 4538
656 8321
1755 7339
7901 1569
9968 3652
1126 2031
7868 767
871 7441
5022 7790
9440 7373
9892 3992
2884 3341
2355 7732
1128 5490
493 727
6387 1844
9393 3178
6252 9703
4341 3655
2410 5879
2842 2903
766 9957
833 2523
5566 3778
8343 9513
7019 6414
6000 1907
9128 539
4777 7582
1797 1592
5501 3481
9366 1097
7500 5672
260 6919
1553 5245
5434 1490
1612 7590
6592 423
3266 379
713 1022
8863 9658
2706 4585
9784 9424
7058 5885
5393 3856
609 2054
1106 5073
1026 1441
6580 9811
5121 90
8693 8399
3386 6509
85 6466
9865 3678
9595 6541
4495 3500
8864 5608
5164 6627
6346 8816
730 7812
3689 601
6681 9438
5146 862
5391 3025
1780 8890
7029 7400
6444 3529
7164 5740
7885 9741
7535 7722
9600 6627
5913 2486
8980 5355
2030 2728
7390 1012
5287 4182
7616 278
3963 9885
4229 483
1819 3405
9823 7818
2963 3252
7269 4998
1008 1063
7508 8802
7717 9701
5256 4636
8418 3000
9582 3118
8775 4111
7289 344
4400 2383
6583 5108
9739 6142
3460 4100
722 4931
9416 8941
8125 5798
7881 7235
2497 366
1231 3858
1832 7823
8218 6225
1401 7328
8277 8898
1246 8154
3987 2625
8835 5065
9778 4094
9430 973
6968 9300
623 8262
3321 6194
8459 1266
2562 9099
3774 9121
5535 7693
1490 9180
1093 2602
4558 5417
6649 8117
3497 5701
2712 1273
6226 642
765 4561
3272 6664
5799 750
9037 7056
5231 3635
5163 4952
8950 8635
200 9551
2679 2785
5131 6493
1469 6471
9016 700
7696 7614
5131 828
8072 559
3785 272
2366 8299
142 1593
6184 1422
7623 6506
3594 27
9239 1856
9750 8120
1205 9790
351 1523
550 1811
3759 3079
3752 3198
7182 7104
5149 2432
3047 5532
723 20
573 1480
8149 5899
1123 6878
1395 6960
1862 6775
1068 1151
7316 4810
2823 8773
5657 3679
3698 7052
3283 2899
7696 2356
5977 2390
887 1123
6939 7103
7733 7145
4441 8734
1056 1676
6690 2805
8289 6220
4597 7166
5431 9656
7514 2086
6247 5173
6634 6992
6844 4835
8719 4476
6764 2840
9872 2543
2946 9530
7121 2797
8906 9587
6843 7040
6572 4080
8127 317
6906 4831
3102 3277
7448 2034
8409 3749
4352 4045
3602 4169
32 2868
1706 5645
7318 4361
2321 7512
6943 9350
7654 2808
82 196
9216 4393
5903 9884
4558 9836
2293 8888
9350 5550
4321 3695
8397 9069
5073 5910
4730 2855
5813 668
464 8356
9246 5927
6782 5326
4549 2244
853 7830
7724 544
1712 1703
4737 1853
619 2704
1396 5247
8369 1262
2651 1967
6312 4841
1102 2841
5825 8919
6967 9187
8099 35
5241 6476
6296 3619
2701 8832
1884 3719
6491 7030
6568 4763
692 4060
4440 2805
4947 4100
4167 3898
9716 5295
5954 2561
8657 5993
6483 3433
5343 927
7618 2957
9219 3828
638 7975
6615 6809
6481 6591
4250 6760
7898 5137
5293 9223
9164 4901
2103 7813
8446 9452
2824 9838
8440 8532
7783 6574
7553 7495
7510 7070
3323 3145
1309 5545
6028 7426
6365 8502
5869 6426
8378 3561
9063 9382
2956 3453
8927 8311
4437 4306
941 2998
8900 9139
9533 748
9738 1493
3828 5104
6832 5357
6883 6264
1472 4895
7567 9040
9673 4498
4130 1239
7449 514
9630 4719
349 1962
2637 4185
9760 5542
7018 5301
9055 5340
6154 6881
9682 1315
7950 460
4413 6557
7767 9198
9637 3399
4830 6182
9851 784
7279 8007
8977 4943
7216 8534
232 1491
9081 7850
4935 6922
2312 1794
6655 667
8779 9507
5435 2329
9321 7401
749 1940
6227 3000
105 3799
4873 5365
6439 9903
2990 8427
9871 6919
6075 704
5072 8102
4993 4482
7437 5908
941 5915
515 8004
320 9201
884 6731
1491 3745
2896 4022
6579 4519
2646 2653
4712 5652
3040 5527
5753 936
9859 6644
6541 8359
3285 3964
8012 9433
7911 3808
5249 2899
5069 7931
28 5406
947 8997
9569 6077
9608 598
8078 6117
9661 7955
353 4521
7592 4822
6785 2794
3104 9156
3845 5085
4303 636
7884 4220
6231 6979
4724 5460
2358 8489
33 4619
5519 1723
1439 6066
6827 4954
8209 2053
2131 6672
6294 7809
2546 3288
3969 5249
6073 1999
6018 603
7779 6008
789 5160
7557 1466
715 3986
6546 9400
5895 1622
9248 4456
1815 2475
2457 4312
7023 6836
5829 1685
2907 7425
2085 4783
1135 3110
3721 4576
2690 2416
5468 13
4409 7375
9467 9839
8961 2546
3939 2656
8698 1519
5928 7700
4673 834
8470 6266
2698 9289
4729 23
5441 5126
2381 6487
9776 1327
8051 3801
3751 327
5394 4823
7500 8917
5690 119
5195 7111
4886 108
6620 416
6746 9229
4467 4056
2766 5352
8012 1021
5803 1918
2404 2153
5073 6050
9127 2281
871 7171
6367 4441
9483 7414
6666 7442
2511 2756
1518 7505
6315 7618
333 9685
6779 7761
7347 8378
2332 6693
5747 2380
3564 2699
6429 3779
1378 2265
4008 7527
6869 1977
4631 9506
7451 9635
213 8423
9425 7756
1732 7379
9806 7544
3540 7179
3490 5527
5068 2977
644 7085
8721 7641
8303 7573
6727 9938
6232 7444
3346 6761
5133 2353
3775 2662
3253 4531
1053 8469
2739 4194
6336 3579
9720 7676
4962 9985
1643 3097
7657 1354
1295 8235
2534 662
6594 466
9248 3601
385 4988
9488 9567
3897 4123
1064 6442
8177 9958
2965 2687
1757 6392
2804 9831
7019 4130
935 7216
1528 9907
3337 3865
6502 6112
1281 6292
1472 8990
6330 8883
1531 9469
6341 7377
7298 6173
442 3270
9708 5087
6269 7053
2192 7711
6630 455
5802 3460
9008 8418
3984 9051
7929 2411
7958 8860
6205 164
6290 9785
5165 8858
2524 3539
1028 9700
6309 4627
5697 5920
6112 9392
805 8215
9294 8694
6623 605
7311 5976
9725 9704
6563 7804
5513 3586
7187 1773
319 7986
5985 9972
5004 954
307 4665
9050 2852
8688 9220
9749 7823
4987 4020
3750 3466
6810 493
6384 6246
2619 4922
6735 1935
8545 4064
2198 773
8725 9732
8179 7521
7977 6057
7683 4533
6269 8197
1625 5224
8791 647
6189 7517
4486 1832
2056 8807
5262 959
7692 3835
4745 5380
5021 8498
5158 7532
1084 5164
6729 7670
4847 8600
672 1222
8671 1568
754 2735
6514 9243
9908 964
3276 271
8220 4310
8766 4969
1049 5747
8186 1772
7904 2161
7495 8206
892 8888
4612 5319
2506 9442
7582 7467
7594 1798
6946 3899
1143 2612
3363 1770
391 9799
183 4847
1768 8061
2617 7342
6888 6680
1381 4017
4310 3306
2476 6687
6557 9047
7467 219
3470 6831
3312 6090
8599 1840
6338 5520
1661 9827
1718 5212
9920 7983
8071 7368
7343 634
2846 8281
3826 1199
4848 21
7733 1650
8875 7496
8558 4322
3531 4270
178 1383
1705 8100
3774 3193
8016 3805
1606 128
361 6850
9044 9367
3421 3616
50 5184
8004 3757
7634 803
4036 4922
8707 1139
1414 3795
5789 8087
3284 9864
8929 4796
6110 1659
4647 1267
990 1166
4183 5302
9606 4051
2056 6244
1288 5191
9587 8204
3235 9606
2613 109
2225 395
6736 1485
1010 5063
2401 7801
9551 7090
2124 5129
4210 6918
1993 718
5548 8574
9071 339
7093 1503
1191 4882
9372 2939
4111 2622
7883 8598
2479 5300
7597 659
7718 2023
743 9695
7564 5447
9933 8448
937 8087
615 8565
5603 7549
9128 1829
8512 9230
2287 4047
5386 5450
3240 551
7269 613
5002 7141
9472 4098
4631 643
79 1891
1119 962
3116 8664
4425 6819
3576 5157
8525 2944
155 2340
7168 8648
9069 4668
2844 2549
1798 2243
7107 7287
5371 5664
4862 3508
5118 9784
6880 179
5380 9598
107 3473
4481 4913
50 8955
1496 3430
9428 9681
7062 6603
7906 2172
9395 8391
8085 1286
4258 678
5037 7868
251 4871
6208 9583
6291 2291
6451 7029
252 674
8031 1386
6777 6317
9805 2075
1208 4812
923 676
607 2266
7502 9758
6433 9031
7827 334
1307 2606
384 9529
2201 248
9686 1058
9342 2892
5158 2670
1575 1767
4566 6767
2500 8146
6690 7965
2740 2114
502 2243
2373 7157
6375 5758
2579 9385
3337 2642
3874 2530
5495 992
820 5567
5784 4716
5683 3726
852 2314
3239 4630
8013 7078
8179 5065
56 3450
7475 5869
1294 8124
2763 8499
6085 5741
3224 4847
3335 7717
2283 4531
6952 5058
1651 2996
8037 1633
9935 2281
9245 4378
9807 9327
2863 279
6514 3702
7183 7926
2677 3619
3974 1377
2228 6987
846 171
2018 9760
3123 9484
6338 4641
7216 5082
2207 7226
4547 2409
5462 6404
2997 9614
349 9542
7160 9301
7315 1883
1266 6184
2336 6569
2112 9190
7483 6449
3943 239
8682 5714
5332 5777
3113 2153
8937 9698
6399 5541
3884 8329
2249 3965
4014 6979
1915 460
6013 7906
5295 6542
6764 6946
6603 7952
9479 687
650 7346
3312 6211
2438 7607
2577 218
5447 7646
6186 7475
727 9492
9014 995
906 2871
7025 8454
1688 5034
3841 5819
5257 9154
4057 9209
9104 7386
5509 242
1012 6581
3389 2346
6208 2484
5757 5375
3747 326
1442 9427
6642 8290
6911 142
2806 6621
1448 9211
6336 2446
197 6642
5409 2098
9630 3121
3128 614
560 9380
7127 3273
5122 1171
5385 7761
7741 6129
1431 700
8264 2768
6925 6083
9770 6738
7804 5799
8585 5938
6432 7865
1532 4930
9914 3255
5565 2776
8 4061
2084 1944
2401 10
9180 3842
1813 7892
3677 9295
9261 2010
6652 5378
5209 764
1226 4949
7859 1519
3422 2519
7447 4531
8329 2725
2529 8677
81 8699
2887 8200
9995 1373
4754 9107
9376 2838
5696 6614
3530 6370
5793 4086
5462 7251
7555 4590
2239 1097
1918 8941
1781 4017
8492 1345
2516 9744
8689 3151
3723 6002
1135 3606
672 9314
6421 7791
2750 9610
3076 1253
8961 800
3945 1880
7656 7029
8874 8197
657 6165
1628 7792
2403 7608
5818 1633
1950 2987
155 3699
2368 8574
4473 6758
9765 9233
6838 5197
4571 483
8387 2487
3846 706
1174 2943
6053 7134
628 4919
4553 4241
3692 807
4903 6994
1141 9712
7874 3648
5259 4611
9054 1333
6861 2407
5643 2047
5993 3283
7001 6431
515 4577
5011 8365
9012 5167
3744 9913
1634 9839
6453 8293
3342 2131
1131 4483
5475 509
321 5927
7972 7357
6805 297
6658 3100
4170 6627
1836 8957
2078 8561
4542 749
7767 7746
4281 5874
4313 9957
1151 9899
5561 5202
9929 1094
3478 1408
7072 7683
6449 961
4222 3262
358 2089
4584 1368
9221 4360
1710 575
4071 7248
273 3728
8028 408
5367 3125
3752 3418
1892 1091
8656 874
4511 4496
4626 5468
3609 1311
8757 1755
2823 790
692 5071
1172 9471
6238 6620
6073 7100
5756 2479
8824 3311
1405 9561
6217 8687
7334 3101
3684 348
9922 125
5321 8372
9643 7595
6697 5932
9112 9446
3516 1710
1578 9370
699 8276
5726 5362
8528 3286
4412 4636
2937 4211
1917 8617
6724 2915
3654 7044
872 1514
5598 8191
7006 3318
5786 6202
5026 5546
8152 6176
7811 6854
7108 7736
6092 1968
7732 2220
182 2304
1123 6455
1172 8454
6834 3256
3077 4938
3815 850
6215 1070
7396 9539
1748 9687
6362 5075
2979 7867
8358 2480
7008 6409
4541 2760
4721 608
7641 3110
1427 9905
4247 7898
3012 3277
1522 4135
7513 2945
1510 9878
4044 5751
9615 8361
2551 8016
1032 1669
356 5464
8330 9338
613 5864
7813 2528
8738 712
8736 2469
7659 2345
7069 4181
2866 999
2360 1880
6117 5949
2823 4698
4881 6488
8122 8204
3796 2169
7241 4346
8707 5806
6312 9909
8815 5759
2713 9119
9218 4595
189 4141
4748 3284
3092 4267
2647 8230
6481 9463
8957 9036
3899 3553
6575 6275
6360 7321
8549 3069
7108 2001
7977 3583
3250 6617
1068 3305
3048 7946
9100 1047
3144 4915
4044 8009
8032 1719
7178 7943
526 3879
3406 25
7575 9752
8952 7647
7198 8088
3591 7996
4094 7246
3364 885
551 2990
2865 4165
9482 9810
7453 739
8082 3714
69 5723
7754 1548
1642 7394
2063 7535
2475 3489
1387 7121
4138 82
2613 414
1611 8637
7721 8366
256 4791
4971 4346
8092 2398
5255 7358
9848 2322
711 6375
4504 2018
913 2975
5153 7159
3591 1140
8138 6059
3828 9118
2414 8703
8685 5016
3719 9374
7947 7807
4644 6546
1861 4168
2259 765
913 9139
4458 2602
2739 2376
5981 9015
4718 2000
2081 1970
1284 8369
4161 1306
7194 323
1970 3209
8371 723
8183 8617
1531 634
8423 8193
7476 9277
7720 3277
9795 1365
6669 9345
2506 2573
3854 6118
8106 6617
5022 2366
8511 2723
9605 1034
7889 6859
4217 5526
4224 7753
3244 2735
1915 27
8655 2300
7114 6096
4392 347
3254 5525
8374 2952
4112 7910
3058 5192
3896 4611
5901 4799
7016 6571
6223 4216
7205 4529
4165 7964
8064 9448
2906 8905
4124 3650
4523 9225
7620 1996
3332 1081
8694 8249
4974 995
1672 7563
4408 9933
6984 2985
7979 9743
6932 1356
9967 1164
6136 644
4277 1116
3949 8187
5939 6613
9716 5201
5035 8595
8351 1221
9023 3137
7 2940
7590 8576
2005 4421
7272 4774
5335 4281
9358 8910
1440 955
1811 6139
1850 4813
2024 2440
4787 7605
5753 2802
5567 1434
8284 8129
5862 4326
5374 8939
2206 2513
5175 3862
9679 8829
4584 4619
7289 4271
61 8163
914 9331
1971 1966
1866 3358
4526 7790
9059 8951
6903 8787
1346 5098
6662 6722
7393 4221
5672 5197
4136 2773
7623 524
1035 2795
6183 1535
4275 7679
854 902
1045 7009
6126 4289
2293 5272
2851 8052
5467 2156
3631 3688
9228 1603
3397 7326
5301 891
5158 6914
1507 9192
6495 6999
4151 3015
5150 1946
3582 9383
7378 9613
2602 5183
4236 8190
6375 5504
5011 1621
7798 7838
7108 6548
6666 3578
6739 5092
6465 843
4518 6255
1205 4375
6160 5042
5574 6397
9657 6987
7756 4535
9322 7194
3692 7376
6523 1276
1265 8357
7446 1140
9359 1373
6995 5124
5389 659
7559 4929
5749 2408
1693 9708
7935 1771
9433 132
410 3684
8014 9554
6892 7529
9943 126
8912 9817
4252 6768
2565 4439
9746 3722
5734 9695
3467 745
6144 8153
7323 1955
539 1499
3956 5471
1300 415
5600 4272
2731 7923
9612 7732
8851 4262
8415 6709
8343 4219
5971 6587
1894 6091
4803 6095
2105 5828
5855 9626
7793 2733
6947 7082
2107 8325
4879 2286
8678 527
3448 5272
2511 5741
3488 2021
4851 3821
2558 6593
2104 8185
5539 6104
8774 2079
1596 9181
5363 8454
7320 878
8224 3747
3639 5503
1662 6940
4019 5287
6951 3056
6955 416
9906 6945
8669 6218
6153 6532
8376 3583
3965 1031
2985 587
3724 6021
9389 6851
9468 539
9355 2958
4882 4387
2440 5541
6568 7481
8141 3025
617 5732
92 933
8097 8807
9886 8899
5533 9173
9730 6032
2356 5608
6511 2965
3898 3236
9846 38
984 671
9315 2507
7198 6589
4508 9219
1494 6223
7319 1770
9559 4833
5906 3833
8576 1461
7958 4799
6071 4490
5551 1178
2542 1572
7205 4272
8668 6557
4416 7998
5408 6187
2984 1741
229 2835
4286 3136
5463 2542
3445 1639
8284 4589
6605 2860
6965 9548
6673 1335
8358 4461
5918 7385
7256 8960
2162 1117
3996 255
5087 7651
7655 1485
2350 3919
6759 976
2273 7822
2895 82
7147 6311
7100 6815
8941 7522
61 686
1463 193
2753 7942
3114 9078
9878 304
7700 7585
9662 8412
4959 5869
5783 1653
1772 2737
1106 9705
3932 5698
8044 9275
2050 7208
3176 5869
862 5872
2637 880
8670 353
6185 7653
4398 3945
5488 1679
9586 7099
6513 2919
3343 3362
3620 5738
5581 4612
8983 7178
3965 6692
8202 7645
7531 542
6411 9571
1480 5649
9690 9432
9905 3323
1599 8715
4041 2201
3996 2849
5930 8694
5279 6757
4106 1874
940 767
8013 4220
6515 8859
6328 1550
10 6409
339 4445
7562 5011
2019 5303
7143 3490
9996 4257
9334 8600
5983 3608
9294 9760
4633 4743
1385 4125
8110 5002
8095 4244
2810 8633
382 1798
886 3416
1044 4605
1036 9707
3636 8522
8543 3721
2735 3434
4330 1742
2748 3084
1131 2315
2323 2203
3053 7176
2721 3749
9195 1953
7967 172
2782 5166
4420 7868
2416 5203
4843 2162
865 6084
1242 4314
6465 8772
7724 4083
3208 5786
5328 3239
8702 5603
7162 5362
8482 2245
5617 300
4889 7686
2656 8287
5233 3781
3727 9030
7815 7309
6195 8130
5594 8428
612 1814
4033 6433
7129 6360
6211 5803
1518 8133
5701 122
6355 5910
7886 8894
6425 1548
4101 4488
4341 2432
5316 9922
6630 2661
6641 3381
754 2070
2017 7735
7402 2990
4043 8362
3220 2603
2718 5813
2447 9750
2441 3007
1205 8405
5831 2957
9169 6583
3889 3497
6346 5323
2198 2261
6341 6082
6615 8674
9996 7963
1098 4797
5843 6323
1950 96
9565 5267
3272 7140
1926 5101
1723 157
5740 9294
2681 6315
87 3170
3543 7738
3682 6496
8018 9079
3308 5765
3423 2756
9763 1268
5828 3748
5863 2953
7744 7076
5788 3366
4954 8060
7385 4041
3465 7349
5661 1370
8010 8719
6264 7165
4194 7662
5326 9409
2499 5047
1911 24
5813 5718
5894 5573
5701 9897
1145 4401
6206 2696
8967 9472
8288 7913
1260 8552
8422 7814
5668 5067
5312 2171
1585 792
6029 8272
8389 5742
2137 7987
4262 4104
4331 8495
5576 2310
5893 3895
4353 7750
4171 3340
2633 8216
8945 7821
6649 9649
410 3815
4611 6968
3919 6487
7810 9904
5852 1901
9565 2322
828 9599
524 6048
5862 5209
7267 4019
8439 6604
3529 186
4302 3847
7207 7962
2911 7999
5025 6869
445 3157
688 3343
255 6316
569 4558
3272 4670
3217 4551
2151 1130
7989 5640
8937 6494
2005 5719
8888 4319
896 8707
2899 1170
1724 2808
347 7289
3058 6491
5065 835
7071 3545
1803 5101
6089 6214
4907 862
8246 441
7036 1505
3497 6777
5071 2052
3287 8183
4233 7202
3783 1436
1458 9922
8323 5376
1456 9069
1980 1831
1463 7965
8519 7402
259 2042
6163 1306
7479 7859
5388 7056
385 1018
4083 8702
4418 6031
8051 9302
3017 2119
5321 4253
1546 3187
5293 8934
7298 9056
5702 3622
1311 3335
5373 2952
9143 8883
2332 8992
9909 9312
5910 483
1165 5266
3123 6056
2390 1477
8297 2883
5771 9133
7878 4516
1593 3920
2309 2114
1456 4064
198 6528
4861 5133
1392 9179
8773 9373
3458 5006
1631 9043
9849 4524
5079 4464
2154 4084
942 1711
1670 2378
8695 6830
4962 208
6571 1547
5531 162
823 6555
9986 2248
3167 563
6893 6603
4210 3898
9717 1315
2138 1685
1726 9181
4405 3763
1621 6389
3836 8132
1463 3095
9519 8997
9094 383
6300 5087
8121 414
25 5256
8631 3224
8390 2078
5127 357
8133 1575
9747 7407
8464 5706
297 6286
5245 5182
593 9019
8837 2939
6552 7067
3377 9358
7836 1652
408 8461
6061 938
2195 1112
1594 5313
2920 5091
5747 1900
2261 4250
9325 7244
3113 5245
4707 5961
2260 2399
2983 7992
3348 5480
9849 2066
7538 8865
2866 9210
5755 9091
5712 6373
915 225
6179 6954
9757 9175
9214 4660
5796 4409
6324 5447
9742 5844
8921 1897
8274 8864
9745 6458
1087 3098
2082 2989
2897 3405
5131 6470
9564 8193
3286 2991
5053 7798
7144 471
6729 3494
8289 393
1468 8774
5731 6710
8570 4473
7468 1373
7404 3000
585 8783
9662 9465
4188 7165
2266 7607
1082 2630
4428 6115
1030 6542
717 7698
1415 3700
6842 6507
1206 7722
8270 4942
4414 5444
4240 322
7672 1089
7637 503
6046 829
3688 1491
9274 8830
7562 5612
6979 7334
2979 840
4817 2932
9891 3359
6546 2463
4763 1862
2995 6425
8450 2160
1019 7286
2248 3474
5740 5942
9161 3418
2479 9475
7769 5246
447 148
4655 6885
5760 572
6879 4930
4259 7063
1558 7027
8776 7074
1438 6501
5995 4461
1978 4187
4662 9971
3275 536
8495 1653
7082 7675
4266 2349
9840 1535
9330 5367
8549 3619
7872 9459
4048 6508
1439 7847
4489 9650
4470 9657
9593 1290
137 5437
2970 3726
884 8886
4104 6253
4484 1830
7956 634
2453 9753
6082 8430
9158 2710
6923 7656
9890 1452
1626 474
7178 1166
6426 757
2779 7092
6246 3894
9890 1466
2050 4047
5175 6469
8389 2010
7590 8401
1916 5622
8277 5196
8724 4654
8271 5818
1630 888
6272 3555
4623 5709
5492 6447
2194 9941
8298 2895
9196 1668
6701 1774
1178 7511
4280 4271
3821 222
4500 6663
2193 7257
4947 1212
7311 9488
224 1723
7422 5377
8762 1836
7754 9690
6339 8316
7884 5853
6324 901
3576 944
7404 9001
2031 574
2819 8924
1480 3798
1010 7073
3121 1764
8561 3112
5803 7281
6711 8973
1515 1304
252 6849
6827 4709
8807 3737
4680 667
7051 4233
4319 8489
1097 6506
4107 222
3574 4626
4605 8823
872 9946
7669 7280
3768 3873
8206 1417
4298 1321
9073 3982
4840 285
8946 8879
1950 7661
3250 6943
7387 5040
2263 1504
1480 7361
9350 4246
7761 3921
6121 5036
9919 2187
4940 8447
7686 9319
9068 6878
9769 2043
8557 6221
799 3377
5330 1466
3069 2889
5699 1038
2878 6933
9249 1247
720 9852
1413 5655
7975 1985
9844 1942
3195 5976
6073 2136
1458 8883
2651 7078
1461 7201
4207 3184
2314 227
3055 3306
2254 2010
9671 8135
7920 1914
5009 3692
5003 857
7956 7672
9532 957
6781 132
6316 4292
5371 9445
8711 6628
3911 6647
7034 6024
2299 6807
9906 7434
5830 2119
3355 1787
3974 7593
7465 6644
5964 7842
6144 1094
5158 7136
7760 3202
7989 7764
25 1047
7376 8752
8378 3741
2819 5115
9258 7137
7397 9652
9381 1886
7862 909
769 3433
205 1464
4871 4491
2556 674
4753 6880
2440 812
5895 634
6361 8503
8203 3942
1576 6472
4481 293
9924 2532
231 3098
3950 2842
9271 9810
7388 6851
8455 7007
6496 6102
4901 4211
1990 5859
9884 5833
6727 6761
7910 7318
8153 1466
5244 7407
3613 8123
9320 1437
8015 9464
5826 4621
5409 4527
8746 6736
2095 4248
275 1150
6505 1516
9699 444
7211 8993
7834 6413
6636 5741
5891 3211
4765 9886
3095 992
4383 3778
8288 4224
1530 5911
8017 8262
4704 4976
3734 3449
6683 4195
8378 1334
6123 9426
757 5673
4367 5940
4519 6792
4019 1068
2739 3816
1047 6534
4180 3996
5809 7803
9572 5429
296 3753
8435 3289
4273 1953
3440 6851
2942 36
855 6047
7594 8050
6751 1671
9464 5290
4645 9541
4173 9831
7676 8093
2062 7026
8751 7339
2713 3852
1439 6716
5413 2103
6835 2878
5850 2209
5603 4197
1013 5535
8993 4283
1312 7290
4450 6669
646 4304
4469 802
3502 4746
2206 1742
9287 6197
8305 677
9336 1198
3958 6115
2572 7345
9126 3081
6346 226
8846 524
2945 2177
8190 5459
8548 6230
7229 9270
629 4301
7929 4966
7366 1988
8884 3784
7301 4131
90 3987
3860 4425
2313 3270
6056 8763
7192 4712
3214 1929
279 3897
7326 5391
2657 3349
8431 8999
8021 9005
3066 9793
7320 6093
4962 3440
9025 8637
371 1049
8130 7505
2620 9115
5278 1411
90 1601
3276 435
1985 994
366 4713
2846 4693
9914 5333
1051 7830
8834 5361
2492 3743
9819 8492
8276 4604
1630 7858
1534 1489
7800 839
5944 8440
994 1230
5371 9977
2117 7106
3125 2087
7999 8905
3180 426
7770 74
2177 6276
2824 9474
442 1988
8102 5767
4436 6573
4535 6995
2021 2252
6908 6962
8242 257
8943 1598
6080 5778
9608 4674
6613 1272
3424 8614
4969 9759
1864 7046
4418 9133
4984 1618
999 2013
1721 9861
865 6395
203 1941
2703 3920
8749 5566
98 8389
9784 5927
8093 6419
9696 3471
2574 8102
5207 182
2596 9327
7302 7130
6865 52
725 9038
4161 9469
9981 6910
6877 6948
5228 3141
746 1235
2281 1164
3684 4218
9428 4683
1152 4677
8618 6949
3549 8512
6397 172
1858 5186
3783 5283
1881 2420
7923 8915
8404 4030
5180 8906
633 7014
4371 8522
2422 4727
4115 6024
9400 608
9814 5571
2390 1141
796 3919
2703 2533
8986 3108
8355 3265
3649 2225
967 7910
5982 2916
5258 1284
6907 8632
1938 9522
3484 5693
4448 9379
5884 9102
1988 9272
9559 2462
1802 1712
1996 4965
8737 5951
332 422
4123 5656
1343 2001
6511 2730
3939 7663
832 1980
2665 6544
986 1096
8015 8286
3753 7628
4409 9264
7958 7852
5663 2655
398 8816
8403 9453
8014 9267
7117 4975
2740 7042
6551 5031
1994 7169
6519 3072
6610 9216
4831 2056
1219 2492
510 1362
622 3707
813 8025
4364 148
197 2810
5477 6780
1498 422
9815 6830
6038 6396
9535 6115
4249 7213
5981 3925
3828 6407
4571 6971
1899 8485
8001 8193
8738 7021
5557 1004
4314 5406
5957 5379
7333 3927
3884 4999
2820 8094
9237 1768
9479 8100
1023 3353
9010 6120
322 3484
8436 2692
7808 8153
9634 6041
6394 1196
8362 2045
8093 1932
1924 2576
6560 4194
7934 7248
5750 7889
4863 5349
2768 3282
1936 1805
7499 6332
8353 6968
3700 2358
4358 7730
517 9829
532 6571
799 154
9483 2104
2424 7042
5236 1948
3337 2390
1367 120
9164 8554
6736 7541
9816 5219
5479 378
6566 8576
991 7141
4466 1098
2250 9789
6728 9129
5976 8650
1459 3167
4914 2330
7568 2825
2313 4833
5975 7274
7754 7657
4926 5182
2359 8280
4052 6176
2104 8889
43 7895
9801 450
1297 9036
218 2104
9254 5288
1247 5791
4398 1438
936 3606
5181 168
1662 6291
6361 4933
1630 233
9257 1760
7242 9557
916 1874
5535 3929
223 9237
6613 7686
2813 2080
3601 8639
5821 5560
5010 658
8774 9909
5325 3728
3173 9809
6443 4984
498 9195
3625 686
521 784
2260 9082
2665 2993
4180 6310
1010 1536
8244 6484
5384 8680
3022 7100
9371 1549
3682 8349
8626 7367
809 907
3216 9969
5147 389
1026 3378
9030 3111
5489 605
4509 6205
1513 3441
1907 5207
6689 2507
7828 8398
5046 4794
2513 8947
920 9820
9936 9036
8378 1339
4004 4451
8301 2216
8507 2713
7705 487
8489 8724
2816 1687
7911 8435
7837 1819
2220 816
899 5576
4026 4410
5500 9976
9349 5446
3278 3820
1697 4463
7237 6826
8045 1636
9596 603
8529 7489
2195 428
4049 2318
8804 4056
624 3792
8230 5681
6508 4841
1083 7140
5501 9684
5126 5152
3305 2401
7655 6677
4234 3866
7768 4989
4669 5704
103 6016
941 3223
7825 3328
1558 9374
2484 4434
5752 969
8470 3140
1303 7260
8402 5627
7306 1845
4299 6149
3570 2099
7796 6756
68 542
1583 9002
2753 9950
8991 9278
9226 5251
3598 7619
5980 2690
9844 7394
3396 648
1772 8129
2810 8300
1324 7052
3789 1032
3310 9940
4394 2537
9225 3175
2141 1540
2671 1823
6612 3926
1150 7041
5355 7739
8007 4870
4280 256
1690 8600
7742 6064
9252 1742
8885 3516
4902 9877
6101 5851
6841 8824
7831 6730
5632 9534
4641 7235
7745 1435
6106 2701
9601 2766
6612 3369
230 9663
2698 9793
5000 1954
8387 2434
762 8013
7031 4816
1830 9340
7359 7296
9967 2091
4559 1852
2833 5867
1537 1850
5782 2559
9666 2158
8177 2047
4261 2928
116 6309
7600 8657
5864 9506
2658 3749
1826 6316
9373 3022
3730 399
4120 7817
2233 7719
6169 666
2472 4462
4461 4266
6734 9675
7642 1226
3954 5218
8841 9908
1274 6200
7131 7733
8987 4496
5299 2955
6986 2308
1171 3918
2942 539
3515 3153
2864 3510
7295 2597
6235 7637
5459 8782
3835 1441
4539 9271
8643 6930
5424 5777
5224 3379
5629 9379
3583 3249
9188 8428
3136 8730
7339 8311
7422 1072
6803 9978
3891 9359
9666 9445
4943 9637
6602 6538
9900 7100
1691 7812
649 1148
538 2277
5983 6744
295 9188
7878 7316
8463 6576
490 1814
6975 87
7839 3466
9800 230
2773 5164
6616 9345
8764 6992
2884 6783
2898 8637
537 5462
5309 3909
1008 1976
4079 8805
8205 4247
4251 1383
1343 2212
1697 8089
8322 7379
2105 7511
7204 8314
2490 3546
4292 4205
4859 3976
2563 1587
5779 575
7499 8524
9777 5996
1441 9488
2069 6026
1290 8389
3151 1895
600 7751
7911 663
5020 3827
3722 2911
8284 985
9516 7357
7600 3414
9672 1253
4353 50
6824 3108
7868 319
1431 6014
6821 7725
8784 4213
1358 2610
9051 3635
2067 4372
9672 5707
4809 2183
1401 9914
272 177
6509 6550
4028 9581
93 6746
8005 4173
5067 945
790 8994
1822 2495
8614 9689
4574 4906
8728 220
567 9784
5935 1413
3612 2558
5404 3673
6384 3795
3440 6881
258 2279
8412 7721
2947 7608
5295 6575
6752 9368
4691 3840
1704 5154
2539 4956
7442 7361
1463 7400
6735 7966
6888 9499
3186 9432
28 1125
6765 5756
3696 6561
7827 5557
2827 3464
5699 3418
1283 558
724 5251
8916 2562
7429 8551
1372 1173
454 9107
5096 8008
4832 7111
4445 3041
4415 40
606 4440
3559 8653
2364 5575
2571 8686
4563 8951
5843 5410
6936 2394
633 4639
6282 7168
9276 4755
9656 6491
1201 4697
8324 1141
7534 170
8627 9781
2738 3605
4004 1014
8311 9996
9646 8070
4385 1822
822 2642
5145 4941
2272 965
4101 8070
1386 8332
6197 40
2424 4613
2291 6148
6863 4873
8069 8539
6574 1241
7306 9683
4515 7301
9729 5384
236 1393
171 6256
9273 8911
280 3240
2271 6604
8392 1704
5866 3767
6119 2684
8959 2240
2773 4909
5300 5281
2758 5437
8155 2268
323 5149
3093 9696
9282 5807
5774 8341
4284 3951
3401 4801
3413 9102
4074 2491
6665 2201
8757 4837
178 1813
3840 63
7493 6993
9656 21
6291 1707
7606 8670
7920 169
3324 3567
9343 3156
1422 8711
7084 1503
5078 5874
7865 7014
1148 219
1572 8287
4579 8079
986 7684
925 1099
7398 586
8719 7220
8790 3909
5957 7393
7606 7441
2383 7122
7261 3681
4544 2672
8817 2422
4989 8718
3661 1793
6126 6614
4347 9565
4750 4072
2875 878
2929 3328
2965 3295
9056 4952
9469 6245
1416 6448
8391 3310
8692 4252
5702 9996
9016 9447
8082 7113
9806 7700
6589 7650
4887 3343
7834 6873
4147 4806
5218 6054
3376 3761
7166 838
3294 5144
8987 7257
4616 1044
6457 9106
7736 3901
6877 4808
2226 6155
1766 1796
4626 6473
965 8066
2609 7293
8640 5279
3925 353
7852 2144
756 6078
4791 8278
4307 5997
8214 2793
9069 2567
3896 3269
5686 5669
5698 8897
3338 7959
8022 8023
4797 7621
1313 6467
2179 9308
5857 2981
1285 495
2330 8736
8093 3883
7051 4510
1850 9971
1727 6547
6460 6703
7645 7041
181 7478
6760 1905
5158 9410
6350 7794
4825 9161
3422 8169
501 49
6250 4982
5163 4370
7019 3268
6948 8903
4537 7513
8440 5318
8160 2100
4357 7975
7514 4716
5286 9508
8435 7265
6545 2784
5835 7016
2707 1513
6748 4872
1515 9511
6165 3738
6351 4167
4921 9905
4085 7434
9307 4106
2849 1547
3370 8192
6874 2907
8849 3993
7488 6761
7522 8558
9412 2168
4802 763
6423 1429
1391 2162
2086 7535
2237 9464
696 4501
8178 7258
6523 6512
8067 1549
7216 7187
8455 996
6870 2419
8913 1636
64 1948
1715 3893
894 564
3507 5615
4545 1288
1548 3187
1531 7071
1822 2800
1899 2215
5748 4292
9166 4395
3341 9761
1171 7209
4801 6439
6540 8003
3103 8099
3354 3569
7356 4260
214 4245
82 2955
3591 5676
6769 83
7845 8972
8498 8252
2226 1226
4736 4697
2972 886
2945 2466
6889 1892
9462 424
2146 432
2486 4179
3807 4467
2773 4112
2345 7684
2332 459
9619 8895
8751 6292
3374 5748
257 5314
2618 4577
605 4654
8978 4422
4879 6164
112 405
5050 6016
920 3741
3934 7151
8643 4701
1489 9066
6249 5707
6082 203
3153 3953
8350 2079
5977 7191
2035 4910
6194 7913
4269 2746
2754 9387
3975 2799
6407 9554
8580 2930
7824 4860
8738 7719
1984 3141
2841 1740
4471 7425
6967 4953
263 4190
5727 9324
7361 3147
1801 8963
7761 5705
7151 2671
8433 2752
577 7792
6018 8654
5223 7953
2857 493
2673 8543
9604 5451
9949 2195
753 8691
3335 6970
6939 7472
8355 5250
7735 3652
8100 3897
7532 4786
690 8632
392 7774
4 83
2275 6779
4456 3638
692 7223
7832 9236
8293 7821
65 4405
9523 3732
9990 4187
2551 7994
3241 7127
5150 5760
3137 7801
3677 4793
3765 5924
7604 8159
741 6900
4112 3571
9521 7697
267 2857
5970 7018
629 4389
223 6010
3961 9586
8440 361
3252 3565
6719 3041
7123 5941
1259 5766
2190 7799
7063 8815
9297 7275
2667 8476
2874 2527
3462 2362
7980 3261
107 5302
498 5172
427 3285
7826 8211
7881 8231
9434 2612
6423 638
4112 9666
6724 8319
7935 3399
3240 4623
7679 3849
5700 9307
9956 1564
4557 9443
6414 1105
8945 5494
4148 1869
6593 6687
8933 7351
8273 994
5295 7548
6677 5136
6717 283
4388 3033
8306 3048
3592 8040
2663 5720
7386 9712
8258 695
8298 9647
2338 4317
9108 9578
5580 6065
3941 22
3558 5311
5349 3888
1109 8647
8469 9346
1891 8769
4250 834
9817 2056
629 8851
1414 9179
473 4679
9086 8065
1720 9572
91 8210
4610 5819
4348 12
9566 64
657 2161
3069 4166
6223 3228
4684 6012
7904 4332
6670 7707
7669 5574
1210 6020
9501 1642
1966 553
5831 3328
8349 7484
3543 8271
6459 4174
5334 4956
1936 5105
674 156
8293 6859
1573 4724
1959 9592
1394 1261
8129 8150
7021 9879
7121 120
6870 5806
1677 1930
9826 6328
9113 1071
6690 2015
15 3488
9986 3486
9305 3951
9123 2777
3423 9545
1202 3509
2879 9657
2526 3681
4086 8003
2738 6021
9414 3066
3405 2690
6916 98
4013 5460
1012 4323
1657 84
1936 6244
3106 4302
8123 2979
7733 1761
8547 8807
2023 7158
5817 4557
2526 4384
5356 422
4807 8858
5225 4395
8799 197
2229 550
400 5908
1503 5027
9772 844
8649 5306
1496 837
1872 5526
7124 8085
1895 7795
3366 7666
2289 6384
7302 4319
5742 4510
4567 1933
6259 3194
7541 1944
9359 3738
4727 9384
1536 6293
4890 6651
9875 2143
5012 4773
3738 5088
5624 8605
4005 1521
9100 7897
9595 1522
1009 6484
8352 2534
383 5396
8569 8838
1235 9336
3958 4784
1368 5507
9824 1588
2711 1854
210 3918
725 175
5727 1529
1814 5801
7072 8292
9472 6721
8989 113
6065 866
8410 1243
7051 1656
7120 819
6859 3182
7903 4339
1713 4779
9221 1333
2100 7470
3574 3928
8726 9954
7203 2396
2225 7497
4651 8776
3318 5981
8873 3521
2734 5105
4359 7111
5036 282
3966 8532
7543 492
3558 5379
8010 9410
8158 3929
3770 2661
2369 7695
2285 5950
8793 7999
4839 2180
6147 7860
2457 426
9779 8290
2221 1399
9626 2269
6142 8757
9013 8659
3404 5598
1330 1925
8372 5773
361 8376
2405 2772
2049 7198
7795 2849
537 900
8401 265
8355 8979
2978 9479
8288 5698
1726 738
5462 2938
2606 7216
3532 6326
8668 1860
444 6685
383 4446
7050 840
9097 565
8503 629
4215 7197
8768 7784
3072 2949
5424 8485
5686 8383
5517 1695
8933 3604
250 4295
9854 5759
8353 5516
8805 4245
9328 1502
4035 7546
4408 7127
5170 100
5789 436
9800 7517
2820 5318
5253 1701
2708 8037
9670 9079
1045 5109
4410 7246
6985 6545
4861 5301
2239 8762
9744 7615
5102 4956
1715 9799
4635 993
5536 9864
9571 1602
7431 5025
7349 138
1789 3861
1093 4660
1509 4551
7982 863
8111 6182
6572 2530
6642 5682
8316 9186
189 8479
5085 7747
1112 1701
1332 9741
5992 5147
5791 5706
7917 1344
6369 216
2865 4919
6192 2830
9514 1885
1251 4569
4260 2927
2588 6464
387 2450
1519 3897
4331 7407
3807 9536
2990 949
9473 3457
8173 2319
7441 4145
4888 4718
5849 7876
3029 6378
1761 2749
1499 8282
1473 1400
9017 2531
1822 8253
4054 4472
845 880
8717 583
6348 6231
1706 903
5044 1520
9435 2046
7159 6856
180 8537
3618 9150
994 8013
9376 4161
6015 2152
4402 3419
7926 3286
6494 3889
9280 2763
1755 5715
7017 2468
192 6962
5182 693
6109 6362
792 4650
3623 1839
4283 1455
5421 4251
4978 5011
4222 5027
9186 6261
6999 129
9884 1356
9075 6546
6676 6451
249 1356
6981 8727
4237 4290
69 1441
8762 1811
6229 4773
1529 4397
8676 9843
1241 4911
7159 2180
9737 4891
5470 2792
1864 6462
7149 4251
3234 2331
3861 3765
7021 1550
2045 393
7352 7328
2598 9839
3120 6374
9477 683
9236 8758
723 9033
2132 7653
2710 5411
4535 1160
7330 9623
8788 831
2998 97
3875 2107
6981 3155
9473 6369
1744 8797
2203 8531
7522 9815
2279 3383
1991 1212
523 9178
1786 863
3404 7529
3875 4163
1822 4175
2582 8002
6020 1504
2058 6517
8819 516
1250 4907
533 1049
7242 4712
6242 362
963 1285
2299 1531
4274 6380
4295 1316
9198 22
1097 6856
8880 4864
7122 7740
6675 2342
4394 8563
6520 7820
98 3659
7616 7841
2771 1458
8980 9741
1731 5434
3518 7600
4481 368
1495 2527
1302 6029
7375 1991
6973 211
1264 9170
5916 1481
6019 2088
8166 351
8099 7913
1154 2418
5729 2877
628 9265
5627 5512
3278 6369
504 3769
1276 5939
1452 4337
2512 5825
9163 5388
3192 9870
6818 2961
4472 2834
142 4242
2134 9416
1890 8584
1765 2595
2124 9973
4770 1047
2394 5357
6022 1648
359 2359
1963 1806
4879 6173
7546 4981
2083 5954
5822 3949
9926 9695
6576 9740
828 7674
3655 8911
7476 2569
5633 1701
8940 498
2740 4112
5127 9468
7892 7734
1799 8768
2167 7977
1437 1934
7210 3722
4179 6447
6812 8376
5206 5662
4536 4503
564 7909
4482 8871
1617 7019
9670 5535
4854 6589
7141 5673
2544 8271
3021 8130
590 9975
3010 9600
1831 5927
6288 6271
6187 147
7801 8605
7195 6553
5545 3969
4656 8055
931 7590
5065 8935
5042 229
7872 2693
6820 8769
3065 3532
4691 383
8931 2583
2599 1755
3403 63
4677 8888
1923 558
1473 8789
754 6152
2033 4723
5018 3333
9823 4998
1091 7877
8080 1642
5047 2070
9208 4859
7802 4200
9307 4571
6299 7430
2308 5106
2569 4238
7008 2178
1962 6898
6665 7669
4788 7983
2717 4176
1439 8221
5097 4702
8075 1114
5852 2969
8604 5908
5027 8854
2893 3113
7785 3076
2288 2260
2748 7289
5251 2725
589 4469
7306 6362
8196 8069
5642 1370
7904 8572
6135 4877
7900 2373
5895 5445
7333 3986
4863 1514
1956 3434
1064 1207
4757 5630
2664 8490
4784 9203
9370 8104
3867 568
1131 7682
797 441
3568 3436
2667 5166
8117 4051
8969 6961
5111 152
5584 5612
6938 9465
9013 7681
3311 7051
5133 1413
2890 2272
3757 6371
5393 792
4807 4926
2379 6350
8646 8178
9866 1418
9952 1956
8471 1724
3599 4988
2465 8765
8135 4655
7765 638
2713 7212
6060 4438
8660 5339
338 9315
9780 7240
5416 4874
5099 1170
813 5290
8892 5644
5932 5427
5806 5677
7932 5498
2366 7625
3597 3642
2061 2252
5429 975
6089 3712
6512 7551
292 2519
7817 4524
7281 4121
4237 7031
6055 5911
2296 1267
9005 213
2181 307
2402 2075
6532 6527
7656 7670
5465 6419
41 7014
4241 1112
4251 2311
8223 9916
9793 9592
7369 9139
6849 1744
9691 2944
3541 7290
6210 1864
4224 2761
6691 8603
4687 8133
3334 8338
5774 3606
8667 522
7612 672
5739 5849
6052 9122
7105 3488
4960 8670
8440 6602
2119 3708
3061 4627
9179 5970
2816 556
4274 184
1640 1355
5920 9726
4896 5195
293 941
2120 5199
5938 9836
7040 4482
2865 3771
2645 1415
5655 1907
3898 8715
4507 1523
6571 400
9597 2991
624 4619
9144 765
7485 5373
7126 1190
8070 9523
4052 5558
5895 2984
8182 4757
470 8780
7040 5469
6563 4709
5662 688
2456 5805
3282 4194
4599 9957
9677 4594
6762 4337
2784 3918
3319 3271
5478 6078
9751 3571
1620 245
3483 1398
3904 5935
126 3611
4932 8165
9080 4161
2652 1360
2346 2858
6792 203
9056 3594
7321 3506
1110 8715
1777 5341
9901 8371
6 8526
9161 7534
62 436
3784 1952
8672 9719
8607 6338
7694 9427
9391 1330
6077 2262
2982 4995
2478 3374
8072 4882
6967 701
9926 1053
2587 4651
1990 504
143 1653
9358 812
7284 4178
2386 7188
4401 715
1479 4979
4907 3117
805 9385
6619 3568
4690 9033
4017 7268
9109 8967
3637 5302
7077 5207
9949 6122
8337 4208
220 3659
663 6170
694 2939
4578 9339
6758 6616
9250 7560
1475 2267
1536 1571
2579 4656
906 6486
7652 9260
1929 3467
5 3539
1399 255
7326 1977
506 808
9221 9591
6002 9005
7390 4286
3737 57
7137 1930
4088 3618
3518 3504
4407 890
3233 8135
6693 4239
5645 8620
6226 7824
4284 9864
1309 9520
3395 9785
7437 6819
1444 950
3787 7597
19 4545
8424 161
8104 8392
6941 1639
4030 3291
3053 9940
3614 5481
3128 5397
5264 6891
5381 283
6991 432
8980 8476
8878 7106
4844 5184
8003 9643
3898 6632
6031 7472
428 88
5775 147
1681 3725
2311 3314
8620 285
3648 1593
7829 64
3999 1366
2018 2136
8093 6563
2089 147
5565 3141
3514 9280
2658 797
601 8971
5434 8983
1473 4376
238 7214
3680 8205
4573 2309
7604 9621
4512 9665
7342 1662
4646 7076
6960 129
4282 1347
8140 82
1140 6970
1487 5018
8622 2626
1783 9933
2090 7452
6985 7168
1989 7327
1999 2130
58 9901
9971 5785
2670 7598
2195 5764
9335 7974
9502 5536
262 5284
1611 6022
8511 7497
7903 7825
1187 6365
8389 8240
3103 8492
4520 8633
3427 7522
8590 4190
4318 2650
4725 5058
9444 1195
2275 9586
714 1936
1424 8381
583 1426
6683 1448
6847 5851
8641 359
7796 1455
1354 2270
6388 9421
1030 5400
4403 3685
7823 3402
2081 4736
9491 516
7874 3428
6834 1591
5202 463
109 8931
8335 7309
8047 9549
8867 1687
6494 7527
7304 2306
7892 5745
1475 3047
7896 4908
4988 2786
1546 3958
8048 3527
6534 8425
1376 697
8927 7775
6898 5103
4650 4119
1758 1665
9212 5861
4414 135
4112 7305
8215 8286
6906 3667
2149 2617
6167 4468
3593 9583
6581 2762
8284 7128
3864 3854
9800 4365
4081 9196
584 1500
4971 9784
8199 8821
7328 1894
3759 558
8412 3535
3413 9810
1169 8576
1183 4007
9710 1970
8912 7879
4773 4604
6375 2074
5454 9835
1166 842
1273 8236
2972 8192
7502 8079
6909 9778
4923 5587
3596 8307
3375 6578
6432 5610
6667 9762
4678 3660
6503 8875
8246 5349
355 5105
4414 9451
2704 2138
3243 8507
5556 7139
1380 5333
1042 7411
678 3054
3734 6559
7173 118
5088 4458
5028 1950
7801 9204
2317 4001
9108 6524
4364 1992
4067 9282
7667 731
6751 7245
6704 8761
2192 8199
557 3337
4046 3181
716 7549
8023 8521
7934 9355
3742 8690
1706 1571
3423 2895
5703 4198
4993 3499
6660 941
9433 3923
9488 1456
5007 1927
2042 7764
3784 8810
7747 4406
3065 7999
1457 8706
3687 6687
9516 4587
2241 6269
259 2011
7257 9495
1891 650
9002 6702
3931 7758
4647 1931
182 4073
8313 8960
2518 7005
9388 6658
278 7751
6473 7654
805 3861
5266 7666
5173 8011
98 7018
8307 7078
8985 7707
937 1481
5056 8968
7821 7107
4737 5088
9942 2660
7609 8973
7939 6802
6381 2541
3688 7222
7817 2841
7176 7814
6120 102
5789 869
7558 6899
1701 8232
9756 6655
9594 6968
4868 759
5353 2086
7835 3979
5448 6356
9783 7396
8847 1397
6427 7246
3324 830
1484 24
6937 3942
4408 7606
2359 4813
2369 2613
6968 6258
1070 1245
6214 818
6347 2225
7223 2925
545 9004
2584 2966
8295 7723
5465 1589
6901 4408
4831 9303
7894 5256
552 5283
8865 3397
9234 7369
8836 9302
8862 1362
4665 4230
4446 8629
9174 2239
8894 7817
7798 292
700 2320
8721 2384
1653 3054
3429 9722
2976 7080
798 6751
9709 7465
4326 4396
5146 8849
3941 7090
172 1126
7181 6009
6990 4124
7001 614
9482 1412
1373 2146
2784 8304
2525 225
9123 1455
7730 8899
26 9488
6301 8619
9596 7541
6760 8212
599 5284
3499 6056
28 4659
1260 2825
9250 7522
1683 1436
6997 3027
8369 6895
8251 3103
8719 7626
165 3094
6043 4105
1687 4807
6936 5919
3465 1171
2949 1840
8869 5907
144 7936
3345 605
8355 7204
8354 2564
7436 2637
139 4293
1846 3579
9959 1220
2345 4865
4356 4523
7761 8606
8045 3387
9447 7304
4750 8561
3089 4630
7522 2036
7419 7846
7333 6875
210 2407
4337 1325
3699 5097
3079 4072
1385 5034
1813 6550
9449 2729
4239 9435
4280 9375
2368 7399
5220 9436
3454 1794
3861 8777
8464 4668
2750 7035
4435 6379
1083 979
810 2627
4442 4249
3037 7318
6502 8210
7610 2909
9428 8923
9075 7416
5263 3744
3309 622
5021 3664
2647 1207
6045 1137
3193 6991
1229 4188
4781 6229
8396 9394
1503 7347
2720 8907
1803 7258
3249 3501
5135 9819
5526 7211
2713 3885
4708 1702
2503 6737
9573 7599
4081 2960
3095 3824
6031 2231
670 7886
8390 6302
5462 1666
7143 6899
8461 5041
5858 3896
579 2745
2301 7501
1590 6878
2968 7547
674 6975
9485 5302
9303 9637
2246 6406
1792 5454
3089 6338
614 7232
3766 1163
2434 2199
2017 7835
7678 4750
6409 110
1205 2463
8402 2424
2797 9798
5267 146
306 601
7336 1012
8226 4468
9034 1484
4591 9784
4404 6672
4674 544
1595 2727
9501 1409
5674 5395
6597 7595
2373 4259
5847 8997
90 1515
8167 5137
7332 5764
4131 4279
3007 1249
8216 4523
7929 4928
2683 5129
7765 7709
2365 4289
9421 9321
4547 5471
9520 6501
851 8478
1878 4777
7174 3988
3 848
6915 6502
2582 257
7881 8269
3935 3639
3682 9183
5465 9697
4181 268
2395 3768
2558 1059
7227 9424
9889 7100
9156 5416
7480 4108
1827 7699
8436 7687
3170 3939
184 7052
6007 1647
6309 4879
4705 1469
2954 1793
5828 3796
2242 7616
578 3763
7662 5603
3293 3981
5677 1952
2377 5941
9789 1956
1149 8003
5785 6751
1890 8336
5278 2888
2444 6032
3390 8108
9980 4489
9224 365
7637 803
7240 7192
4490 4342
5422 4509
5566 5951
4667 9001
9111 1707
4601 6371
5122 365
6058 9431
9355 4861
1489 330
1855 7227
4800 9478
2607 53
9181 8619
7989 267
8339 4826
8290 8601
1977 3091
9569 1128
2249 8864
1509 9467
6083 9275
5310 3258
4578 2464
3525 7981
3544 2734
1734 7262
7929 9986
4748 4796
6727 9925
984 1450
2240 5817
7763 5296
4817 9205
6758 1999
4582 1775
4554 3684
2228 9037
9002 7057
9718 497
7877 4018
5966 711
7089 4988
1803 221
5723 5329
6398 2437
9614 1899
3847 8594
1406 1709
6738 1363
5648 6403
162 8842
8159 9585
7395 8184
7195 6391
4533 6996
4274 598
5273 1184
6148 8370
6580 4926
2279 783
7082 8532
1766 576
6009 7427
4073 6901
2286 3363
1389 1603
5727 7627
8408 4038
6269 7949
6748 8981
6689 5491
5022 2758
7391 5459
2276 14
7576 8896
3046 7864
4321 877
8182 6869
1033 9979
1474 8229
9290 7863
2252 5711
432 6953
6602 9370
7501 8130
3373 5359
9025 9537
799 9177
682 4722
7252 9592
235 7656
7096 1172
4775 9566
3278 6085
3367 5054
1255 9502
3319 2204
3720 5640
8857 8671
8919 61
8205 6178
9597 1950
6576 5710
296 6571
3873 6260
8895 9102
4265 1048
4905 7691
8630 2407
7681 5720
9024 1054
3625 5464
7858 3845
832 766
4467 9135
5227 3261
1713 9837
1652 8436
8413 940
5327 3541
8850 3309
7057 7391
5176 6945
3039 89
6738 2173
8594 6530
1410 2332
3852 4541
2606 8709
2744 6734
1346 4690
5538 6229
3095 7695
9651 4172
672 8549
8462 288
3365 3532
8076 8086
7518 5843
4613 6471
2625 5704
4564 1519
9022 966
3536 3982
5183 4938
9427 1527
1098 3525
4757 1459
5597 5125
3408 5730
783 8199
188 4143
7220 9958
7053 3488
7818 6139
1378 9119
1588 4456
3905 1418
6929 3327
2549 787
7635 8127
4142 6500
4397 7141
3425 2360
7968 3600
6186 3938
3742 8076
436 3350
3761 8247
6369 8902
7029 6717
7722 4466
9939 2711
7355 9476
9357 7005
5958 3420
5799 7770
8263 9175
237 288
3882 7327
9385 4692
4589 3086
6070 6617
5296 9017
5463 6966
1747 6664
7452 9763
4785 6131
529 3173
9535 2978
8620 7121
7056 2130
8874 2023
6855 4589
8982 7201
4891 3401
8969 994
2876 2138
1753 6162
8595 9850
1548 3828
2317 8561
6064 8786
1229 1445
8113 8571
3062 80
5019 9796
6523 5151
1123 4592
4586 5238
7036 6284
8777 9406
5321 5624
2475 8768
3190 8862
2987 8783
2703 3180
7206 2655
5750 3761
8365 4498
3394 8735
3514 7793
3533 7283
8701 5784
7518 7430
6485 8397
4303 5536
1380 1716
7791 5210
7998 5938
3159 1058
6388 9462
5017 2371
7680 6441
8266 591
8477 6399
4212 1752
9862 7169
3545 227
8891 9858
7205 7376
3848 4815
9766 261
5919 7502
9570 9505
5597 9174
4680 2677
6891 185
4469 8393
1216 8905
5018 9134
6069 5062
5230 1368
5993 2885
6031 9311
7993 2306
1003 8773
4010 3346
1454 47
6220 1794
2219 5993
2855 1205
8543 3227
1888 9423
4442 8728
6080 8211
4962 8936
2718 4694
4391 7662
8226 418
9087 6450
2103 6108
6469 2134
1805 3170
1853 1342
9046 4986
4653 9837
8771 8880
1365 5186
6972 6567
2026 1672
9880 7485
6146 1390
9466 1944
1 5139
3092 8308
5490 4012
6307 7047
2865 7085
968 525
4282 8310
663 1358
2788 6921
232 8660
633 6076
8162 7580
6698 7673
2439 3761
1859 2767
3581 1536
6077 8656
4149 2461
2240 7381
3867 6772
6262 2584
4704 3960
2273 3300
5365 7568
1117 501
1424 5541
8896 8344
4088 4599
5754 7432
5303 6838
8081 3431
1290 6299
3876 6327
1230 8538
7117 1367
4799 5378
9111 4204
9329 2748
5769 534
3418 4698
1714 3029
5212 7507
2757 1436
3292 7448
8784 7918
2323 328
738 8305
430 8939
6127 3378
3865 8342
611 387
2853 6852
3417 5882
6178 3683
7013 9346
6259 4116
4732 7111
1393 8225
53 7737
8506 1041
1519 6513
8717 2208
3051 4508
1367 3126
1382 5467
9500 381
8332 1223
661 3668
751 511
2147 1315
9274 4163
8234 2882
2860 8481
5042 8106
2108 5211
2498 3705
9107 5861
5601 4899
9145 9269
8554 7836
4178 8704
781 7445
6030 6945
7404 8751
5958 568
1055 2693
6179 6921
1379 6570
8704 7557
3784 1769
9754 2332
8983 7184
4932 1597
4193 9759
4622 8286
5725 9984
5173 159
338 304
9364 961
8142 1570
7613 7601
8723 7481
9633 5817
1065 8586
1032 708
7717 7652
353 1945
8702 7803
7929 9906
1067 3815
9905 453
4058 7362
7309 6147
6824 2791
6034 8986
4249 3688
2967 5208
3301 7852
1395 6008
4552 7970
7357 53
8879 4272
1786 3900
4380 408
1716 4249
2138 272
7238 5127
2243 400
1385 407
2045 782
9460 8593
8016 4564
1949 3742
2733 4535
1428 9680
5237 9310
893 2816
6610 6079
9845 3561
5288 8224
1357 1744
5359 7403
6168 9121
8420 7500
268 5776
490 315
4759 4591
3101 3660
7828 4769
6066 3291
7340 3993
1577 1276
7190 8129
3523 6775
9295 8603
2175 5186
3308 4880
4730 4189
1612 6069
2851 6529
1245 2082
2696 6716
6650 4146
1310 2669
7672 9536
5767 3443
7199 8496
8914 633
1217 5702
3462 3784
945 7264
6643 8598
7215 836
1494 5761
7421 4077
6365 4604
4290 7164
5352 9125
4647 8237
3633 6603
3084 9219
4557 9705
9426 101
2786 5880
6299 5261
3614 1785
4706 6227
7677 4628
4841 3843
8514 375
7477 6389
4331 8845
2073 7215
6887 8190
4931 8395
6466 9879
4798 5928
6260 8545
3119 9935
7916 1827
7539 1639
750 7426
7591 9939
7458 5534
9148 8505
8975 182
1114 188
4382 9188
217 1351
8630 1675
6672 9543
7372 824
4007 9274
4525 9284
6447 112
8217 8950
578 8108
8 7624
4124 280
9416 3387
8595 818
973 2074
2523 3601
9107 7200
5086 8410
4218 1554
7976 8501
2761 7860
5861 9601
2729 6225
6078 789
9123 5148
4394 8594
5644 1222
2526 2159
2550 4033
9550 2152
7656 8225
262 8247
770 8946
3776 155
8834 3
9747 4641
4270 4642
3935 5418
5092 3660
1019 4977
90 9901
407 5119
5695 4588
1755 7352
7378 3524
9281 4594
7857 7254
7222 9798
6312 8856
2738 2358
3747 1954
5046 3844
5041 4725
9482 3517
6612 3236
4762 9533
7041 945
6432 4499
539 9347
2587 5510
172 9213
4465 1050
4162 4457
6566 8121
6504 3413
9452 8481
9697 9215
7708 1340
2257 2748
3571 6053
5433 9816
35 6585
5947 4048
2650 1525
7469 2007
6280 490
1766 1440
4029 7238
1842 2874
5366 8911
7669 4611
2103 3111
3608 3181
8628 9087
3378 8420
1083 6318
5087 5769
5969 8729
6903 1463
3349 7965
5353 7509
1464 4305
7051 4953
5899 4201
5175 1325
3102 8317
9902 6013
3589 2168
9733 8970
2462 7366
4400 8752
655 626
2137 3764
8555 7106
1001 8746
8385 256
3835 4922
1755 379
1549 980
1987 1599
1961 3037
5869 6951
3936 9762
3328 821
9293 64
1033 9021
1987 8478
4 4687
4995 3957
8299 29
8707 5750
7605 9797
5863 2165
5627 6234
101 3267
1297 2131
183 8154
3853 6358
226 4882
2885 1233
6206 4648
1028 1941
1264 6797
798 1429
7284 5694
8394 1902
9389 8785
9942 6420
914 4359
7835 7102
4719 1474
6790 6362
3180 5679
1681 4454
7826 6741
242 5005
2131 157
7129 7067
8314 9560
2636 5657
1612 6641
9682 1913
1429 7177
7570 2357
4587 3640
9819 3812
1961 7747
3695 2966
6992 8759
2646 5372
7155 6364
8601 8930
8261 2154
2783 335
4680 8927
1305 926
1917 4859
1647 8648
2100 9107
7434 5492
951 3976
8939 5049
5 1508
2773 9525
6368 4258
7017 7232
439 6530
7134 3393
4669 6557
8414 2709
5341 8074
5325 7402
2560 8409
5891 3659
5119 2017
3505 4742
7596 8947
4644 8394
9845 895
9794 8149
6779 1406
5622 6170
6838 487
4107 7148
5676 2271
9816 7020
3070 5933
3395 4775
1880 6484
4095 1731
2417 7432
3707 6470
1383 5647
5166 3791
1201 3117
5876 616
1387 2851
4008 9072
1831 4414
9419 4888
8892 5040
8152 3725
5281 7797
1653 4359
1484 735
2441 7905
7901 2414
5473 80
4173 6166
4695 6566
7570 9502
8180 7417
7549 9772
7872 3632
4930 9780
3106 9961
6358 4365
5762 7644
3716 8115
828 51
2521 1782
558 7495
6531 5848
973 757
5259 1248
6686 2153
9365 6408
4991 5038
258 6474
8181 2071
2242 641
2144 4647
9661 3931
5844 4779
4846 9181
6361 9938
4345 1063
9800 8283
6137 2585
5389 6962
2237 1564
3825 4605
8052 1946
1185 5940
5441 1677
2962 7449
9694 7626
7755 7041
5432 4718
5969 4415
825 286
2098 1303
3288 940
1458 1978
3860 9156
6287 9449
265 4356
8815 1305
8705 1668
2777 6532
516 6786
7959 2897
6313 1036
7375 4411
7889 8038
5147 9144
5464 8589
1269 8071
4079 9117
8809 2605
895 9639
8903 3190
1541 8324
1896 3945
9361 3161
5210 1739
8285 4757
7788 6062
3552 976
6167 4739
8634 6552
3013 7044
4185 1346
8225 3929
9090 5980
8076 2409
6139 5568
9964 5540
2513 6753
6195 1460
3413 835
7811 8240
6256 613
3153 6418
5478 3735
9277 2102
3791 6739
8061 4763
7264 1356
7304 4113
279 8390
8155 8890
3106 8159
790 6549
3906 8343
9150 2073
3410 7770
9104 6318
1979 8051
933 2263
2425 7908
9808 6191
4449 112
2532 8080
5295 8104
4674 3643
9408 6535
5169 8346
6118 3591
4282 7948
13 1569
6236 9653
8455 4543
8170 7783
3482 1106
3295 1659
1471 2132
107 4231
1954 7172
1184 9813
7156 1192
8207 1019
4637 1094
3179 9917
6299 8985
428 9319
2492 2701
1014 4250
2263 8525
1120 5700
9799 7684
8428 9523
8916 7456
7339 4998
2665 6077
1136 9149
1506 2732
1919 3757
7086 1730
2446 996
4421 1946
3160 2030
227 5823
9557 3916
4221 4079
6771 2164
449 3046
8235 1195
5554 8536
4111 3277
832 1794
3781 8978
831 4081
8381 5547
5210 6998
9759 1863
1722 7347
1731 662
6086 9248
9180 4444
3288 1859
4767 7278
2132 9465
3012 9421
2108 4760
5677 1903
7655 7934
930 7266
8817 2968
2352 5970
7357 7434
759 5449
2938 4713
8341 3758
1660 7320
8442 6403
9814 6492
7904 9237
9075 4084
8850 9135
3123 579
8411 6827
863 3012
9197 760
6350 7979
7558 2808
9690 5964
2898 6336
9061 1762
9536 3800
7576 5940
8054 2877
656 4653
5588 8705
1369 4967
8452 5167
1979 8961
3423 5631
7690 6991
7218 5162
734 824
8802 1778
6920 9449
77 9533
950 9066
9400 8113
9747 7125
251 870
3987 4606
9668 9425
1400 2760
8363 8003
903 8523
7322 5189
2097 8843
737 1693
2413 5359
1866 1439
3333 5754
9384 2073
9503 3777
5963 7971
5093 7540
6420 3130
4108 8748
4044 5095
794 4826
2636 1232
5549 4233
2696 8734
5799 9274
2955 3093
8077 1536
5195 3826
626 9046
7566 147
2233 8469
6457 7788
3904 8449
474 7908
247 321
1692 3073
9955 826
3728 6603
7938 6950
1545 6239
8400 6274
2273 482
1503 5368
3430 4570
8168 915
2373 5539
5876 1954
587 8458
5123 4529
1033 2964
163 7475
5177 8967
317 2365
6709 4236
7785 8619
7950 260
8056 6305
7893 8133
384 9589
3979 5242
642 8090
5462 4453
8913 3053
6047 3760
1299 3123
6242 5651
4496 7170
6212 2058
3946 3797
7439 2587
7308 9502
6382 2830
6916 7476
9574 6458
7986 922
5099 2172
8535 6609
2568 7008
1720 8850
6767 1820
3306 7494
4502 3889
185 4971
5545 9647
3282 8785
1889 5309
8554 2511
3824 9643
6740 1952
3188 145
4741 880
6487 4239
7694 8799
7204 6850
1919 7294
9144 5006
5111 3702
5875 8462
2336 5582
6472 3692
180 4704
86 3377
6553 8526
2686 5752
4727 6166
3551 7133
6410 7341
7988 7030
3492 4294
4458 5560
1527 2447
4558 227
1383 5825
546 8913
5003 4475
8507 1491
896 6081
2588 8957
2558 873
5671 8198
3083 7652
2166 4933
5169 3123
8279 9073
5963 1626
7222 9868
5077 5105
6336 3648
9662 6346
1669 3269
2965 3293
8427 9280
44 7607
9563 9389
1537 4740
5061 5003
2358 524
4679 8052
6775 7939
7632 4729
5516 6644
6836 9730
6416 6583
1848 4385
7500 8587
184 9916
3842 5059
7584 105
1266 9095
9851 1104
8417 6746
1964 7597
6577 4751
1442 4849
4452 9440
8629 3206
2175 4464
9470 1562
5564 8294
7693 6292
9185 5152
2097 4588
9190 8702
2162 5294
2544 1806
6669 4455
7406 9141
5981 3394
2046 1837
384 4633
8258 2303
1262 2575
477 2202
810 8950
5036 4307
683 3209
3154 9074
5694 6871
8541 2503
7684 1788
8191 414
5050 6690
632 1104
3544 6318
3055 8834
4588 8742
2395 3807
9231 1262
724 9855
1636 9740
4919 4942
9387 9700
227 9668
2666 2352
4041 5293
1376 2576
9369 7984
8238 4600
4171 7884
3793 8344
2319 2118
7092 8806
3106 7780
4243 1032
690 9168
5807 9291
8149 8960
8778 2419
5173 4099
8609 1111
5146 4909
3032 5316
1088 5959
3932 6775
3273 1409
349 5223
3368 7414
4410 5000
5211 3193
1289 3250
7717 5251
124 2446
8770 5944
5873 8529
6107 3203
952 3341
7461 9066
709 777
3120 771
2073 3448
5952 6471
6926 1738
2048 6867
9599 7666
9823 8952
9272 1682
3997 3323
1474 7062
3209 1889
4645 242
7615 4907
2103 7388
8751 3799
9227 6425
4823 7327
519 2759
9622 7903
9496 8235
7030 664
9764 8310
8235 7418
6752 4845
4604 9891
3059 2551
7771 2178
6621 7763
1890 2157
1672 6550
6994 79
3893 4254
2365 8077
8994 2679
6496 6333
16 429
6941 7817
937 6089
7052 1536
9157 620
4494 8383
7373 2851
3361 9843
9604 321
6495 4884
2107 6502
4390 7636
2854 1996
413 3891
1194 6745
2938 3094
4824 2754
7919 9603
2565 8184
6956 9498
1906 2769
4034 3371
403 1479
3320 1299
7287 1118
1979 9201
4248 6162
5875 7706
8312 2147
8278 221
4668 9300
1615 389
8905 7966
3059 8924
2790 5833
5230 8821
1733 2005
6985 4994
6842 3907
6663 8831
3217 7594
8124 8107
8567 6553
6368 5459
4858 1028
1672 4599
6792 6866
5826 7222
1942 3115
6177 8440
1549 736
7395 9779
7697 3784
8085 5119
4257 5956
6640 6104
8883 8579
4597 8996
3438 3259
269 4419
5741 2752
6534 402
5457 188
2843 1789
506 1201
421 4642
5422 9834
8410 6487
7852 9397
5726 87
4173 5527
2285 5687
2181 2195
4689 8653
619 9843
8670 2326
4394 3933
2174 5778
7331 6598
2430 4771
7816 6127
4336 4048
4500 5266
2310 4119
8424 6694
8160 2962
4515 4103
645 9580
2953 8244
9918 8560
8616 8869
6318 957
4447 2531
8719 4934
4471 15
6628 1805
9088 7276
3650 9221
958 2669
1192 3078
4465 7874
432 6530
4073 4640
3173 726
7513 1148
9061 2081
4637 1772
3838 8123
2120 7941
3235 294
4272 7006
1686 4863
8825 1390
5669 1622
3163 159
2332 9753
2491 2062
1638 9238
9262 8112
7112 8462
7529 848
5283 4170
2396 5576
6755 673
8055 2692
3366 9178
8725 371
7422 2635
4232 3367
8956 4695
7605 1118
3761 2735
5636 4683
6585 7417
6944 2987
2759 8709
1514 5325
1607 14
8899 9181
2244 1740
6509 366
5126 8022
4379 602
872 3982
9464 8625
563 4917
9403 4091
8940 1237
1597 4566
5375 993
8491 6547
7554 6238
3219 3452
1324 4587
1586 1744
9939 3774
6008 5045
8898 900
6981 2672
6560 7937
9535 4402
4209 6166
9678 7756
6355 9115
2565 267
1732 2386
9321 1861
6001 4810
655 9450
3183 7565
6124 5384
5839 2148
8422 8518
5281 830
9759 9364
4207 8566
2870 639
9943 9185
4131 3635
7425 5541
8003 674
1088 8955
7369 7365
5973 1129
9306 6634
9917 9378
6340 4932
8587 2056
5859 1371
4444 6960
4446 9880
4808 6052
5816 4939
9306 311
6704 6823
4418 7828
6434 8500
2698 3624
9756 3340
9628 7127
5835 7601
5700 3595
247 949
6316 7865
882 9477
9484 6767
7170 4984
4464 467
5765 9441
8821 1267
1160 4802
9236 6824
249 6799
573 2605
9757 2696
2256 5227
7108 742
3749 8177
1934 1375
2494 6299
4836 6957
875 5111
6501 903
7266 5003
7242 9766
7178 9707
9854 2535
8940 2039
5200 9177
8132 6396
1254 3293
4369 5647
381 4906
6347 868
8971 5978
7570 4338
1225 1085
230 3694
4177 8867
7113 2613
2200 5578
7587 944
1295 4289
6611 207
819 717
6777 974
170 2650
1403 9368
9365 9006
1471 9591
7787 1530
6264 9989
1094 3996
8422 6236
5277 7846
8661 4745
5449 9158
436 3076
9600 9123
7623 8016
1525 8734
1727 1536
3379 5399
8344 8408
9120 4021
2181 5256
9577 8558
9610 9453
5330 6415
62 7187
4917 6434
3322 9514
6987 9298
743 687
7019 7371
5054 4262
1239 6924
3581 3313
2758 2522
7203 5415
2310 6548
2797 126
4705 5381
4443 7700
5342 5965
4548 7
427 9285
8786 7796
7841 9679
3712 8170
8951 1187
2988 5929
230 7965
877 2395
4214 307
2971 6930
850 7902
3637 9681
9662 2155
2183 7570
5524 9969
6287 3070
964 539
8217 1820
4967 1566
5576 4889
2511 1196
4785 9748
4146 6457
3213 1348
8682 2368
5146 9645
5583 5633
4563 6842
7351 9959
9447 3844
9853 9079
3829 9646
6034 2092
7805 2557
7170 9797
3298 9633
3416 1769
4614 8688
2540 7429
4727 5674
3752 7393
2026 9086
4515 6720
6526 5620
2092 8
3891 2677
6499 2733
9365 9440
9844 5848
4997 8765
9156 3483
6011 1638
4666 8187
12 5332
3603 4928
343 9599
6359 2715
9391 4611
3437 2610
6525 4296
4374 9294
4585 3025
1749 5389
8174 6254
7983 8295
2545 1585
2192 4721
3064 8234
9377 1933
7355 225
5715 1995
6710 3126
266 6715
1171 8324
2424 4612
6053 8373
899 6866
6333 8426
5919 1176
2604 8105
1398 4202
9301 5499
6771 7888
1544 203
3600 8217
2198 3389
1683 3254
7352 7591
9724 2571
1132 1118
9078 2354
7308 3142
144 2017
5898 8613
8806 2015
883 2508
1803 6194
9934 7281
6565 2782
336 3770
6737 2150
4650 2259
334 6456
9089 8006
759 1092
5872 6070
9009 5696
4441 7354
6374 7859
5109 7800
6695 8541
7836 4709
9058 4072
1561 7113
3956 7923
3383 6151
6664 1969
2232 5426
1779 4898
6651 9335
6938 3883
4920 169
64 5209
5945 7630
5033 3706
761 9599
3446 9773
5713 1747
2261 8666
4969 1496
1439 9666
3153 4865
4854 2122
2994 9847
2064 1733
5252 7990
6829 1201
9356 2870
9059 5371
8268 9838
6314 4873
9351 7492
7057 5449
5359 5548
6636 601
7208 7601
7919 5834
5507 4562
3376 6827
7663 2237
7525 4979
4562 2377
533 4142
2512 2844
8984 320
3100 2166
1583 6621
8658 1818
2763 6051
2364 8338
7444 587
9372 9326
3599 560
9205 1233
7742 985
4024 1844
4044 7171
8966 3112
8035 207
7261 1483
5834 5079
2081 745
9184 1287
9806 6112
7269 8261
7661 9187
1200 3091
6588 8859
3129 3975
5017 2590
2871 89
3160 5927
7692 1349
4765 3994
1187 592
5043 9728
2644 8030
3753 1176
519 4771
5714 4074
353 463
2349 1695
153 793
4370 1116
9764 9452
6620 660
9762 278
1796 5738
9334 1260
8604 6330
2928 2920
1541 4942
2122 9001
6916 7793
1226 5606
1308 5718
9017 8525
7159 3900
7678 1378
2744 7829
5820 1429
2974 6787
685 1730
6206 9740
9103 3280
3422 7811
7151 1103
5909 1150
8134 7095
9590 3251
441 1295
4547 599
8097 7356
6486 8378
4045 9737
5197 9336
2206 4371
8955 3332
2004 513
7727 9041
4704 4874
7849 3067
251 1297
4641 1255
3414 5322
5039 4743
9026 5236
4716 9406
8220 9718
3351 4217
6634 4765
2861 5859
9179 348
625 3701
3964 6094
6365 1275
9671 7789
3762 666
3670 327
838 3043
5689 117
9671 182
7267 7146
9387 5312
5465 5255
7330 3398
8518 4798
8283 8763
8153 1066
59 6604
6453 4743
9899 5033
8216 9577
9231 5356
8925 7633
7540 7963
6949 3945
9896 9571
6963 5486
1626 3084
9421 7714
3444 1218
2274 6662
585 7145
2054 1601
8790 6392
2567 6421
9556 6192
5649 6428
1272 4036
8504 7823
9915 5360
2695 367
6821 3494
7781 5475
3884 889
7414 8079
8797 7140
2780 9745
8167 2304
3694 3967
5724 6261
9336 8060
9324 6259
2896 3661
5996 4690
9565 7275
8254 1459
8091 16
628 978
9401 4062
5305 4972
2476 8369
4558 5211
6044 396
4983 3776
9502 5818
9719 6148
4501 8880
8461 8982
5110 9014
2041 2268
8714 3180
401 806
5861 5929
2395 6173
5473 3181
8786 9814
5928 4611
2637 8593
2213 3623
3967 4099
8130 3427
8328 9493
3291 3286
1489 2236
4999 1293
5233 316
9906 9150
7317 5787
6282 8292
6804 509
9967 4402
2108 2456
9039 6549
2207 8708
3206 4741
6185 3049
3916 311
6953 392
4152 5705
3445 6564
3123 1170
9115 1127
9511 6225
9345 7177
2630 9483
9608 5457
4401 8760
3431 3427
1755 59
7591 9089
1838 196
658 1521
7558 3813
8622 3490
7332 9445
6094 2175
5503 7579
172 2328
198 7384
5114 6552
1252 8283
6492 6282
429 8101
5536 5706
885 7303
9299 1279
2059 7283
2783 8256
9641 841
517 5306
6616 6790
4647 3668
7485 6809
4744 4727
810 8120
8446 4288
2169 2343
2393 1234
2233 404
4692 7405
9634 7855
4524 8902
3577 9187
9209 2415
5709 4453
1342 1987
3830 8867
7403 9255
1848 8170
3669 6894
3253 409
4845 4586
9366 6667
207 289
2736 9670
5982 5803
5180 8806
5066 5450
4725 6775
5227 784
9586 7979
4577 9295
8189 4495
5228 8733
3768 4562
6103 6089
9723 149
2898 7647
154 6909
4410 5521
4201 9776
4045 3761
4633 865
4512 4951
5070 4296
5890 4606
186 6291
4719 6196
9797 1117
7518 83
3050 6138
779 3716
4750 3636
1931 4389
8361 4983
7517 9778
4540 7031
3393 6160
4410 7697
891 6866
1015 5736
9531 8593
1035 3987
933 3515
197 4557
9619 7632
60 484
6963 3221
984 6349
1127 3825
2669 4311
9426 4193
1035 2276
2768 3587
2236 751
7046 6898
3803 8705
7739 8044
7381 1963
1490 2232
6789 4975
2074 9988
9961 9910
7227 2491
6753 943
4483 9568
6519 4100
6567 656
3429 403
7335 2968
2874 2355
3887 7010
4374 328
7085 6494
6920 715
8950 7692
8748 4551
5419 407
7674 2945
984 5645
9756 5106
3780 8370
5652 684
1895 2342
6798 4197
5494 6074
2486 30
8246 8324
3301 9124
4239 3828
5347 8042
4666 5325
3667 780
7940 805
3631 5989
5447 1839
1592 8650
8520 1453
5864 4700
2038 6296
122 184
4048 7970
2077 1187
1934 2605
21 2690
6924 4846
2485 4746
4200 2052
5602 779
4266 2694
7942 840
8565 8255
4561 3837
6343 6019
7707 1584
4958 8067
294 7102
2036 8837
9187 8909
7210 1329
2284 9784
8673 5823
792 1630
1861 9364
8735 5783
8502 6747
2928 9908
5041 7867
7369 4087
1799 1535
4156 9117
8966 2021
7457 5779
1036 5773
309 4297
9476 9380
3105 1151
4008 8645
3483 3989
7679 6523
9475 1055
6658 6341
3728 2969
9338 2289
3412 6000
2976 4371
5560 1591
3630 3258
161 8200
5415 1634
8494 4810
5012 8073
7774 2100
5398 4608
2580 4491
5832 9624
1631 7047
6420 1062
1928 8609
4511 6839
7537 896
8207 8500
2450 4918
7681 3731
6942 2377
8559 7294
3904 5315
9222 9788
7567 3915
6554 4281
2839 9441
1452 3506
2174 5859
3829 7771
4468 3497
9611 7714
3613 2445
1737 6080
751 1740
6622 4166
6264 4048
9537 3802
663 6204
5257 8509
5971 3229
8651 4317
7784 7817
9966 7673
4967 4148
7470 3349
3427 7413
7347 1006
8434 9713
133 289
1222 8173
288 9181
851 1281
8253 1847
399 1552
176 9531
8660 2785
7297 8631
8197 1584
4222 1753
5350 5900
8415 9735
4171 4684
6299 9236
9187 9076
2003 2035
7135 3743
4485 5595
667 110
3730 7193
6607 848
2315 168
9190 6769
1241 2445
6594 4725
4962 4363
4709 6059
1278 6049
9880 9982
5251 3220
8831 8427
7661 2480
2827 5122
9204 3529
4519 8666
5152 2267
111 1868
9798 7863
922 7908
2281 2499
612 3422
4359 8394
1966 6673
3201 9687
732 9312
1000 859
9830 4914
552 5015
2267 6999
5126 7303
4093 5474
7450 4772
9624 7157
8185 9389
7771 172
5786 8094
18 9570
2892 8029
8372 440
7017 7446
3520 2839
6277 8541
383 215
9032 5682
3250 1311
1854 7511
9680 609
4089 7032
6646 8195
2596 8464
6582 8937
7780 2087
2877 3167
3338 8739
3834 8092
5995 6967
5236 1676
2058 7646
8971 4184
5174 4223
1720 3754
5824 5673
2014 419
583 4623
2533 4233
1525 3466
7710 9529
8992 5354
2342 4242
1223 8251
435 3292
4639 1531
9218 4815
5631 3000
9310 7881
3530 9076
1160 7396
9146 2340
3932 4733
561 5755
7304 6421
3999 290
2974 6614
7030 5335
1778 3663
7628 4802
8672 3713
9481 177
9879 961
753 6884
2524 5096
7194 2847
4361 7923
1020 8386
1656 3227
7703 4936
5907 8
9777 8213
2685 1640
2553 3194
2559 2012
5399 8154
2190 724
4306 516
8230 1387
5102 1059
2822 6641
3003 6013
8293 7688
2839 1319
3071 6136
6623 7350
8757 7340
4297 2324
3543 1128
4375 4080
2242 105
7791 9679
4236 5055
6484 5056
8931 933
3971 4785
4585 1453
3353 576
9591 3376
3437 1713
1189 9370
5168 6219
6636 754
3701 5126
6566 845
3642 4915
8044 4777
8563 9455
9412 8440
1932 4767
9006 2697
385 7779
7644 9507
5485 6240
2343 502
4699 4705
5204 2297
1950 498
141 9454
7658 4026
8551 3180
8222 3750
4816 7728
3738 2272
4481 9776
4187 6663
9339 9908
9651 2068
6380 5430
1521 7067
4081 2489
2577 967
4938 5708
9076 9611
4768 4783
7637 3860
9057 2215
9124 514
9401 9922
2949 150
5477 9674
5640 7044
8302 4949
9017 9068
2512 7393
9216 338
8223 9317
5037 3227
1157 1485
6628 7553
3860 8111
3930 7017
8508 1592
1520 4485
5682 5661
9536 1641
6783 931
1395 9162
7324 5590
9157 3833
8446 3173
1195 3154
3902 7143
9962 9453
2026 5045
5867 7853
7911 6820
4901 7869
7339 5281
3930 4453
2544 8833
7390 851
7361 7089
5681 8392
1256 4450
1440 6636
8933 8603
1154 1615
2173 1458
1562 3427
9487 4141
9697 3958
3730 481
5610 1318
1318 7080
6653 6514
3509 6569
2735 1338
206 7921
1152 3007
7808 412
885 4995
9279 542
9615 779
7067 6132
3697 3003
3765 32
769 5972
1841 7911
6424 5622
264 6962
8002 8918
7837 9198
7795 4258
8969 6492
4579 1370
922 200
5043 3483
9792 8654
7198 2467
6872 4057
8050 7441
4560 2817
468 7755
8408 2099
552 8010
947 8609
661 7844
9799 193
495 5019
5987 601
3680 8782
5951 8991
308 1293
1158 420
7079 8787
940 6213
5305 5780
1937 266
9886 3906
6624 614
2773 4881
737 9102
6419 2403
8941 5250
4590 3241
3196 8690
4982 9459
105 3989
9682 7305
5109 6672
6244 3750
32 3323
3703 1545
3188 2075
4748 2859
2701 5854
3681 9717
5208 4793
4196 9867
7079 6749
5014 8121
609 9197
6890 6330
2846 7512
8933 289
6603 1761
7472 1387
6056 1122
7691 7923
2741 4236
1371 5183
708 7281
6708 3864
1024 357
2355 8059
5390 3146
7739 9820
9800 8954
3509 865
8470 8308
6620 8278
7358 5142
6539 5722
1952 158
882 7730
4828 5340
7099 3705
3243 422
181 3204
3193 4930
9021 5071
1990 9270
406 3568
9100 1950
989 9177
6474 6849
1644 9049
3748 3824
4288 8738
5905 4882
9291 9703
7032 7854
4250 1752
1997 3553
2710 7269
9324 3310
0 3735
866 9765
6524 6343
6573 8208
3844 4009
4464 8796
1702 2356
8173 2210
941 7497
8720 2996
1044 1280
9488 8861
6403 9854
247 4487
4578 2576
2515 8976
30 1140
3475 8956
7956 1139
2095 2531
7130 8881
5202 4342
548 8573
4335 9942
4632 1556
8378 7386
4314 9835
1626 8501
9830 8074
2131 7742
5285 9130
6180 6087
9746 5998
2518 2713
5296 6938
1797 9577
2671 8532
8252 8534
7614 2228
4177 9242
4968 8120
5761 3823
7223 7248
6528 7762
8280 816
3471 3284
3207 820
9849 1827
6632 8802
1288 4069
9041 8122
8702 333
7206 9409
8364 3557
5694 2196
9775 5928
6938 9752
4593 614
5656 7704
777 3936
4631 5942
8312 3983
7400 8221
7572 3710
2786 3267
5099 7567
6410 5891
3627 2613
9751 7961
745 7833
3968 1424
2132 797
4996 4915
4204 4292
8041 3248
2309 4115
6466 3714
9621 3793
8499 4203
6674 6612
3676 2092
9808 5611
2688 4071
9202 2267
9109 5060
9183 2749
3243 8324
867 9360
3610 2530
7641 7747
5876 704
4872 8760
1161 2981
3905 1667
4693 2682
5284 229
2416 815
2205 1788
3675 7132
5 5653
9329 9385
3915 8282
7431 3563
5135 9674
3762 3335
7973 2056
5091 2498
9718 7839
9255 2807
6114 3563
5720 3181
2772 4696
5267 7283
7099 1500
8094 5008
3188 5128
3826 4096
9686 2275
5469 297
5379 7151
8609 6952
1684 6807
2356 6032
6983 7263
9904 6175
6739 2339
5211 130
3978 8958
1879 4494
5494 5889
4130 1836
696 3196
1204 4911
5157 5694
3671 4599
5066 6416
3650 4018
1140 7143
2504 4093
3395 7484
4899 9276
6598 840
3212 5644
5545 6404
5348 1832
1887 9651
5028 4606
6308 1671
606 3728
9050 4926
4473 5231
4928 9412
47 4829
4088 3674
8692 6768
874 3233
4967 2672
9264 5347
833 5312
3093 4399
506 9345
6445 3415
2021 1731
7736 4547
7979 2216
4797 9820
4833 556
8455 4090
3121 4862
3688 816
3724 1115
2688 4553
6609 1443
6409 3956
8062 7199
5042 389
5365 2390
1580 3864
966 2944
6308 8236
1977 5699
4316 5076
5627 3117
5078 1971
9283 7672
3454 5517
608 6351
2779 1958
768 380
7990 8279
4134 2494
187 4137
2454 332
8937 8265
5134 8523
8671 5160
7371 6047
7317 9971
2001 6183
6992 6220
2254 4953
5829 2764
1619 4723
6673 1399
4119 2916
7456 1699
6293 7435
1143 8271
1598 3156
8420 2035
5352 508
6926 4601
9321 4567
4920 9791
6203 9443
6829 5205
2510 3540
797 7356
4603 6077
8061 5961
8420 7537
7008 3067
9931 855
2309 9990
9507 9970
8640 4677
1022 8754
338 2906
1255 2960
6324 8810
5243 8096
8555 6679
4853 5866
4842 6983
2224 2478
6636 4292
1963 9837
1846 344
4188 2935
4349 2396
2055 6480
5742 1530
3888 2381
3048 8590
1697 3175
8083 6297
5897 1544
4611 5192
6757 2960
3369 56
4384 395
338 5821
449 3210
9895 8663
740 4637
833 9538
1768 560
9036 9587
9680 1841
1384 5907
8325 2257
5357 1848
8357 8791
2235 9372
5431 2568
1085 8564
1009 9559
9268 2089
3274 342
7681 2957
5526 5622
6512 5124
8524 5659
1979 4429
8906 5509
9018 570
8100 1057
1468 6251
9377 9116
2646 7281
2937 7916
6216 6415
9788 3904
738 6917
8713 5249
4986 7659
2237 7869
5504 1735
7285 2787
8608 4386
710 4047
2116 653
1855 7241
9053 5236
4464 6533
4727 6036
9659 646
8862 5139
152 2664
4308 2055
3790 8972
2330 1831
7544 9358
7435 8010
6756 5408
5929 58
7694 2765
3420 6181
9629 698
2208 1039
7536 832
7056 6683
235 8716
2049 6353
4414 6813
2930 6767
5860 9947
1260 1344
874 7322
8934 5425
7624 674
2370 7542
6769 4222
2772 7507
5328 2629
537 8604
8853 1719
826 7881
5817 8571
8986 9969
2740 5451
8293 9319
6314 1233
3865 1689
6982 3131
7619 6512
7672 7446
7190 54
9182 4224
8097 4926
2080 7679
1025 2995
2594 8071
3521 8496
8907 3828
2313 4447
5809 7088
7796 4479
2669 4296
5072 8488
2358 2692
9259 3990
6820 7945
9513 7647
1586 413
7692 6563
9365 7204
7331 9407
6002 7131
8328 9610
5783 787
7170 1030
8259 7562
1130 1446
2094 7848
9783 2773
6049 4795
984 9053
974 5435
348 6878
3224 1549
4489 728
4143 851
6434 1156
5948 2627
7761 635
9357 3702
625 2698
9543 1235
7591 1907
3576 2004
6552 7450
6528 6605
5541 1869
4490 4620
2506 9023
8158 312
8266 5399
2764 620
9343 209
3883 3123
9478 5223
244 714
3005 4177
5574 8253
6218 4371
8437 2637
6500 9570
8763 2344
1925 2808
9404 7265
9337 9302
3942 6361
9186 5167
6402 4359
753 3859
4823 5803
2035 9457
358 2963
8529 8591
559 943
1089 6684
8417 7085
4574 7052
592 2895
9124 1341
9253 4810
1206 4328
4377 7807
7054 4670
5348 6620
406 3588
7453 5685
975 6554
8685 2003
4696 3557
3928 3667
9432 1040
3894 6904
3772 3040
7409 2182
228 1375
315 9738
9543 1239
9782 2425
6367 2971
5673 6373
3223 2517
447 1702
2579 6469
727 7188
3838 9613
8878 9761
2222 3848
7395 3832
1378 9193
7471 9363
6207 4967
4009 8397
994 5771
5232 6976
6672 1030
9150 3175
7179 4888
586 9432
6391 3168
7182 3090
9203 7422
3525 1720
7663 3213
122 926
7119 3034
6442 6930
7977 3642
8329 8071
6926 5980
8861 7145
6606 8004
5848 1535
1263 9455
7163 5056
8597 9737
2742 4799
7882 9616
1982 5507
1783 8973
1642 7286
7919 5314
6036 1024
9233 3069
9349 637
6487 5680
6326 6786
5979 4420
6380 9143
7966 1776
3403 2855
7643 5324
3051 5780
7858 7299
2177 5539
6809 2006
3120 7731
6815 6926
2 9739
5878 8905
8728 2541
5869 2855
6481 6428
9342 3995
185 4613
733 6729
3168 2484
9233 115
2786 3777
4050 3002
1426 7787
441 6681
8669 1645
1825 7884
8612 3184
8263 2851
5381 7002
7907 3468
4344 1641
8474 4060
5911 9119
6260 7783
4665 6846
3575 9966
840 8426
7058 8167
4388 4160
5009 7892
929 9969
3702 9714
2013 2323
456 468
8625 5715
1252 405
2337 3296
5438 7591
5114 1008
3088 3077
6928 7887
2871 3659
7243 8161
867 1158
1878 9503
6933 3612
2047 9904
3609 2765
52 9579
5424 9305
9666 9894
3754 8264
6552 3393
8219 366
6595 2975
5148 158
6577 2456
4066 5479
455 3875
1862 1260
1179 9018
1578 5145
7477 3855
3377 5752
6200 7723
6050 7531
6804 6554
5967 1421
2659 8889
2218 2595
9900 7748
8916 7123
8795 7180
9783 4910
7475 8138
5502 1846
1544 7037
4403 2182
6183 6671
9339 1492
4838 6379
2882 2500
1978 6256
5847 3521
3559 4328
9928 9590
6929 976
5040 9445
6599 260
5980 3424
3058 14
1408 734
812 949
2084 6281
5256 670
4656 5738
8036 3562
8166 3631
4660 6135
6524 3674
3332 6675
8664 4555
7578 3344
6920 1944
4853 8175
2162 5691
3352 6990
7584 6093
3364 9953
5180 2284
4353 2915
3169 4179
1058 3517
1306 6789
957 952
880 6021
2664 58
4323 7225
6539 6334
1660 3533
7178 49
6894 8772
1575 3145
4553 6313
8577 2039
5089 7434
3945 9866
9636 2223
7300 2386
2230 7171
4093 1108
8355 4509
4054 4258
7216 4950
8363 3004
7564 310
4218 2001
9291 4528
5424 4860
1901 2154
141 181
2910 5570
8099 6869
4339 5001
8214 9373
7413 2740
5762 569
2203 2197
2694 1694
5682 6446
8520 2892
2805 466
5962 5227
5587 1763
1214 7604
1211 8709
9157 3932
4460 1705
8879 581
9851 4816
7615 1000
1330 1175
4619 4483
2789 1919
9975 5294
9042 5622
8598 3234
8011 1978
2818 1927
9169 371
5404 5062
6228 8657
9750 1859
5176 777
8228 8871
8801 7304
2120 2141
1251 3458
4815 7836
2162 5807
2225 2860
1577 8093
4036 8801
5499 4428
3767 75
8727 6447
2795 5563
6749 7104
4079 7854
6585 9949
1646 5861
7925 9524
798 7352
256 8284
2111 4377
8349 3070
3656 8486
6357 4513
7226 3826
9700 5947
3429 8993
8157 60
4545 778
5235 5072
2523 6394
9720 7867
6870 9241
6111 338
3349 7394
4889 4569
2376 3527
9288 6890
6785 4566
5604 9160
5377 2716
8441 4435
8672 6802
7174 3305
767 8504
1828 2256
1626 2691
5418 4915
6257 1805
6202 1834
947 6231
9752 466
1964 6044
8225 3022
7463 2559
7950 7470
2404 284
6545 5236
6342 1981
3189 7992
8680 2804
4595 8180
8049 5096
9954 6292
2111 8781
1065 9996
7625 3812
8766 9230
6148 9800
1708 7597
821 3621
8671 7705
4683 3948
3934 6864
296 9779
4357 884
518 6584
5931 9676
9272 6491
422 380
9494 3485
4980 8196
9005 9523
2607 2211
9575 5278
822 4758
9509 122
3428 7124
6162 1974
3637 1056
2450 3511
2516 4778
3491 1129
2557 8620
2582 6944
6439 2178
4266 9123
807 5066
292 442
7141 9613
7995 5926
8935 3329
7185 8422
9384 8178
7097 539
3979 4065
2135 5212
7422 8411
8858 185
2855 5524
7226 7495
1373 3837
1223 7447
8788 2813
3384 3842
1106 5093
7160 6455
6637 8443
3962 907
3852 8332
5731 3904
437 7928
2274 3280
2916 1417
9670 6229
6234 2944
6382 8530
2324 68
5393 5100
1380 5170
4706 3367
2894 1275
2544 2049
9070 8629
6406 6502
7807 3468
8254 2082
6463 1717
6968 1877
441 8429
1835 7084
164 3488
3147 6378
1086 3004
516 8550
7983 4313
7216 1797
9009 7
8213 2141
8092 1561
9789 5559
661 1374
823 8604
3698 74
8678 9449
6028 2786
2595 2187
3691 5071
7832 7485
9375 6647
7785 3377
397 4335
3151 3241
1580 5539
7933 4243
9070 762
4727 4976
7325 1609
3499 9105
6001 4674
6892 4594
5713 817
7337 1447
8375 1354
3396 4930
6753 9849
6856 5861
1045 4215
3870 2891
103 7686
8070 3420
7140 5631
6032 3101
4848 9196
1366 1345
2891 8113
1124 4574
3185 9711
1093 3124
429 5019
2010 4162
7950 9841
208 9921
5500 9305
7418 5881
7619 4983
7078 3158
5822 8573
8361 9641
4397 2289
6342 5867
6238 3270
7430 4306
1159 7426
9828 5193
585 635
4946 682
4287 7985
6527 3069
3633 7180
3053 3092
2569 3775
8653 4342
2875 3564
9943 6550
6663 1007
3222 9941
1092 42
6622 438
1818 7281
1538 3852
2088 2250
1728 5631
9656 6290
9025 5269
8565 4543
1534 7398
3117 4911
2435 5688
6752 8280
9918 2663
1795 6088
3460 5429
3897 2418
8190 5709
6197 7007
5928 3072
3499 749
6647 319
1346 9910
4934 176
9090 6154
1284 1836
2529 5965
2685 288
4139 7349
9384 7569
2316 1823
4770 2113
1629 700
1297 969
259 6942
6344 9898
3041 6130
5505 5024
8612 7154
9621 9940
513 2626
2436 2253
5967 2976
2025 8549
8352 4783
6953 2966
4465 5105
562 3237
6527 3438
1949 9061
7047 478
5391 7998
3032 6474
9369 9921
7155 1052
8054 7148
1551 1449
7547 5183
5210 2229
9526 1701
5812 8108
3956 1009
839 6346
7806 5493
6032 8646
8520 6724
1823 1433
1885 4241
2696 7185
7914 1447
4321 4236
8541 1363
9598 2541
6588 6126
5189 7830
7372 8823
4091 5726
552 6927
8650 5854
3854 220
3708 1704
1484 6204
6415 619
2118 312
4105 2681
9687 2231
5262 6705
1321 2070
1385 3321
6645 6708
4347 4085
8281 5075
8770 4323
3066 6210
1304 3122
6679 9000
1346 8581
1888 7358
5448 5696
8587 5386
2650 9922
5919 952
2170 399
5909 3542
658 2911
3274 2661
7192 5221
852 1957
9260 6531
9421 36
2460 7896
2644 7214
7987 4859
702 1676
9047 9489
5240 1809
4616 8623
8260 8131
4195 9572
1308 4466
6684 1172
5139 8774
9510 8997
491 9900
2002 4259
5032 6431
6805 7307
9392 3363
9017 3880
1975 5712
5118 2229
6353 6632
47 8426
9629 7384
4380 7681
5039 1993
1506 4898
7427 9971
2909 663
832 9983
3912 6011
433 7272
4840 9290
7515 5889
8020 6380
3732 3015
4926 2940
3508 318
7973 7600
2030 146
8081 2356
1651 7964
1558 3103
4873 769
5429 6454
8078 1537
9095 8494
9571 8906
1122 2199
5725 4442
7638 625
6552 6900
3659 9931
3056 8948
1226 705
8293 1530
8844 3541
5283 9408
3527 5603
8325 6578
859 4426
5139 4319
6497 1782
3299 6301
4153 6544
9178 5475
5998 2648
2376 2175
2632 4001
1699 8871
7320 4917
256 8025
180 6919
134 1766
7375 4619
2527 3610
792 8295
504 4692
5714 1561
9795 5612
1215 5156
2899 3138
3080 1566
6303 5013
5260 1945
9646 7380
8329 9057
6510 9535
4060 8413
5957 3623
4181 1375
7707 3781
5907 8277
9212 774
391 7989
1991 5304
2419 5574
4608 9189
2026 6495
6215 1187
4301 1899
9127 5850
4887 9445
6071 2360
1277 2999
4898 1327
3607 2769
9538 8808
2882 7779
648 4925
8911 7086
7722 7101
9808 9892
8994 1351
3221 1785
5176 5582
4038 6181
4612 331
8692 9096
4356 1677
4464 9022
6465 6897
5462 6375
3292 2196
4115 9716
9644 6696
5608 1768
3296 8404
9883 7629
5938 9957
3098 2617
9033 7214
9801 7218
1663 5098
2540 6319
242 5990
5714 2351
8583 5272
3688 3700
9451 8850
2109 7159
3163 5621
4411 4414
7412 9844
3511 7214
8817 4764
9625 9835
6226 3407
1943 1491
7516 6936
6963 5937
5828 8742
6597 4428
2614 2512
3878 5531
7565 8971
6313 4490
6414 2960
4578 3377
5171 5616
4103 2182
7359 9672
9314 8270
9028 3672
1482 6000
220 8903
237 3287
2115 8488
8056 4981
4704 1240
5568 5713
5122 3491
220 7096
469 6786
9711 3858
1994 8069
3979 8556
5136 1368
6582 3326
2095 9532
7469 6441
107 9151
3803 8403
2730 5421
2641 6824
2060 8096
4819 9427
7821 2867
4176 1382
9995 4646
3137 1375
5426 8953
502 4070
8952 6609
8826 1408
5927 4136
1553 4629
6025 5425
1669 5560
5531 9648
9004 2665
5836 4291
8787 4197
8948 1284
8850 9212
6055 4765
3609 4551
8762 1418
4716 3449
3486 9887
24 6595
8512 5282
2549 3685
5673 3413
7487 3114
9441 3066
6705 1488
1640 1320
7590 9386
4951 4548
4873 8264
1028 2884
922 3082
636 1298
8624 3833
3114 444
3493 8951
8290 9760
3492 6425
8103 939
4567 9482
5819 1836
6883 7355
2746 2083
5514 9850
2854 5098
7879 7958
2417 7862
2622 1505
7240 1877
6380 0
7954 8412
2732 3809
191 4667
6463 8090
8488 1377
9561 5803
6264 840
2457 1357
393 16
9921 7117
2688 8502
2680 4262
222 9096
4635 899
1814 8150
5145 8246
8566 8455
6490 6930
4401 6502
7138 461
8921 134
8736 6007
8392 61
2467 8577
1621 4156
6762 7506
7786 3204
5650 280
4268 2742
4972 4852
1268 2408
7897 2768
9961 2613
4170 6406
9845 1822
8913 2117
7057 4904
3572 9651
4178 5434
2946 1317
2365 5042
5184 4370
7924 8609
7457 1326
9585 3404
130 3027
8895 3529
7092 1184
829 4570
7565 5178
5178 9767
3572 4341
7298 4067
6016 2937
9472 4439
9994 6162
5312 5028
4940 9994
728 3383
1687 4660
1524 6451
4324 7023
200 883
6969 4503
6527 9910
8055 5814
3780 4024
9139 117
4518 465
3754 9431
3181 2635
7037 4619
6129 931
3811 1716
6818 542
5694 1490
9148 8587
336 9014
1420 6886
9491 277
3086 17
5374 1347
6697 8278
4843 898
2803 3076
6729 4997
5882 3348
9863 9550
4606 2492
25 2544
4584 6410
8989 8754
317 1319
1795 369
3413 9062
1563 8289
7904 6231
7405 439
944 8726
1324 6838
7393 9466
8169 4832
5523 16
9680 3769
3415 4698
6386 4014
7636 655
4463 8888
3911 1511
6347 1311
3386 1291
4722 4017
1001 8798
9792 5878
576 5080
446 6422
1985 7679
6353 1096
3113 2714
4483 4840
6279 8296
1962 2925
5821 4636
9991 8148
9098 1880
7230 819
1285 2993
6611 8145
7996 4725
9304 9694
7438 990
4616 5260
6588 1711
8421 2320
8312 3628
8446 9717
8855 1626
4784 4380
7082 8178
6412 8880
7248 5778
3095 2639
1035 3329
8297 3720
9991 5485
4501 1739
4787 2192
7867 4056
26 5917
7590 2074
4388 8510
1771 770
3164 341
8811 4086
4629 9965
8257 6827
7198 3164
742 4759
3962 6982
7629 3359
9326 8361
1187 2134
7752 585
2980 1672
2370 2823
7462 3502
8336 9751
1683 9515
9499 3256
5612 6473
7443 4409
8814 7652
7986 5818
9008 3777
3610 3878
2436 5442
6189 2925
2204 505
9779 6608
9511 1392
8329 2091
7486 2248
8021 6718
6757 2555
5613 2502
9633 477
2492 5876
7827 693
2818 9064
9243 3834
8811 4157
1703 3218
7237 1259
7280 1745
8933 5752
672 9766
4771 3525
1093 5543
8693 9435
1495 8600
9322 6589
6393 5335
7385 290
2737 3204
3214 7397
139 2875
7372 5284
3839 7671
2894 9425
1293 8683
6102 1388
3975 1688
9547 4267
5434 2272
2519 9353
3994 9702
6162 5800
3332 569
3309 410
1744 9245
6075 5993
2800 3608
3764 7440
179 5588
4602 3115
116 1239
9440 2252
7058 1845
5784 7446
9741 6357
1088 1903
7065 612
5494 1734
7454 1296
8369 9778
1421 9403
1878 7086
7627 5768
3269 4143
3790 4649
9698 4089
826 5229
381 4633
5054 3680
1832 9372
6469 5135
1033 1086
3653 5170
4148 9945
4663 715
5219 4126
3473 7885
2512 2229
6308 7782
5251 5707
7120 6817
524 822
3462 9821
9212 2231
6281 9376
7677 499
9757 1827
4468 6413
2221 3168
2 5362
8354 958
9349 3459
5011 5050
6922 4934
2918 6753
7695 5867
9261 837
3156 6170
3475 791
8587 6303
2110 2622
551 1406
2969 9658
260 2739
3500 5633
5161 6822
3560 3627
5210 1603
8203 6241
7314 528
7409 9295
2229 7237
1063 1739
8248 507
1972 5765
4268 7199
5995 1595
9962 3432
5745 4850
7592 4707
3033 3921
1290 4101
7237 1610
7559 5643
3743 4365
1857 1200
691 5783
1370 7321
126 8832
18 6619
9828 1843
2951 6874
694 8057
4226 4379
5465 3433
919 372
7532 6864
7733 9634
774 6639
2417 8657
6321 4127
9953 2058
5517 9507
6148 3423
7083 3228
348 5242
2564 3017
7873 7379
3653 4468
1883 7290
3345 3414
7584 3157
7144 7300
1227 9558
5312 4703
2553 9810
5471 6653
3174 4108
5863 3689
3049 9340
6645 8206
5121 5858
1852 5662
648 2896
2490 9152
9477 9238
5741 2946
6153 5357
7547 9137
7072 2374
2439 949
4883 1709
7836 7684
8784 1163
3524 273
2526 3820
4168 3038
739 630
5073 8265
567 6190
5137 7111
1520 1935
4189 251
7750 5778
2556 5614
9535 7373
1560 7488
5359 6225
3547 2507
6209 3453
2763 4629
9894 6440
3391 8502
7517 4520
8005 4737
4131 7937
3065 7220
1335 3144
7242 2917
6965 7228
2500 2067
356 4984
9003 1789
4791 3015
2895 7081
8414 500
7783 551
8701 3421
5524 2814
9536 3870
4452 5145
6094 9268
1370 8427
4510 5697
3709 9482
2145 6312
6808 8763
6462 3689
1112 3061
7513 3978
7076 2812
4235 4323
4646 6221
1517 8853
315 5348
5527 1270
2717 4868
3766 6028
5495 139
3571 9070
457 9866
5326 5569
1005 5492
5359 7787
9847 5740
5083 3251
8240 461
43 4543
990 7749
6409 5342
1587 5529
7174 1153
3411 5979
8051 2308
9978 5568
4154 8308
9849 7364
1509 4082
4465 8501
8175 8303
6042 7757
5039 2364
3637 3039
5359 5998
5366 3343
6471 3677
618 1469
945 3082
32 6190
582 9959
4020 5168
3745 8190
1755 7502
2627 8502
3821 6646
2103 8361
652 4114
8888 2907
7207 3132
8910 5852
5781 2595
3386 2792
239 8845
8168 6028
973 9789
7905 5878
5898 2248
8753 8423
2047 9576
8237 6129
1994 4954
8760 5503
5693 490
2322 6818
6392 9300
6881 1801
4340 1646
4427 9726
8324 4252
1076 9633
6788 909
1950 4844
3650 1618
4382 3430
7396 9065
2988 3267
2184 1872
3021 1809
3811 6177
5655 8703
8461 3520
5817 1165
7286 2021
2492 8247
8068 642
8542 463
8590 4262
1459 5863
7176 1380
4845 6053
4333 3361
3332 8530
1511 1979
8435 9556
2426 4396
2410 361
8009 707
8546 6113
9743 3307
3357 9294
5551 5832
2340 1184
9636 963
1666 9016
2727 3765
390 9594
6326 2953
5466 8567
562 9690
8908 4414
729 805
6460 9376
1867 9404
4921 1582
4685 2808
4853 7743
1651 3117
780 864
105 5764
3244 4024
3241 9732
688 4278
8846 469
823 8806
3174 7473
7121 408
907 5235
3562 9335
4223 3301
5755 9381
3782 3653
9931 1209
8759 8222
7984 2834
5758 7112
6954 646
6412 8299
1955 1962
154 2466
6760 172
2151 2761
5477 9343
7082 9654
1851 1246
1408 350
7262 8999
553 6840
9012 7097
3271 1304
3335 1451
4658 7813
587 7082
474 851
3454 7710
4407 982
5628 8351
3988 4016
6327 4542
5500 2036
5867 6409
1316 5203
1021 6086
9502 8087
6565 7190
2937 4990
7844 911
1958 4254
9488 8493
96 9787
4010 5110
7778 3947
4748 1335
5645 184
8135 6032
871 812
6185 9218
569 5381
6757 6948
2851 5337
8071 7226
7356 7409
5454 6987
7735 7691
2751 4319
1996 7415
4663 9797
2472 4538
1155 677
5968 9392
7452 9519
2465 4195
4922 238
623 6888
5525 7166
5173 8340
3284 8553
9264 7281
1307 1193
1005 9447
3459 5707
8724 2995
5890 612
2775 7201
9043 7291
6178 5628
6978 6754
7053 8995
8364 2756
8625 697
4004 1164
1436 4582
2393 120
7992 1095
4648 2532
314 1522
7986 9613
5386 6039
3167 6040
5981 5225
8711 6238
5565 7607
5652 6939
1734 9326
5995 3517
2583 9619
9371 2058
1138 2545
3747 2471
5674 9388
2513 1799
4507 6372
1164 2546
4656 6637
6091 5506
1594 4132
6104 8690
1151 3641
8523 28
4988 5089
5957 3201
8899 3453
9688 3165
7071 8691
6014 6320
7488 6065
5790 692
6389 6946
9483 574
5992 5108
2251 8575
6558 9696
4196 3922
6464 9109
249 5905
1042 930
3220 2618
753 4211
8120 548
8594 4860
2853 4503
4466 983
1502 9319
8273 6547
3567 4056
5909 2096
8854 6448
6028 8549
2087 6163
3646 3705
8378 2104
8777 7719
3173 1938
2078 835
8389 8805
4887 7928
7891 4823
2757 9396
6041 7277
2941 3950
7767 5868
9347 4340
219 2153
3066 7820
3158 3589
1533 428
9313 2073
1064 6234
920 8242
3044 5970
1216 7597
3282 8909
5728 7595
2320 6284
7126 8274
4432 6566
8292 3854
8426 4445
4661 4117
7656 7936
8944 9317
5580 7186
3358 6301
1900 9046
1941 8747
6301 4137
4429 9737
8980 8409
1689 4500
5708 4187
2820 8340
9586 8055
1967 8466
9145 2959
9047 6844
9776 2540
1073 9984
2619 156
750 9076
3748 257
2511 9247
5910 4386
9563 3004
973 681
7450 3478
6004 1215
4204 7146
6634 925
1680 6224
1250 4498
2291 8417
1767 1355
8572 5824
8901 3853
7762 3214
9408 8288
9478 6551
5624 4478
4259 5373
3552 8927
3335 4924
8336 3784
3791 4261
7390 2553
4925 6676
7475 5910
6709 6374
6111 2510
6805 4946
1727 5582
221 9211
9479 7432
1730 7627
533 3930
9931 4832
4134 3853
7511 4455
9651 2424
144 430
6131 5903
3542 5826
9142 4996
3826 6745
7011 385
7432 6057
1972 3977
4910 1218
1899 8807
5078 3584
3809 8318
8839 1159
2741 4752
8947 3540
3082 9998
1426 4357
9327 2594
481 3437
7632 9150
8290 2579
8978 4533
817 3619
1500 807
2837 2642
4698 1468
9513 3160
5885 8747
4743 1437
8170 4699
1398 9472
4000 7988
2958 4144
1254 2833
3395 1833
4545 5787
3640 575
5346 3921
6797 5910
1058 4463
321 7996
5328 8722
9582 6559
4508 4873
805 7211
4110 7468
9009 600
1888 4096
1151 8352
4624 6707
77 9661
6798 9685
8450 1676
8587 8515
1426 5973
9144 5916
4320 4506
2138 8799
9233 4299
62 7616
9441 3572
5718 1466
4437 8561
1297 7477
1299 2893
9984 9705
9785 4432
2396 8254
9353 6519
2822 903
6646 4065
726 5405
1714 4537
7718 2843
1023 43
3426 796
9344 6832
3862 4882
386 8243
2370 5016
929 7037
7183 6104
8060 5661
410 5952
1442 9620
2879 8028
9532 3594
2206 4772
3293 9744
426 9392
6263 3360
548 4755
2223 3570
8191 4155
8607 7976
593 7095
5716 2102
8633 7531
9706 5573
2083 4326
276 1325
7241 788
3302 7048
4277 9350
4140 9704
1491 8630
1177 2625
5981 4348
8062 6577
966 1903
703 7026
1573 3940
8699 5541
7121 2163
1225 2191
5128 7487
2083 2947
9856 736
342 104
3744 1556
1900 5604
2460 8038
5965 519
6756 2472
9161 490
8883 1255
1309 2059
4849 4047
1483 4067
5569 1074
177 565
563 699
6849 7099
5055 8024
2192 6925
6536 6577
2615 2040
4837 2955
5864 7514
6658 9446
3665 207
1853 84
7174 4007
3066 3852
6495 771
1905 5916
1626 5145
8644 3251
4608 9357
1629 3697
606 8251
5219 9768
7550 5323
9293 4947
5499 7717
1098 6019
5785 154
9989 8646
9397 2427
4874 4740
2644 4288
1705 7054
7669 4461
5792 4290
6348 1128
7239 8416
5146 5538
2980 3532
9417 8932
5220 5043
1691 367
6194 5751
2361 3506
767 2670
5776 1955
6906 842
8863 9016
6596 9671
8140 5469
2196 8551
195 8653
140 3716
4153 8466
5865 261
9350 2330
7264 1164
5695 8686
9691 513
278 2672
9303 9549
8031 5044
2274 1584
4362 7011
7964 792
7383 9987
7213 7699
7651 6632
9043 8499
1867 3701
3160 8824
1339 8738
8296 6330
2467 9571
2124 3998
7387 4432
1283 251
7819 6086
2309 9672
426 8182
1502 1916
144 1612
4442 3543
1680 877
1182 1158
4137 754
5887 6497
5040 1157
8696 1739
605 7705
5851 2863
5504 2729
8831 4355
2927 1307
2139 7862
275 2688
2261 4143
9443 8251
1356 748
942 4096
5502 1665
1550 3529
2137 491
5977 1570
3740 200
3215 537
7896 8754
7231 9302
7249 7018
6204 2705
6334 3726
3290 6577
6382 356
412 6684
1308 6431
6978 9568
848 1069
1406 7722
7046 1881
3436 8836
5796 4864
8226 9371
3829 8462
4970 8388
2096 8866
8991 1095
6529 6275
3502 5291
4907 1990
3954 5049
8771 8970
2712 1131
2410 5232
9513 9384
3598 6992
6843 2331
4800 4236
7544 5603
3420 458
5449 9253
9150 7118
7426 3114
8824 8847
4144 2005
6505 8800
2365 6576
2597 3487
4116 6632
5275 6765
1669 3876
4811 113
2558 5062
7181 7062
6018 4765
4245 9032
5998 8698
5377 2561
5514 4506
5458 1937
256 8156
9762 7913
8788 3191
230 3188
1849 9985
8318 5412
5336 1330
1371 9813
1720 5596
4451 959
3842 8121
9571 973
6055 5530
8949 5910
3871 9930
568 277
3499 3765
7428 5611
7334 4579
814 2229
2580 3336
8484 7708
7170 1889
6570 7293
584 7153
2273 2605
7233 157
8050 2067
9482 6330
5231 1378
4560 6493
869 7933
11 672
5724 433
151 7725
7520 6483
9446 2099
3421 3542
4133 3937
8706 2641
4263 3477
9359 3940
8 3515
5121 8468
3052 6837
325 3362
406 9248
4179 9907
1893 3109
7957 4370
8281 4382
624 7340
2783 5240
9061 6204
7415 8173
3530 7344
6828 5187
4653 5579
9843 9161
7863 906
9988 6108
862 5454
5533 2393
6091 9450
3336 7244
4237 8544
853 8065
3820 7592
6223 4664
3182 7560
5857 5400
4624 6190
1886 4429
6095 2647
5343 8996
2253 7567
2254 6677
6475 3050
5899 8297
6529 2590
924 7648
202 5911
446 7892
5247 5452
4938 3590
2107 7858
2905 6300
376 4971
975 9567
1937 3781
6922 7695
4854 986
1442 231
4974 7159
2168 7871
7761 7480
3698 2970
8192 8279
9 7111
7214 91
4556 424
3059 7369
9925 2018
3254 2949
5619 4342
8416 6437
2473 7660
9631 6192
63 3459
8499 7643
5655 2671
9719 3382
1003 6929
3821 3214
2613 3663
9964 3580
8856 7354
7803 8177
1284 6802
6428 5024
8912 2725
1437 9460
3325 9074
6542 3986
4952 3361
6032 1991
2982 5656
7604 1163
8596 638
5374 5339
1685 2981
3672 5009
2099 9744
4650 1119
3092 9461
9719 5134
5846 5958
7089 2215
2196 5773
5197 655
4861 7402
2249 8238
8576 4190
3654 9263
8550 6070
7002 5213
3411 8090
724 1455
5109 7660
4056 2071
7220 6954
7954 3722
3623 3193
8488 1754
169 1021
7396 1372
1879 201
2084 2838
6275 4445
1086 2667
7325 5079
162 8490
6952 2539
9280 1569
6342 8076
8321 5738
3283 4564
9434 9003
539 9406
4994 3304
9379 9455
2922 2505
1547 1059
6725 7163
7486 5656
2920 3387
321 8630
5829 5623
2106 4861
7292 1305
2530 219
617 3230
4316 3766
772 2098
9815 4610
747 3949
4471 1051
1333 8070
6972 8811
7495 7289
4017 5992
907 4864
4564 4266
8429 6057
2872 6694
3858 3675
2836 771
8175 3426
8991 8648
55 5680
7678 7819
7968 8224
2036 4080
636 626
3093 7460
1146 8466
1850 3021
3756 8505
4196 8949
2261 4285
9631 8484
7987 9578
9827 6564
5976 9715
1655 8759
2442 4901
6648 4792
4103 2711
9007 7028
206 9534
5678 3653
6840 9701
9371 3396
5447 2124
1929 397
4150 2210
8890 3103
4059 9332
5947 4790
4841 8578
6621 5279
2410 1774
2131 7325
3357 8222
492 9543
1490 3432
4563 8811
9836 2520
7947 3459
4517 374
7079 1186
2374 6502
3011 2839
6812 6379
3415 4033
3628 6992
546 1423
818 9918
6045 7740
5200 8398
3267 4298
8740 1955
5678 115
5959 8846
3462 6331
5753 1412
547 5346
5083 5145
6351 1632
9705 9937
7177 3621
6434 1260
6691 4642
1825 5816
4308 9006
6937 4593
1485 3944
7521 6310
3838 4856
4704 6931
3176 6293
2910 941
5578 1390
3132 2225
9499 1962
8624 4111
5089 4633
6312 4490
2615 8239
2453 268
9578 5744
710 8636
6835 5773
7021 4048
3559 4166
2468 641
8411 4776
6651 4183
9393 3193
3443 9496
7781 5743
9968 359
13 575
3114 7314
9907 6404
9172 8044
6236 4221
3326 1042
9808 421
7475 2942
4979 3052
9608 6961
3802 2874
344 1029
3858 2475
3634 9303
3989 5992
4375 5789
658 2372
5187 7318
8516 8483
1124 1408
5198 3364
4662 2723
6167 3082
7631 941
4033 1962
8320 7011
9175 7048
66 3933
7148 7429
9618 2764
528 3997
2753 8310
2093 6452
9119 2114
5503 3958
7550 2761
1889 8050
7360 133
4520 7848
7811 9044
4588 5835
4763 4147
4080 947
5174 5861
5647 8925
7873 5232
5422 2996
2230 7769
210 5145
7520 1528
5586 7835
1287 6073
6937 7019
3882 3604
5257 3262
903 3362
3553 9611
6818 8196
7987 5491
8579 7182
1838 5461
3613 6813
5345 8429
7965 4574
7203 651
4369 3204
6498 8605
4014 3184
9637 3137
5884 9432
5736 6519
6470 9413
4305 2333
5051 2366
4863 1776
1634 2350
9881 1627
4540 69
1946 7524
6578 2064
2753 7660
2629 4358
1264 8659
6898 2439
3885 4655
9680 6
1667 5094
519 2204
4493 1332
8412 2616
652 7778
7755 7051
7528 6298
2031 7495
3541 1036
3305 5415
6360 195
8994 4989
5954 1524
4033 5613
5639 6324
765 490
7672 9924
994 5336
3659 7687
3853 9475
5012 3411
9033 748
5176 2298
8783 8530
9956 5598
2355 8696
9058 5978
3277 3547
4318 7506
4052 9585
2693 65
8360 3193
5036 1421
261 1203
8229 1709
9592 836
1336 7340
1095 3539
2343 3845
5162 8479
850 6015
9475 4856
1113 8257
9432 3521
7717 3528
1155 5584
1892 6692
7902 9089
2135 5748
4779 8135
4936 1534
6414 6834
688 9665
1844 6610
3817 4913
1748 1527
2236 4297
7236 3282
1207 6290
7719 8357
7280 8485
5136 3058
7355 3415
2323 9211
7011 3052
4368 6208
7717 9887
8388 2986
2159 19
4141 3172
6526 3593
4047 6332
8146 7140
8271 6253
1959 7796
2511 7579
1682 3392
1977 5657
3577 9755
4877 1137
8826 1015
1594 9660
9995 1370
5431 525
1839 6151
978 6471
2638 9742
870 9394
2 254
768 1158
7002 8508
9767 732
5840 8451
2338 9170
3273 2451
5507 9465
9381 3493
1273 7158
3299 6998
661 8213
4745 6235
3779 8678
1476 9844
6854 6486
7726 6205
7032 4842
3555 1409
2386 9855
876 1454
1737 892
6167 6283
1824 3589
8616 9361
3716 6144
1395 8158
1592 1096
6685 5044
6306 5383
8457 5873
6825 5938
7044 2098
3499 455
8510 6560
1332 1608
7519 5466
3772 7362
888 7021
2037 3652
8254 8847
5200 2973
2453 1873
2489 990
2594 3520
7166 6575
8209 663
9034 3968
5647 7291
4527 7115
2233 8325
4083 5935
6292 3416
1378 7959
8997 8482
7908 7289
4004 8273
8261 9993
2370 2334
2588 9002
1408 2022
4743 707
3650 1508
9025 2863
7341 5417
946 219
2911 6858
7386 943
3233 4549
5934 1860
3766 1184
5597 2430
1543 1964
1348 8001
1656 9258
7569 9979
5102 5018
6794 7772
8020 5449
865 6228
301 7263
4432 7492
3663 7875
1884 4839
8295 5418
1250 4103
773 4548
5561 2081
4657 7487
6606 8454
8278 5440
9254 3104
8070 5743
9079 1180
6368 5347
4476 4513
8095 2346
7033 5536
7158 5361
6817 4603
5033 7199
4768 6558
1565 1662
4540 6529
3055 7141
5520 3927
354 2581
9470 1816
494 8738
7224 3524
1239 5646
684 4939
8181 6727
5360 4408
6030 2415
1079 3989
6295 9102
5519 9119
1902 2556
4863 5349
5040 3166
4240 8123
2724 5721
4937 819
2152 3285
9178 5745
5715 6193
1406 2135
3001 115
3227 1669
37 3879
6270 1960
2279 7749
4219 4547
8231 7213
8682 1648
8527 8413
8061 3320
3903 9111
6029 4217
6332 9722
3898 7770
6473 8274
7880 1852
8771 4386
469 8080
6699 6220
4348 7845
128 5365
507 8947
6784 6835
2480 7666
5548 3247
9461 6303
8986 1213
8950 7863
3331 7575
5625 9058
2007 1139
2802 6392
3843 4441
1474 1405
2802 7846
4258 7901
8862 3802
1863 2916
8897 7198
4855 4072
9930 6805
3454 2616
1474 4363
5838 2348
6421 9117
6805 4942
9536 5064
7430 8244
358 8509
5035 1715
5627 4097
1842 9336
5913 9335
1831 5154
9039 8062
4333 7202
8079 2280
6047 9756
1149 856
1510 2492
6007 6165
5659 8539
2958 1372
322 6472
9249 5202
3015 1040
5148 5341
1852 5256
4896 4611
3686 2479
8743 3445
165 9150
9958 1880
1832 6206
3225 5324
671 8253
9178 5053
4450 8582
3728 346
8295 1723
3424 3338
2489 6600
7846 5032
5399 2863
6634 4228
7893 7663
9072 3504
6523 1791
18 9135
2929 2204
9484 1317
9445 5862
693 6841
7885 3897
7811 5070
1883 480
2720 2619
9025 6965
1333 7040
3477 1625
4249 2927
933 2079
2431 7881
15 2719
4727 1493
7356 4437
9375 6415
3299 9959
3697 5587
4435 2879
4885 6983
2373 7990
3331 3379
5971 6933
6748 99
7864 8207
279 3460
5619 2535
6543 720
3655 9387
8494 2948
8546 5980
175 8238
8272 6758
6644 1323
2264 8670
4045 6977
7009 5050
8926 3111
1205 9190
385 1239
4098 4937
6301 2436
2189 7221
941 8860
1768 680
3870 5590
1521 4650
6994 7013
3728 3951
2136 1929
262 8696
8005 449
3144 9439
9584 51
9211 4954
2853 9937
8701 548
7435 5321
4066 3604
4694 2012
8810 7633
905 9403
9500 5663
3321 71
7903 7800
1786 1840
5372 4323
4534 7963
9041 7069
8064 6228
6031 2206
1635 797
2724 3639
27 883
5322 8547
9736 5270
7306 5009
377 5037
1016 8923
4514 9879
2466 9193
7102 7184
5801 117
1526 9348
8351 4654
4385 4527
9308 6580
9871 8143
4759 6229
2962 232
3798 1854
1779 1070
6638 1004
5646 5833
5503 5919
5653 4286
4807 9378
3782 3582
4380 3917
7986 141
7263 2419
1610 1693
2837 6745
515 6007
9957 8851
47 4122
8103 2922
1339 4141
9525 9145
9737 8323
3898 3647
9832 3348
3685 3887
7836 5073
5960 4080
5173 6705
933 7025
5324 4368
4984 5352
1669 7149
9642 710
391 9920
8365 3374
9729 1506
4059 4979
2500 4297
1077 9091
5153 6252
5497 8214
4497 2371
5445 8535
1894 8619
2571 5562
2058 4461
6231 4557
5066 9586
2271 4935
5159 946
3882 4531
547 1398
7321 9330
1567 6928
7299 426
8326 1075
5440 9620
1549 8101
989 994
2567 4538
8317 404
4593 9652
6616 4755
8355 1012
2965 4400
3373 8210
9689 7218
2061 993
8381 2417
1258 3368
9643 5246
4979 5397
9649 3906
8336 8664
476 8806
8903 3411
913 9315
785 9176
7698 6314
4328 2402
6460 8804
6593 6321
9940 4052
1816 295
7191 3468
9543 3279
1499 4971
2636 1881
3702 6692
4147 9121
8359 8788
1092 3487
351 8450
3267 6331
3652 5597
4339 7725
7292 9663
7954 8961
9363 2708
6712 3228
1638 8245
5693 8805
4173 4643
9777 3732
1266 136
1593 142
7965 9761
1354 5065
8345 3343
9340 3622
5016 8495
2712 5850
2597 316
9162 9611
3509 9859
9471 822
8715 5985
8653 4805
6705 2808
9801 3607
2146 9791
638 2493
6845 4833
6300 8965
5178 1192
2909 9686
6740 2797
1460 8562
2575 8897
3401 285
6450 7717
9688 9974
2302 3963
842 9568
3805 9938
1009 3339
2684 4166
1245 414
9382 6426
7626 484
118 7399
2921 6336
6718 8521
6078 1184
2894 4078
1172 4180
9220 6152
6240 1778
7324 324
8259 8973
8981 3022
819 7627
9768 1228
9539 9378
6841 2713
6171 8331
2836 6463
3578 4082
7946 1670
5507 509
7624 2189
8859 5564
6791 9186
8986 8581
4338 665
3150 3560
1490 3270
4979 9470
5878 6318
8919 2716
7707 5234
7135 6141
8342 3752
7693 2888
706 4962
9531 5831
7456 2670
6780 2396
1596 2387
1300 4652
303 3564
7634 8073
5783 9023
3613 2766
4518 5550
4144 7502
2518 9878
6781 5038
4026 9270
8575 969
6945 6495
6842 3125
2989 5079
1028 7139
8788 6086
7538 149
8949 1210
9899 5745
8016 3108
4402 5699
3072 7343
3607 9872
6824 6946
6939 9134
4783 7104
8464 5235
6976 5681
6385 3722
7594 8117
6045 9846
1367 6283
8550 9882
2924 9556
3279 2159
9482 3550
4076 1490
357 6598
6496 1576
5180 1179
9522 2729
5087 5636
9987 1671
7031 1398
4355 6856
3220 8138
2900 6822
120 3070
8380 4978
9342 1124
6425 308
9769 6321
3471 1462
3847 9973
6569 8834
6059 3262
8640 68
3573 4446
2821 8761
4238 6802
7892 7901
1388 3526
1815 724
5244 8578
6810 3336
6000 6618
3323 4770
8560 7090
6900 4786
9420 8359
6451 690
1042 1683
3379 1590
8227 7316
1921 6596
3516 8063
3317 7503
9762 7018
1314 8301
5662 1222
9313 4526
1420 3215
8033 5320
8100 1635
1485 5261
5481 5070
7981 8650
8081 8751
9900 1810
3164 180
3705 145
9856 6828
3845 3044
1510 5450
7799 4639
1242 2224
175 6784
9981 7337
1049 8928
7489 9081
9010 2106
8423 2250
9614 7701
526 9701
2720 1991
9457 8629
1451 9638
5140 4328
8312 687
4311 5699
4009 1143
2606 7139
3401 469
5253 2879
1629 7135
3153 1906
6695 1204
6315 1845
7736 1449
417 7266
2444 2144
5612 2219
5083 661
6821 653
6776 6356
8268 8470
513 4606
7780 9114
9369 9955
5086 6689
4173 8571
4809 359
7346 1149
1488 2425
2741 2800
5824 875
7386 7466
4745 9210
5663 2501
2228 4220
2354 6473
7994 7163
9616 9748
8914 818
3036 8645
1168 1541
7138 1542
5279 2590
7106 4988
562 8259
4261 1404
3574 7567
6269 6189
5600 9179
8932 5737
9352 3575
4835 4482
3420 7472
7937 6075
6372 1655
4768 2264
341 3712
3786 3560
4140 3281
5546 9180
4741 3731
8361 1608
2187 6932
9338 8017
7707 2708
1477 1141
6613 6232
7655 5731
3791 5027
6973 5964
9337 9503
6152 2129
2294 9332
5046 9387
9789 8374
2581 2495
6697 6635
6735 1865
5585 4547
7389 4346
6093 9430
1039 5814
4915 3734
4903 5340
4699 1324
4983 4032
5114 9450
7403 9591
263 7838
5299 7179
4702 7473
2258 8029
6155 1834
2185 264
7571 6282
8142 182
4834 3715
4862 1761
4509 5780
1156 7721
9937 4261
1707 3740
2946 2521
5681 6765
4715 1590
9506 3265
7482 6271
3668 213
6686 3679
968 6857
9177 9872
3204 4757
8415 8000
2240 4156
1715 9675
6182 3193
833 4833
1857 9557
3226 8347
3499 6319
6587 2947
2682 5132
2923 487
426 260
5412 9846
8388 1694
7281 2124
6364 4509
715 4558
2681 2024
4357 7970
6466 3926
2255 2968
5724 1890
4118 5728
4299 5565
8939 8184
5701 5041
7642 1429
3478 1401
5376 6398
8614 5777
6800 8032
9559 6832
9902 8258
5844 8828
1045 7915
2029 6863
670 7068
5276 3230
2516 8679
9136 9156
9189 958
7856 6405
7688 7514
1661 6770
7464 9877
8517 1775
2174 1780
8095 8073
4961 9800
916 7814
4406 8019
235 9813
5813 4407
6559 9735
8916 3277
5672 2653
2514 5732
5759 9207
4112 7049
8956 4654
9222 224
6387 3659
9329 2624
4001 7477
6364 3354
7196 8474
2080 749
8090 365
8334 5187
4870 966
5248 1484
9618 4005
8809 2766
9682 9920
672 3894
8597 716
7463 7657
9759 5703
5340 941
76 2901
9985 4707
9595 7545
1803 5118
8271 5615
1226 341
4524 4594
7370 6379
7880 6652
948 1102
5969 8215
7703 3717
3475 1221
121 3835
8596 6418
7266 307
8446 6032
9044 5972
4866 5830
3661 7621
4945 5866
8800 8087
5066 9535
1792 8814
1723 5143
4859 5369
6756 7346
22 4089
4821 35
5771 7129
7063 5262
9501 3658
2225 8142
7114 209
2489 5364
3251 8020
1156 9012
9125 7649
1084 6827
3738 3706
6909 6937
5293 2937
5676 9570
1249 3716
8831 3733
4804 9045
3130 30
1784 762
6457 236
2516 1880
2834 9699
4936 793
2037 4680
8082 1971
8666 5010
3194 1237
6685 2189
4329 9423
7280 9367
4891 5302
699 6834
2927 5182
3207 138
6999 3103
8020 8879
9360 4171
4213 4258
6771 9887
2555 1048
9241 9470
6650 4067
5259 4983
3905 1918
2242 2751
1564 9599
455 6836
2645 7220
3944 9350
6670 3210
602 7781
917 7775
2243 6814
2202 5152
7101 917
6400 2770
715 5161
7904 2291
2267 9057
3653 3561
2361 9438
9633 4824
8924 6911
8164 8144
6595 6199
8443 6983
6417 2627
700 8154
5139 121
3724 6157
9471 5367
9942 9720
5498 4639
2467 1889
11 6707
7686 4018
354 4959
4574 2462
3187 1671
6211 7784
280 9617
7905 6
9210 2511
7261 2967
2687 2190
7797 2186
8712 6286
8633 5889
4102 459
8752 1370
8173 3479
9537 8014
8402 1283
3912 8425
5491 4166
6152 5972
9246 9525
5942 667
1925 6304
7606 4011
9841 5403
9002 4218
74 1922
6388 6392
9892 142
3889 5603
5299 20
7647 5380
6176 6726
1438 7206
2360 4927
251 604
9446 1512
1409 9252
8787 8007
2265 9055
1658 957
9613 8228
3098 8457
4129 9036
7958 2362
3817 9514
7582 435
8958 4037
2451 1841
8306 4938
1088 9464
116 1365
2021 6232
7028 5551
8059 2642
173 2180
1171 5161
5899 8756
569 5869
9074 13
7164 6273
5919 4530
2429 8737
8441 7794
8483 8028
4528 3436
9164 491
3563 6294
5255 2048
1595 258
2069 507
9157 8222
2247 3690
4278 8858
245 3901
5646 9833
8372 8519
9553 4015
7759 9984
8113 2103
357 9886
4308 7181
9978 1780
8114 8151
4385 7753
2718 2149
7627 9382
2820 2309
215 8764
5255 1020
3343 4258
5538 9688
5985 8429
7138 988
8459 6670
1404 6158
4704 2268
3820 5360
8006 4310
9745 6889
9225 9488
5530 6046
835 2165
4921 6121
9688 4527
1776 3031
6462 2627
6357 9056
4934 2991
7276 3419
1434 1080
1067 4095
4669 2818
7428 5302
2738 9546
2062 700
6581 9991
605 1315
7702 2763
5018 7293
7509 9736
3226 9203
2324 6459
6376 796
3771 6378
1434 8157
8519 6665
4887 9818
8188 4576
1993 3784
3407 2653
3647 8955
7956 7488
3219 917
3984 7874
9238 7929
6427 5447
246 3714
6299 7407
5660 6645
7123 8961
4578 4189
9294 4683
5987 6741
7975 7597
1896 3294
3346 7019
2768 6596
3959 8431
4854 3955
6973 1016
7025 679
1342 3528
1581 89
7688 6182
4420 7812
1437 1560
9587 2250
8554 7457
9188 9135
9121 9482
4692 938
8771 5160
2033 4327
9257 1059
4314 1409
4351 149
2919 810
4032 6435
8539 2838
7452 5023
3193 125
5796 7565
3459 2595
6691 696
1193 5165
5813 9256
970 6049
6468 9393
3909 7376
8105 29
9525 292
8309 2814
3752 449
9033 3966
9609 9787
9046 6583
4574 9567
2164 5677
8766 7778
3411 8419
5467 8938
1269 9075
8383 2332
7563 139
6405 1766
9534 1399
6453 9271
9606 8493
3468 3818
3727 7846
66 8862
131 752
572 5883
6417 4889
4936 7207
7178 7362
3128 847
4051 6209
4578 7557
2014 5540
1145 6886
3682 163
2561 1805
1166 5618
7615 4542
4768 6337
4317 7416
7444 1300
5357 9469
6006 7690
3233 9651
9420 3683
1631 1591
4176 9011
7596 7965
8624 2407
9149 4435
2018 4646
4970 2202
8700 44
7012 5022
5348 6834
4367 614
1809 6951
249 6318
3599 4472
9632 6944
8183 3153
2834 8318
5444 480
4563 6570
1382 9842
9710 7913
4284 7980
2823 6924
6030 9868
5757 2913
4529 1137
7225 1156
6407 401
8543 4509
4156 5163
4648 6741
8749 2842
836 2848
9399 5982
8588 4345
8388 1945
5492 8613
1017 1412
3766 8141
739 3165
2413 8625
2915 5
2296 5438
3635 3266
6788 3744
9071 1805
1993 4590
4492 7586
6475 5324
9050 7240
1927 7672
6878 6779
1149 9996
6447 8058
9080 4881
3318 6368
4215 7639
9583 6289
7562 5840
8176 7926
4835 7565
2304 2427
1623 9073
7286 3373
392 7164
9734 3868
1199 3140
1725 236
100 4346
390 2812
2240 2884
4528 9095
18 4374
5868 3390
5925 4048
1830 4230
701 7772
3398 9714
9467 7250
5172 6033
7374 6323
9377 5636
2034 1384
9699 6774
7229 452
7364 1170
1838 2446
1837 4932
108 9296
261 6528
6425 4038
4844 8760
895 50
4275 986
3305 282
2358 9450
1610 8588
776 9115
6207 8210
1909 9010
353 215
9761 6272
4309 9357
7829 2624
7554 2016
6517 9865
8745 4021
8924 50
593 1723
7438 9102
1667 2262
4128 862
6042 102
8118 4052
2173 8869
2334 1265
1484 7846
6580 84
7658 3306
8765 2536
1566 1440
1938 1395
3175 9522
4300 1859
4541 3543
1447 7900
4928 1569
4717 4288
5172 1375
8552 5605
9642 4328
2133 8604
3934 4809
4407 1007
3271 9920
2563 9185
97 9336
8680 6033
6814 5403
5480 1805
2307 8861
3265 7657
7056 5227
930 1364
4299 413
9088 1270
8571 6836
7490 318
4685 6987
8096 7212
2384 4680
3726 377
2939 9944
5770 489
8731 9934
2487 8689
1051 5851
9362 5192
1350 9870
5360 4366
2158 4022
1838 6873
4116 1800
4821 3744
2479 3389
9758 2156
4254 4645
7086 5223
648 1223
3751 2619
8704 2722
7891 6580
1599 102
618 4071
1226 7970
4283 998
7999 8627
4886 6224
1947 5749
6849 53
3742 5276
6422 9605
2075 4704
7757 4205
3602 4276
7113 3532
5327 5046
8352 3723
4437 8097
1595 1541
2828 9083
2252 6907
9019 8674
8579 3408
565 1637
1515 1252
2526 7567
3435 2118
2760 9950
4123 7260
140 3511
577 9609
6820 186
969 9309
845 2238
9803 6773
7581 316
4824 2955
9033 8835
3251 4781
5813 6353
6261 5426
8810 2553
6454 8150
3421 2491
661 755
447 7800
8938 1358
42 8095
5676 657
4675 3146
9356 2323
2873 540
7681 6191
735 1842
8554 4492
644 2920
4658 5717
2634 7429
1371 9597
6548 9643
6110 1057
7001 3132
7407 713
8542 4011
105 2725
10 833
6665 8570
5448 6499
6852 7001
4436 5761
9202 8240
553 1376
8210 5565
7525 9948
5347 6059
7528 3230
8963 2217
5599 3738
5174 7566
4491 6818
6754 3117
6082 3840
1605 5641
3499 7783
9978 2351
1345 6727
4613 6060
568 3165
8798 5874
1717 7971
3861 4988
434 1167
1261 9421
8833 8001
2798 7000
9214 3642
6655 6409
7875 5241
651 4363
2637 9016
3314 721
8224 248
7360 1975
9832 7877
7288 6786
419 6028
9358 2658
7040 6139
7932 2209
5367 6424
541 9975
1710 6659
207 9219
4477 3221
7050 5512
8377 7549
9584 4807
8723 7133
9223 703
2666 2897
1667 7909
9619 173
3205 614
9507 9108
458 3096
9173 3929
2371 2096
2396 3019
7909 6738
3803 392
9373 4802
9916 8679
5865 8635
604 9546
2850 3365
691 6889
3135 8042
9541 4129
6834 8396
8608 2653
3144 6113
5018 8358
3876 3143
3247 4244
4174 2262
4954 9604
1950 1194
6764 3348
3614 6779
4596 9097
314 1354
4336 8635
295 6507
118 9816
4021 2895
6565 6791
8367 1062
9013 1852
926 37
7720 7317
8194 4440
7953 8725
795 2271
6033 5309
6267 6149
5423 9208
5576 4768
5173 1274
2704 1366
1299 8899
2078 8510
1626 4316
3915 1907
3340 6537
2304 7543
6777 6850
6081 261
1660 726
8612 6108
878 241
8634 5539
2466 4118
8956 185
6684 2270
1790 3587
8641 6205
91 7986
6429 9527
2137 5664
584 422
4932 1154
4007 4054
5677 2252
5310 437
9654 3549
9238 6621
3629 5026
832 9893
6246 6406
5638 9821
9997 3834
7323 9674
4778 567
8514 5167
1720 4045
2385 5789
3919 5722
913 2597
5540 5824
1708 8719
4187 6855
3072 5727
2032 9947
8543 7129
1281 3750
7894 7817
2964 6205
3604 346
7123 7632
1403 6702
520 4268
7915 1885
9928 1760
7247 6558
7930 558
9607 4509
7243 4480
7165 5129
319 8078
9389 2868
6291 9512
6277 1452
4435 6354
1534 6962
7282 2394
4934 9812
578 2682
3741 3459
5339 5036
5425 3929
8801 7829
4911 6353
729 7368
4712 4200
8564 6013
449 7182
4719 5512
6413 5050
1264 265
2000 1684
1033 5078
5969 6213
9973 5270
2956 9639
3019 9893
8138 9126
9778 2257
5532 9170
1520 2999
637 9543
8458 1598
3673 9048
7579 2824
7582 1951
7456 3873
230 4814
6895 1606
357 1991
8485 8075
2883 9361
5487 2954
6892 4937
0 215
6281 9341
4752 3115
607 9928
200 9471
3428 8420
9402 4555
3051 3156
152 5305
3718 2281
7333 1547
8976 2463
1203 7933
7781 1379
9249 707
6943 2
7984 3341
9581 7233
5644 4639
5225 4487
498 1300
7802 1580
3426 2012
9633 238
8819 3824
1462 8023
9664 7848
176 7290
5776 9844
1614 5551
9456 5711
7546 3216
5692 8447
3823 8871
4828 5580
7429 2131
8945 9926
6413 9331
1617 7674
366 3670
9231 3955
4361 6149
9082 7575
8551 6916
583 4754
1235 7216
8613 8773
652 8345
6724 2233
9194 4856
8329 2806
3457 113
3212 4959
6837 3266
1692 7692
5305 3446
2449 5044
954 7948
667 1684
3836 2697
9067 2371
5068 6169
7367 3045
6938 4988
3832 471
5842 3787
1791 87
2724 5246
2558 2768
2639 3288
6632 8619
5590 7257
926 6538
13 6157
6293 4122
4592 4561
2156 6171
6271 3646
8193 2536
266 1266
5950 3121
2540 6559
1763 9281
5621 1813
3686 8428
8729 8451
4206 3584
351 7418
1449 9697
281 3776
7271 8398
8425 1253
2034 4220
900 1131
6394 3862
2280 4996
5736 4699
7739 4238
450 7978
6331 238
9069 2698
9797 7923
991 5880
5909 8857
2781 4689
4446 6365
5866 3462
2633 3150
4899 1671
9541 1774
502 2956
3154 4999
7226 1676
4602 7381
8387 121
1433 972
619 514
5344 8427
6122 338
6580 8903
3427 6709
5096 4276
4332 1301
2799 7027
492 8743
7291 3288
30 874
7411 9901
5137 968
121 3259
636 4359
7011 4246
1594 3738
9214 2779
6978 3589
2484 3624
4382 1613
7804 868
6826 8228
2278 9952
7673 5217
5112 3504
8046 3542
3440 6305
2298 220
8157 1660
6095 5314
5465 9735
8864 7127
3514 9843
1141 7254
1543 4090
9202 6054
1949 8538
2685 8040
7141 7634
4476 5628
3446 6988
595 5941
9729 4739
3212 5609
8791 3188
8691 2403
4036 6545
9376 788
855 8632
5475 5593
4196 2062
2055 3967
8499 1936
2399 5802
2598 7092
2981 6411
5439 9110
7940 529
6351 9718
8132 1059
462 8381
8762 2315
1628 5499
3274 4180
5542 8437
5647 395
73 2809
4934 5489
7728 6996
183 8039
9737 9468
3398 4767
5464 9077
9391 7868
7181 7622
3587 3999
5451 5038
399 242
8454 5231
5535 4207
4688 1254
8576 4481
911 2139
5824 120
1341 9358
7562 5035
9796 3920
5133 4305
1241 8087
671 2163
1743 7081
3900 9641
7125 6361
8545 3319
4716 1044
4766 1033
9676 4989
9190 34
9585 84
2431 7653
2829 144
4238 6181
3388 7270
7714 2488
5912 6219
5018 7304
2657 8503
4386 287
1700 9571
3832 1981
8611 7359
2131 6078
5224 9554
9020 3393
1171 5568
9264 1285
3033 584
6319 177
3164 6283
8364 5011
2794 6752
7518 2012
2842 8665
3011 3478
4479 722
9088 125
7332 7583
2795 9494
7038 3714
1617 6727
9856 1224
4965 9393
3710 24
7617 906
3996 2862
4859 1028
9734 5268
4120 7540
9777 3869
1963 5527
6749 9997
2497 3629
3323 1278
6962 2074
885 7021
1452 7526
3100 3210
6693 8598
7753 7794
3034 1893
8621 4990
1073 9997
2462 3194
7414 1272
6319 1579
9170 1490
7989 971
1286 4316
7761 5760
3320 6171
7796 9559
4135 1969
9524 9193
6383 3217
4333 3346
1102 3217
4627 2397
9212 5440
6614 6016
2284 8580
8194 4541
6024 561
4328 9591
465 2057
9234 1691
6876 8492
6527 3677
8808 5348
7925 9504
9974 612
6505 6010
5338 439
3553 555
1652 8413
1069 3366
8159 9517
2411 5502
6892 9822
5609 8805
9032 6737
2812 9295
6740 5824
8965 9745
6658 5868
6226 1374
2836 934
7644 6895
8913 2857
7172 183
1496 3024
8967 1200
9185 9929
6382 462
2664 2382
10 9074
7342 1684
5604 1030
7653 9830
8046 1486
670 8161
8607 7369
6312 9382
7153 2478
8252 5319
8620 6907
9232 2932
7309 5660
1354 6405
7330 2370
7647 2654
7476 378
9480 8581
9873 6470
8706 2515
8496 8909
4876 231
9951 6921
283 6006
35 7374
1535 676
9514 5749
2775 1449
5727 9585
3107 6865
307 8908
3677 8029
8594 5136
5079 3737
3073 6708
3887 492
8323 1316
2085 6115
6434 7508
1815 421
8211 2624
6343 2627
762 7428
6380 4717
6964 8203
1745 6614
5179 8212
1720 2082
7281 3769
6197 5750
3427 2940
3661 1554
2034 2316
8256 8068
254 1705
5106 1846
2639 6307
8841 8062
5529 8609
2952 7772
8834 1115
6308 6099
3536 9583
1425 4750
45 3953
3405 958
8537 7760
5173 6231
4792 6749
1775 8731
4174 5633
2199 8278
3864 6691
6873 9061
1859 5712
4102 5693
8572 8890
2165 888
3133 578
1423 8
3805 6506
1005 1713
4134 6062
7140 1207
9340 1540
9611 2807
7046 3548
8293 8983
5280 5421
7959 191
32 3375
1482 1990
5308 5886
9003 1698
1949 2184
7562 1624
2625 848
1738 2837
6284 8412
8390 7930
7841 8525
4341 5809
9517 5484
6815 5212
3028 8157
4595 9629
5510 1671
9358 7085
2723 5186
3998 1598
3915 6874
2252 2166
6941 4109
4296 3436
7828 179
9723 5910
7147 4084
3394 2000
5044 6020
236 214
4350 2963
1453 4191
1529 5823
2093 6231
1505 432
7409 7475
365 8990
5070 4954
3601 5680
463 6618
6467 7752
7177 8481
8779 3153
9216 9377
8736 3047
8224 976
4384 2566
4918 8278
8021 8644
1292 5099
34 4404
5986 8571
1106 1119
1836 4956
6671 9349
3406 4233
4934 8432
7986 6564
604 889
5387 582
8389 6253
6027 4587
3950 9062
7979 8125
4857 428
7393 9019
353 9313
2349 3053
2701 7308
9023 1317
2156 5776
8948 3045
3198 5693
9421 8839
4172 4
4547 2540
2738 1174
5998 9860
8982 113
19 2180
8934 2945
7515 4010
8458 535
7605 9636
8965 8928
9416 3135
1893 5140
3431 7205
1722 3312
2622 1774
7038 1307
2450 4386
7590 2157
7373 3250
751 6923
5597 8129
5822 753
4623 1105
6235 7665
4860 9826
4379 786
2624 6965
7346 4492
5084 9271
525 5301
9276 5226
7720 3632
6130 3725
1110 3863
1360 8768
6794 8075
8882 3588
8839 4467
2769 2617
4587 262
112 8994
514 3344
8193 275
7106 4853
7727 6551
96 2658
4455 511
9097 8042
1288 9847
8457 7540
9888 1017
9106 6499
7115 9513
8948 2836
9041 9782
1516 6582
530 9887
399 2197
8958 8271
4482 954
9031 874
6740 5846
1533 3516
1282 4354
3850 3340
4332 7155
2129 9784
8774 6714
9427 8678
4283 2091
782 5851
7471 8143
6894 6808
5395 8485
3015 2023
484 7946
5938 1092
6159 9397
3234 1116
8782 6984
2304 8181
8206 3418
5790 1993
3628 7557
3853 467
2396 6106
4736 7780
3047 706
836 8128
6674 4286
1703 7331
4949 370
900 2980
9370 2917
3215 6662
291 7580
663 1516
5586 2347
5841 8996
1692 3631
576 728
2505 5185
3130 44
7647 9984
5892 5501
8275 4771
6176 1867
2477 7243
8935 1883
4137 9578
5558 6535
1266 9400
8759 4530
873 9818
5749 9698
1975 9729
6687 4658
8331 9558
2323 324
5928 5290
3363 406
1505 8116
2093 4998
3777 514
8555 6622
6445 9583
5770 2753
2953 3062
957 7041
154 2834
4696 8526
7698 4576
1701 2595
8980 5068
2769 7102
8049 9145
3352 3050
9643 6963
8306 3498
4812 2257
1070 3052
211 6927
6958 6853
8999 1650
1666 7262
1962 9841
4433 5762
6065 9577
4594 3710
9521 8422
1615 1219
3519 7085
3938 9751
204 8453
9714 287
5573 9443
5992 2690
1598 8984
4749 3459
7014 7774
7116 8484
1329 1218
9669 8966
5335 2647
1817 7525
7040 7500
6947 8395
1062 7155
744 8763
4363 4822
7883 7869
793 7705
3482 7116
2818 9623
4655 5409
1749 5838
2790 1613
3075 6366
4147 2588
226 3955
6072 3489
1581 8682
7300 105
387 5346
7866 3315
9178 5382
6208 2485
4614 9294
7634 9546
5032 5879
8727 9434
3541 8113
8485 8101
4274 7230
4529 4874
8625 8264
6926 6639
4238 3626
9271 3946
5962 2514
7758 5956
1644 9962
5794 5235
5547 654
14 5647
7860 4491
5405 7028
422 5368
8051 367
4275 1554
1922 6825
7769 1071
1885 9025
5857 1192
5708 1562
7649 7947
684 3071
6919 7544
7910 902
4583 657
8970 4985
534 1406
163 7844
7375 549
4193 8501
1322 9675
7714 2744
9914 34
8771 1962
8206 5634
5905 342
7921 5540
9013 8249
5975 7370
1244 5502
8943 4711
2375 4952
5340 4442
1964 1404
9528 8567
5725 6265
5360 9639
1236 7902
6607 4712
2316 7440
2450 3429
2399 8327
6118 5609
8174 9612
1374 9561
6428 9826
8917 6784
4579 9490
7098 1127
587 5783
1795 6102
5075 220
9746 4032
9024 7638
3978 323
5008 4582
2887 53
1299 2421
3977 2996
6825 9869
8577 1089
7617 3212
6154 3563
2665 6423
37 6933
5267 7312
2224 9744
387 1143
8936 9281
8899 5439
12 2367
168 2685
9300 8303
3575 3478
3977 7765
7572 6959
2349 1545
9465 6519
2039 2749
8075 6707
1012 9132
5315 5152
8816 5138
4790 362
426 1756
3399 9215
7392 6074
376 9548
3098 8457
6748 5180
2234 3575
2965 2206
2659 7867
886 4077
8660 222
704 6719
5816 4740
7211 6934
1512 79
7201 6205
3614 6271
4535 1201
2013 3001
7434 2334
1097 3457
7768 9124
591 7956
5008 9429
1560 3076
9653 7430
1087 2741
7223 526
9092 3892
5852 5901
4209 2461
6771 1831
382 5620
7146 6383
2532 3006
7711 3170
7864 8897
3500 1556
8446 9332
5900 6136
1802 6935
531 5890
2425 1020
779 8294
6426 5558
2351 108
8566 7133
8857 1143
1276 6203
2178 7524
6833 3710
2141 8037
8030 3609
9498 1426
8881 5781
5340 3869
357 5864
6800 7934
2036 1136
8754 8797
7645 7861
8172 653
2717 7181
3590 1527
8037 5652
1272 841
7167 3477
3234 1327
3238 3243
7969 1583
9179 522
6600 5117
8788 7667
9173 6270
9707 1595
9924 6625
8494 1938
1515 5485
1357 1
2198 7381
7166 62
2311 2913
235 97
4526 246
7162 7390
4618 4981
3551 7688
8736 2517
4952 7712
2112 4553
4591 1598
8521 589
2538 2785
3224 3464
5981 74
171 1665
8486 2470
7898 1480
8469 8977
5003 8167
327 4703
3625 3496
4710 5791
7085 3080
4822 9337
8468 5857
8584 9603
2081 4176
1061 8094
6834 4957
4437 3090
2994 7928
2576 5137
1291 4993
2373 6874
1228 4034
4936 7304
2015 6954
6529 852
1430 913
8507 4605
6196 5019
2718 4261
2438 5012
840 8720
7867 9233
1053 4895
9780 346
15 9116
6643 5754
5095 3839
550 340
2006 2470
2278 2738
438 1607
1947 6687
8958 2409
38 2289
4112 8461
7388 3118
9280 6757
8470 2045
7324 2626
9802 6280
4578 8668
3217 3587
9660 9938
6643 9135
4802 5176
5877 171
671 8679
5388 2642
9654 2628
1748 331
7715 1175
1338 1718
9485 3934
1926 8599
3740 6810
2888 389
1023 8982
2235 1487
94 5225
6121 440
885 3285
7663 5243
257 8820
5188 6434
5828 153
8332 2418
3558 882
7975 8973
192 6972
7278 2273
2171 3089
3508 9047
4830 5951
7355 710
2957 7262
7072 7379
1968 1191
913 8229
8949 9314
8851 9612
7292 5350
9819 7352
6143 7934
5680 1102
5895 4274
1003 5701
2398 7550
721 1782
8968 5022
3655 6704
9356 5853
582 47
4886 4933
6622 4533
8328 2063
2824 2511
8285 1795
3805 717
5178 6324
9829 404
2280 6128
6307 3485
5269 7809
6142 8999
6839 9685
2746 4957
9841 5118
4288 3371
5726 1204
6709 5915
4142 2107
1720 5010
7196 5649
5661 4076
6381 6785
6954 4727
4770 3039
1195 7989
5966 147
610 4153
455 1994
2714 8763
2968 6996
8049 842
2521 684
9678 6721
9193 8642
2012 8152
436 406
6988 390
4341 1772
6976 6823
575 7343
9393 4766
167 6136
7125 5416
7892 3926
1749 7636
8439 6089
4444 4665
4817 5449
239 4175
9388 47
538 4292
9875 1889
4129 1752
8554 324
5701 113
2602 7674
4202 170
520 3596
4341 5236
3863 6168
9740 5758
7208 4673
4452 2283
7826 1332
3153 1838
6306 5566
5217 6528
7660 7523
2876 2191
2861 7955
1456 4291
6071 49
2962 1183
6994 6923
7672 7810
7625 6910
9279 1420
3132 8729
6920 6116
3049 1696
9729 4702
4401 9089
9932 3866
2357 222
6717 8732
8127 4595
3525 1865
8217 7401
1631 6438
5007 8766
1092 543
2664 9889
9030 5516
1042 3694
5723 7814
8617 6440
5630 5447
6512 8119
2442 9557
6066 7396
9261 9259
2217 9328
1966 4581
5734 8759
2353 1497
6624 1032
4620 9904
5738 4867
9055 985
3783 2509
2207 718
3926 8704
1548 9071
3948 6110
5807 2447
27 2644
8149 4839
879 5540
829 3361
9353 2010
3377 8471
2838 1703
2822 9718
6029 3682
9408 7394
2289 3212
1367 2987
1943 2029
4493 3299
4827 7143
5952 6246
802 5878
8159 6984
5937 7228
6188 9589
1709 2524
9261 7394
6246 2821
2970 6502
307 8249
8666 2631
3280 448
4452 2504
3883 7066
6044 756
5133 2562
1761 758
5018 4318
8278 4750
3746 3607
4969 5067
1064 6915
570 3934
6047 1573
8251 1225
8528 2628
2140 2858
4098 3846
3965 5052
5169 2763
4264 8696
6864 1748
7022 9507
7328 1801
8164 3663
1861 9438
7838 7618
2313 1513
7728 8632
477 5488
5355 1563
4401 5051
2710 9731
1709 1911
3351 2003
3319 9903
486 8984
2289 3461
688 8290
6234 9036
7632 6409
6812 7650
1631 7542
2390 5136
9979 4762
3917 4503
868 9204
17 4020
6647 4293
1047 6862
3618 9231
9946 4902
7578 382
6618 9292
3475 1090
8468 3612
6877 6211
1980 1309
8211 4507
1081 2570
1307 4241
97 90
133 5589
1297 7764
8436 4480
7532 1570
1081 83
4412 7143
3956 5436
3484 650
9870 4842
1384 5253
2805 1701
7871 2488
2083 6158
1550 1567
9076 2978
3008 7174
1273 8393
7827 403
1433 6527
582 2890
3074 379
902 3126
9876 5202
2719 7808
9695 5476
9970 8868
9974 6553
3685 751
4379 4157
3273 7818
613 1283
1523 2220
9854 4660
956 9740
229 6565
7290 2699
9822 2348
1442 2223
460 887
2467 6410
4855 3117
9616 3078
5210 3617
5675 1426
4030 7555
2766 2379
5600 4345
3620 1083
2530 805
8568 1300
4219 2911
1618 2457
6413 767
3815 385
694 5958
5393 3843
3622 7927
937 5387
8068 1445
488 8418
7372 7668
3739 9054
5438 5649
4601 498
1316 4842
3389 3497
4699 3962
2451 3179
6844 4125
7477 7388
7953 2353
5147 9463
5526 1041
440 6407
6480 4545
2747 3891
1801 7163
8479 801
9351 3261
1711 3951
2516 8727
990 5227
6441 1368
2138 2660
5318 5364
6211 8884
9354 8817
3883 8361
427 9418
4307 9089
2226 6100
488 4324
5490 7197
4486 9617
764 8037
7860 7335
3478 3896
7019 1968
1335 3619
1178 6916
8034 8437
3404 2321
756 9139
9531 8691
2787 5644
288 6621
7757 6396
2888 468
8318 6343
8935 6636
4345 7998
3417 620
9724 755
7264 121
1018 7752
1418 1328
1166 2853
7865 8891
595 7320
6136 7892
9113 5039
2509 8934
3763 2937
2725 6688
7248 2155
2795 4640
1579 6610
7387 4071
5261 4773
6947 8040
8408 7488
3299 5459
8153 883
1175 9204
3825 3156
3428 5812
2897 7651
8878 3802
5431 7066
4572 6317
4773 3341
8198 3194
6905 8525
2319 5531
4067 3768
9072 2829
1669 6836
6866 6823
215 6131
411 3434
5226 7341
3038 6837
6162 9467
4742 223
2676 1480
9 4685
5365 7346
1678 5903
9064 4773
1593 8914
1103 4801
8024 6869
3553 3147
1961 5760
1051 5096
3499 2916
8027 3225
9429 5596
1922 3177
5578 7072
268 7133
6252 9434
8590 8001
687 314
8984 1160
3309 3373
4366 565
7849 1280
7827 5851
5525 1574
4275 5405
4902 3630
7511 6831
7441 2655
9410 4685
6422 5614
5597 7660
3549 4419
1267 757
6431 1326
1271 1438
6433 5606
8823 7233
8870 4586
6045 5734
5461 5265
7464 2926
9747 5254
1737 5981
8418 9548
5934 7953
2959 8631
8116 5547
2461 5202
6621 2676
9077 9699
2782 4513
5633 839
3377 1414
5167 4147
6308 4997
4110 5225
5312 6736
3289 5007
4653 5485
648 1811
8650 21
4683 9291
1593 5389
8819 5184
6215 981
677 7905
1990 244
398 9296
4597 3930
5345 3333
2461 4076
3702 9891
7893 1929
1024 5079
1865 1725
2576 3707
2368 2830
3320 4073
8700 7306
5039 4507
6692 4060
594 8438
8039 251
7458 5103
8704 5891
6227 9593
5307 9783
8129 2394
4186 5315
7910 2823
2081 428
8080 5407
1342 100
68 7818
9554 7825
7581 2476
9399 6957
5861 3221
3543 8280
9516 3297
7296 1286
185 3239
2937 7701
9882 9558
9955 3216
1923 5584
9822 6502
4588 8054
2807 9786
2835 5576
1066 379
7890 4684
4594 2516
5333 1988
4120 5661
1772 3972
1039 6066
9146 6407
5033 5312
7291 6476
3371 1451
8632 9970
2674 7914
9571 9189
1526 1034
7299 1661
9173 8140
2863 367
1095 6147
405 3050
891 9045
3929 4676
5249 9686
74 7768
8865 5108
8827 8576
6868 4363
8065 7759
3029 5081
5835 4064
4338 3079
2951 3343
8871 1167
2850 1279
8481 2463
94 3515
1704 6812
9744 2583
3053 3042
4099 9468
2974 6548
6227 9996
2764 6989
5120 1167
8348 8273
3870 8912
7778 2820
5773 6607
6004 1937
1871 2649
3307 4350
5535 8518
1775 4945
2645 4496
8748 2408
2364 9386
8792 6858
1958 8737
8769 3680
5694 3948
370 4173
6620 8749
9251 8115
5328 5927
8321 5397
1567 5398
4201 2219
6718 374
7382 8585
2117 7967
4974 1211
2101 6980
6680 8620
7685 9801
5462 8145
1463 5365
7494 7489
74 2031
8145 6504
3638 649
2554 4026
4159 5679
3670 765
6111 14
8410 8320
5180 2163
3681 2913
6064 9478
9490 653
8785 7887
7216 3238
7275 4205
9637 8457
3066 3664
1306 5470
2315 9004
8584 2369
5579 6127
5701 3862
9331 6661
6514 1778
2852 7401
1527 4119
2221 7767
8340 8023
7789 843
2285 7658
971 2491
2624 1812
8691 1175
6442 6713
4991 2790
3442 2591
7133 7660
602 1970
4828 7545
2614 202
1234 9752
2682 3784
9833 4585
2180 5567
1024 8784
7025 2711
9121 3514
7448 3307
3939 7673
9247 7220
1731 8410
7411 9590
9343 2753
9370 8108
8182 1478
5715 8651
557 4845
9867 7421
8627 6116
1314 8026
1068 1055
9745 496
1110 9209
866 6396
8994 2637
1875 7664
3031 9699
8898 5645
7698 6084
1770 7619
477 3639
985 7569
391 9697
4169 9796
204 8853
7152 2504
6011 2782
7780 5687
5522 3091
6634 7594
5700 2658
1886 1246
487 7603
1155 9154
7917 7133
9010 5017
6304 574
9623 6511
8141 6948
2659 3362
5208 9287
4578 45
9490 9526
2266 8294
9723 8680
8493 146
5456 9988
2653 6829
1511 9460
6578 5057
4946 5703
1222 7472
6332 7177
2209 769
1138 1420
5638 6182
4030 4723
9508 4109
9287 1898
2900 8865
9766 9259
9111 534
4456 1826
2366 7760
1541 5675
9646 7114
3822 2303
5247 576
444 9563
9738 7967
6038 2584
3761 7617
1245 3107
1809 9385
5488 2002
5668 5901
2335 9752
8448 7524
1112 5653
6246 554
123 6971
5653 4504
4822 9094
8138 912
9002 4671
2686 4531
9413 2999
7545 4158
4454 8467
8075 5000
458 548
2557 2269
9949 4875
4947 2076
8464 8724
131 126
76 7271
757 8560
94 194
7820 8473
89 2411
3965 2978
4694 1379
5391 7112
3872 4171
7047 6717
3081 9201
2385 638
2855 6981
7694 4990
5016 6529
1655 1087
8048 7384
4291 1144
5590 9742
9593 2517
7812 8448
8042 2503
3917 8911
1912 4476
5921 5216
8303 9513
3573 3680
4577 9707
8189 6602
2672 6266
5753 2000
41 3439
2973 6613
5254 1059
4626 7452
8358 8231
1137 2166
9354 8457
5986 8283
5093 790
8669 7512
2574 803
493 4569
4186 9134
5380 8959
9273 3365
9674 8824
4128 3409
3653 1998
6142 5737
7799 9452
2714 8710
1128 6684
486 246
2671 8618
4423 4028
4987 3812
3908 1946
9609 3777
2986 3368
7899 6213
4618 4135
7484 5548
3382 5281
7944 4778
6073 6704
7357 2885
13 2150
9953 6345
814 7145
4876 1369
541 3568
8246 4086
7617 5521
7303 4456
1300 4818
8215 4898
3527 6498
7705 3916
380 1456
3413 9421
9027 971
2416 8068
8237 5993
5777 4382
5126 4907
8098 1000
8709 3103
1708 6200
58 2472
6935 7069
9266 7669
282 9748
6492 7479
4469 1562
47 4023
1209 26
8442 4243
3663 1719
494 3633
7567 1014
3354 7341
6172 7357
5763 1092
8640 6387
5623 3986
1323 3685
1769 5096
2928 2304
9242 7273
2335 3247
3598 7083
6518 3750
999 6049
4762 6653
3871 1164
800 4114
2593 191
8585 7823
2366 1571
8092 2818
1412 746
1270 4292
4197 625
2432 7492
9616 2123
6637 1089
2478 7363
6140 4975
1679 594
131 1850
7955 9215
3897 4605
3510 1138
6215 2701
3509 6773
2197 2812
1433 9991
2083 7749
3176 3699
9482 6447
7027 9766
8519 187
120 4384
4764 6448
9023 8272
9070 5392
7829 990
9865 1139
7959 94
2942 2369
1156 9320
1915 4589
7302 430
8830 4188
7434 2612
3952 2010
5800 7134
8476 6188
1912 2768
3709 4384
7169 2314
8385 8109
713 3775
5522 6974
4041 630
262 8687
23 2605
1253 717
4318 7580
9055 6481
9782 1143
5527 4863
1891 3262
831 3549
3033 509
8063 5439
1738 3312
8096 2019
7666 9137
8106 3298
5137 5538
8991 4916
6056 9362
6543 8121
4984 4482
5701 2353
4505 2657
7852 7675
1385 7536
9328 1850
5837 4533
9898 6663
6200 2535
2528 2270
4726 9625
9109 6298
5287 9797
8477 6931
7436 6398
5216 5079
927 6944
6560 760
216 1431
6720 8639
9931 9591
1262 3402
3367 8186
3069 6815
4426 9930
9523 4402
5736 3493
974 44
1626 3371
954 3224
5089 3050
5787 7183
5142 4311
2516 5268
3027 6280
8514 9491
42 6294
3856 5494
9639 6949
9106 8461
2848 686
4921 6018
8864 2980
672 3424
5891 3339
3285 4165
5149 3341
579 2912
5937 6035
5585 2093
2553 2546
7458 3093
9046 5771
9937 3572
2418 3548
4077 6199
191 3464
760 611
6264 5846
843 5518
310 2109
8271 5199
8487 4448
3078 7310
3194 4108
3083 3814
4948 1050
8042 5877
519 6154
8359 7874
3392 3328
3672 4719
5457 3743
2058 1390
3495 3856
3599 6900
1467 7411
7492 8785
6528 3207
8177 6076
8426 1587
8802 4643
2717 7252
8409 300
4108 7578
3019 5411
352 5178
4075 4888
1121 5694
2299 6404
4207 6831
6928 2094
3992 4564
313 9071
6184 199
3019 2024
6526 4688
5240 507
6580 8952
1701 6387
5819 223
3933 3833
4296 4012
4597 1020
5773 2013
1481 5702
254 6833
3169 2126
412 8637
6935 9368
2914 7673
4766 6315
802 5312
5576 9069
4393 2993
8918 1946
5781 6584
7807 9238
8598 5091
2020 472
6341 4353
6165 9979
9265 1733
5610 3959
8272 5818
4401 5400
2673 4230
5717 1920
315 1072
4646 3880
6800 1851
710 9308
4090 8762
82 7207
3710 869
3069 9818
4668 5777
3478 1775
1389 4406
308 5982
7858 5446
325 4870
2728 9333
2601 8437
9770 169
4424 9142
8035 5998
3387 867
1546 5529
4272 2811
1585 9417
5528 8317
1977 6060
2828 2029
5643 6066
9105 5735
3319 8033
848 5543
2339 7629
3402 6066
8690 5682
3530 4334
6667 5834
2684 1776
778 1549
5194 6909
3005 9280
9127 36
3907 315
2335 9142
6420 8353
5594 6913
2363 1417
3585 6527
3795 5780
7668 5128
1204 171
1259 7111
3285 7812
1121 4388
5258 450
3017 476
7213 5220
4328 4658
5953 8283
7509 5138
6878 9886
5267 4577
251 5748
5611 3797
8326 4270
8353 1090
5165 9705
1662 4042
506 4946
2835 2719
3150 473
982 5888
8739 7942
1771 736
5929 7464
767 7763
9027 873
5955 6215
9809 2886
1074 2979
7055 9858
4313 6406
5536 3625
2761 4763
6938 6979
7423 2831
5546 6713
1158 5429
5484 643
116 7387
2382 3823
6125 5488
7743 1564
8603 1942
7466 6871
9222 4095
1583 2724
6266 4505
7995 4681
9707 3717
7692 3376
2410 3894
2585 3661
1140 7853
2866 3170
6993 5500
6064 2603
6075 6186
9219 5531
245 8422
3162 9903
3306 12
5412 417
8981 9303
1501 9212
9502 37
1644 3987
6488 5236
5529 6729
319 3564
2230 9726
829 576
4383 5696
7709 860
5667 3371
801 2665
8965 4677
8302 1353
9991 7294
8431 760
3101 358
7487 22
6857 7391
1710 986
323 3055
7250 4510
2050 9313
5559 8048
9992 944
3893 274
5412 8900
4664 291
3837 4353
519 4407
4069 7530
672 3303
5585 4420
3531 718
3068 223
9010 869
8834 3491
2340 3374
2007 5090
564 8726
6154 8220
3396 4434
1230 6390
3196 1741
6746 3928
7310 8085
2774 6983
1000 3246
7843 5191
1049 7962
8564 5485
3097 5747
5505 9783
796 9512
169 4920
1350 9884
13 7547
8362 2970
9515 2645
5676 8683
3084 8002
2111 4993
2554 3187
8396 9304
5413 4866
1213 2674
8176 1373
8497 2136
7809 1368
1581 8059
1600 5711
698 6880
7829 6692
2769 9978
7418 8591
2262 3683
4608 5369
294 3484
4341 3929
7965 6295
4663 3830
256 1347
9056 1233
3189 2573
8799 5297
7339 1762
5765 3989
596 1142
6743 2495
1231 5333
4200 1826
5548 6434
9697 2177
2734 5705
4325 7395
1488 7156
7777 9175
9106 6469
6152 3623
1391 1162
7335 3871
2972 1678
9595 5809
353 7898
1427 2948
5972 4091
4 4186
381 2138
1158 3049
5833 5218
6077 6011
1139 5261
4861 6237
7034 4350
2613 8656
449 2910
6395 9723
638 4254
6816 2214
948 6725
5441 8218
1318 2162
4771 8182
3015 8419
4091 5203
8295 3705
6814 9133
6726 2059
2224 9919
6463 2506
580 3958
6023 8967
7441 8600
6987 7582
832 7790
8321 2084
9793 4564
7824 7663
7000 2414
4783 5763
9541 917
330 1069
3981 6674
8774 2398
744 929
2325 3105
3517 4297
7987 5892
6416 4102
9749 4377
1210 7224
4209 8885
4941 1620
9078 7620
7015 3137
1757 5857
3756 7111
9970 9570
1543 6448
9634 9305
8005 5308
2105 9402
3009 6742
8972 5980
3094 4914
8844 400
7463 8798
5458 2841
4250 3271
6448 6132
7316 3202
8945 5141
8956 2109
9439 2024
6005 1869
2825 244
8539 8453
9923 5140
597 9070
3349 3988
1533 4276
6799 6128
7129 2837
8988 7893
2564 8258
5507 9189
9245 8311
7463 3868
8909 9050
336 4578
6179 2871
4599 948
1703 3878
8067 5833
2479 1966
6307 5947
8168 3338
3708 8484
3365 9830
993 235
9593 8998
4851 285
1297 6024
1628 7330
6057 7939
4488 6308
7603 3815
8642 7567
8629 9740
5998 157
5596 783
9353 9559
151 6654
5661 3226
558 8667
9594 4013
1885 3939
3092 7518
1263 5056
6043 5835
8870 3382
9761 7720
5551 2980
3001 9063
5641 1104
3960 4680
9848 1562
5558 2618
2592 1228
3423 918
8436 472
211 9482
5270 7092
9256 408
2890 3435
5853 3112
2787 9138
2386 2640
4418 136
7334 7248
355 2599
9032 1570
7162 8108
3261 9378
2920 3790
5688 8137
4376 5608
4626 4594
3527 6260
8275 269
3318 6748
9437 7596
9179 3507
912 5263
5957 8810
585 850
4961 3879
4763 9887
7986 6658
2403 9219
906 1472
9409 6302
9306 5717
4652 3593
6566 3262
858 5060
5672 1750
3093 4346
6394 2796
6578 6501
6946 276
9544 8003
8968 106
1873 5599
5161 1210
9932 1504
4477 9342
3939 2210
9373 2483
5643 5056
5444 4726
2505 7170
8460 7499
7713 7149
8168 9452
5368 3402
3688 8329
1572 553
2616 7467
6100 4677
9663 6539
3992 9129
1632 7380
2078 6152
2933 9198
6922 232
9508 8114
3570 6371
7182 6388
8563 1339
3174 2970
2254 7122
110 1226
1431 5365
739 4495
398 2608
1229 3525
1827 4744
230 3743
327 8153
2396 8558
7515 2629
9480 3503
4346 9096
2691 453
4745 5969
7019 6863
3288 4573
7224 1043
3735 2682
9952 1181
1054 3608
7807 3402
3108 3983
5727 2649
6804 8424
2620 7635
982 2254
4516 2381
8709 458
805 3988
5077 7518
7498 1103
3643 3608
851 817
161 5728
2212 174
2657 8560
6860 1522
498 9922
4445 6195
6639 4392
7548 9436
6409 5291
7609 2547
4249 1666
5327 725
1240 7681
77 137
7120 7304
5994 7208
2166 6437
5814 3265
1772 4206
5145 9770
1279 1365
3961 1868
1082 4312
4005 9403
189 7937
3446 4214
6692 8278
7525 4530
642 6131
7163 1171
4919 5306
2094 6440
8981 476
6573 9191
1818 7581
1852 2204
1324 2630
7963 1557
6070 7133
6039 6786
6971 9680
8683 9406
4996 5361
6330 5304
6462 988
4269 6373
4367 2959
640 4208
1552 5791
5649 8777
6542 2595
6184 4620
6011 5903
5508 4429
8189 9734
2910 2808
9925 8508
4628 2630
765 2938
1393 7327
6774 9596
7622 2431
2537 9799
2759 3589
2942 6406
2836 8440
8321 9993
6588 6864
4127 4169
4660 4774
3957 5817
9420 1040
7545 8270
6861 5330
3319 8272
4574 8758
1079 7872
8411 2334
2801 1502
7182 9832
431 4323
3730 327
2932 7181
5435 5282
8637 3806
3230 7830
4103 7374
8877 8536
2972 7382
1937 5455
5032 5075
3729 4292
3308 6703
2251 6195
9763 9535
3005 8703
8481 1873
5905 1151
4663 4232
7646 4946
2576 4469
2032 5607
892 2251
3481 3991
513 1757
9173 8384
3956 8032
9517 1716
9128 2437
7550 2276
8015 9203
5371 7060
4183 934
5687 4848
5850 5923
1749 1430
2808 6537
6244 8818
5987 3285
2502 2997
640 1748
4539 9398
7792 362
5729 1336
3757 2407
6908 7409
6972 6480
679 2246
5616 4248
1822 843
8972 4788
3601 6398
6853 5954
8911 3895
1762 7508
6784 6829
2793 4548
9117 2425
8061 6667
1152 447
24 154
8179 7268
9266 8565
2384 5302
6740 8667
4881 5307
4987 8143
6196 5124
9794 6027
4249 9649
6611 2993
6770 7695
4478 7807
8864 2915
2407 8344
4113 3452
7011 9238
436 8690
2700 8393
6925 171
5062 1404
9784 9436
6468 7880
1235 9261
2021 3706
2946 1322
6912 6340
7704 4594
9696 76
9257 8957
7370 1398
4186 6820
8622 2925
9045 1098
2581 3475
9266 732
2154 4744
892 1921
1656 128
2509 7272
4515 4284
4834 6356
77 8719
6841 5924
4732 6090
9432 6907
6915 3354
7957 743
8557 7854
3164 7183
6486 6915
3340 2790
4281 4491
1336 1414
7757 6994
3748 4688
7199 930
254 8386
3097 979
4973 2145
1006 4556
8226 9092
6312 2905
1556 7236
3691 6445
519 2541
9241 751
7789 6004
2921 3811
4112 708
9447 1668
3163 5636
506 7671
4783 4364
1282 3521
1307 578
8991 9682
3983 6781
5626 4400
5374 5325
1261 9408
5675 9706
136 8491
9839 9810
7422 7733
1332 1404
9172 5351
3993 2866
8955 3248
162 5501
8507 3668
5034 634
5106 5256
3627 2186
984 8937
2926 6994
6856 6288
1936 7278
3482 3732
7854 8303
7870 7718
9708 4284
1137 4863
2544 655
2921 5866
3134 6199
2671 7768
7045 5734
2055 1727
1339 9842
4818 9512
1520 1325
9028 1655
6447 4608
2746 131
7282 3213
3738 3744
1924 4892
414 9052
1102 3255
2991 1949
3680 9082
7841 4467
6479 2891
4962 2270
2580 8127
3870 5092
4984 9613
4826 2995
8878 4063
6252 2063
3149 7517
966 1328
1748 4731
2069 3415
23 7254
6356 5892
7365 1378
5695 7212
5666 3501
8973 466
7818 1145
1374 3097
5436 8981
2468 1327
8047 7415
3612 6325
5643 2632
2667 1705
202 3722
7960 5187
5960 3749
9600 2895
6109 9436
2703 4441
5763 4896
5219 5214
647 3615
9857 3923
2340 7810
3548 4295
3081 6835
9329 9307
5659 7025
4831 1517
1704 5870
5410 3369
617 7495
4644 9433
1087 8930
8696 2483
6044 6574
8704 5986
8988 7411
1127 6242
1461 5227
3989 8737
6781 385
8837 2793
2798 6200
6259 9526
5055 6003
6176 8350
9502 3155
8621 2868
1547 290
4104 6137
1545 7361
7884 6160
4086 9754
3414 151
6136 2842
3683 1469
6054 8611
9400 215
1068 6236
9134 513
8584 918
2031 9761
3702 4463
212 2410
9384 1116
1545 4311
9921 9154
2429 9982
140 4058
5388 7971
6064 151
1773 1729
8226 2736
1021 6582
3102 1809
7671 8844
2097 2403
471 3639
2601 2129
3896 9605
6453 4089
8026 4477
730 217
6604 2723
8240 9828
7538 8373
2519 2555
6513 8405
9169 3800
9785 9269
2322 1294
992 5975
3017 4664
1937 3041
6441 1333
9579 6359
3519 4719
1430 1688
7866 928
9921 9077
9131 8360
7591 5080
8002 6172
3240 4250
7999 8298
5400 2205
9718 6766
2735 7972
8718 233
1342 4051
1200 5991
9869 5331
6836 485
2679 2635
9518 9851
5562 9359
7604 3618
4195 5158
2849 5960
6653 9119
3661 3307
9381 5264
1764 8995
7074 6620
2424 2771
8921 4326
8966 9603
9294 7663
8371 8086
6900 9729
7037 6393
8230 9104
5397 5551
5604 7739
8413 74
9297 4202
5932 6264
7625 7476
7119 6446
8607 1749
4403 5586
4296 5778
4554 5348
732 6312
959 8539
6288 4152
7209 6580
8181 5760
7559 2070
851 6830
5360 2274
6580 138
9017 310
8588 6238
7312 7520
6896 941
5445 760
7867 4420
6962 2265
8198 9233
362 9868
9944 8632
2586 2499
8364 6606
476 7346
7555 1386
4530 2371
7277 8618
7271 6249
8450 2750
1508 8487
6914 4834
9630 8527
4594 2715
7576 8504
9823 8721
9928 9503
839 1367
1060 8640
2488 1540
805 8057
3676 116
3852 7873
4310 3122
210 6776
813 5610
2520 2211
8063 9337
8940 7121
2404 141
5429 1855
53 5149
8283 8643
7914 2107
3776 8694
9691 7902
2197 2125
668 3549
2578 69
8111 4772
1589 2890
9524 6536
6381 9511
2502 6827
9211 2875
8544 7304
6631 4889
2434 9326
4442 7270
6423 5701
7077 631
8206 7112
1973 8380
7859 2397
8680 1668
8700 9451
5590 8128
9214 6355
5546 6059
6518 2884
3211 3754
1049 4507
3287 5514
444 2401
7392 9551
1502 5854
3024 5388
6645 7632
5719 6595
7957 9457
3218 7232
4954 9379
4783 9961
9181 3470
2020 9573
4971 7152
3092 5871
8311 6668
8409 7559
2264 5213
8321 7166
8791 596
8896 5631
1916 6032
4462 1043
2230 3546
6974 4799
7955 6676
9310 918
7326 5107
2516 6231
1404 89
5689 1638
6727 9333
8933 5403
561 5775
252 7200
9543 8919
4033 2386
1430 2276
1189 1206
1671 8075
5264 3951
5724 1665
7683 3014
1418 1842
6319 6823
7039 6814
3696 2639
5467 5628
8452 5740
2192 3209
3076 2576
1040 8713
5243 224
3262 9382
5792 7474
83 991
2949 3870
6419 3997
933 1337
9874 3392
9865 4546
2757 463
9686 5340
3409 3908
6995 193
5092 568
6825 9485
1164 614
5230 8674
36 1570
1836 9627
3028 3815
8168 364
4510 765
360 2204
6313 6511
1916 4607
3750 5582
8739 4781
6755 8563
5083 6069
4355 7722
1008 433
6613 8968
704 8720
8736 6691
4543 1764
3508 5924
9111 8857
8565 6648
5893 4124
9882 3669
7038 6655
6118 8181
2053 2961
277 6380
4696 945
9061 5724
9975 8249
7282 5906
8437 234
8443 2728
1189 590
7100 522
9526 8232
7181 5213
6391 7307
6304 4893
7244 583
4906 1361
5944 6164
3114 5323
7473 6216
324 3862
3096 7299
3657 4360
4558 6809
4970 3537
9127 6109
1432 8770
8870 4922
1970 7574
1594 4294
5140 4763
251 1059
4481 8508
7634 653
4410 4491
5449 2773
6868 614
4983 5125
717 3473
3503 259
3505 549
946 5391
271 5255
2269 1462
7001 3441
6949 2356
8586 6838
7359 6974
1828 2857
415 554
8761 9795
8308 291
3618 9310
6363 3671
8696 9254
9630 6083
6415 6846
3565 8932
9456 1437
3979 6241
3202 7755
9463 6700
4056 9987
6754 9559
5786 9054
2990 7551
8098 6000
742 579
2924 7437
5729 9871
6286 1960
1070 2670
4123 4884
9365 9700
6037 6534
1541 4390
3826 3184
4225 1252
2146 7636
3282 3449
5541 9457
5136 4677
7043 2234
8557 9398
5658 5107
367 485
8862 1417
9954 3366
4949 2965
2819 6663
4457 8860
1931 5406
4450 9443
4515 5627
3324 9797
3428 5615
7602 4114
5604 4519
6484 6338
1747 9941
9035 1582
324 1994
3391 417
1410 8419
1469 1826
3136 9752
3414 9718
4731 9813
4802 8555
1551 3657
8867 4931
5870 4556
4826 3536
5159 4185
9921 9950
8780 2368
7251 9775
2701 7838
3323 2084
152 2576
3774 3386
1268 6316
2600 1113
4773 2563
2154 5609
5298 5352
5900 424
8264 4135
8430 6782
9663 9581
4459 6850
948 88
6747 7202
9741 4513
8280 9274
3948 6662
7384 828
9014 1578
7742 6710
1600 4597
7667 7259
1016 4489
1531 3470
6309 7293
6996 2727
5832 946
7472 7185
8107 5046
9445 7202
4421 2404
2261 4144
58 5126
9685 5069
2978 6283
9886 376
2596 7447
2564 7353
3847 8667
6524 4477
4216 4434
4726 7960
6362 6971
380 4000
9082 238
5238 4756
1470 2169
2648 9378
4923 5782
1010 3338
6632 1099
755 6730
9530 4794
243 3610
3395 8495
9507 1903
9743 9711
832 3365
5628 9162
7164 5112
5880 1093
884 284
9345 2802
1758 1884
1636 7520
874 7942
6887 2008
358 24
8905 3593
7726 7848
2555 4071
3493 9939
8869 70
5467 1232
2441 7010
3412 1104
8885 581
6625 3145
179 8660
8833 5055
1478 717
8546 5363
699 2213
4858 2838
264 4271
488 1821
5966 83
341 9804
9083 5215
9328 9684
7562 9977
9288 201
7727 3301
980 1348
8127 886
8575 4914
9964 9255
8030 1186
6092 9252
1974 9123
2503 8016
4974 9892
8898 4328
2175 1283
4396 3861
9018 1994
6126 414
859 1913
8776 2736
221 7674
6409 4556
9733 2923
3561 4791
2120 7363
398 8132
1006 2303
4409 8195
6580 775
5689 1545
1132 2438
6029 1306
8633 3583
7749 137
6088 7191
4800 9551
7873 2313
817 1653
8006 5732
1519 6027
7909 2826
9729 4681
8932 2634
1106 2205
818 5326
5007 6088
9503 7377
8242 459
1038 5141
8799 7950
6341 9815
2657 5852
5884 3237
9101 6389
8669 2186
1292 8594
6794 1074
1676 5453
6072 8441
5441 2780
1907 8499
4420 8746
3113 1
7534 3397
1922 3125
105 2851
3801 854
9866 8593
5805 5167
9066 8109
3797 7564
8949 4689
8887 2087
2580 1148
6065 4963
1354 2076
6551 6522
8453 1513
1626 909
5565 9867
8379 2309
9135 5458
9986 1395
8719 2395
9702 496
6584 8244
1806 995
4686 3467
5950 2910
3011 2087
2011 818
339 2817
8003 1304
8336 8789
4382 4699
6140 9074
3181 4223
5991 6572
2357 186
958 5752
4366 9630
7498 8399
3500 3014
2150 5618
4485 6909
8445 2872
6486 8029
3238 9339
8956 4264
6647 1576
3151 929
3050 624
6047 7986
6877 1971
1967 871
3122 5277
3326 7235
2958 5968
9356 5374
6526 8406
444 1539
9028 5785
2146 3499
1474 8414
927 8621
2451 5938
3042 5067
8379 645
8892 50
8966 7524
6561 5801
3236 9998
9468 3305
6500 4909
9522 6508
4937 7245
4998 2522
7999 2498
9568 8361
1022 60
417 9956
6447 9355
2882 9527
2333 1569
8451 215
3772 3227
5480 5344
4994 1456
1708 9001
4010 5155
3313 3486
7822 7531
3055 1530
8773 1176
8579 9501
9096 2664
5661 3189
2079 3243
1090 4731
2394 5601
9552 3272
5550 5258
2604 1368
9756 7766
8707 7316
8586 1376
6672 4186
3998 2569
207 8567
7847 3851
9926 9695
2015 5389
2266 7636
1098 6902
9654 9781
7504 6423
7451 324
2121 1112
2570 5291
6370 3372
5191 5955
2357 4638
2691 4661
824 2862
140 841
4650 5619
3893 7629
3263 1241
7119 1612
1353 8888
9648 3991
973 6926
6255 9078
8212 3809
5720 5858
7114 1054
9733 9925
1714 7250
3571 7750
9311 7646
9143 6344
330 5109
4652 3280
8715 8096
4258 16
1088 6147
6483 1109
3208 749
8679 2511
6191 3828
8227 8045
8682 5470
4055 2861
4847 9213
4310 376
9294 8168
8013 864
7948 180
3081 4378
1855 3668
9842 7688
4963 5174
9613 6294
7185 6927
8426 7673
1209 8009
9360 2722
1842 6832
5408 1557
5653 9766
9482 3307
465 7628
4479 2920
235 8030
837 2943
518 3453
9111 7757
7549 9241
9276 9650
1609 7445
7247 5177
4025 5386
435 2677
8925 4250
1014 8316
4325 3000
3750 9671
8693 98
7764 8989
3486 8553
726 686
283 3425
1489 1438
6739 5095
2784 1022
5049 469
1724 9284
9505 7748
2416 9822
2283 2481
4383 6960
2253 2184
1665 8998
9465 2848
4994 9004
8434 2047
8741 1147
4941 1660
6332 8358
1845 322
2896 8428
7671 2056
9115 305
2960 835
7397 9498
2455 3318
2040 9107
1475 3410
4365 3873
1425 5587
3717 7037
5170 5750
8661 122
214 2244
8224 4847
5332 847
8269 155
737 8533
9074 6610
8422 4366
8806 7464
7845 8910
6734 9183
8486 3083
2564 843
4816 8011
6761 3604
6684 8208
4870 6870
7080 807
6309 4677
6291 4266
3584 7188
8092 7264
2430 2681
9220 7915
940 9770
4472 6763
4361 6465
6472 9848
7191 7391
2465 5273
5475 9443
2677 2872
1249 462
7907 8392
2431 3519
3511 3103
2648 2029
3992 923
199 5310
4076 2306
7403 1055
2226 9610
7538 3872
9762 7383
3940 5509
7376 7604
306 3734
9731 8860
7019 5301
6935 177
9622 25
50 1798
4759 155
6485 9529
5240 1758
6261 6541
2970 5977
5811 2244
3474 4840
4086 3401
795 7654
1860 1629
8182 5130
977 7532
3825 3822
4859 7855
6736 8732
3856 5642
4936 4192
4211 616
3686 1756
3829 7487
830 8937
9079 1314
894 6404
9612 117
6694 5213
2637 8468
2684 6830
9095 8397
9809 593
4145 7096
4976 5401
5816 9002
4535 7679
7294 5363
8720 1679
8140 8976
6390 2669
445 901
6818 8411
621 1185
3331 6650
2445 5389
3813 6284
8773 6849
7367 5482
254 160
4521 4862
216 886
7700 4731
8613 1953
3440 3718
9870 7898
2072 6473
1248 2335
9388 2060
4444 5362
7278 3342
5106 2467
5038 1369
6101 9104
4 4076
2386 7898
1448 4535
9079 3035
2915 287
4061 1945
1809 9850
9634 6998
6328 7915
2039 901
457 1063
4475 3002
8936 2631
4957 8429
7329 7421
6307 367
4922 3089
6726 218
4578 8944
6668 4026
9468 3188
4190 9593
7701 1597
8907 7140
5960 4109
664 6032
577 8061
559 4620
7362 3554
8633 8764
1995 9842
3146 5217
400 2741
4363 9424
2079 4944
5272 5454
1072 7622
6529 2762
3780 5564
6457 3943
7628 601
5167 3050
3424 1307
7178 1127
2886 3626
1420 5444
4073 7600
3489 9303
2460 3475
6703 5514
358 59
7730 6038
3801 6059
2837 7606
58 5260
8406 9394
9325 671
1555 9153
8717 6308
9581 6224
3607 5891
9438 6726
5434 9955
7318 9101
7795 6866
7911 61
5521 4407
7561 8614
8760 1456
5780 4668
710 9784
4264 536
7115 6423
9997 4883
477 4038
6251 610
4591 7503
9210 3831
9469 9030
7943 5063
5615 8486
7868 3006
1645 2268
6128 9757
7843 5472
6210 9258
9776 2808
8367 9142
8449 8969
3149 2722
2657 8554
6441 3532
5718 2945
424 714
7842 9908
5346 8681
3243 1496
9935 3764
9547 3794
936 9080
6670 471
2425 5831
5999 8208
6672 6781
7656 8032
710 6899
2151 5534
1219 5847
768 9390
8487 4090
8448 224
3293 5337
4010 8431
2392 1386
6768 7821
8680 2322
4916 9120
4798 6235
9497 8806
3728 2865
1762 6039
4835 4463
243 1316
4842 6704
8754 697
3922 5608
5689 9418
6911 8294
993 7709
53 650
6887 4015
5821 4004
6457 5402
8029 4655
6513 5633
8053 2188
5795 8914
8535 2965
5701 6599
1385 3061
5857 5331
2245 7208
4763 1109
2855 2276
6355 2708
6429 387
2491 9902
4791 1705
130 3761
7948 5574
889 53
9443 3736
6201 6875
5074 8405
720 61
1870 403
3505 3022
1631 7007
2299 3396
9236 207
2946 614
2984 6020
8673 2785
7314 1545
6117 6252
9856 7005
5348 7197
3360 7394
7092 2222
5190 3233
7509 3978
6906 56
7193 8014
6474 7033
6400 435
4989 8517
9361 1973
4574 14
7708 1312
5989 4776
5165 5491
6922 8468
7047 6386
2251 1927
3630 617
21 8874
9507 2745
1548 2104
3977 852
1084 2744
5595 1899
7771 3688
2576 1923
3096 1798
5601 2256
7862 3696
9006 2739
1306 8932
2254 9017
5320 3360
538 7584
3011 7437
209 8456
2194 4662
1056 1858
6203 3005
2815 1017
3405 6281
4380 4154
3554 4336
343 5274
5681 9686
8191 5649
5066 8839
3227 360
7834 6271
1758 135
1919 4386
7948 4297
2984 4007
8266 2223
3047 129
4201 7982
39 182
1197 4749
9893 5103
7588 1353
5989 4126
1836 5453
8580 75
3541 2676
8261 34
2181 860
33 2980
7992 6097
9434 9719
6395 1399
9796 9552
1195 279
9656 7760
1921 5606
9799 5783
1041 6443
4234 3159
3541 7193
1758 8178
3553 7663
8010 6441
6875 3928
5305 2792
8120 9353
7673 8546
6911 9727
9768 6899
2475 2563
7992 4000
5609 3374
8679 7039
641 7471
9548 3501
9318 2486
9877 5948
4067 9512
2897 9174
5738 1196
6021 8904
1862 9262
749 5061
7270 6999
8770 6755
4306 6736
3238 8539
196 3416
9905 3601
8169 9948
8771 5345
7169 5593
2592 4970
2338 5615
9148 1999
559 9273
9913 2711
4755 2314
7969 1323
1044 1629
5770 7020
3415 8649
4567 1300
9673 6908
1374 3068
4688 6190
8893 1506
8952 5336
5915 9981
1661 8527
8925 3080
7370 6135
9607 2139
9688 635
5541 480
1792 6619
5685 7729
2301 7906
1470 4824
3159 1114
6453 8754
8064 2245
3787 6706
6145 2982
7692 411
2108 4723
3680 4795
4283 8609
3167 3687
7092 8516
8169 3572
3718 2478
4037 7893
6942 9348
7569 1528
3901 7196
1284 314
113 7631
637 301
2468 9108
8298 9983
9143 521
6807 7431
6816 1302
9682 5323
6976 7988
2291 723
5867 6616
4311 44
6260 4835
1654 4695
8056 3048
9535 7607
6032 8628
8490 6084
8315 5162
7305 4501
35 4104
5458 7504
6644 8947
1707 2803
6345 5193
278 1445
8461 773
3825 6270
670 2957
7313 5427
9461 3611
6992 9297
5557 3136
8940 5096
7383 1636
6470 7469
4720 8452
9057 6705
7829 7102
530 2949
1506 5054
8534 5882
20 6007
6542 4562
8317 2023
729 6800
986 3685
3380 1923
7253 8826
1299 8365
7292 2665
6553 4077
2912 3326
5830 4646
8018 6551
6454 7002
5679 7808
1944 8346
6377 6036
8668 4025
2534 8276
3757 7768
5642 1366
8681 4345
7370 8975
1660 2657
3281 8738
6121 8645
8788 6999
5685 7276
19 621
2816 2063
28 817
6080 8032
3892 9307
4163 4113
6741 8937
8579 9405
3649 8742
5741 3627
7927 1441
2343 4742
8393 1483
3642 2741
2349 8089
8369 7372
9501 3870
9568 1160
3412 7897
7076 4044
5029 3706
2167 320
3339 4682
5110 2130
2584 8745
5559 8380
193 5418
750 3438
5909 3466
9221 9964
7971 1729
7595 5108
1307 7475
197 8691
8755 8841
7790 7106
2776 7051
1640 4457
8110 5506
456 3874
4200 4729
6758 6549
7866 1686
1128 8839
9636 8005
7750 150
5351 78
8887 8701
7063 7662
6259 7371
7333 9523
1168 8073
5204 2768
6828 7051
557 8479
9015 1703
1618 5139
3455 2192
4651 5875
9109 6361
1861 9009
1757 8179
4714 8349
8273 2594
9648 9832
1027 4736
4463 7290
58 230
6290 392
5765 231
4091 5596
8765 9656
7516 3648
1093 8539
5316 613
8708 4676
6061 5751
7348 3938
2249 2780
6069 256
7248 1235
297 4325
9065 7041
6582 157
3907 6011
625 3076
9888 1089
7823 483
148 7053
8271 912
186 2054
3697 3244
1890 8534
3991 1048
8167 926
5778 7297
2712 1150
3368 9020
2679 10
7846 9966
9796 8059
7970 8788
9627 29
7340 6316
6135 9322
1802 7941
5005 4784
1101 3389
8245 2649
1904 4048
760 862
280 5420
4285 3637
6644 3429
5812 411
5052 1348
5692 6312
1450 7723
9153 3854
4790 1664
2657 4695
7522 3390
2485 7686
8268 2463
624 5725
4772 11
7756 5767
169 1387
3588 2695
6553 2157
7457 8062
1473 9800
2229 5707
3040 4811
6711 4708
544 4040
6943 6137
2145 5717
1057 8681
8528 3352
2230 6395
324 8418
9437 9814
4666 4064
7052 6746
2757 8177
2052 2542
8082 8360
5320 3871
3785 6234
9705 4868
1703 3320
5375 6702
637 955
8684 2424
1153 8090
9426 2972
4989 4237
2060 4457
1306 6032
6170 1150
3846 1913
7824 4912
841 6101
4094 2046
5541 7601
2404 9478
222 1662
4962 3186
7446 9209
9818 1185
551 9195
3720 6267
1491 119
7468 709
7150 9897
3735 5124
3254 594
2054 4538
7749 6312
2995 3470
1272 2072
3900 287
8959 8641
5818 9492
6757 5649
9558 8721
8755 8478
8283 3398
5984 4210
2626 3888
9915 9716
9146 5782
1471 882
2964 6901
7921 4369
7426 6500
9579 4621
6149 2023
1528 384
7902 3536
3349 2312
7685 3605
5079 1715
489 5034
6518 1570
8071 8312
7948 1243
7721 2511
4045 2662
1378 841
8419 8482
7894 6351
7150 2414
1741 3957
7463 3238
4995 2943
4700 3563
2027 232
2110 5776
5961 6346
4424 4657
892 775
3151 5597
9773 9654
633 9943
6424 3238
8422 7372
1172 222
1120 8066
6189 9095
7001 5798
4147 6235
5684 8074
2889 3457
4588 9469
8290 6948
1773 2478
2642 9519
3840 7463
513 1437
4187 2637
8083 7842
3715 2892
5894 6731
7811 6044
8228 6208
4570 952
7028 4768
967 4267
5535 2467
8394 4679
1316 8420
8391 8371
3300 3076
63 116
2779 6758
6078 168
1981 7197
1065 6337
5029 1229
8411 3822
6954 3103
5462 4709
8354 2517
7591 4733
4291 8245
9939 2918
2588 7861
9904 8152
691 7161
348 4187
2211 3944
3129 1576
1275 6658
3528 9304
8095 4398
4113 2654
8569 3561
480 1866
4260 3548
4473 4598
3432 2275
1921 2063
9480 1249
6032 7976
2042 8899
5051 6875
4526 2152
5929 6003
2686 9505
550 8358
5849 4686
3254 9750
9620 6473
5179 187
5686 2829
9634 6715
2025 4796
276 7530
7730 5454
1607 6103
1158 9574
5903 2675
8519 6508
9023 4927
3912 7347
6679 6160
9145 8571
7784 2939
3929 3623
4611 5581
8899 6918
2136 2348
5857 6372
3473 9318
96 6554
8172 9737
7485 5016
291 4180
9336 6324
5073 7063
7916 2251
8011 9584
6756 365
4484 8593
1685 1346
3811 4956
3656 4440
8453 505
7018 4801
9947 6424
275 1753
5923 5051
2467 315
1115 891
8457 8812
5683 6077
8179 1471
6768 1320
6239 3990
6306 3122
7220 2844
1156 1834
6092 1071
124 3763
8672 9264
7949 8442
6540 4340
421 567
269 7190
4116 7678
8065 6593
7895 7078
559 6603
6753 710
262 3639
350 3502
9375 7860
293 6279
1403 2947
4434 3840
3543 595
718 8391
9713 5404
9250 6939
9042 4512
7280 9315
9107 580
5240 6715
3936 712
5395 8440
6289 1266
9558 5439
3304 2717
2551 2246
2116 6292
4870 7964
5587 2525
6996 3386
2548 1784
8500 3048
8031 6962
5890 1488
9710 3255
171 1105
5808 5617
3272 9358
4794 3161
7234 427
686 5969
9071 575
7633 7611
1538 9694
7083 644
592 3099
7010 5691
3545 5662
4568 9499
4305 8950
9735 2407
1823 7148
3570 5922
9746 4230
9956 8166
9630 315
7119 8108
7159 1289
6925 7171
3811 9396
3011 8710
8690 9620
5367 2737
1529 9928
2438 4373
1563 7266
8263 709
7136 2477
2212 4133
6777 2830
6035 7274
362 2370
8887 1564
5398 5558
4300 9497
856 5931
3527 162
9244 1720
7352 3408
3890 8808
6908 9767
1233 5563
595 2899
8619 5421
902 9021
8321 7372
3077 1010
4406 8770
1417 3743
7201 5182
9596 1649
5548 6925
2981 9981
5511 3327
3395 5278
2651 2899
160 5939
7760 4093
6424 31
2966 835
5929 783
9461 9726
695 8722
633 7211
4538 3264
6897 7888
4577 6037
5074 8636
64 2240
5028 8712
3919 1444
2352 7356
2492 9228
6822 4998
1197 129
3778 344
7690 2434
1324 9615
7763 6800
1415 5571
9551 8311
1633 1564
5074 8677
7019 5502
5978 180
7243 4193
6476 1871
4554 1309
824 6073
6211 7125
2102 4807
3457 1674
12 2676
2477 6317
4131 2306
916 1621
7852 293
648 2440
7936 5464
4639 4731
7869 6095
9619 4786
4273 3072
6239 5475
3226 3840
2760 9822
9650 6757
8786 9983
6512 2477
9061 1232
1007 3425
7726 9142
3867 4370
2190 8456
9816 3901
9523 4534
8370 8027
4726 5826
4788 4302
6525 6672
736 1893
7427 2378
5410 3084
4475 9016
3872 7460
4778 6437
839 5376
1710 2076
9040 8808
2582 2174
2492 8409
8532 7994
7713 9136
1178 8405
6212 499
7794 6575
2956 8180
2286 4743
6437 6503
4659 3886
3136 1463
6688 7265
6112 6088
3002 7208
9794 4153
1358 9141
4797 6193
6867 631
1790 2681
7976 2272
6619 4969
5006 9733
5242 7652
2582 5034
3742 4914
4344 8537
9099 2534
9350 8072
9032 558
3915 3153
363 9872
6611 1808
3845 1669
1523 2423
9249 6174
2359 9920
5841 1383
8791 3204
8864 3637
6245 1662
3279 9347
930 5368
4102 67
1848 9534
431 4538
9550 256
8550 299
3824 2961
3243 9916
3239 2455
3461 6471
7745 7409
6555 2428
9379 4765
9070 5353
3775 3284
644 8274
1713 3793
2256 275
1177 3768
9724 7354
5470 7546
6334 8110
9690 2657
6434 9520
397 8067
8212 9755
1788 5238
4413 7549
207 4702
6385 1680
120 7457
5199 9823
3000 4543
7268 7
2246 1778
6186 5687
7836 6663
2080 6956
4317 8322
5837 1702
2878 6168
2204 8095
3544 3812
2617 8144
4354 9816
4994 1811
9653 8472
2382 8458
6027 7861
9728 7630
849 7344
7626 2770
6561 1685
396 5573
9522 4167
4415 3511
6604 8913
9632 5900
7450 6629
6104 8656
1826 6712
5682 4917
7744 2772
7577 7808
7911 4480
8675 3703
623 3560
6596 2298
4689 5457
973 8493
2960 1504
770 2620
1754 2299
3590 3782
6949 4596
855 2904
8360 5733
2180 6543
9060 4027
7373 9683
2473 7940
5091 1317
5155 6499
1584 860
8390 9581
9155 1599
906 3875
8014 6412
8091 6255
6194 1789
3314 4577
4505 6551
7058 4234
4113 3475
1040 7908
1606 6401
9629 3690
4516 1307
165 5939
4035 5088
4891 6981
4600 1540
902 9890
1218 158
1384 4700
7427 5857
3336 2877
9966 702
8392 807
8258 8957
4609 9644
5785 580
8141 795
8887 8945
9950 4042
8456 9096
2173 4319
3592 3588
8093 2723
6165 329
1567 9723
5393 5823
5780 553
6179 6010
3347 8187
5550 5567
8647 8856
311 6909
547 9120
3737 6472
7820 9627
3376 8107
2983 4998
8949 1921
4375 2205
9432 5482
3017 7305
9953 1975
6909 220
2239 3584
4950 7514
713 3574
2561 7864
852 304
7080 5018
4859 4741
704 4922
9024 4183
6082 4208
8079 23
5626 7129
6928 7684
4904 3424
2264 9236
1885 8356
2484 8070
6409 2581
2452 3272
5210 1885
6782 2160
975 7109
6120 1151
5080 6708
1822 1845
7904 5795
508 4079
723 9202
1654 5323
61 1696
6186 5045
6287 2453
8998 3039
5659 2997
8461 2934
538 6755
387 1662
9002 5632
7944 4840
8019 1605
8604 8558
9415 2168
1321 8290
1851 4592
8556 5386
4437 1832
4437 2206
634 5465
8525 3041
5487 4037
6699 6217
1310 6583
8599 6250
501 7939
6134 7270
2647 9071
2562 1009
353 9733
1692 676
8636 9281
3938 6965
4490 4242
4232 2045
991 4165
4125 7132
5605 8661
6122 1045
807 6699
6338 4235
5293 2629
910 1730
3749 2780
392 5325
1655 8369
8109 3297
8970 6961
6672 1329
2401 9970
9950 2204
5701 668
6485 8798
6369 2064
7498 630
1102 140
7258 5615
2728 634
9508 4305
138 22
3985 2650
6741 1636
693 9129
7942 1082
6338 1765
1528 5623
6646 7807
8579 6259
3353 9710
4570 3070
864 7096
7045 320
3222 5010
761 9964
8892 3780
4589 3231
5196 3173
381 3274
368 682
4290 4852
9974 8458
278 769
225 6954
1204 2108
5833 803
1799 1976
1223 1322
2989 8161
2246 6687
6439 6175
6439 6091
5458 620
2425 7712
751 429
786 2483
5321 7465
9478 1793
9991 9815
4651 8434
2083 123
5027 3631
311 2059
3397 9186
9710 6033
6908 7236
150 4320
764 2525
5570 815
7831 3384
4236 67
3880 4398
5289 5107
5276 5481
5886 6089
6950 6531
6786 5754
420 4559
7047 8085
8753 4799
8824 2706
5168 1363
9799 4055
9596 7512
4254 2465
2582 6715
3252 8242
32 4395
6509 2773
7113 3515
160 2065
6759 1777
3171 1506
2526 6023
9879 7645
9806 6379
1458 2716
9665 2423
1437 2970
557 4454
8321 1702
1636 9064
9503 4275
3928 640
7332 2813
4253 8681
2099 7686
3322 6532
3041 6754
4805 6226
8257 6055
6682 1188
7335 7385
838 1628
8962 3280
4153 5749
4965 5925
1776 1250
9166 9014
7447 6353
3312 4472
7091 5356
4001 2165
8159 7202
9119 2709
9678 6916
4902 1880
3202 5145
5462 7196
2596 778
6107 607
2795 8236
6410 5116
6610 8273
8306 8843
3519 1406
5097 5922
5264 8881
6320 2879
5944 4175
171 3458
2573 5581
2021 8375
2355 6456
5598 5047
8071 8477
5095 6791
2437 4105
671 395
9547 9970
5585 7919
1934 991
338 9288
27 1204
4970 4945
991 2249
3628 4375
5179 2311
9541 9371
6145 7277
7955 4465
4256 795
3415 1271
3201 3570
3910 2740
7355 6890
8606 1754
922 2555
6484 2895
5019 2424
2390 1176
5627 104
6806 9496
8992 9693
6427 5005
2416 2436
7083 6983
1543 9642
356 423
6357 5020
6820 4339
3830 9942
2881 662
6304 3824
9600 1009
4303 9038
7530 3447
5663 9744
2517 6845
8394 643
399 2020
7178 3604
6989 6384
9777 8271
3997 1971
2565 9112
1198 9882
347 3053
8369 9643
4905 1355
4364 7126
5864 103
2571 6351
2023 6542
1813 1448
7025 1102
5447 9029
2844 8711
1117 3611
3471 3765
3515 2680
1351 3898
3073 6182
3301 6204
7678 5481
2094 9216
9102 8371
2488 6863
6944 3435
3079 4500
4928 7861
2176 2927
9023 3706
3104 7949
4523 5809
9217 2883
7062 9349
5122 3264
3467 5564
802 8265
549 2714
5152 136
2785 6502
3409 9614
7017 7690
6902 1324
957 1477
6438 2222
6929 7850
660 3836
8645 7044
9210 7705
2594 1738
2989 9943
341 2426
3522 570
2354 6732
473 7889
2689 9836
8265 595
7383 5477
9093 827
3816 9874
1132 2524
7309 772
3073 7636
401 760
9068 1565
1645 8129
7520 4882
7664 3528
5255 9624
5780 6141
9411 3372
8167 8420
3068 6723
174 5906
742 7635
164 7016
1052 7642
5720 8165
7581 8759
215 2109
2537 3104
6286 9090
544 7737
5764 10
7205 3557
3759 2535
8298 9758
2471 5040
1707 8764
6437 4954
1883 31
4275 1428
73 1364
2501 9873
2231 9674
6388 5440
8901 8644
6829 3291
571 7226
6731 862
7444 1033
5693 3606
3231 731
4235 5754
6160 6159
181 9661
4579 2189
6079 7779
2742 5693
2818 7894
2961 686
4438 2077
2929 8694
7490 4578
6218 6925
2305 169
921 124
4368 6519
4573 1945
1859 8138
1756 8817
6592 980
9443 1221
948 7753
2083 4401
3918 4196
7730 6148
2805 6626
2892 4901
2100 8308
4032 4408
4960 1537
2133 781
8438 6798
4276 8560
3827 979
5181 6783
6578 201
3730 4132
2415 3703
5046 9305
186 2498
6717 4545
2740 1281
9812 766
9610 7175
2112 993
3666 1140
481 3861
1637 3943
7134 6769
7576 1535
7943 9651
6220 6223
5216 5455
8701 2919
9434 8226
4232 104
8840 1822
3757 553
794 3512
8209 9486
1771 7118
540 8780
5198 6328
702 5019
6743 1274
6099 7998
5701 6381
7175 3724
6643 9217
4553 544
5899 4437
5567 7941
2938 3166
3027 9810
3090 9573
1462 2606
3816 1839
3698 4451
5322 3032
194 9397
3540 6592
5307 3422
7229 4577
4139 9663
2975 4191
7057 446
9645 5213
897 2722
9377 4428
5465 8947
1951 8586
3030 7309
5842 8100
969 7069
9638 6368
1522 8015
4372 6194
7334 8048
2301 4035
6640 3195
9926 487
8299 1296
8379 2388
3576 3327
6175 6581
2031 1260
3665 1251
8025 5904
5342 9984
4127 5611
3907 9636
7414 4061
5917 5076
4398 3751
6199 8401
1867 5643
6806 6053
5249 5756
1409 7066
6354 2984
9233 353
7691 2479
1883 5080
4163 3630
5933 6074
6431 8653
730 5415
8689 6363
3542 2233
5407 5898
8199 5539
3269 8006
5118 3253
2562 5253
651 8241
4619 2162
9774 249
3350 7805
1970 3034
1468 6159
3701 2689
2702 2405
1742 1740
600 9062
8490 8882
8385 7978
3568 6740
3637 9232
3104 8589
2805 7027
3219 3296
9155 8480
5402 6399
733 9631
6801 467
3075 2637
3281 5861
8756 2115
5825 3258
4185 3022
5077 9356
7816 2866
8915 5446
6156 5813
2538 3106
6553 6202
4232 8267
9137 3287
9520 9389
3878 703
3863 819
8476 5008
3039 5935
791 1660
4464 2535
8311 663
5705 777
3904 2125
7323 6415
9986 7637
9595 4352
7448 91
7368 220
3622 276
2526 1253
2399 675
3940 352
6659 2085
7652 6519
6804 8538
6305 6548
2972 1772
5805 5932
1586 6316
5391 7327
6506 9865
8152 9832
3688 5482
2585 6462
2636 5401
7096 5898
8067 6038
1807 6392
1766 6018
7977 9044
4566 8558
7149 450
5593 6180
3644 3210
860 8913
6249 7817
5502 8802
3947 505
5151 4520
5075 1007
2344 8182
6098 4631
5386 2238
8860 3616
788 4636
1271 8907
1155 1095
4134 8075
9104 4070
8810 521
3532 7852
785 9237
2492 2736
7402 6383
7922 3053
9484 9060
8146 8290
890 1039
40 8847
3359 3717
4367 8147
5224 9665
6350 2721
9650 9817
8716 3900
5452 9019
9676 6963
1147 2614
534 8668
2237 4752
9419 243
2551 8327
4736 5832
2663 8180
2789 8994
2184 325
5251 2726
3093 4741
1193 5582
5433 4521
1374 8867
4534 6543
1814 6357
4373 4039
4088 7873
5761 5608
6380 9702
211 3939
7207 4539
6512 5117
9648 7526
1306 7994
3426 5578
1673 5093
3361 2629
393 2164
2048 8028
3319 3796
4717 8619
1012 2577
601 9112
1821 1753
8909 8882
9305 6097
5364 4552
698 7416
1173 8980
7849 73
1490 155
2066 2641
2088 2972
2528 7853
4820 8498
6101 7556
4805 8706
7852 2144
2732 6978
6073 1964
4007 3923
838 7794
9078 227
6586 9506
8244 8457
2732 1772
7317 115
6865 9511
7395 6156
8770 2835
341 2241
3095 3147
1739 2822
5945 3247
2694 199
6152 7220
9056 5264
4816 1139
7776 5919
5738 8814
9570 6345
2258 425
1236 5604
2364 1895
2930 5230
8447 4311
7541 7893
9893 8365
9979 2602
4999 7741
2318 6071
2069 4350
5447 1995
4770 3790
5049 9226
4005 9708
7356 3811
855 2350
8921 3669
2202 6500
7701 5344
1855 2560
4977 4643
6005 3636
6382 8674
3454 5893
6425 6249
3397 5744
4295 3923
6298 9739
3819 8206
3294 741
19 278
7467 8822
2011 2922
6207 6707
1879 5743
5189 9403
8968 315
4636 6571
9991 9779
3235 8214
44 3905
3009 9983
3091 3026
9158 1931
2735 3495
7366 5208
1380 1964
1441 829
2915 7375
490 5467
7047 5464
7000 1901
9898 2408
3077 6067
1695 4634
4188 421
3358 6502
3746 6797
7329 7852
7779 3190
9747 2465
3385 4284
5754 4659
7124 22
3979 3659
2736 6927
8618 1738
8124 4392
926 1728
1031 4018
2011 4553
7376 397
7020 117
7679 7186
1367 5991
2104 1991
1408 6246
4860 4072
2173 1894
9191 8306
4410 2526
8341 1318
5672 8322
7222 7798
8568 4484
8650 5534
2697 305
5342 9044
2912 3544
40 7630
7232 2665
4146 3666
4543 4480
9232 2681
9794 1931
8423 4602
1935 8605
7086 6867
8309 3288
6578 5468
2937 9643
909 6996
5942 9021
9535 3628
2279 8836
9769 8016
549 9452
1037 8624
2682 9000
8066 5517
1108 5493
8035 4833
7110 6783
6510 3641
3924 6894
4628 7210
3637 8623
7828 4121
1113 3864
1498 7926
3910 8032
8635 4233
6768 1397
4096 6897
1433 5944
8489 9234
8215 9098
4710 9074
7382 4743
3074 1002
2407 4252
8354 4884
3333 2168
5587 4951
3622 9007
8491 5087
4926 6073
7276 1569
2125 5921
6032 5679
9294 3674
5560 1457
6119 8621
3398 3776
1828 2682
4155 3940
7273 1394
5280 6828
9390 5288
1406 5836
6632 7003
1707 1689
7361 2995
7812 5357
9354 6267
6253 5123
9497 2299
9954 2192
9810 3026
679 3582
8930 719
3228 5230
2461 4452
5819 2273
6136 4495
2696 7217
1482 3909
8938 4587
9094 5906
7620 7369
4810 7113
1269 7838
1798 1976
942 8285
2085 8742
4925 5703
4878 2835
1679 4792
9718 6887
917 146
6679 3678
2784 5335
3165 7255
9565 405
1326 7078
9347 4162
7458 3175
3540 7675
6028 9053
7101 4630
2661 8581
6546 8156
7066 6713
9934 4987
7003 8311
9238 7430
9275 7182
3396 5375
6707 1685
5392 1715
8964 7511
3465 8206
28 6525
2041 5828
7786 2353
2216 43
2879 6533
7897 8799
2681 7148
229 1379
1448 5289
4875 5351
2767 1395
1026 4438
8178 7913
6339 6636
7231 2797
4523 4263
3403 804
5373 4702
1180 685
5654 8133
5145 3830
3288 5286
9162 7410
5442 7344
8202 1244
5548 9802
7674 2851
5470 8282
3892 5435
7472 3809
6262 264
2636 261
685 172
7172 8304
9444 5704
3696 2918
5804 7984
9028 5641
8892 7282
8649 910
4624 8919
3258 4603
2231 9133
8349 2362
790 2009
46 2705
1987 1212
1362 5455
1442 6982
520 2853
1222 5035
1406 4894
7589 3946
198 6141
4410 3396
1123 1879
6296 6372
8332 8645
1142 7330
6117 8985
4610 2562
8480 961
4358 359
5294 936
7651 8876
2111 9563
8568 5933
7321 1797
5332 7415
4036 8921
3980 431
9255 2884
4337 7553
8198 7257
3528 7185
5984 7759
2355 1026
9359 2732
6424 1011
9000 2747
3841 6132
1185 4583
8103 5434
2196 6468
4539 1401
7512 2153
2273 921
4023 9147
2460 9561
701 7521
5553 4308
2165 1601
1608 8549
2974 8394
7959 6504
9592 2049
5786 8449
34 8270
682 114
9870 8891
9836 9048
5398 4938
3857 5086
8978 1678
3219 2531
1378 6809
9877 7851
9316 6275
2217 8227
8596 5813
1725 4869
3750 147
5315 201
2933 3301
5210 5070
70 5055
2294 530
8639 5880
6262 1011
7798 1488
5422 6097
3858 1484
6169 723
1246 8181
884 9750
9139 2484
626 5336
2401 7391
9998 8470
245 8704
4142 375
4403 2868
1076 2774
6584 6066
1301 7645
1072 2851
1417 3078
8875 7842
9583 6145
2732 8852
4769 9204
4610 1939
7671 2595
1249 9424
5983 6394
2903 8402
3701 2989
7245 6718
5538 2118
6196 9507
5300 5299
7992 2025
9572 9751
6908 1664
6029 4349
1786 7408
4812 2301
1577 857
6905 5080
714 7911
4411 4720
3950 6565
9022 2140
2356 261
4319 5586
7598 5571
6033 3346
4201 5225
8056 2923
4933 8954
720 4218
2213 1358
9259 2412
3757 7064
6211 7788
8094 1035
1978 1012
8031 9360
6580 3880
7602 9683
4929 272
9491 7239
1347 8065
2340 6977
3406 6086
5176 9284
8136 452
910 8356
3466 2844
6949 713
5187 8001
9214 8446
9631 8123
5428 5202
9111 1147
9818 3949
435 1894
7308 930
7147 2326
309 2889
4811 4911
2773 6803
4968 2400
7623 8396
2700 4915
623 6286
8245 6467
8941 2788
7130 3361
3421 9167
5899 7305
4036 5923
5448 8147
6704 9584
54 9577
8909 4084
6619 1351
3812 7964
884 5001
974 5090
8694 5902
5772 3757
7561 9366
7608 793
3203 4705
2113 7474
3658 3321
7644 1940
7672 1090
2961 3927
3448 5151
9220 9595
2107 9754
4135 8265
8607 259
2788 4078
2078 5907
3349 8697
5611 344
3035 2021
8484 8855
3104 5413
3122 2876
5073 2283
4308 7795
7000 5570
4190 2795
5147 2087
1474 3726
8104 917
4804 2916
945 5239
2997 209
9599 132
4583 9675
5258 4641
1475 8672
2577 9757
5616 3560
110 2783
783 2747
9657 7794
3503 6472
1179 3999
8953 7670
6799 9599
2945 5125
1201 7610
4067 3148
2181 89
1655 3840
7474 6689
4060 1071
6155 5605
4615 9741
6645 5159
7672 2299
9231 2535
963 7622
9251 2916
191 8747
1568 8635
3391 5511
2272 5809
1841 9047
8272 4222
8376 7815
6611 500
865 5416
4602 1072
5613 5362
5478 379
3862 7671
4414 8356
8691 4811
1294 7946
3831 5353
4066 9479
9677 6475
5762 989
4131 9624
5909 3666
3454 9824
9699 2792
2562 7084
2554 7636
8352 7562
8170 3916
3976 9420
4991 782
5659 3590
2832 4002
8966 2293
9231 6275
5915 9273
9161 9486
6318 6173
1618 3267
4927 4859
7986 147
1911 17
950 5021
2572 6745
9708 6065
1105 2136
4458 5791
1899 2129
3440 970
2649 7908
6190 1830
3268 267
3531 4254
3102 3815
8654 8005
4480 4953
190 6068
8203 1193
8170 9870
5010 5216
2063 1756
8763 4503
8523 4549
1205 8549
9599 9749
9856 5304
618 3206
9824 2942
7045 3175
90 6998
8518 7648
5199 6497
8948 9778
9795 5766
6713 6092
2297 3685
5744 5926
36 3532
188 6944
3277 8210
3492 6254
5096 8686
1296 2049
5408 3213
4152 5105
8222 2816
9093 5511
1444 8657
8982 2106
6086 6443
566 8238
6707 3225
8881 9709
4567 117
1295 5661
3412 6127
7329 104
4715 8362
521 9061
5362 5096
8852 2523
8640 7299
7951 5584
2508 7563
7939 2452
6634 6083
9826 4383
7720 9678
2178 5881
9753 2180
647 8295
3189 6619
4632 76
8129 2005
3087 3083
2837 6879
8540 7572
4582 4492
7707 3081
6727 76
9467 5800
5738 3403
9546 4929
1355 9664
5955 8
5687 4145
9985 6460
4122 7341
8149 943
3149 8878
5090 5133
863 7931
1546 6475
1015 487
3652 7222
2652 9466
884 671
4505 1088
4747 9185
1256 85
7155 2869
2903 2456
1644 5273
1313 8930
5877 3316
1596 6864
8457 6409
9054 6867
676 972
8573 1050
8468 4029
6315 5644
4877 2950
2694 5493
2127 8834
2722 6019
4832 7338
1928 26
6447 4875
6421 4011
7777 1585
3549 9969
5255 4203
1570 5446
4002 7096
5822 5202
1812 80
4205 5539
3889 6325
9137 3338
6813 4922
6448 2856
5104 8583
7861 6068
3757 4971
3934 364
175 115
6143 3088
4273 9710
2876 6059
6481 3377
3931 9526
2980 517
7641 7051
3630 5910
3987 2321
5416 5491
9189 9062
1517 4115
6037 9757
574 7987
5337 9034
2470 1740
2446 5171
4098 4428
3406 8944
9277 2155
2280 2388
6646 7991
2639 4885
2872 5656
5634 6487
2036 6874
6573 4717
8632 2613
8571 1707
56 9191
8810 7867
8692 5800
8629 1835
1246 8883
1573 5281
9875 8567
692 6734
3290 5832
1720 3779
9968 6734
1100 5551
8939 3325
2693 1302
9870 2270
5233 2020
7951 4917
4378 1980
9002 3367
7702 1881
4072 184
9960 6
104 2556
9511 7366
335 4119
8820 5459
8837 9124
6930 5042
3607 2288
1354 987
6820 5710
2140 3026
6502 9377
6492 7212
5171 3135
4623 8318
1698 5875
2487 3578
8851 1312
4904 3555
2178 4973
4541 9821
2182 4129
9510 6170
5514 6784
286 823
583 2988
4411 2313
5792 6904
748 1854
52 8630
7471 5422
488 6697
9032 125
6286 4793
2967 3268
3836 1613
5127 2532
4208 1790
8388 5061
4973 4894
8789 6611
6415 483
4473 2108
400 830
9109 725
9542 7565
4472 5065
9354 4832
4820 8198
3993 489
1794 2170
9147 4456
553 3851
256 1372
33 2882
6788 7708
1290 5397
1905 1823
691 8998
4428 1822
5166 7775
6698 2812
2997 3971
3167 3754
6553 7359
5962 4534
7773 3170
4933 321
5811 9281
7319 6672
5827 3216
4063 710
7200 7275
4029 9995
2979 2109
3413 9802
9573 7999
9414 9608
766 7167
2744 2543
7449 7198
8736 5377
1658 802
3316 8813
5527 9865
7172 2554
5748 990
9705 7659
9345 6332
9101 3955
1490 5008
7274 4534
9356 6367
5900 4445
8525 6574
63 6991
5646 7957
786 93
2235 6103
1014 1063
6222 5919
2230 3639
1141 415
4435 5871
8255 7447
7722 6745
7453 7701
5429 7411
4826 7668
1906 7347
4153 2992
5620 5986
5167 6674
4705 3617
2314 7068
8025 5208
7839 1726
9311 387
4302 3966
1026 3314
5723 4019
115 3786
4280 3283
8681 9208
3963 1818
1651 2824
4633 449
2469 1818
8993 5759
9370 2153
2886 2454
3961 3356
9064 1745
9792 8163
5342 5942
519 7690
9257 1574
1857 2499
250 4896
4962 3635
4700 5535
4565 6828
512 5686
1996 6211
5942 1471
8499 8570
4774 6639
3644 6880
8953 410
1161 8161
1452 1479
300 6351
577 1057
2657 853
5346 3353
7780 1944
4947 374
7915 5557
6710 141
9635 2909
7351 8395
3656 8641
7031 9381
3515 8732
604 4503
3015 9011
2260 4255
92 8644
8887 2366
97 6705
3126 6115
9759 4497
1376 5076
9388 7037
7339 196
7551 4399
4574 6650
8459 2760
9535 6890
623 9956
8079 5516
5253 8068
7342 6395
495 8021
3158 8085
805 4498
2086 4746
4581 527
9754 4712
7024 9145
8687 6894
5223 141
567 9395
9416 4708
2480 305
7278 5622
5873 1652
7449 1197
4671 7442
4225 3777
6876 5841
1706 2967
9558 3380
5406 5612
2534 1492
8623 9781
9200 782
4942 7172
5127 6893
9617 3943
7625 201
4872 4823
5528 6013
1658 4366
4031 1589
5275 1285
6594 9818
3781 3599
6681 7704
1395 6316
4704 3943
3920 6084
2906 5619
2069 2512
7949 3384
9366 701
8039 5882
8729 5757
2958 2465
5229 7735
3627 770
2248 3933
9651 4552
8532 9473
7713 8725
5074 8443
6099 6033
4711 1578
9744 2682
7091 674
6854 3209
9223 6295
1256 6542
8412 5459
4829 5207
7021 584
1910 3462
8208 1005
5245 3900
2520 6547
9842 7357
600 4699
8020 5022
2646 472
7340 8855
4037 8266
7631 3932
8214 7411
9427 2859
9217 1075
13 6053
9413 632
7737 8124
3432 2934
3050 4113
2206 7187
7574 7993
9329 6548
4718 3194
7860 3398
7331 6353
6910 3450
6600 8872
531 5335
8176 2460
1261 5146
9961 2425
8285 8345
8533 6163
8215 9523
6495 2426
5776 6944
4686 9079
9396 9201
6237 3171
2692 2332
1421 1792
4916 3311
1646 967
7283 4558
4803 9940
600 6044
4738 9582
7986 9731
3001 9956
7011 5267
1979 4285
1770 5944
9958 4316
6 3786
372 2923
3096 9765
9113 7843
2266 4868
6457 2351
1374 7805
2728 4006
7882 429
4596 7410
6556 4204
8 1917
5281 4623
346 819
2191 8401
7080 7686
8581 5935
7271 7623
7308 1974
7514 1414
9688 1297
5295 2580
702 1597
5615 4300
9396 5404
239 4270
4055 313
7664 5815
5298 4365
9564 8519
9239 3643
6917 3749
37 7039
9277 5966
5368 1135
1903 8994
5991 6809
2268 3494
9407 7354
6093 7441
3996 2657
6940 9411
8967 6446
1730 4701
5861 9589
829 2755
1092 481
3938 8269
5645 1060
2066 7330
8640 2153
1616 3973
9316 7710
6417 7141
8887 5152
6325 1491
6470 9221
4767 9782
7528 3271
5770 2340
6038 5243
7559 6407
1635 8261
7771 5388
372 5379
8946 9496
9903 7725
8457 4512
4406 3926
9996 6426
6966 8078
4773 1618
1482 1393
6952 5585
4009 2684
7867 533
4542 6140
7699 941
6135 516
1795 1107
1289 5205
9778 4239
627 6758
1471 2339
4312 8760
6777 9532
1418 9893
429 8688
7730 5828
91 763
2970 1029
1523 8873
7382 6200
26 2585
7166 9448
2835 3407
7995 7958
1309 359
8610 2892
836 3934
9625 2380
3504 8615
5211 7170
6814 8276
4449 956
2990 1598
2936 543
2283 6358
2069 6891
7035 6177
2111 8465
6165 5551
1776 4593
657 291
8817 8858
5336 6138
2986 374
3847 5267
1116 9169
9654 2762
2026 604
9265 3128
5012 917
5881 1661
8991 8775
8508 6352
6261 8278
8845 7434
5818 6756
5136 6645
1037 8312
4168 8341
2572 6049
5190 7740
1563 9379
3488 8912
599 5673
5459 1476
4935 3068
9150 2638
5526 1949
6477 2548
1799 7415
5810 8917
6584 5603
3094 2948
8849 9480
5634 5867
4083 3938
7486 5367
2097 6562
7614 8081
6626 2627
645 557
360 4334
2015 2322
9631 9754
3978 2748
9976 7955
6807 9040
1404 6491
2848 9957
2355 4059
9536 6966
2212 1271
1860 5910
6796 8053
280 776
82 9760
9764 9855
944 1147
4615 268
6384 8703
9579 3633
8337 3702
4340 3106
4 7712
6561 1194
298 8357
1258 6548
6774 7026
9847 9809
183 5341
8752 3547
5296 1612
3682 3133
4459 5034
7960 3455
3900 5071
7411 2452
7245 9606
6589 3443
6899 1863
6902 8393
8404 2111
9792 7249
9747 7705
3901 3955
6522 1671
1055 3087
4592 6087
3759 267
457 8480
4786 819
500 7195
5948 6636
2111 1587
4637 2190
610 1867
697 8804
5594 3213
7007 5193
7138 2082
7994 8597
7815 7301
1813 7094
3659 141
2370 3968
643 962
7317 3047
33 2105
8723 9097
4341 5167
1484 7186
2617 2438
321 4302
5464 5995
8355 4152
3390 5063
4622 4221
5801 8345
9079 507
9194 4596
8455 5780
3564 3274
5898 3002
5097 4007
6757 9468
8272 4532
8880 8946
6956 8896
431 8802
2944 9035
7532 377
6960 7256
388 3475
3881 8600
4452 9747
8367 2959
3295 3710
4255 3329
9840 543
4584 3639
2501 7806
8360 6539
2237 3973
9811 1609
7615 5774
6258 2127
3560 262
3275 6947
4002 5252
1952 2377
9622 6129
5305 8716
647 4394
2983 1535
5791 4053
6651 6888
4016 4959
7313 3954
394 2587
2091 159
6470 6737
1458 7214
480 6516
2197 7966
5778 7815
1831 9530
3729 413
5454 3218
825 9914
9682 1611
8692 4438
5134 7183
382 8893
786 5762
2513 7906
2730 2453
8605 7278
9904 1368
300 5710
9975 4818
1906 8591
1920 7705
2214 5454
2836 1274
3122 8286
4535 7987
2904 5455
2100 4031
5174 4757
4016 1771
5400 1009
9244 7420
1184 8876
9127 6232
2733 4444
1753 8261
9038 3850
7322 1766
2512 1726
4494 2347
1845 5151
198 7035
1817 8326
5867 1955
7160 1907
7716 8060
8890 3177
6443 3731
8760 8302
6507 1203
8399 9688
3758 4080
726 4097
9430 1044
6166 6592
5043 2696
4042 256
6254 6685
6679 9353
9671 1413
1180 804
7950 7524
9750 6205
9017 4037
8954 1962
4489 679
665 8872
4155 7644
7989 9673
5989 4784
8851 3767
7135 1655
7633 4414
8144 2044
4553 6718
9005 3253
6491 9785
9147 7555
8732 5095
3275 9563
9964 7177
8131 4920
9215 7877
6301 9223
7890 6171
5147 3662
7304 77
8666 9230
5220 5376
9139 5296
3007 5703
6235 6344
2090 1698
3169 4812
4625 9883
8850 1984
7996 3806
8100 9963
1933 677
9319 7973
5537 2455
3098 3135
1852 6757
2537 9831
2646 3358
563 9190
7098 727
6464 8823
7355 9076
2797 3380
4749 6358
1603 755
5048 9492
2094 5597
2218 2095
3377 8636
317 1994
7893 1352
3145 2552
8650 90
4991 9044
5651 6280
3275 1479
643 5766
2417 8800
3026 2068
7822 7715
1126 8173
9659 5829
456 1599
3986 4229
4895 8403
792 1512
3861 9541
2161 5296
3806 8792
7399 3712
4495 7225
9096 7765
5399 8712
9477 546
1706 2779
1054 9175
9818 8740
6335 6206
2984 9871
5829 1682
2888 6083
9179 9349
2408 6796
1685 2594
2525 4159
6461 7344
4517 8300
469 7746
341 9856
8567 7453
7162 1023
4761 9499
2144 1175
9054 9970
9470 1963
7448 2637
9951 7676
5266 3918
8145 1548
3906 9693
1807 3451
8361 1100
1849 8522
5394 9744
844 7740
778 2519
2629 8330
4713 5392
4875 9170
9541 4771
6496 4981
2116 1512
5275 944
1927 3412
3917 9209
516 2137
1280 6951
6331 9667
9519 4109
2918 830
5785 3473
4617 2010
1339 7802
8210 938
8671 4884
273 1961
7509 6721
4454 5725
4093 9799
2871 7984
6893 7334
6343 1333
5750 5966
5308 8627
7809 9320
2645 389
2280 2363
378 6538
1760 9751
3877 1473
5870 8639
6284 600
3942 3747
5795 3474
3934 2926
3716 4840
3426 5575
977 5814
465 8454
3221 5181
1327 6676
133 4384
8428 9362
6943 2940
4704 644
7827 2287
4810 8798
4527 3985
5480 13
5831 4222
465 8963
7360 4701
819 9273
9520 6584
1564 3334
8554 4612
4382 2387
430 7311
8457 6715
5740 3080
6698 2214
3051 4102
6495 9205
1438 1265
8679 4341
699 6923
5140 341
9115 6957
935 5696
858 8023
8146 9931
4356 3317
482 7484
1359 1210
3644 6636
132 2629
5043 8910
7954 1481
225 6971
4943 7457
1002 1494
6435 2904
8185 1415
3773 9341
3131 8055
9580 8200
3807 5537
6141 4533
4697 6797
8409 3282
3440 8255
4373 8614
4702 3080
9581 5898
9926 5123
3525 740
7766 2776
1354 480
9168 3404
5943 1503
4106 7025
1090 8804
2670 1789
4482 9792
8559 41
4373 602
1278 2501
3385 2216
4765 5738
5443 8077
3240 6758
4924 6202
8929 8558
4110 4963
3694 2679
6170 1956
6488 9147
2208 2493
3940 2628
3077 4020
2130 7811
2970 3863
4348 6266
4047 3637
5456 5945
1982 7351
396 8334
3548 2452
2959 310
3959 8460
8369 2382
5335 8366
2560 3005
1096 6729
4889 7691
7351 9077
8264 321
85 8052
6595 4365
7731 5934
9362 1757
1659 7998
7906 4515
6169 2344
7186 7219
7825 2261
2986 9524
6103 3184
833 2183
7598 912
9930 9480
1161 9562
8487 9615
8876 7989
3537 517
67 7324
9251 8206
7290 5100
8441 8383
3796 5297
2303 437
8461 8880
6790 7739
1177 1881
1733 344
3061 9765
6353 7897
5024 7146
6449 9802
1497 240
2240 2314
7831 7278
6776 353
1632 303
9369 118
2431 3413
5949 2778
1287 9381
5207 1928
5080 7931
7488 6523
7692 1135
1650 4992
8695 583
3038 7461
5794 5412
8389 9164
227 218
610 6658
2950 3116
4917 2154
5689 4549
9717 5276
2362 6682
7450 7294
8530 7288
4914 2257
6131 6397
4537 9329
9541 4326
1433 9173
160 3189
4435 7023
346 9380
4372 7690
7574 2478
8230 4727
5749 3565
4432 8655
3269 6788
134 1929
2101 5199
6380 6604
1769 978
3288 4392
3731 7027
1980 954
685 3635
8788 1741
3582 1017
4187 6126
2300 2483
6479 89
6200 3091
3015 8605
208 7133
3663 3191
6361 1625
3212 5832
7548 7470
425 8741
7147 1029
3687 5091
8634 961
6595 8928
7325 5682
3409 7857
3580 9940
6767 3278
3824 3192
2221 4659
9046 9510
741 5147
1161 4546
110 3090
2958 2812
1193 723
3853 4767
3673 4610
2919 2825
6496 3948
8655 4147
7851 2368
1971 4590
5743 9520
9125 3518
4952 6893
541 4985
8458 1859
5408 4749
4718 7709
6332 1947
8828 8198
3523 4982
6088 9856
6912 762
9335 801
5725 452
895 2445
5460 8964
6153 8846
8815 5957
1189 865
9075 4545
4818 8343
1990 6527
2128 8799
3482 3851
645 9799
4958 1304
299 3893
6402 2421
6112 6560
2838 9749
261 6246
8760 2470
9745 2217
8388 203
9246 656
4322 5454
4191 7983
3693 3274
6878 1289
5717 8844
8418 7206
6075 9712
9812 5799
4730 1099
205 2981
8492 7096
4851 6786
9727 2692
8871 1915
2822 9002
9111 1493
5533 4792
6977 6471
9831 5519
6042 8747
3865 8616
9333 215
161 7776
5125 9521
9995 9401
1702 1936
6759 5358
5588 6742
1374 6919
4150 7664
3767 3576
9883 78
1283 3268
3905 9979
6673 2304
6274 5543
9013 6744
4402 4080
4446 2367
93 9686
1673 808
5742 3423
9165 7956
4452 918
6125 8876
2184 2576
2120 644
396 5800
4204 2823
1017 9603
3335 9628
5561 8683
8207 2398
9104 5459
778 3069
1635 2832
6342 9569
1912 4665
663 3549
3502 4392
7861 2726
871 3329
2615 7280
7843 454
5776 5782
4362 4091
7540 273
6921 2417
1775 5972
6087 7647
5739 122
4077 1082
9000 8567
5240 6899
9701 1131
6981 5561
6650 1719
7985 3508
6631 8229
9034 8056
1705 6816
4558 4474
1734 8368
3375 7047
7512 7660
6187 3958
9643 1905
9888 3831
9497 41
2451 9538
7392 6784
3742 7028
3702 8946
2112 3741
9258 2843
7053 9713
3840 1388
2507 6802
2385 8182
1619 9117
7841 13
6884 3946
3866 1576
4525 5226
1570 4421
8936 8203
1331 9814
9585 8850
3079 1827
8948 6189
2994 3722
9946 7068
1110 2049
4806 4539
8514 2151
8982 2676
4141 7440
7550 8539
3611 3692
4199 8349
4289 6583
9378 8496
102 2530
6259 460
1840 8416
7543 1966
8497 6742
1524 1654
2200 4342
4602 7396
983 9223
5668 1808
9329 4376
4814 3666
9239 3642
402 1813
8430 6406
4874 7186
9565 1851
1920 206
3362 8310
4481 8761
8964 642
3985 1288
479 4995
8689 1610
715 7669
6919 4247
4240 7845
9687 4983
3045 8926
684 8889
9062 9689
8713 2653
4062 565
46 6390
8612 2631
414 355
7081 2494
7581 2875
6736 2874
9479 3456
1015 2744
9694 4977
8524 130
8516 3894
3638 4299
5245 9028
3716 9899
9753 8470
8268 2351
1120 4155
424 4035
5589 419
5857 3950
2205 9980
2431 568
9438 4237
529 9682
6028 7022
4794 7560
4707 3295
6766 5971
2052 4007
3611 600
519 9785
3225 8513
8274 5705
5081 5796
376 7715
1209 1340
231 8669
7786 7615
7938 4452
4279 3250
517 2965
5032 2860
7180 6411
1975 647
7824 4429
6718 7981
2301 1334
9465 1764
2778 5781
5020 5202
8270 6642
5396 9488
956 1670
3403 7956
2638 4311
4380 1868
8687 7174
9803 7255
4093 3611
8941 1819
7272 7719
6040 7336
1697 2868
5360 2964
3150 9831
1191 4634
99 6420
4265 1146
852 2616
2843 4297
8311 3469
2810 3466
3374 1431
7312 690
2331 1270
4951 913
1463 7107
3355 9540
4039 3082
5375 7767
8214 4050
1936 3782
1085 3718
9786 3418
6093 7598
4656 1600
9660 9075
5923 7295
5717 7211
1676 653
9848 7949
9241 3824
8772 2647
1756 2513
9027 7586
8028 8385
975 3939
4218 7670
8412 7806
6284 7506
8057 8740
8371 9195
3408 9858
48 4686
7996 6219
2082 4217
3076 3041
443 820
9834 4670
6826 2358
6767 9155
6817 830
675 5440
4977 4098
8927 4288
2997 9861
2688 9173
5673 7670
8601 7934
6397 1768
8031 8616
356 8976
1319 2832
616 8340
1188 2358
6214 6267
2448 5439
2320 3449
4748 7849
5805 1162
7969 4224
4028 44
1581 4007
9230 6290
1363 2057
1924 9686
7281 1750
5242 8882
9248 1884
2349 6691
1605 4862
4020 3818
6527 6108
8242 4134
3678 7936
2584 8518
4063 3959
810 9329
5448 7768
4386 7322
5045 400
4927 9468
1754 8115
2432 6595
5323 8923
1125 4362
2461 8213
4082 3647
6083 1510
7079 8155
3759 3467
4236 8555
7573 5080
301 3101
5808 1383
3312 3121
3487 6007
366 4474
182 5321
247 5091
9538 1126
9525 8107
8014 6980
7256 6066
2816 2194
306 924
103 4557
4403 1341
982 9489
9509 3266
605 9009
2411 2637
1427 3115
7632 8078
2717 5715
266 9211
1671 4166
1738 8027
7668 7356
5106 9615
112 460
157 2967
3916 4194
3996 5411
7347 3027
769 5595
171 2497
2572 8736
3699 2201
5156 3883
9603 9488
1843 4030
8738 5887
162 9631
6148 766
1695 1389
9454 9981
5085 9736
8303 4350
9818 380
2867 7949
5740 1754
4437 5597
4013 9153
4143 7170
4437 567
103 5083
3161 574
7209 1601
739 6147
2293 6217
5480 8345
9716 5603
9658 205
7084 6928
7779 5924
3690 3037
759 7308
832 1566
8484 3447
5900 21
6908 2645
1250 1857
7956 5823
8295 3682
8556 7208
7349 4350
9581 103
8476 2149
2884 6893
527 5441
2896 2722
2576 6346
3218 841
4519 6951
7250 7537
9170 4590
6912 3759
7766 3138
7809 7001
862 8241
1003 9710
2405 5742
4279 1523
8591 726
3665 8919
8470 3594
466 3917
2367 3922
4327 668
4133 3014
716 5348
4056 945
9740 3465
8208 5914
9308 5397
3251 3499
1239 4389
6755 9881
8272 6277
7764 742
833 1501
4234 5260
7103 8340
2454 6010
3021 3114
2909 2563
8814 9523
3496 5951
7571 2715
9498 116
6977 5649
8355 7761
4165 2323
320 8114
225 9290
5753 2684
1267 2774
4085 5215
3021 1423
8536 5666
8630 3056
577 4715
6544 2656
2325 9504
676 6097
6088 5190
3856 8500
8176 7522
8521 3734
8720 8081
224 9663
5594 6140
8065 6801
6362 4835
64 9637
5376 2977
7919 9846
919 2229
5256 744
7954 4488
3058 7112
2389 4618
4260 3332
9648 1258
3416 7268
5356 377
5809 8217
1995 1923
7293 2433
8390 3195
4477 157
9124 7992
7857 8824
6565 6063
2405 4314
3000 5099
3689 4096
8002 6812
3045 1429
6561 2356
3207 9502
394 5475
2594 8216
5962 309
9990 4398
375 673
926 1709
1135 426
1565 281
6624 3340
2516 6602
36 7722
485 7628
123 5921
1552 8522
4665 1043
6829 5252
6055 2607
9020 4624
4718 8143
476 2243
7831 5435
701 3957
609 1924
563 183
6472 6766
4545 211
8390 3929
6297 7838
4061 8037
2911 8237
3611 8264
5274 6449
6069 1442
1979 9001
5786 341
5940 6645
7631 5652
6635 4486
3920 1546
955 7440
244 5228
9798 6236
3685 5935
4978 4028
1505 1272
9376 1638
1237 1682
5413 3798
964 9400
4393 2154
8046 1599
4104 8216
7282 7626
25 3074
2070 1412
1498 5557
2925 3058
624 7631
3173 1188
8473 9037
1328 8664
7043 4358
8217 2672
958 3238
3227 4244
8678 8753
4148 5428
9061 7002
7433 7327
4068 1739
2837 3250
2545 9649
1036 2005
6999 3328
2716 3460
3178 2799
1245 2680
8299 3825
1600 9948
8769 2592
7458 4375
3952 8831
3445 9157
6152 7314
193 7174
1962 849
3784 8406
7752 4235
2485 2439
7414 687
2116 9809
6087 9096
5106 2792
4787 6939
1703 4615
3805 9140
4158 9950
1280 9768
3807 4600
731 5717
3499 7788
1026 3141
4376 3267
971 1435
2995 3868
334 7325
5485 1300
4908 1172
4307 9249
3948 1758
9808 9417
9105 1128
6499 3044
6403 3683
7175 8530
8177 7374
8466 4008
3781 7851
5042 9941
9606 7303
6728 5013
2954 2040
7653 6499
9246 4768
1438 6160
8508 1256
4952 1048
202 9105
6059 1391
179 2695
379 608
942 2341
841 1949
8262 277
2974 1027
4379 4861
8291 184
9502 7224
5297 5729
8994 4594
6926 9130
6971 1242
1850 9567
1732 2729
5880 4790
7249 9022
2257 600
6978 6414
8023 5933
878 2722
5624 7928
5336 6659
5657 3297
3599 6992
676 7039
3921 4912
5781 7731
3045 3649
3428 1927
8853 2137
879 4189
7043 8180
1858 3142
1817 426
754 5015
1476 1696
7177 3223
4916 4519
2958 9940
4747 314
8789 1256
6803 972
8589 2469
5149 5155
1510 2594
2935 8273
9432 1432
4627 4572
9021 9511
979 2457
9645 1429
1609 7434
5266 5822
1999 4299
9630 8167
7063 73
9593 1130
3672 3243
7581 1065
7482 6782
7410 968
5863 8674
3677 2579
7831 4918
953 6424
8350 3674
9098 7081
9863 599
5325 9610
7066 8745
7417 5989
1848 5250
3611 7458
142 7740
8894 8958
8754 894
9894 7082
5306 3795
4303 6044
6150 9808
8812 3564
2043 1803
7159 2674
4265 5242
2354 3373
1176 3591
3197 7275
294 8615
6286 7723
5853 2803
1358 3517
2768 4755
637 5393
1402 4216
4306 7268
7524 7028
4623 1327
783 6235
640 3063
7309 8135
3948 5480
1049 4088
2158 6566
5402 8474
266 5589
8800 8807
6098 5626
1012 8496
7648 7328
7023 827
4249 6936
1401 9683
1476 7619
4562 7025
331 7069
3536 2326
9303 2096
4963 3231
7971 8334
2869 3154
2425 1089
721 6964
3133 8842
3673 304
9336 5059
7606 515
8305 4930
768 1798
2646 8759
4114 3573
3221 2094
8729 5242
5449 4068
2679 555
4228 6554
7812 4478
1080 9337
2882 3254
6894 561
486 2158
611 3421
4707 8157
6607 464
8217 8597
2801 8544
1927 6609
4692 715
8770 4850
7366 458
5420 4494
8342 2176
2545 6853
770 1079
9660 8317
1583 8108
6721 5136
5590 2884
6784 327
7630 4353
9780 5916
4698 4633
4048 2191
2871 2323
2920 2657
9116 4343
3101 5327
4957 8447
7854 166
8651 4202
4364 40
8507 6305
5202 1810
8152 1923
4822 306
3217 7527
6192 2612
7009 4341
7751 5983
5865 4240
979 4436
545 9230
2822 2562
6355 5611
6577 306
1587 3057
9689 2569
6992 2158
2330 9833
3615 4893
3638 6180
8988 2216
7485 6820
8483 7038
7278 7955
403 886
6330 4087
4583 4367
7634 1896
2258 5089
9083 3020
3804 2845
2866 3731
781 1333
1502 6610
3001 5047
4139 8635
9100 3644
9244 5941
6773 7494
3164 5019
9902 8227
7581 4967
8451 8233
1444 7628
6669 9886
7759 8839
1799 5218
9238 4160
6384 8245
5039 2223
3421 8084
416 3962
2716 8296
7928 8260
9640 4130
7548 3390
1038 1072
5309 9324
9760 5514
7617 4257
4864 2348
8069 9187
979 7400
8290 6966
9112 4635
4120 3351
5500 3016
7888 885
8230 9298
3258 7550
3252 7940
1490 4924
8931 6383
9625 4678
5291 6297
2449 5691
6041 8070
2277 3397
8978 8624
2132 9480
2989 6026
5714 8030
2533 9426
2048 5741
2119 4177
77 7497
4957 3886
2407 5068
2544 430
2568 4045
4685 6318
3295 2811
3014 797
1899 6392
5358 9686
3468 1200
6588 3334
9604 5250
1968 6035
2205 877
4052 108
1946 8531
9543 7441
7965 4348
7845 5419
1522 7787
8946 9641
7271 7678
5453 21
4512 1907
240 7047
5072 4473
9165 874
9781 3390
383 2866
2296 4091
7297 2067
2368 4628
6845 4510
1923 1956
1423 5534
748 9854
2856 7526
8241 3735
6155 7311
9845 1254
2001 7367
7360 811
6241 9897
6352 8001
891 2727
7698 665
6632 6648
2937 8436
2135 4635
5714 6405
1783 1020
1687 4697
3 8228
6475 2658
3338 9221
509 8749
8593 3355
1494 281
2894 9640
193 521
1483 5716
83 4308
4824 1170
790 732
8130 8642
9443 4639
7395 2734
6851 4772
6486 2157
7246 2362
9186 3908
1296 4008
3855 2340
8657 9168
3114 4044
8391 7583
8511 4927
1372 7584
5413 3085
5108 3926
3471 4981
9393 4293
4241 5312
1205 5279
9693 4392
3126 4619
5967 8396
7230 9480
9363 9170
1122 2177
3009 7532
2503 2176
7989 1026
5183 7932
1173 6249
5300 959
4718 6247
4137 6306
6180 7678
9614 5174
8482 1081
8163 148
6744 3804
6901 6566
482 3073
1011 2179
1935 2406
9322 62
437 8742
7940 8723
2787 4652
8343 3222
3492 9326
2460 51
8443 3957
4088 2670
3508 9189
3260 3228
9544 792
690 7642
8894 4215
7657 4121
117 7257
4576 7105
4623 274
511 9566
6816 7114
67 1474
8283 135
7939 566
8196 2105
9379 922
2632 2088
741 6868
8934 7645
973 4914
3148 6487
2629 4048
9036 912
9107 6509
5811 7790
5271 7768
6434 2907
8052 4389
4554 1666
9912 8144
8223 6636
7095 9895
2855 6627
9120 6366
8393 16
251 6818
6159 1066
7163 4634
6135 8614
1885 9285
7341 1682
9532 7186
5176 1731
7743 472
8872 8258
9979 2956
4582 5398
9286 1365
8761 3131
7094 7603
455 4203
5677 5595
4034 6078
9884 8525
4822 8040
1114 9540
1352 9498
6929 4103
8808 1305
5697 4078
7303 8274
1470 6630
6723 6180
6242 238
5034 1300
3736 8970
9330 8171
3231 1921
4142 3971
6067 1962
1165 626
7411 1534
5926 7650
695 7490
3338 4689
6506 9202
4136 4504
6449 9830
4266 7704
1157 2839
7281 2534
6744 9977
2726 2234
4454 6915
1199 9687
995 5044
8793 5796
4533 529
5169 859
7224 1710
6627 9624
337 1487
1690 5132
3407 9090
3365 3575
5383 2859
8603 9676
3476 1259
4808 5923
4976 5639
6856 6113
9175 4819
7836 9015
3887 7285
3015 4271
7353 2992
9361 3076
3301 9473
5594 7494
6446 5545
6942 383
3635 9112
8385 4449
2793 4121
7765 3597
9315 5829
1183 4875
4630 2495
8545 4820
4117 8639
4152 3207
8616 3887
2009 7897
3792 3680
9759 5630
4965 4709
5020 1045
694 1323
8076 1274
2564 1860
7901 421
3106 3333
1269 2093
3711 2403
8544 9604
4541 8121
5247 3861
7141 7290
5561 8272
2469 3519
6342 2247
7182 7818
2081 546
4138 7023
9983 8115
7708 6456
2338 2312
1926 7880
2392 1486
393 4825
393 1597
5055 3746
2935 8924
8119 1234
3720 8501
703 7228
4034 4919
8769 8967
6988 7050
4574 7277
579 3633
222 6321
9142 3668
1579 6053
7895 4325
9028 8082
570 7140
4622 8738
889 5130
2650 6089
8173 7088
7492 8475
6938 6427
41 7718
1417 6563
8282 9468
5280 1162
8416 3597
1848 4774
6109 9344
6113 957
3610 6335
7820 3382
7209 3474
430 3623
8498 8697
7784 2786
9175 4231
5027 5665
6352 9504
955 2334
3505 2691
69 4861
8842 867
7428 6255
3796 8298
6240 8549
2981 2709
5388 8615
5989 4972
3708 4325
2723 8527
3832 9700
3783 1954
4277 9465
1059 7989
2439 3682
3 4702
8319 2702
9269 227
5384 9493
5272 986
2777 1720
4882 652
5917 4889
1766 9885
9224 8282
7917 724
4517 9349
9942 9417
8465 2332
8353 1180
4773 1164
4390 3965
8758 6072
9419 4290
8946 5171
1480 9176
166 8056
723 4166
8057 8135
9001 4278
1205 90
2736 9104
9204 973
8778 5787
4726 5544
8280 4906
2282 8873
4456 466
5489 763
8735 9263
3546 8679
9596 2072
1210 4727
9447 9815
7298 3884
9074 97
4777 5324
579 9905
2738 8458
788 31
6161 4609
587 7880
7177 4748
4347 5792
7259 2888
946 9635
717 3255
2060 2911
2725 1964
9694 8974
3464 9087
7954 6977
5858 8169
912 6701
5833 6306
8413 523
4279 644
8375 9236
2361 931
8811 2539
8253 2174
6967 5432
3075 9803
9942 1540
4229 9814
6322 6244
8731 8835
3480 9449
2191 9386
3464 8209
8171 2883
5376 619
2412 5316
4792 4204
9206 3719
3626 6308
44 2855
1180 3885
5238 4940
3074 5660
6372 5282
4858 6228
5152 5123
9570 1631
7166 9907
5318 4385
942 2758
6266 3946
3808 664
7970 5914
8120 7913
9421 6792
6583 7728
4611 9668
9781 2511
8923 5348
4412 2219
6912 8931
2141 1602
1065 8700
9642 8342
9636 5915
8659 9833
5825 4589
3997 9340
7288 3355
9786 1602
8910 1344
598 7038
4260 4751
4371 5345
6867 237
3709 8258
9598 2262
1709 7889
1430 7897
3679 5537
9508 7882
4707 3853
5411 1326
9547 2550
9103 5768
350 8529
3414 80
5233 3757
7196 5860
2389 3866
4350 152
9505 1220
8517 3661
1160 9026
9753 318
3119 6006
6517 6403
363 6309
7391 6624
3992 7041
4050 746
7190 1772
3456 6649
1944 7638
3693 1744
6217 3394
878 1826
2278 6346
8508 7940
4519 7471
3351 1589
8956 4621
1540 379
3952 1656
1326 9802
4928 3363
4494 1906
401 7493
1104 934
6728 5344
3088 2907
1039 7773
4424 6704
8481 3051
6734 8469
9083 8317
7708 8102
994 1132
1529 621
7965 5212
3923 7023
5005 1288
4970 9519
806 8977
5628 6620
785 5610
4378 3319
3873 8658
1838 6555
9082 3788
2030 7098
3732 8249
4693 9297
8772 6507
3361 8759
7 9595
1004 9252
784 8336
9922 2896
6700 1701
8180 9906
3334 4409
4375 8182
1491 5192
4253 3517
5787 2951
8997 7981
5147 6755
9441 5137
9270 4052
1430 6264
9061 6670
1427 6121
8422 7359
9057 7300
8505 9552
8393 8384
7405 9704
3616 2370
5494 8747
903 2014
7844 7565
4296 2290
4451 8090
2139 7120
8103 458
8488 7230
2524 9763
9803 4494
1129 5522
9470 1374
707 7736
2105 9420
2986 9866
6458 1031
5819 9602
6461 558
2949 7909
9460 7308
7819 1534
3634 2730
2979 3168
3243 8567
4696 4813
2681 1146
2450 3484
544 6374
3116 6102
5079 1715
7504 5101
1244 9103
3083 5874
5566 6952
9155 948
3829 7537
6499 4915
2975 4012
8458 7469
4855 9529
7809 6428
7827 5069
8204 7822
2086 8597
5566 1609
2835 427
3669 2053
4451 5755
6413 4123
3207 6493
795 8187
6579 7514
3431 9832
6661 6189
3821 2931
9590 2331
7761 5148
8173 3500
62 7278
8273 4193
2870 2541
6849 2604
7426 4685
3472 7360
2260 1779
6735 3202
6328 11
2611 3051
3836 9883
6882 3761
2310 9988
9159 3688
6472 5458
6490 2679
5045 7676
6031 5010
8720 3071
2414 620
7673 609
7034 43
2278 6187
4086 253
236 6739
8615 3688
8753 3472
6130 5046
5308 9623
8994 5997
1423 7173
9485 1521
4445 3837
6755 762
6350 5097
59 6192
5905 5721
1244 5069
3161 6229
1129 2077
4184 1061
4055 7474
7986 900
460 5525
4493 9341
6160 4613
9311 1126
8198 6293
4718 8686
7987 2468
4511 1964
3110 3182
9309 4146
7255 7479
8580 9159
414 6080
1376 2683
8555 4217
4626 3997
280 9931
6701 3724
8510 9369
4756 829
7520 2633
4280 193
225 3360
4235 3638
1248 7710
4167 4718
5801 6022
6958 9126
1351 8467
8891 4299
3623 6850
6903 6994
9235 2887
3821 9866
3207 4668
7701 3318
48 6659
8843 3466
5866 7269
9631 7095
3529 9202
2580 328
6646 7803
5326 9192
1489 8742
8306 8230
9367 5324
259 1752
7579 7098
601 5658
8735 5781
1520 1075
7150 1270
9541 808
515 5517
8168 8639
812 3292
982 626
2503 6605
8862 2802
9236 9644
1425 9414
8040 861
1709 8224
9412 169
4487 9031
6151 8923
948 1302
6007 4807
4573 2349
1725 3640
7204 4420
5260 7887
9199 8305
6494 5844
9418 8367
9704 7561
8226 2342
4698 5115
9166 547
3913 7499
820 8134
9677 1118
4275 359
6258 7622
5758 5080
7400 6768
2149 2578
8798 1505
4727 6758
7178 304
5024 2248
3068 1050
7853 3077
6746 8888
9599 642
16 9779
5406 2847
17 3852
9663 3235
4579 1011
8201 4054
2953 2861
5100 4920
3399 8669
6052 3498
2309 6414
3943 5903
7965 7890
6392 8200
4640 3189
6522 3294
992 4217
5684 4769
4471 1928
406 607
4636 3297
1228 7631
8738 2881
8640 5478
5106 3026
835 5203
1769 5692
9789 1366
694 9495
4468 2958
644 4360
9724 3236
8449 5778
8746 5430
4836 6703
2245 3504
8242 6098
3357 3104
3611 6492
1217 497
2981 6246
5836 8427
1076 8893
8596 9014
2933 3937
6706 5079
5723 6896
6418 120
4523 670
3038 7545
4103 7223
4771 3286
4545 6110
454 4249
5870 3262
876 2270
3160 4449
4262 631
835 8356
6232 2661
2560 2004
9741 7854
2309 644
5027 526
6126 4037
3649 1387
7376 711
7610 2550
4401 6553
4979 5615
6349 4718
6694 9681
1941 7050
4676 1368
2246 6290
611 3941
7459 6965
3399 2968
7044 4098
181 984
3525 7030
5239 3693
2421 8053
4021 9808
2776 492
9478 4435
4393 2369
5241 1644
7418 1369
446 5916
8047 5333
3627 5110
2389 6639
6595 5567
9686 7113
4766 4184
8767 3397
114 819
3345 3211
8737 4911
599 5904
2332 7003
7975 127
1355 2276
8150 4291
2140 8150
2888 9714
9336 9792
8217 9172
5951 4107
2642 5918
85 4912
52 7050
2717 8673
8688 8199
2897 4124
8916 2106
2475 7440
2187 551
451 3901
1378 4580
7465 748
2195 8601
8384 3570
8562 2091
3480 1050
7836 6482
2486 7224
6398 9099
7762 8603
4463 1380
8321 2551
6328 7607
8335 3257
5677 128
9532 511
589 4168
1816 4078
5716 9683
8461 1248
5637 9877
6299 4164
7578 3847
257 3340
6466 8729
4798 7286
2455 5060
7772 6489
6661 8151
9867 7671
4186 9194
5216 9393
2296 4278
8738 1068
5138 8436
1924 8753
1242 6653
3320 2091
2691 9014
2879 1482
6813 2834
4453 5010
2165 481
6766 5418
7937 9014
1035 8526
1045 9206
6893 2314
7351 1414
3976 1040
1412 9481
340 9348
8077 675
1093 3288
9599 4659
8052 9007
899 4522
4235 1049
3063 921
3505 4771
616 5269
523 4533
4165 2363
4075 4697
5566 6438
7831 2810
8515 7144
6981 9407
4150 1699
7619 9000
8647 5587
7800 1499
637 1539
696 195
8972 8592
6351 9393
8017 4406
7509 7969
5474 1152
6198 6588
6804 7424
6807 3775
8997 4467
6272 4125
9729 5238
182 1689
1781 3997
8347 1961
4739 6052
2682 6
8493 4282
9084 9041
3370 833
5404 8769
826 450
4221 7640
3238 3990
9084 9034
9569 332
1155 9942
8329 6182
8983 7588
7017 9467
3217 7754
6660 3177
7021 1643
8554 7992
2465 1463
730 4040
3445 6225
1061 1336
9958 5414
4899 5643
5061 1383
7897 2116
1241 5544
8602 8154
5488 84
8223 165
9480 5978
9011 7400
9475 953
5334 310
5858 109
1805 4219
8525 4684
9034 8719
5355 1061
4446 8872
566 1027
7549 2750
689 5854
7150 9628
9890 1918
2837 3740
287 6085
9571 367
8342 916
4368 4492
9748 5197
3976 171
3954 5991
3471 5620
2499 7932
7705 1366
8705 3861
4120 6028
1217 9490
50 3562
7620 9306
2151 6441
4570 9531
1987 5510
730 6500
4287 8450
6425 7281
4354 2837
7832 6926
9017 8462
9908 6751
8055 1389
7021 8856
6784 1838
4879 2744
5289 1166
7782 3319
8866 5314
5336 6587
3921 9393
1943 5771
74 4269
4162 2351
3932 731
7706 9080
6973 9228
4995 7391
4242 1954
9341 2497
5631 9295
6769 3039
4908 6835
5228 3258
7251 9819
8960 4859
6431 6586
8983 2672
6331 4898
5091 679
5797 2807
1293 1557
8853 9532
8474 8743
3472 7942
4286 5475
8123 2593
7201 4139
1238 728
3926 6526
1225 1553
4194 3024
4857 2426
2750 4763
4221 2398
6747 8261
3252 5971
6752 7302
3506 6809
8947 6790
4269 537
7172 6411
8633 2504
2718 5532
4849 1789
813 2001
4017 4835
4669 5409
6094 1918
2314 8168
8161 4604
2890 3729
4024 3211
6150 2301
2445 5959
9615 8573
5185 838
4610 9356
7800 4580
5306 6458
9744 8437
4473 3498
7178 6227
3105 8810
205 5994
6087 1634
8799 6024
4662 6182
8378 107
2791 2822
1054 5643
8990 2086
4208 7570
7824 4894
5939 4256
3032 8250
5799 8576
6894 8392
6901 2809
6168 1526
8297 4879
7825 6126
9686 336
4461 554
2298 6780
9724 8869
1263 6455
987 4327
8248 3913
7947 2202
4121 2164
3655 1987
2836 1184
713 2145
24 2968
8274 1826
7227 5958
8950 1434
7481 3416
2271 4404
4439 6572
2415 2194
4049 1133
5384 5925
5186 844
3753 8082
4634 9764
8290 6148
6180 1042
5034 7894
1076 1437
5475 9519
8728 4039
3842 2652
1916 1919
8489 65
7673 1053
8478 4220
2546 7716
2338 400
6239 8138
9033 3669
8434 4766
7503 9166
7153 3849
6196 7320
4890 4368
9933 221
1928 927
5036 515
7491 8054
1990 2343
3094 2004
3649 8180
5201 6738
8663 8210
3255 2114
2180 2030
9696 961
3078 6319
4320 2719
5648 4754
391 2144
9581 195
3308 6324
595 6706
3127 7891
388 1649
7587 4346
5959 4572
8886 6676
9271 8292
899 2310
4553 6615
7119 1510
2667 3824
1433 8703
4505 4344
1610 4825
5713 4254
4342 3734
5609 3530
1728 1157
5685 5287
2314 7397
6468 207
2727 714
5493 5700
3336 74
6447 2543
5309 9400
1345 7953
3431 1505
5400 6369
4594 3094
7440 8697
8668 403
5102 8566
5908 1682
2782 497
9754 9270
9799 4064
4263 6452
6500 1227
4691 6676
834 282
8639 5937
9927 7111
801 8150
8553 987
8503 6877
4996 216
3432 3139
7451 399
8105 2319
5339 1944
1413 622
3735 9719
6964 2425
1929 3420
9646 8707
7689 6637
4993 1309
2497 1165
2744 7898
8618 9010
9823 6228
5267 3252
7543 2163
8535 6815
7220 8505
934 3243
2108 9277
3350 8492
8506 3515
2766 3841
3052 7097
199 388
299 2440
1493 1864
9986 2368
2892 2594
5314 6943
4193 3438
6781 7939
9297 2733
4660 1835
5065 9338
1289 4100
1632 5149
2900 1902
7243 7983
1110 583
9358 1831
4002 663
5162 8028
5038 6893
8368 9357
1730 8783
8862 157
72 9212
1860 9555
4191 7834
3220 2099
4882 1128
286 9931
3657 7885
8581 4559
5842 4520
7591 7937
8537 8575
4424 612
3002 5564
4039 4536
3484 1356
6302 8915
3128 7207
9261 9519
3519 3986
1930 2675
9678 2732
2553 6181
7371 3161
3214 1625
3727 1251
8246 1576
8817 145
8138 5740
2008 3710
8801 5266
5132 3853
3835 6874
6272 7983
320 3553
2654 3800
7853 8910
5185 1298
7012 4449
3707 4954
4643 2414
1829 9566
3764 5831
2553 5656
7434 8441
4247 7678
4769 2442
5177 795
7991 9280
4708 4210
951 602
4956 3950
7834 9323
4450 4105
2429 6484
7061 7209
9167 3228
579 7920
8470 1199
6148 6514
7381 6575
8296 7815
5192 7021
6453 8545
9164 3445
3460 3234
9069 4692
5216 8210
5346 4310
7200 5382
4409 1660
6206 1034
1329 4283
7975 6366
4302 6943
7787 7240
5839 7037
2393 8147
6963 1663
7004 8303
176 1304
8041 2161
7787 1796
9872 3909
1765 4125
2914 6184
4741 4375
262 7329
5404 3214
7182 1734
3142 4474
5814 2593
5909 3090
9175 458
2793 7945
8354 7046
2603 441
7919 449
756 4363
7750 6736
3200 7537
9677 5646
5044 7662
4230 1864
3750 3487
3343 6563
267 4102
3622 9506
6834 1864
5981 723
9386 7967
9010 2858
7601 6911
1408 5231
2804 7463
5953 3271
2237 9835
2313 5714
4601 5715
8554 5538
3068 8959
9886 4018
5248 4173
8261 2033
9344 4697
2788 6697
9650 7815
986 5453
8580 7437
2574 3021
689 5322
3046 618
9323 1537
5542 7270
8322 8393
5886 9809
1391 1362
1568 3731
1053 2741
4562 4138
1600 4412
9582 1819
9034 5519
9837 6500
2596 9516
5177 2182
4202 3714
4587 8077
9817 6807
4018 8961
8329 8503
7803 5990
2431 4525
3572 4432
3273 4323
9840 7177
4835 437
1754 7592
3693 5057
8355 2245
2269 1442
9162 6634
4825 6196
448 5338
4945 8750
2037 7994
5343 885
4573 1412
2816 4316
6517 5374
2463 5301
7115 2742
6843 2122
3776 1397
5424 5776
5705 6687
7016 6273
4981 9235
5838 1575
5072 2322
8229 1956
9475 5332
4054 5667
1252 266
6797 7789
620 308
6448 1375
4936 9087
7321 3742
588 980
5757 152
469 6512
1685 3143
6408 2245
9927 4735
8816 4651
4429 7948
5142 1256
6071 2453
3887 6314
6175 9310
547 8876
9659 1580
7771 7944
9665 6282
7589 7476
2650 2184
4037 3353
6797 6390
751 9448
7141 2099
9733 3915
7211 9983
2099 1961
3770 2879
8136 2980
6702 3276
8490 7791
7625 7718
3483 3500
4529 8639
3640 4507
1873 4659
3946 9143
6065 5851
4295 1593
2168 7153
3165 3212
8676 9336
3371 1014
4122 5719
8793 348
3390 3303
123 3403
9066 4870
5287 5493
6951 2469
4395 2858
9702 2231
5511 369
9384 8083
7139 469
9573 2543
208 8653
6789 210
7347 5601
6487 7951
1730 7918
775 386
8832 7702
7108 4083
397 5691
7289 6452
6737 2200
8195 7845
2437 9152
2367 7237
6398 6078
5933 6168
5444 6524
6083 8770
411 7016
5952 9581
7268 4522
4600 3675
3918 2635
9887 9411
9824 9933
2521 7166
499 1198
2617 2834
3977 7360
4559 5941
20 9195
7759 4747
4098 8443
7627 8265
832 5189
3216 1128
2433 4115
5000 3191
1987 9210
5756 7400
6363 5402
7704 4392
368 2169
1325 4314
3430 2857
199 9097
5488 8152
7187 5091
3141 3257
9040 1068
1080 7936
5333 4543
6809 7706
7100 2691
2563 4313
413 8324
3378 4675
922 3302
637 1442
9411 5921
3788 3491
6241 5833
5799 7209
2899 6218
7864 8710
5740 8895
9025 3091
9818 4149
8715 5530
9736 4461
4245 2657
8740 9554
7059 4080
9958 9419
7972 6781
9759 2589
8612 724
9875 6342
9828 4905
2319 1598
4854 3279
4176 6493
5842 9185
7595 3012
8245 7497
1321 8615
8928 6502
7507 2111
882 9152
6088 7550
7921 9473
7016 5403
3993 7389
5342 9681
6432 6884
5067 1394
811 7309
1356 9314
5015 6427
1260 1707
6152 1422
3872 1915
924 3077
6522 7758
9133 6137
609 7127
3000 1853
9436 6964
7469 6940
9000 4968
5700 8031
231 7853
7277 4762
2052 3789
1472 492
723 8806
4317 5925
323 536
1877 7746
5686 3124
2067 3689
3717 2280
8724 6683
7311 6249
504 9964
5840 3193
6188 9135
6741 9135
6507 1530
2295 9908
3653 1919
4652 5108
9888 1872
1746 27
9668 575
6509 5374
5588 310
5524 6241
6916 7582
3036 5491
6272 3529
3545 4113
5073 8208
8093 1308
9986 407
907 7721
6161 6865
2333 2420
5018 9877
7299 8219
2129 7743
9296 432
5340 5410
2451 9846
8807 3608
2264 4243
4019 8817
9221 3267
9075 9196
1997 5292
6265 224
6462 1401
3492 9835
9402 7319
5702 7844
8527 7497
2167 4735
2231 4231
5963 7327
8868 235
6860 1754
1466 8009
6277 1253
7083 5866
6058 1433
6205 8944
6795 5794
9044 7769
962 3627
9421 1600
4369 6104
9231 1809
2863 910
7876 7272
8367 9618
6647 9843
8900 8252
5597 4642
1225 2751
7292 3765
2494 205
3105 2898
7473 5207
9349 8957
6382 9539
2089 8932
8876 6543
4866 7126
4959 1995
3720 5494
9446 4211
3523 5329
9433 347
2862 7193
5259 5139
269 1293
3284 6880
3840 6005
179 990
9959 9238
5126 3238
2612 1534
9800 3908
122 4674
648 8989
6792 571
9063 4824
2286 4103
9765 8749
4588 2258
1256 512
5374 2272
5864 4511
5686 4499
992 6520
9547 7097
464 9423
490 9437
9814 5362
6824 2421
1846 413
7995 9549
1543 6971
5572 2514
3190 6890
1877 3466
4372 8172
7801 4806
2692 2372
2923 6961
3332 500
4063 4500
406 8355
8762 1968
9527 4683
3904 5280
344 9827
9117 4484
8064 9341
7583 1197
4945 9350
8288 5598
1450 5331
3096 1190
8268 1003
4201 6068
8318 1812
7618 3193
7635 5897
5545 2785
40 2680
3358 2642
5970 2736
209 3373
8386 8487
6797 785
6181 1290
4588 1097
4532 2332
9827 6485
3572 8382
1535 1141
8917 4209
7366 5895
5644 2561
435 8546
7041 8747
1403 9599
799 8884
9426 335
6196 3177
6710 1472
4886 8523
1000 8709
9422 5368
9204 2491
9828 4679
837 5974
214 1507
2338 2048
3142 2900
2357 2426
8118 7846
8300 5920
8576 4166
7453 7770
1142 6473
3326 954
7514 3024
4527 5344
5423 2828
7304 7527
7173 7467
3434 9513
1265 9979
7500 3914
471 1889
8292 443
8270 4146
9639 182
7711 5823
7928 793
9465 3420
7230 7344
9413 5890
4767 6170
8824 8721
5610 5448
882 3915
2221 9735
5702 4168
1773 7319
4211 9809
7059 5455
6759 8211
5656 5243
7213 9848
2187 9486
8131 4270
2057 2007
4099 3300
801 6297
7945 2699
1002 8088
5203 3003
4401 4018
2253 769
4938 5808
7594 8415
2692 7783
823 7985
2442 1259
5058 8262
7479 8032
653 6915
8744 9527
5771 9007
8134 8271
2739 2718
7730 1801
6426 3107
4930 5023
6531 6225
9876 4182
4324 4252
3164 6667
3801 939
3899 1251
289 2432
4694 4107
11 8936
2535 1433
7891 6316
6678 3647
1439 3755
1531 9411
8928 1330
3828 6407
2995 6200
4964 914
6785 8622
3298 8524
5994 3642
3041 6710
217 8305
220 7867
8151 9519
8507 8166
3359 3252
6722 8996
1428 3967
7585 5480
4621 5703
6398 8
2474 2831
6162 8646
1391 7865
9984 8121
4727 4790
7379 7494
624 2089
9224 6018
3547 1751
5536 1034
9900 4879
2504 9573
4607 6664
8720 7046
6248 9778
5907 7675
4551 6219
8435 3
4985 6451
1653 8539
4775 5341
7619 1352
602 5408
7009 3764
6739 6737
512 175
3820 3427
8113 8964
3166 4948
8370 6704
1403 5532
557 8427
6546 2238
2157 1333
7621 232
9413 610
9216 8129
3155 6916
7557 502
7894 1117
7182 9049
7238 232
9281 6766
4994 1146
7409 2025
6801 6796
2808 2545
6147 143
3738 3058
7579 8410
4380 6909
7709 4252
8965 7527
5732 6015
8648 7223
8593 3576
3999 7991
3921 3654
8104 6373
6316 95
4222 9728
9910 8796
7024 6522
7496 6836
4724 7516
5494 7716
1075 8724
6851 100
4039 9408
678 4540
2460 9017
5247 7728
842 2244
8723 7933
4998 7971
7781 8405
1661 6452
1516 1161
3517 1444
7223 984
5208 2426
7703 2737
5702 1176
3146 3391
4931 2269
2724 9306
1982 3238
560 8831
8135 1215
8236 1311
1812 7138
5442 857
7010 267
5436 4164
1443 5290
7605 7767
8698 9981
1215 4093
2270 9375
2257 7632
1933 4188
1875 424
4718 8140
1667 589
4509 6318
56 7468
355 7933
9676 4118
4731 6049
7912 7712
5789 8702
7422 21
198 3724
3494 5735
4767 7333
9911 6429
6306 5013
9526 764
8149 4231
5833 5688
1089 3259
970 6285
3693 6597
4611 5875
2659 5224
3432 4336
6619 9008
1415 3111
4148 5382
7707 1934
4474 9245
6264 1431
3893 4176
3743 9384
9043 9379
3578 77
4359 3604
2947 1733
6483 6280
5940 8482
7882 7455
2083 4434
7553 6618
5818 2036
5030 7446
8428 2511
6230 9458
3057 7848
9118 9285
3574 2634
5438 5108
3577 193
1578 5740
7971 473
3733 7304
4869 2562
4273 4949
7425 709
500 8540
6529 9721
4660 9590
172 1711
322 7583
1000 6517
6388 2876
1179 2929
8257 909
1098 2919
4224 46
7501 8605
990 5698
3443 1960
4347 1687
961 8522
5235 5269
1994 8376
2473 2281
3323 3083
4288 9365
4710 498
333 2821
2394 5409
5176 5856
3822 6205
4640 4903
7543 8652
2975 5961
1033 347
8166 4202
8257 2147
7750 3235
4316 7437
7140 7906
3113 4176
4573 4912
2513 8820
4443 3695
2635 2263
7201 3702
2846 6776
3810 3857
9606 4451
888 3400
4801 2218
5361 4608
9387 3140
9208 9374
8709 3642
1589 6611
6156 1719
2780 9380
9093 6767
197 2489
2000 8197
2736 5913
9910 7653
4377 6405
6157 3435
9143 3129
1188 3943
9196 654
117 1728
2871 9526
3797 7812
1537 3759
1084 3523
2768 3287
1922 2399
1457 2871
7568 6426
1325 7201
367 6799
3084 7095
9640 2967
195 9538
6066 294
7517 9783
2402 7233
5558 2697
9339 1674
8912 7283
5970 982
3343 3733
2618 807
1375 1856
5513 9865
242 6670
8944 4436
8115 5338
5404 7404
7183 3434
8966 2259
1996 3398
1518 6597
3559 394
7663 5561
582 6636
5259 3079
1079 3023
2242 3064
7160 285
4146 9374
8894 8812
5548 3295
7634 6034
9242 4056
588 1862
1082 5780
2720 2397
3781 5635
184 5056
2891 8105
1781 9058
8341 5271
8163 1267
2033 256
9976 1626
6160 4781
6329 8524
1662 3358
2779 6119
4859 4154
4444 6201
92 8249
1069 3307
2619 2298
7419 6477
2508 8374
2509 8487
9262 2675
9196 6038
7073 8204
977 7692
8166 1977
8455 4161
9499 9002
946 6501
6150 9878
3382 6545
4430 662
4 4803
6724 8738
8787 8186
2639 2277
8491 2791
9607 7135
1601 4116
678 3179
773 5524
2901 4564
3283 5712
5949 3062
8424 8096
5228 8365
3213 64
6280 3061
4351 4205
5923 4801
7308 1013
1560 8345
9360 3944
227 8362
8244 2542
3480 3798
809 2041
4782 5510
5806 3852
1705 1204
3697 7987
5788 7283
5551 9616
1628 6472
3747 3216
8779 3664
1401 4184
6357 6830
2575 9923
6410 8746
8972 8640
2948 5647
7691 6031
7931 2397
4138 860
3730 6212
3658 6871
8449 1718
932 8424
846 9945
955 2735
4562 186
5842 4994
6865 4932
577 2995
4808 324
8187 8151
5781 3575
3283 3229
9007 9291
6119 5658
5119 5216
1776 2495
3137 5162
6656 2614
73 576
2637 4092
3469 5887
8745 6104
9471 3330
6154 817
3691 2375
1523 4659
1398 951
3634 6494
5856 6575
5301 2268
6654 3624
1048 8766
791 6115
6929 6482
645 5478
6837 6229
9241 7152
6639 7319
3167 1748
4195 1729
5883 1949
9632 130
5915 8755
6342 9943
7229 3560
6988 5007
6904 1988
1130 5410
4808 7192
5825 1217
3463 7065
4410 8557
1611 8540
2573 1920
4216 946
8634 8719
2783 6486
8337 4600
5000 5103
6612 8756
42 1569
1179 5897
5792 4610
2743 9684
510 9855
8367 3582
5862 5032
1806 3012
3950 820
1631 1680
5327 327
784 1136
5417 9083
7185 1366
5277 1671
3912 5198
4119 4206
1339 2839
7294 6206
1967 4148
2452 2035
1940 6786
6159 6619
9812 242
438 8241
4322 7524
4 2197
9657 2641
6187 1159
900 4068
3229 9743
915 2043
3166 5098
2739 7318
730 5113
4890 9781
2033 7058
7706 5234
4364 5276
1941 3077
6599 6677
2236 3984
7079 1892
5307 67
5266 1109
4207 1752
6043 4956
873 6966
8386 2124
5615 9909
2328 8248
8076 2356
1147 1008
4884 6155
3878 5545
6413 1773
3728 2222
7161 8289
302 6189
1278 3629
1217 863
8293 9558
5297 7912
6536 717
5851 1226
7049 474
4695 5434
5990 8036
305 1418
6569 4239
7606 1248
2696 9971
1889 3878
740 3736
7535 55
7978 6516
7680 2912
1686 1240
7463 3195
3493 4902
8757 946
6447 3181
9410 9628
4058 8471
9108 9727
762 1083
8657 6537
6132 6494
4912 5422
7777 2535
9993 335
7322 1719
4042 3938
2695 9981
4713 8748
9890 9825
4571 686
3735 225
902 8418
4655 9406
370 1135
5577 5910
7939 2492
9693 3553
9798 9137
2142 6339
5576 4897
3760 5513
8229 9252
2814 7957
7241 3103
8883 661
1396 5976
5826 9249
8559 9159
1851 2722
3147 1553
2694 5998
6512 8148
9839 7685
7016 3496
234 6448
227 875
744 5600
8900 9162
1472 5366
2464 6769
5468 7176
4698 1712
5681 2104
731 9218
6449 6487
3289 7002
7649 7904
9330 4522
1487 4890
3269 4112
5216 3934
4465 567
4930 8718
1353 4940
1154 9657
7840 6067
1228 3722
2045 1192
1450 7525
311 1025
3935 6813
8541 4394
2975 3288
6811 1631
3426 3745
332 1244
8055 4902
9015 2114
7538 6203
6430 6581
1830 7290
5522 7717
8918 3787
7161 5062
3326 152
562 6816
8776 8767
506 1316
1683 2040
1739 3633
4892 4735
7687 6752
2175 949
5785 2436
6312 5290
7146 9479
988 8245
8846 2206
4593 8341
6767 5636
3708 3175
7066 8998
5396 8609
2445 8326
4166 1143
2276 7586
9422 8416
733 3446
3271 4597
5328 918
4625 3737
7817 7872
4267 3740
3685 1012
5052 9662
1339 2702
2220 5362
8093 4332
7620 6093
2595 5574
1198 5548
7310 3080
6560 5645
4615 6686
9887 6071
9909 5946
5613 7660
9207 6268
5386 2311
7991 3820
9264 8961
9836 210
4660 6083
2993 4013
4798 6515
9334 3031
1185 5866
1500 1330
4946 6372
6023 1873
5702 7413
389 1107
8719 1678
4293 5471
6173 7676
8744 3901
4723 1714
57 3180
711 9021
2525 6369
7071 8407
6239 6638
7812 2056
2945 3071
7355 9698
7734 1407
9245 4187
2312 1283
6446 6760
2440 5763
4431 1308
3566 2575
6704 5591
3990 2234
6264 5655
363 3894
5913 9770
9209 4822
7000 7186
5401 4703
5708 6844
6319 3135
4922 2064
598 1129
1014 3555
7298 3232
3540 3616
75 7075
4004 9565
6454 9498
6145 7310
7909 4194
5348 9116
2996 3482
5211 1535
585 5115
2617 5886
8427 7933
9511 6787
3932 1489
6241 1535
827 6440
4151 4717
1470 5505
2443 5723
2105 3103
5612 9774
1728 7213
5919 6722
5463 1229
6466 7356
54 1798
4267 138
8801 8305
2047 3384
7407 9250
509 4371
2193 6666
6496 5620
5588 2587
9737 1899
8914 8093
5649 7704
5245 8531
9370 8861
9202 9991
3023 4221
8707 1497
3920 489
250 6856
8071 3413
8234 34
9977 2245
7731 2973
4202 344
176 1352
2514 4376
5668 9772
9655 2856
825 9407
9392 4691
2840 1696
8026 9343
4738 6128
6842 8319
9898 4621
1912 6110
2548 5897
7788 9283
2233 9415
7543 8224
1340 8648
1607 8875
6651 286
2258 9344
6253 6911
5337 2949
5535 1290
69 3986
7136 9908
5566 1667
614 3910
843 3073
5032 8924
8462 5155
5682 6447
7343 471
9696 4825
6908 9423
1440 3262
4036 6800
6774 5745
7646 4029
3448 6512
1402 8840
3289 482
6556 2008
6854 1783
3883 6523
2085 2202
317 7290
6621 2677
4382 1947
4805 8829
5601 6147
7398 9060
2225 743
8024 1544
8638 3382
9358 6582
5652 6287
6661 2257
427 5265
8226 7881
8681 106
3561 3619
9186 220
971 4907
8548 792
1647 1439
4138 2395
5257 2712
4021 9252
3717 1789
4067 4535
2822 1139
2627 5241
4848 6373
5542 7651
3611 1957
8953 2564
60 709
3216 3750
6358 2542
164 9022
4472 3468
8519 751
9218 7716
4035 5888
7533 1177
7577 8265
1322 2087
7400 7430
5732 6863
5215 366
8240 9493
1132 6872
8646 279
7439 582
8368 4848
8752 9503
2216 6544
4110 5177
3276 4833
2177 7067
6788 6713
6159 4891
5600 9322
5671 18
570 446
3088 1757
3163 9523
2412 3221
7420 5086
5083 9219
8818 1819
9899 1996
2497 162
5321 4055
8822 7010
8203 8980
7744 7539
9252 5174
7461 3863
3381 3079
3576 3042
8423 4638
7328 502
3496 6931
4849 655
3990 2996
5780 8940
7424 5756
6108 2547
1350 2647
2083 1700
9051 8408
5866 5168
6069 5948
6480 1370
6759 4877
1747 8034
3387 3597
9651 1936
8855 4868
7542 3754
193 5830
8992 6236
8911 5898
54 1667
3257 1512
76 5625
2562 5505
9625 3803
4465 3349
2153 3574
6419 7082
8470 1064
8056 1342
2932 5397
8964 8932
2701 732
5123 6723
6 5755
3919 2033
669 3028
920 5055
318 8621
8324 5496
7781 4150
4309 376
2476 3527
7265 4074
4723 5614
1074 6896
5310 9431
9923 7544
6631 1820
5950 8844
35 3261
819 3162
8888 2041
4492 2697
5637 8767
9506 8837
7903 5079
271 7757
5589 3494
8531 6461
9538 3674
6342 4069
9675 1737
3852 5969
4285 2556
8346 5832
9140 5152
8147 4898
1093 3201
228 6133
1423 9456
9922 5548
12 8894
319 6193
9956 8654
242 7940
9365 7869
5710 4263
4743 208
2999 9088
2686 4487
8688 3603
4011 4714
2150 5218
5985 849
5287 3179
7555 9115
865 3019
1544 1394
407 629
6442 4732
9415 5541
2104 6357
2060 2457
1986 4536
5147 3108
8874 7046
9033 1615
9149 1205
9732 7463
421 9956
4675 7551
5638 3364
9802 1440
4470 3277
6544 1173
2719 2848
4916 5091
9937 4816
5442 1725
4602 4452
1720 9891
4496 7069
5503 9255
758 5258
4648 6704
452 3250
9839 1096
3491 7455
8260 9169
1175 732
1881 832
7560 506
3837 3526
614 2003
3437 2132
9917 118
2774 3871
3162 4215
8004 8528
804 5927
1008 172
4878 3267
9918 3835
9986 3048
6818 7439
215 5756
9918 607
2010 7877
5043 1398
687 8931
1630 7164
1197 4154
5900 7977
7743 9764
8259 6842
593 1107
5357 9377
8720 1446
5711 2343
1659 2033
696 6096
2213 1499
6560 5886
9755 1608
1482 2327
1247 6523
6232 5044
3089 8893
536 7288
4307 2353
3871 6552
1227 2895
9403 616
7766 2666
1106 7532
2533 8578
3175 2727
6819 7081
8722 6971
7416 3765
3518 4804
8262 3218
8503 9984
2300 9032
4455 832
5411 713
7519 6860
2411 1600
6951 2227
7299 7285
2725 9186
3653 5603
844 9131
4471 3628
2579 9516
5557 956
5830 1527
3062 8696
384 2652
1106 7930
2989 5123
4188 7428
6754 3019
9439 6155
5670 5004
5213 216
8695 4585
2707 3548
1612 6249
5964 665
4553 8239
5365 9644
2788 5648
6312 8200
6022 8039
6599 1519
8285 9093
1820 9143
8490 4866
1444 6213
3623 9389
9237 5620
2141 2606
7859 9743
1187 7132
8919 9622
6199 9327
8429 8176
4469 2758
7754 7733
7973 1593
7946 7997
215 4469
6968 1513
6124 8225
9150 1138
9691 4822
51 5948
7239 886
3525 4411
8181 8713
8999 8867
5125 2722
7522 2129
1309 2948
4523 9797
2841 269
9585 3744
3355 5710
7592 2347
3163 9863
3661 5004
4835 3865
1454 9972
9026 7252
9866 3023
9730 4130
8217 4178
4356 9444
7938 1664
3999 9437
4663 6274
2630 484
7925 9589
6626 5767
5265 8135
6467 2776
4844 3006
813 1550
6282 2329
4655 3797
8866 5923
4164 9079
7477 7460
4580 8638
3383 8215
501 5892
1860 251
8709 2512
2762 4856
5852 8007
7939 6387
5285 7379
2648 3046
6529 65
5333 6255
5591 3928
5727 7012
5846 4652
1935 239
580 4476
2009 4275
5664 1210
188 4444
4449 4022
8596 616
587 9200
7132 5750
2678 8706
2710 2595
8683 2135
4792 4764
1884 572
8252 4783
3719 8671
2596 5272
4879 3674
1275 8581
3449 3462
405 5967
6538 169
1093 4389
5093 7466
3854 2899
7435 1353
8795 6306
2157 4994
2788 6694
3479 7128
966 7555
9000 83
6209 9740
7598 1707
3779 1013
4016 2253
884 448
7637 3850
8571 4099
6993 6219
545 999
7061 4180
5776 2909
6787 3526
6285 1224
7589 6585
8776 4268
3305 9956
801 2721
7490 2604
7394 7417
9847 4015
689 3018
7140 136
8577 4819
6792 590
3006 2192
726 843
9001 7808
6276 8630
6639 6627
4026 8176
8310 6295
1816 9038
9433 6225
5774 5299
6673 5141
580 8250
8357 5731
1480 1673
5990 969
1086 1903
5204 5222
6041 7951
7910 1130
1308 3820
3972 300
8637 9971
6230 8410
1343 494
9181 4973
8917 3415
1644 9181
7958 5482
8622 5738
283 5384
6655 1648
8595 412
7163 1996
1652 3047
1782 724
5902 6323
577 6962
7541 1010
7135 2029
5569 5806
5098 4715
3456 653
7351 3369
2356 3688
8566 6226
397 3487
284 1261
661 7195
2655 414
3036 3413
8715 5599
5301 4031
2234 5980
3409 7676
453 7007
2363 2804
4044 1745
907 9651
1459 8648
5827 4034
3862 4878
4148 3949
8879 1581
9677 6112
6951 41
9061 5530
4551 6562
6403 9388
7278 1912
7027 2556
8218 3631
2168 6102
937 2411
3350 2026
5125 976
6466 1157
1194 4810
326 4377
4023 3387
7216 6535
1859 4319
3095 4169
5195 1732
8978 775
1545 2437
5088 439
6329 710
9534 1324
9955 7489
2622 623
4352 6561
898 7798
1423 6095
7174 9360
7949 2752
9879 1731
1317 7478
143 8926
6910 8164
8506 8802
1936 6551
5463 199
3519 3438
1666 6220
7900 2135
4489 898
8989 5592
7540 1763
3131 969
5904 742
6140 8563
4914 8523
7585 5300
2056 8482
7948 6282
2875 2166
541 3073
7880 9736
5469 9401
2033 5569
1781 8233
546 7334
5755 629
1616 4845
7523 7995
4910 6264
3492 6283
5478 394
7520 616
5016 9193
4544 943
5566 5398
2475 7392
5442 8452
266 5960
6370 6244
1821 7968
7265 5520
5465 8234
5600 7360
3272 8925
5974 3583
5633 7512
9040 5098
3736 9431
6908 7196
6029 6654
8072 7770
4005 943
3278 2155
4702 7999
8744 7378
3725 7628
8190 109
2675 9639
6406 8610
4656 4541
1690 7524
4355 7782
6467 1767
4565 7214
9468 2537
2370 6719
117 8885
7651 6724
7190 7931
9223 9827
5270 7431
5052 4098
7771 7935
1317 1002
8347 1147
1544 3614
6576 8021
735 6073
9923 666
5469 5895
5782 7372
9562 1520
4901 729
7197 6266
2651 1149
8618 6242
568 6163
6050 6371
4708 6332
6100 4856
8243 4693
3403 4807
9156 4525
1169 5880
679 4266
522 7490
1691 8733
9715 915
3387 3699
3046 843
6143 6510
1153 2253
5993 2296
7018 4526
7843 7732
9851 5332
5739 2625
8562 9029
6054 4533
1609 85
9592 4427
5119 8703
7287 4848
9030 2540
2954 8436
6003 6645
7672 8596
8233 4069
6681 4057
1376 1493
9325 3937
4709 3288
4094 5988
2554 102
1684 7006
4085 1973
1177 2753
7634 8052
2254 1356
6736 7383
7714 2553
5239 5142
9516 7192
6074 9347
3901 7151
5106 2825
4045 3908
1073 7836
9377 1533
8671 2561
9066 4931
1875 630
7447 6253
1974 2516
2005 7254
2520 6388
7673 4731
3242 3926
5651 3714
3862 3543
7220 4745
3948 1517
5216 4116
8721 7303
1878 4730
9948 2228
4784 6013
509 5827
288 4330
1015 1596
6479 4658
8667 192
4359 5530
1311 109
4764 5712
9523 6387
3355 1768
945 929
4881 3589
9285 792
2278 7510
1551 6299
597 3825
9809 8980
6452 7038
457 6115
5112 1999
6420 2736
7914 5597
1593 143
8764 8240
9527 3110
2638 9112
4170 6475
7847 5351
7318 9123
3644 3201
5184 7293
3658 6627
1752 4329
6607 9175
1634 5428
484 7781
6335 409
2942 7761
1832 412
3583 9862
8548 4879
5167 4352
580 2967
4877 4047
1349 9575
7205 2934
9434 4610
6305 1327
3562 5381
8714 9509
2842 133
4711 52
9698 4534
4461 3405
2266 8054
9264 5585
1306 4332
7496 2749
2414 4291
2283 3461
9537 861
4952 1415
9829 455
2577 6417
5883 1758
709 4454
6721 3981
9285 6341
6017 1517
5712 3705
4426 7042
8472 6724
5033 1137
9372 597
7567 3285
734 5726
2250 3362
7915 7577
406 48
6273 4482
12 1050
1660 4304
299 5725
3481 9395
6736 6319
5827 7612
6740 9360
956 9414
5852 6684
6008 7966
4498 5351
7981 8248
2944 3860
3305 4886
335 92
9384 3764
9004 9469
1299 6913
6497 5844
4598 1537
416 4450
1934 982
7099 7980
4205 3697
3138 647
1869 5634
7186 6738
3322 780
273 8669
6592 9894
4656 4119
3823 9798
9056 7167
4774 8098
6169 1326
2092 9348
76 4523
6026 45
3356 3160
3613 4338
3847 5890
6668 4071
8832 1265
1124 3319
8694 9107
6404 1354
2168 1383
7050 6164
1326 4226
3359 3057
8794 3390
309 1876
9189 4353
7473 4387
6797 5078
1863 4225
1100 4806
9367 5897
290 168
3372 6513
6721 1216
9901 1773
5548 3754
665 280
3400 7640
2262 7712
6797 9481
1345 8132
6111 4598
7886 5735
6104 3646
8759 4205
7477 601
6500 4187
8174 4665
8562 2606
8499 7972
1242 8759
1759 9860
3925 916
2288 4825
7351 8729
2781 6994
7599 3655
6568 3321
4760 4455
6981 874
1607 6221
3535 4850
1195 9476
3515 6537
1928 9769
802 329
2262 6245
9340 4959
5429 2282
3563 709
2171 697
4813 5416
8653 4071
4187 2948
3511 8621
7115 6789
8861 9866
1802 8427
2627 3578
9910 3213
2898 1743
7774 671
6508 6065
3649 6013
9626 564
5722 3740
9550 3203
5175 5183
2868 5556
1873 3067
6630 2504
906 6806
1610 1151
8431 1223
1308 5055
6063 3393
2640 8249
6502 8537
2420 7480
7885 447
9205 436
9896 7360
7018 9335
4782 1717
9380 2972
7936 8939
3560 4594
1435 6817
6447 608
5464 2672
1684 9762
9168 8684
6751 3008
59 1262
3003 1930
7330 6376
6539 2968
2059 3470
6942 9798
6813 1198
1026 842
762 9603
9836 2435
1329 4644
9106 9463
8594 1105
962 7343
4952 8477
5362 8213
1256 1322
6378 4192
9179 5529
676 3785
9811 5336
2542 2202
5644 5324
3533 202
3454 6619
2253 9430
2468 5070
894 3663
4635 4680
9858 4538
5149 3893
1790 3857
3926 3715
2044 4218
5969 4744
7658 5468
3055 1506
9257 4426
5173 9944
2263 2248
837 1690
1418 9880
1648 5846
139 3633
1016 5358
1113 999
4971 1023
6860 7304
8824 7294
5773 9100
7147 6504
6652 8163
7560 934
2618 4994
9529 7159
4013 8493
8936 3496
6873 385
2429 2814
8289 2003
1928 7949
7510 4450
6198 8205
8063 4469
1813 416
3597 1004
8145 4776
5563 1204
6931 7059
533 6534
16 1610
7309 5889
7397 9252
8059 3255
5205 2626
1222 1802
7144 292
4231 6233
3310 8557
7188 8033
7624 272
4614 6507
9545 6085
4442 4727
5930 8816
7757 4852
3745 7207
3415 6494
1535 193
4712 6626
5008 5802
8885 9308
3915 2373
8799 587
8999 2466
4847 3775
852 2937
8243 6264
5980 444
4207 5517
8968 3500
7376 6198
6452 769
2684 7033
7062 8632
1141 5871
3127 9898
4370 6834
6340 33
7777 4311
2046 9890
1990 9098
2589 1172
9936 1412
9119 2457
1548 9959
936 5756
9418 5546
6870 6345
2383 3417
2778 632
7989 7959
5829 2614
6702 841
2488 3034
6716 5652
1452 4597
9253 9779
6918 9797
932 1834
9196 8504
3443 6038
7247 9436
5857 2800
8524 4998
5277 9516
1447 2182
9395 6361
7254 632
4467 8531
7995 4827
2399 741
2090 3207
8048 9979
5662 5206
2172 6901
5239 5351
5101 735
403 2859
4173 2931
1361 8593
9990 7069
7797 9549
3748 1058
790 6787
1265 9114
6794 7999
4955 9166
4392 2279
3046 4571
1780 8142
3357 8514
3439 3279
3517 9411
7568 806
478 3601
6583 3747
6529 6688
6554 4585
7449 3880
6246 4849
8958 9746
7730 9321
7927 3554
4949 448
7580 3466
1388 3745
5430 7248
9556 2696
8456 8715
4760 363
8732 4478
5138 7895
4913 9531
5208 2452
7389 8813
9030 5568
1935 2388
8249 402
6882 2476
5428 5862
489 2636
9875 6601
4526 7999
5321 431
7575 1040
63 7900
1602 8213
9065 8537
9678 3498
6331 2860
2994 4772
8608 3754
9829 138
8672 2208
5636 7003
777 1508
6678 2470
5238 7101
2791 901
6742 6460
746 1667
1182 274
2325 1559
6694 3185
2306 2464
3539 7011
2178 7656
6996 5239
5775 2569
277 9403
3325 6867
6351 8041
483 2925
9547 5997
5951 927
6721 7473
4801 464
7600 5440
436 1781
6793 1232
5384 2707
8629 9316
1697 27
5730 314
8877 1094
9065 1772
6145 4543
2402 4076
2951 8986
8124 6184
6522 8356
8618 241
1794 1679
9544 9345
4772 7443
7477 5745
5102 6784
1860 3366
46 2217
9617 6984
8321 3299
1739 4626
403 8602
4912 9396
6983 3735
2547 8179
3316 5962
1216 5831
5910 7091
8049 6942
5699 3883
6290 8742
4865 9730
2969 668
2216 1955
2247 2615
4605 4183
931 5816
2998 3455
6805 3961
5377 1399
3980 9830
4018 6692
2858 7577
7063 9915
4176 3207
3787 1694
7374 7171
9991 2555
6028 3416
8963 4010
5491 3581
4439 5677
5307 8387
3185 421
2335 212
9240 5506
3088 3595
5370 8330
6889 9958
7926 4347
1514 5383
2390 1900
3079 2674
3377 6496
9752 8967
9329 5596
3761 4389
4149 2300
8894 5815
5873 8577
5323 1954
8549 2532
7031 9833
4450 7917
6227 435
5136 1276
9992 9842
9942 971
70 8256
6669 9010
4376 4456
8888 6308
6877 1668
1801 5492
517 5785
8514 1699
300 2199
1796 1467
1443 2867
3651 2325
3286 892
1661 5977
6370 7474
2864 271
8237 7258
3026 6633
7897 7290
440 2948
8847 7275
2838 9507
4227 869
856 9426
5030 3368
1003 9817
2105 8903
8529 2137
5126 6427
7211 6936
8697 5825
1849 8573
582 6061
7000 3544
6944 7598
1222 4595
7539 9368
9175 2126
6655 1503
2236 9492
6865 5268
3187 9578
1296 9393
6353 7478
7358 6594
1563 2151
8467 2696
9092 1125
9120 4578
611 1159
6737 1601
8844 789
4314 6599
6945 8781
9219 8812
4385 1842
2490 1634
4776 2278
7640 8629
3374 9011
6030 5427
4744 6395
5916 7706
8908 4265
804 9251
9322 1646
3153 6401
4324 4543
8682 1410
2012 6247
6297 2457
953 1441
5218 6682
1552 224
9957 7099
9966 6452
6283 8789
7107 6647
7785 7206
6229 8195
681 471
7744 2398
7003 9096
7655 590
5060 633
2035 2734
5641 5945
6443 5674
1629 3239
8008 5048
8236 2975
682 1849
4750 7240
3067 3668
2073 3585
6649 8215
2082 1593
6580 735
1568 3879
8440 4036
4464 5081
4080 2354
8215 4422
952 171
9589 2072
787 6941
7606 1556
1109 7811
9389 4814
9179 5791
684 4378
6646 9602
6847 6713
5118 147
7578 5105
6377 8750
1639 4718
1999 2710
1123 3182
1579 6498
1200 824
6542 7657
258 8973
257 1556
9665 702
844 6719
6179 3881
9836 2728
3099 5959
8024 3448
2545 7296
7457 6276
2763 4314
2937 1563
9220 4818
441 6377
8584 2151
6260 9171
3067 1632
8718 5725
5664 6389
9591 386
9139 973
62 1688
4541 2181
3757 3627
9206 9148
860 8859
3646 4785
2746 7569
1122 2344
2179 3691
6072 2449
4101 2872
2434 1411
3033 65
4129 3434
2326 6880
9718 292
8401 100
9996 4324
6341 5374
7612 722
4541 4899
2086 603
596 4546
5918 1798
5519 9190
3590 7676
8427 4686
9534 8808
5297 1180
886 8615
3596 8334
4156 6470
8955 4326
5274 2344
6786 3496
4641 2168
2075 3024
3971 1724
6016 5208
1013 3399
3934 7031
7890 8814
7344 9939
5414 8859
4095 4658
1569 6592
7978 4159
1362 7044
3448 2475
5493 112
8676 1433
1556 1055
1161 6228
7711 5478
7188 521
575 9313
6506 7991
700 8620
9665 8644
2831 7389
5773 1134
8079 6330
4437 2489
2081 9673
7440 255
8601 4673
5353 8619
8405 5477
884 37
6824 7339
3032 5985
6767 8952
2531 3288
6339 1376
2286 3552
5765 2500
3575 7605
6856 6985
5258 4712
4536 4489
7853 2935
2564 2395
996 6917
855 361
2792 1216
2789 5862
7969 8459
6708 8725
337 5478
9562 7115
690 2564
9686 4148
8293 845
7369 8414
6840 4092
505 9151
3689 6512
6179 853
9279 1652
3918 4631
1245 3644
9910 653
7733 3982
2991 510
1996 427
7848 7968
1227 9492
3115 4425
6817 9448
5330 9611
4269 9241
9189 941
9503 9189
5229 5565
2613 8781
3989 7720
2634 485
9772 9416
1070 6398
8969 5427
8064 8471
6743 8843
8607 7419
4234 4068
1621 7841
1830 6624
1635 539
9284 9017
4701 3898
6791 1386
4333 8652
864 5926
2853 4871
7293 5365
3629 8665
8870 1880
7126 753
3560 5272
171 1639
9714 7098
6779 7126
2237 1989
3154 2822
4298 458
5315 1046
5400 8633
4255 5518
54 3364
1567 5377
2614 9112
4127 7463
7634 8552
5957 7316
8173 3763
321 3082
8423 7720
2045 558
636 704
6458 2689
3519 9334
4555 1097
447 7188
1172 2543
1679 4601
666 6542
2944 5415
4247 5317
3404 3498
7653 8553
3640 5948
2629 6685
4514 6715
4812 9534
9074 9142
1514 3776
41 5847
3269 9110
64 9311
4680 5789
3633 6327
8239 7488
1674 6414
7893 2589
7659 32
5853 3162
6880 7992
9347 4120
4413 1630
3490 8163
5554 6452
2949 3122
6942 8379
9139 3518
2944 2973
65 1540
7191 97
4151 5890
2163 6965
6410 759
9692 9122
5838 7097
886 5348
9 6803
7957 3646
1176 4425
6025 5235
2299 2916
8299 9194
3193 5333
4206 8746
3030 8078
9343 7137
2123 7835
8234 6995
5700 34
7461 1816
1030 9444
2192 8949
115 1359
6760 854
6429 9117
513 4168
5640 5215
8786 4182
5504 1054
7121 167
7743 1213
3249 6765
6232 650
1407 6998
3556 5041
7471 2469
5001 2477
411 1765
1993 6583
1054 7601
4237 8181
3104 7313
1470 9852
2008 9830
933 9337
8963 3255
290 4078
9489 212
4388 3532
567 8932
7509 8848
5176 5714
9640 3359
6037 4825
4735 9234
361 4330
3805 6004
6472 9426
4033 3508
9886 4659
7278 1691
9083 9197
9400 9655
6814 2259
3926 820
7340 1884
1528 3524
4498 2014
738 793
214 2215
2532 4865
6449 2275
240 7296
2688 7983
7742 353
9976 2170
1466 8729
4176 4272
4165 3118
2409 7272
2654 686
4677 364
495 5996
7771 2144
4495 8858
7266 1950
5344 1730
3031 8184
6124 6656
1668 3548
844 1057
7578 8540
6929 163
8927 7034
2337 1345
8553 2701
9029 6483
4496 4396
3919 7859
5673 6020
1435 4936
999 5627
5981 8223
10 6864
2903 8436
22 5162
3080 9356
8583 9201
7029 7331
4560 6652
6171 3631
5860 228
4020 4440
8297 2017
3604 1966
5816 6215
8388 2425
990 330
2979 378
5101 1071
4204 660
8513 1958
8398 8596
4537 8448
9487 4606
4209 37
1741 3749
4801 2213
632 7478
3007 5386
206 1743
50 6941
2598 32
8625 7593
7396 1627
6015 1064
1605 3142
9299 4259
762 2288
8359 9174
2138 8037
9169 7746
1790 6970
2529 4885
6707 7712
7863 3939
165 342
3003 2067
2040 5556
9046 7724
6078 7084
6216 2870
8421 1452
225 7338
3326 2779
940 8989
1413 9886
501 331
5525 14
546 9698
9739 8589
943 7375
538 4831
5290 3572
6154 6057
4573 3129
9642 2925
4816 3762
7905 5781
3517 1438
7500 2107
5797 7843
1338 7074
8049 2046
6186 6201
8959 7793
4508 6166
1041 4870
2638 1667
9349 9995
2319 5326
8968 8950
1820 2756
7574 9296
51 2323
5377 1688
7056 5363
3650 7200
8075 7166
6296 8439
6398 5048
6504 7581
8277 8283
7988 6008
7931 6168
5011 4389
7601 7524
1183 2213
2571 5319
3338 2980
580 8410
9531 1768
5942 7982
6535 2637
8935 9401
9352 7113
1521 2069
4471 5753
914 4524
7237 777
2344 5574
5398 8106
6355 4100
1069 9467
4772 9096
867 593
2895 8396
1698 6165
1801 6886
4447 9827
8210 6904
8419 9915
1465 3240
8016 3115
841 3520
3329 3742
816 3275
2304 4061
4603 9754
3124 3143
9052 2899
6347 2385
4350 5186
4307 9198
7351 2632
2607 2364
5520 9535
4611 985
927 8212
7579 9145
5571 5437
4395 1087
5329 7046
9148 1997
2183 8662
1060 385
8916 1848
2534 6973
6350 7250
981 2832
8995 4890
3625 8208
4959 2546
3341 6871
5757 2709
8949 3011
8586 4189
914 6875
5078 3215
3735 3481
403 5025
8767 4794
8622 3841
2172 7694
9466 826
2892 1022
3914 3727
8604 8087
4389 6123
394 2949
9555 9360
8509 4002
5453 9933
8537 8170
296 8235
9225 5640
6982 1795
5697 5561
3357 6906
5366 6379
1958 9057
6592 3515
9036 6642
221 7880
1609 5674
3805 6100
5619 4511
2681 643
2246 1513
1069 4603
54 4500
1691 7361
3280 6078
4228 1919
8242 6848
3097 6958
3832 1695
4160 1876
2330 963
8395 2872
9595 1071
1698 6854
7756 3351
1939 6183
4979 1252
988 4830
4375 4644
4987 3437
3415 9119
6393 4313
4991 1576
2424 2030
7859 1076
2358 8222
5626 8573
6675 3549
2654 3996
8886 9219
3777 2613
7570 9343
8501 6266
2982 255
9276 3904
9408 489
7031 2138
9031 2839
3353 1549
3893 8244
534 4470
526 9323
4664 9310
9130 7420
5858 7209
4659 9803
7978 3236
9177 6483
2030 7512
2804 3727
2712 4256
605 4229
3878 5813
6840 4003
1696 9818
9134 8281
8573 1849
1172 2934
7306 6789
5353 3629
9530 9777
4803 1881
1012 254
6043 1066
7209 1941
7427 7226
1146 1311
9294 7089
2102 1895
5143 2307
9181 7075
56 6694
6667 1294
5325 5630
4126 7004
4085 8502
2323 9369
1419 8295
3908 8976
2636 2916
6121 4276
8631 21
9868 2595
8744 3100
9029 331
1982 8451
9984 4462
3741 5671
4602 871
5290 7219
8297 1272
1745 3137
3139 1202
9585 7819
4827 9308
4890 9942
306 6764
1613 8368
7347 4014
3223 505
6608 4239
8647 553
5069 2750
4868 1350
1680 7286
7765 878
5296 4346
8687 3901
906 8059
181 6279
6415 709
1212 1196
8971 1387
1160 3350
7561 5639
6728 8141
8164 3976
4271 5889
663 153
7133 1707
4926 9585
8507 2107
7686 9649
8255 9774
4471 5309
4856 8480
6032 4343
9680 2013
2882 4643
838 4009
9871 7177
9515 5326
398 1440
3524 1643
2840 2526
3736 4998
8039 8170
4043 2759
5416 1592
5087 1058
2872 453
8820 5717
354 362
3349 9561
4293 2928
9177 5527
2929 5612
649 4130
7285 3150
6410 6301
5435 9360
8186 539
2795 8387
2917 8566
2473 2173
6742 550
7433 6864
4285 6271
7326 5014
9193 9220
7157 5957
5339 8835
808 2474
283 955
9795 7308
5540 9954
45 8577
2570 4
1429 270
987 2851
4751 9754
1720 6455
7010 5121
529 185
4675 3045
2713 1766
9411 4475
9879 1459
2581 1725
5619 9113
4901 6818
5443 5576
2606 830
1141 6285
7160 9856
8945 7946
6508 8119
3300 7010
4748 3521
1941 7379
8376 9831
1065 1357
7006 1081
1812 1215
5838 4687
1666 8972
1488 7441
8994 8933
9949 9697
9091 1779
1355 3694
3834 8627
7844 8016
421 1332
4181 7270
9154 4935
7287 7758
5801 5531
5798 1714
367 847
4107 8250
8417 1886
5574 1347
9336 7389
1074 3034
586 2391
4021 5641
8029 2314
6025 8239
6655 6146
6425 925
6296 4525
4591 3970
6557 614
9429 6109
6312 4427
9559 4358
394 9063
572 2681
9485 1327
231 1838
9107 561
3273 247
425 7658
5859 954
3578 6248
7831 3337
3695 9403
2663 3250
9373 8275
408 6768
8203 5811
9738 9850
9915 9339
4472 5612
4260 7876
5847 6906
3881 5412
1111 9170
7146 2890
5758 411
4805 7399
8950 3868
4296 6224
4922 3404
4711 8951
8120 5062
8243 5830
7459 4695
6486 8319
5137 2451
5479 2778
2810 5361
8237 7305
4447 1661
680 909
9916 3180
5305 9131
1195 6288
9165 3280
4009 919
7977 2518
3054 7378
3540 4381
3968 5979
3663 3169
112 1514
5239 6132
7280 3248
2697 6522
5207 3012
63 6790
5689 897
4603 2240
9605 4021
3397 768
7401 4097
9770 8098
4681 9149
1391 2350
8885 6300
5758 8808
3951 9104
6562 2524
2448 4497
9048 4431
1385 2303
3493 7044
4531 8819
8377 1266
2415 9655
8400 7250
6480 9893
7991 4810
6846 9185
2599 9855
2383 5780
1091 8908
7942 1272
9389 749
5756 3644
5101 7395
6441 1449
6565 4604
7938 5308
5575 42
4071 2064
7036 6537
141 5735
1892 7282
3796 3246
1243 5856
9821 102
2668 8398
2280 1810
7490 2169
6369 1396
1886 1244
9621 5517
9511 5572
8305 1440
6666 9382
3918 7202
2072 3453
7362 9468
5694 6386
3239 2377
9271 7460
4871 7837
819 3422
3376 934
5322 794
7363 4138
4112 160
7937 9766
8821 7667
9395 9242
1153 440
1943 1986
2625 7822
1533 3272
885 9449
797 6518
3265 7586
6614 1907
3577 5752
2852 4270
3279 921
4074 5615
6917 5277
1444 9378
2387 4381
4430 5547
9679 8345
2848 8608
1836 5517
1121 7955
7217 5773
6872 8502
524 1730
7246 901
1253 5142
3330 7809
4688 4719
9082 5457
5411 7348
6227 3801
1204 4491
7390 8842
1965 197
7720 6692
6756 402
5419 5505
5984 670
4431 6265
4226 326
756 4168
9456 3694
1083 4192
1794 4773
4238 9487
4344 5411
9132 8137
9447 8578
7527 2940
7940 8240
2675 4549
7917 7570
4582 5817
9258 8141
2947 8314
4346 6792
6419 8888
6648 7997
2429 4084
4314 1513
5426 6907
985 6031
5826 5582
2277 8300
4930 4127
3367 6828
555 2993
6769 943
9775 334
3287 753
4993 7051
7764 4714
4100 2402
8351 4461
5529 2292
2411 1915
4970 7300
4190 4617
6944 3246
1523 402
4242 6632
5670 5279
7135 6723
1612 3476
5661 9810
8658 4818
6172 4791
7926 6633
2152 6584
1076 6274
2600 4230
2231 4752
4953 7557
5271 746
3776 7368
5854 514
2577 9605
7100 1943
6490 874
9972 5446
9131 7845
5853 722
892 2641
8127 1868
3167 3269
4236 4460
9176 2673
9441 3031
3084 1344
768 674
9313 6273
5014 4446
5384 6598
2178 5763
2267 9285
5582 9025
8919 5965
9741 164
5266 2696
8533 9394
238 4989
6497 2716
598 5642
3382 1377
8599 9069
9539 4071
7065 1207
6849 7893
1291 1666
1387 1574
2422 3039
3658 1687
9974 5886
4493 4972
6369 5071
845 7699
57 8518
4589 7460
6579 5272
8775 5138
5440 44
464 98
1792 2721
1102 64
2269 997
2855 8445
6289 6695
8882 5689
5350 3435
2112 9155
7725 8477
3927 8337
6632 7374
2133 8037
9579 1494
7325 3707
7738 1670
5513 5819
5289 9902
9720 311
4353 5997
4753 1163
6060 4860
3341 2477
4771 3574
3691 9511
5759 4123
9541 8154
9504 9297
9872 8767
3149 5603
2012 8594
9309 704
3545 809
37 5543
3380 4296
4808 9190
6803 8442
8982 7642
9834 1567
1199 7132
7026 1212
7552 2138
7318 4174
8775 2942
7759 5546
3853 9527
9971 704
7638 5810
4783 5838
7283 5080
7541 6470
3823 9659
9617 3729
6120 4663
6311 7246
3736 5573
127 9890
5685 5714
19 6225
1567 1045
2696 9933
887 7006
2970 8875
1596 2469
3541 1495
9469 2733
6303 2562
6595 832
1031 8941
8622 15
7897 2654
4666 3883
8249 8103
4696 6444
4364 1764
5453 9075
7107 4164
9800 8062
6583 5762
8993 554
6670 5894
7848 4872
5024 9314
8905 5348
9749 244
9835 9751
4297 268
225 6069
9473 8798
7327 1917
8332 7267
9179 3237
8758 1406
6511 1520
8298 8208
5215 6366
1324 3117
2885 4675
3563 1318
9571 5557
8298 8581
1013 4922
9036 1469
4038 1904
9835 7149
5444 3012
2398 2516
8686 5793
8568 9933
2295 3613
5646 7140
2063 8565
9103 3747
3124 266
6796 341
3157 1113
2124 5204
7704 297
1971 6115
465 4244
4353 6465
7655 297
7667 8418
1835 5063
8343 8181
7324 1740
162 9742
7743 5461
1361 6691
9585 3142
1366 8462
8640 6794
9866 5107
3016 4677
3900 1242
3284 385
5429 3551
3369 914
1437 5301
2116 6033
2791 4661
6861 1258
9776 5611
1738 1456
4668 4060
9123 9818
6855 7268
9428 4286
9553 8404
4198 7821
851 9026
7765 2132
234 8271
7767 7704
7921 9072
8265 4132
7520 4788
5188 7261
9746 3640
6315 9070
7447 166
8091 2734
7199 4998
6349 712
9211 2176
2050 5207
4633 3018
8601 7356
7294 3462
489 6347
7578 9616
3997 4785
5061 8223
2948 9903
3866 9686
3862 8037
4983 8779
2083 3081
6967 1597
6405 5707
1553 8506
2702 6323
6106 4419
689 8250
5946 6078
4061 2330
3484 3553
350 9504
835 2095
4546 6408
2159 4452
2001 3165
8167 8707
1415 7998
7306 7735
120 6758
315 7543
8580 5104
3648 9864
4064 6112
7270 8823
3373 5141
7948 3272
3723 1846
2564 8051
4103 6636
2558 8341
9960 2644
7572 1703
1241 8394
409 1916
6510 6327
8685 1408
1401 8610
1789 7019
1679 3698
7382 2984
6370 260
6839 6349
4656 405
8373 5325
2630 1265
1532 3381
8991 685
9282 232
7276 6398
9061 3445
2827 695
6559 9225
2455 9317
9800 5660
5826 6891
3750 6808
724 9638
3427 8117
9450 8244
5672 1809
2881 5996
4972 1825
5887 5264
5607 5799
7775 7005
3741 7615
9296 8724
1057 5349
8252 218
4835 7608
7487 6808
915 9257
5510 6327
2971 2957
9092 518
278 6161
9839 7850
3799 1027
9936 9335
9687 9927
8842 9295
2713 7782
2209 2987
691 4223
1504 6492
5819 8888
3324 1936
2369 2734
1139 6768
7664 9630
6843 6127
1888 1702
7213 829
8085 4931
644 1426
3985 6763
3410 5374
619 369
4094 1479
9244 6079
1036 3353
1280 4095
5167 4464
84 4537
9225 3670
9869 8570
5164 6724
817 7325
427 2916
1581 9206
3305 9627
9043 8818
2957 3656
8055 9594
8239 1474
804 184
7798 7055
5491 3228
2799 7588
6370 8628
7526 6083
8598 2960
2056 4139
297 4885
7548 6979
9997 9848
865 9564
1524 4887
8038 9715
4895 9974
5440 6378
1977 9315
2391 9698
1416 2227
7413 6923
4215 476
703 4761
6040 4824
3825 4121
5620 3175
363 8439
5198 1651
8121 8537
5706 597
9219 6094
5047 2186
755 7455
4430 4827
6009 4934
3973 1354
1199 7844
5068 1787
8281 3733
6666 8149
6190 3637
3218 2600
9795 61
2747 538
6238 9759
9765 7883
8558 2919
1985 3467
5942 2357
7807 4012
7607 9806
8657 6286
1602 9992
7255 6086
7370 7561
8167 8839
368 9839
7709 2303
638 9080
2360 1346
3125 5172
7878 615
9995 3316
24 8597
8313 2958
2486 4049
5206 7784
2505 1909
7366 7401
8346 6007
3424 7219
8353 9613
4421 8738
1832 5154
6371 9631
9296 1562
5377 500
8692 3522
5377 73
1501 5269
4493 452
1958 9704
9737 5430
6360 5883
8307 4490
1929 1074
2819 7072
2333 4056
55 7509
2633 7882
9272 6200
1223 2944
4287 6963
9938 4734
8462 7222
981 861
4271 3193
5416 3876
8229 6012
7918 8619
8768 6560
1716 3764
883 3922
9525 9620
1054 6178
691 3643
8882 910
9008 610
2789 1935
7747 1975
168 4464
1901 7645
3334 8716
8757 4427
8554 317
8896 1209
1347 21
1153 7021
7735 9622
39 9446
1515 7032
6671 7596
7121 5128
4146 7506
8309 7566
8088 8530
4632 1298
5818 775
4201 5321
6655 1093
2370 952
6363 5162
1840 8341
5092 3960
2213 1340
4539 2752
6555 798
3699 8574
5796 9019
3510 4391
2712 8033
3088 4260
6734 6766
7257 5502
1232 6263
7152 3374
2474 6036
9047 1304
2923 6194
5440 85
622 4884
7562 7947
7962 7442
5453 9943
2723 7449
4802 3750
9936 9615
7914 688
8721 3511
2238 1246
7001 6754
9453 2290
7328 1355
7377 655
1803 4325
2982 9944
4362 3700
3870 7809
8137 9010
9325 387
2990 2806
2272 8616
8465 8428
6355 281
614 9751
5953 7339
4285 8385
7727 4443
9547 422
8644 7496
9350 6925
3098 7034
7363 7570
5874 4742
929 6618
4078 2609
1736 1695
3584 417
6116 1219
2297 606
4856 8221
7930 2717
5325 8239
3831 6940
3867 2176
8290 3878
147 757
8340 8718
6287 9337
6350 993
2400 7801
3594 5637
4857 4451
5334 9309
9117 3101
6515 8430
613 3194
9762 4499
4018 4506
6744 2567
4329 7293
1212 2473
9825 8901
984 9922
4385 8796
6517 8138
6671 5937
693 6146
944 1351
8949 2947
8812 1945
2025 1307
6554 8641
7449 3115
6163 6954
7780 3666
8444 4320
6880 4171
4563 3922
3794 15
3200 3844
8488 1006
197 3298
6766 2342
87 8924
6811 6826
6188 5156
8097 6962
1206 5931
3803 8470
9371 4759
566 9037
7820 3489
4967 2075
394 8118
7977 5081
8585 9094
3201 7577
1130 8528
6346 6777
9446 6309
4595 2129
3458 1495
5394 252
3672 1272
219 8401
9618 4878
5968 5299
198 9712
5245 3980
8124 912
5571 9295
5371 1661
6884 6770
271 5805
5138 4489
9486 6362
213 6271
6446 4331
320 3745
4811 8848
9652 5571
9779 3426
1332 8988
7957 214
3757 2603
8402 7130
1051 7792
3455 5742
9651 8921
3580 2479
6463 937
3428 1692
1547 9048
3137 1264
6869 9001
8485 2455
5664 938
6324 6249
4773 8087
8102 2202
4020 1273
5020 4939
6767 4810
8666 8430
4702 1572
7955 8573
3226 5340
3304 3498
8796 3358
489 2429
3599 9196
6638 6857
6303 9922
3389 2041
103 6806
7421 7240
5014 4499
1567 9670
5110 1459
9773 1169
4687 719
2014 713
5039 5689
5551 4968
9943 5920
3149 8676
1933 1394
9071 5758
7670 1770
169 47
5665 3864
966 3126
2140 2096
3154 9282
480 8288
4697 7970
3663 5446
9616 3329
8164 6642
2750 9544
6868 2958
5505 5378
6638 2510
5033 4022
8847 4632
3808 8995
5251 2084
3998 6247
7922 9160
5583 1102
3794 3020
5499 289
8292 8272
4333 6933
1414 2275
8468 4153
1087 7104
2584 6767
1411 8929
2806 5867
1823 1063
2624 7455
6002 7985
2181 1318
8072 4898
8750 9046
2419 1308
6703 1390
1031 9029
5788 8617
2046 7777
9384 3392
3402 9189
2190 408
2391 3298
361 4635
1981 4558
4226 9990
5197 9764
674 5919
2894 8454
4948 5827
8132 8483
9135 1050
3137 5744
7673 3630
1116 7539
8222 7355
2338 4274
3925 5197
2641 5881
5717 715
979 5871
5991 7238
2030 5626
355 1732
4545 5735
4704 7958
2370 5013
6315 8651
8719 5771
485 5082
673 1537
2046 7310
4973 7094
4684 9950
7799 4528
7246 2976
6720 8854
9250 28
6369 6557
817 1957
695 9853
3390 1098
5522 7610
3284 9225
8990 569
8133 5602
9365 1287
2157 2891
3158 4226
5567 696
2202 701
5069 4532
8768 3821
3905 2897
6963 5609
3441 5686
3813 2270
938 4795
8640 418
1993 9088
6369 1875
6308 321
7767 165
239 4066
8145 6863
4654 5002
5283 7120
5907 8730
6567 9919
9485 5811
9431 7493
4018 3943
4013 1679
6154 8523
2519 4440
141 5887
76 4156
3414 5115
5211 9314
2921 6484
4782 1400
5970 868
172 5395
8490 2506
512 1959
6921 291
9692 8311
7587 4722
1262 7542
7995 2892
2372 1828
8569 7486
202 7347
154 9128
2784 2837
974 1898
8106 8351
715 5119
3484 4277
8168 9510
4757 349
4793 1781
8719 1902
9984 288
9240 768
7600 1963
7186 5083
1427 652
8495 8421
9187 1870
5651 5306
6416 5176
931 6216
7635 7343
9107 8557
8081 1893
3262 7435
5475 8555
1860 3747
3778 9833
7481 8527
4985 5871
3112 9426
5660 745
5506 1962
9396 798
1233 4180
2509 384
1805 47
9815 588
3605 2138
233 5308
1460 4815
7537 5778
9587 7316
3114 6888
511 8227
9455 3995
434 9191
9500 4951
8960 5836
523 7419
5082 121
7836 9626
177 9684
6862 979
9625 7963
283 2231
2558 2115
3175 4675
1250 9736
7469 8573
4037 6081
3507 5913
7858 9145
5980 4923
6702 9495
6217 1795
9414 2073
898 3579
6697 9927
3404 4261
8150 6149
2734 3385
700 1395
8344 6463
7579 9489
7158 2806
2023 3342
3291 8484
1816 9273
5859 4950
8303 2106
3287 4567
9657 9441
7483 8716
4537 1062
58 9500
3162 2721
483 7469
9097 2661
5394 6439
6951 8450
2178 9934
6567 661
2171 4969
1066 1976
1363 6085
9851 570
3 2077
8623 7364
4785 2613
2744 2589
9681 858
924 9736
7054 7092
6616 5958
8071 5927
2540 1185
7931 8241
2948 9161
2885 2321
4294 1082
582 7320
3500 8834
6917 9158
1374 990
8688 561
5852 2636
8118 9883
7859 5215
2176 2785
5389 481
5712 6655
8432 2301
767 7181
1325 5114
910 5565
7381 5780
4779 1025
6339 4370
899 5202
1476 1151
3962 6047
6034 4450
2066 1640
7086 4097
6301 7159
6143 9947
3963 7625
2016 5688
2280 8490
6258 3594
7465 6760
7327 1540
9281 7997
9603 7564
1341 9337
5095 7564
1992 2185
5472 872
3491 4293
3196 8212
2237 7453
5714 7310
4486 562
4455 2173
4829 783
6648 2683
9677 9506
1244 952
768 5125
5574 8619
7206 3393
1555 7028
3515 8019
3686 8833
6667 8190
6464 1032
5427 3527
7283 4931
2211 1960
2243 3181
9751 4991
3224 3704
5892 9901
6147 8695
3376 3799
7620 8089
6206 1221
8209 2580
8536 136
6824 9177
9284 9149
5960 8316
6494 7133
2720 8972
9372 3225
3305 8288
3753 8575
2742 155
1703 1192
173 8247
3568 8136
8581 1205
4955 3692
1475 4344
2212 129
1865 9204
9855 6541
2875 6749
4841 2909
1913 3213
9601 6497
7593 8840
9616 2571
4372 7076
4965 9900
3852 3805
2958 7332
6518 6794
3523 721
9927 9254
670 4936
9275 3424
9747 8740
1577 5003
4937 1356
6424 8721
7563 195
5808 4638
7855 3740
1195 1974
6220 5175
1249 3040
5486 5942
8763 2414
2666 3604
4284 8594
8599 5267
9542 7140
766 1395
8037 6359
390 1018
6658 8534
4157 1761
7830 4955
9299 8303
6461 9853
2207 8343
8822 4577
6382 1566
4477 5368
6343 827
750 3424
3509 8993
9942 975
6308 8903
3807 2445
5628 1734
2767 8724
5876 5446
7660 4882
1909 6017
4115 7815
2805 6884
5784 6255
2568 6509
9493 9306
9846 2226
7084 9756
2127 9887
9861 9616
2871 4504
9596 6694
6397 2857
3567 6160
5458 8679
9726 8454
5525 1419
2905 1424
3244 9977
8951 8457
358 930
65 3278
3681 8429
8840 4723
2214 957
1392 4381
4111 3727
624 4732
5764 5055
7026 5633
8621 6280
7393 1449
3879 5648
156 3677
5391 8820
3412 7696
5177 8777
913 3381
2481 6215
2977 9031
88 5070
4844 1411
4525 5895
9320 6643
6953 7145
6828 6563
6082 8682
9560 3198
6840 98
8899 6793
6802 8823
5843 9454
8222 8747
6430 86
1348 5607
5647 5212
7965 9421
3238 6354
3068 6994
8896 9215
4170 6778
8709 9843
5292 7362
6112 8555
5339 63
6460 7746
382 2834
6505 4032
7490 6178
7438 9784
4517 986
2740 785
4323 0
2946 7916
4104 9315
6985 5979
4254 8286
5624 8213
2174 7898
1798 4017
3917 9303
9677 9500
7144 6622
2639 4228
8909 4529
2177 9264
8251 3851
6586 9780
8028 2128
2760 6344
6168 9671
9131 3795
3964 7481
471 140
3136 8013
7553 4186
1940 4190
3441 810
199 2607
3782 7375
1686 6455
3321 4877
7313 5565
3906 5302
8968 5903
8052 9184
8302 3736
3010 5658
2017 5097
8872 3647
3240 7333
9650 8889
226 9085
7072 8731
416 3376
7437 3886
1029 7901
6150 1515
7424 3941
6868 5861
5323 3620
7716 1819
1762 1167
5517 887
2292 1212
8437 702
1216 7193
7664 4191
3866 1996
8577 6692
6578 6395
994 3415
8467 4140
396 2938
2073 6362
5591 7917
8904 1077
3978 7014
1414 2602
4287 7757
3536 7409
8002 4299
5802 1835
5072 5777
9110 8004
8031 8711
6303 7382
8005 9294
1730 8924
5397 2419
8019 34
5513 2346
2855 3606
3096 663
8163 6376
4943 3480
9725 899
3289 7203
244 5931
8815 3594
8829 8813
4775 8764
9127 8206
5752 7220
5422 493
5987 6866
8714 4078
9999 2607
3396 3325
8733 631
1552 8508
1440 9141
696 1206
5008 8851
5920 3166
2267 7790
6052 9799
9455 4690
1752 837
7080 3388
8684 6445
8594 7377
3897 4432
2677 7314
1286 1567
6297 7365
8135 3566
6991 8100
5412 8730
6651 9785
3597 7396
1118 3816
332 415
6823 4647
1252 6784
4953 2370
5681 7036
2009 7267
2863 7506
9397 7082
5801 4508
1266 164
3518 5354
4649 1576
5856 6595
3836 8188
4147 8531
6842 84
702 3340
5609 8557
2911 4466
4130 6608
4847 2631
209 2089
2851 9755
7511 6562
6947 465
7971 1552
2777 5698
3459 2865
4100 8598
8586 1399
9639 6307
2448 279
9993 7947
6989 2774
3149 5495
8712 4978
5103 3302
9986 483
9725 4524
3541 6584
2782 6194
9486 3280
4434 6019
6586 557
1568 5794
4127 297
5350 8326
9202 5931
4329 9204
3151 5915
2717 9967
8627 7801
3529 8800
3762 9097
6702 9665
9853 6848
7289 2716
9999 5743
3058 8396
7262 577
8820 22
3870 4521
8768 7457
9324 2221
6040 6962
2699 1280
5686 292
7104 9979
1690 2305
8707 3782
939 6412
7248 4436
1357 7548
5157 5657
6051 2944
412 3405
6187 8866
6791 7690
4665 4035
713 6291
9266 8932
3568 8953
4814 1258
8943 1145
5592 3561
8376 4422
3246 2737
2463 6529
9600 2249
1455 4004
1915 3166
1780 4992
3326 4099
5272 5444
8462 9114
2605 8465
638 1160
4612 3547
6873 13
3912 7406
3882 8006
6796 7601
4236 1266
1039 1359
8369 3318
4873 490
5145 5261
6230 2856
603 9473
2689 9848
861 3178
7738 885
8287 3877
3709 2762
9952 3628
8389 3744
3465 3339
4396 4706
6776 3483
2451 861
3700 4305
3247 5370
8669 2171
3073 8592
7630 6552
3266 7312
3978 1848
8668 5463
5395 9352
6859 6261
6301 569
4675 4338
3958 8458
8284 1102
5507 5366
2770 5892
1993 3614
9623 1755
1614 8349
4269 5063
9878 3023
2728 1748
6150 8167
3971 1170
3905 3131
4384 4570
1572 604
2251 1336
7303 5417
91 1975
3306 4755
2644 5599
1918 4190
3683 3711
2504 2020
8043 2516
542 4478
6344 2407
399 1430
3503 8168
7810 5021
8105 641
7805 9682
4534 3878
9188 4571
1402 4334
8754 1773
2234 2611
2050 8138
8248 8933
7967 5977
1619 9524
2050 4794
5228 3724
9706 5466
8649 3662
302 1924
6207 1426
4833 2816
9625 7159
8966 3429
9321 1919
3232 5025
6618 1686
7047 4824
7656 4134
6823 8347
7488 3725
260 9286
5042 3972
9805 4590
9281 733
1076 3429
9351 3430
8743 3793
7076 109
8868 3885
8489 6560
8303 2228
5217 9394
4438 5990
3241 8533
3895 4753
6764 3512
4360 3543
1220 5160
832 9253
7450 8260
3774 8191
7478 7402
2758 255
7123 7873
8796 332
9040 6836
1620 2702
8319 9717
66 7700
5282 819
9487 678
5862 8153
9663 6423
1749 3773
3282 1653
7720 5971
1409 9920
9142 3929
9815 1246
9192 9173
8717 5633
8922 890
5313 2363
9794 2916
6878 8001
4590 4335
7622 292
7973 8133
7940 896
7535 3369
9853 7297
4524 4219
9367 1380
3808 8444
6726 7243
3756 5317
8636 9651
1111 9118
8724 848
644 9073
1102 3794
896 5107
8496 8290
3986 8852
7329 6988
4868 998
5398 8961
3226 6655
7813 368
4015 3571
1397 8120
2781 1291
6386 7812
4433 8035
1273 8952
8314 3257
4442 3110
8299 6948
7372 4558
9934 7874
2730 6212
6186 5464
1698 8525
4622 8184
354 177
6603 4831
7027 232
7293 9494
2813 5620
5991 9530
2721 7381
6470 8182
4953 3026
5050 3839
6782 2835
1416 852
7574 9741
6176 8327
6406 6365
5039 8848
33 9798
3147 3773
439 514
1387 7060
1563 2381
9468 1531
9872 5078
2723 6555
9885 295
4336 4442
823 6733
6246 5381
2182 4392
9437 7231
5309 6624
2618 1350
591 3874
4260 7569
5595 6578
4899 4949
2253 7396
2232 4357
8478 8084
4123 2112
2533 4631
4966 3591
3997 3050
7562 3730
5441 4070
8043 4700
2346 3829
9951 2471
2513 6496
4379 2746
3114 599
6604 4131
4995 8349
6314 5156
9554 5672
5745 5132
4100 7750
7276 1720
3923 9175
9175 3225
4234 9464
4672 4702
6133 235
4259 3846
2762 2882
891 7024
9984 5330
7633 5046
8511 5378
6488 7593
1151 9837
482 7229
6544 2991
8149 5044
6342 2022
9448 8494
4261 1878
263 4758
1029 610
3127 4808
2566 6890
6621 1349
2188 8771
8064 3989
5405 6871
4687 5146
5260 9448
689 5042
5828 8890
9789 6102
1305 4671
9641 7563
5681 5645
6740 5387
2331 5102
984 1947
5759 3654
1829 2524
8357 2634
6272 8084
1029 6356
2195 8692
6997 4793
5688 7550
3555 6183
3485 8622
5957 9703
8640 9756
6982 7171
3528 1759
9812 1923
5353 4525
8099 2130
8566 8171
9719 9298
1731 4966
8492 8074
7434 455
8715 4460
8126 6996
2688 2292
3815 2466
5537 2287
8752 3044
1392 8478
5479 3789
9542 2027
9528 6178
2706 4863
367 8093
2786 3930
8053 2699
929 1542
4803 5454
75 8310
5033 2462
7737 1422
2921 1520
4184 5320
8525 5855
5730 8087
1524 9926
8815 270
6320 4071
5289 6846
1651 1588
186 2929
8737 4283
2423 3088
9541 742
1303 2466
4059 744
5659 8688
812 50
8042 5420
5532 7776
2699 2929
714 6807
9613 1801
5990 2345
626 7962
5716 4360
6170 2878
9120 3029
1664 3136
5383 2743
5812 4699
3915 3101
7380 3479
9288 432
7585 6055
2000 874
5320 9315
3581 5194
7840 6420
9335 8610
4497 9700
5404 7162
4796 8057
7415 2862
7281 4549
7780 6211
6418 2288
1870 8597
1517 5080
2424 6741
9251 7559
8374 6440
9324 9140
5071 3206
6026 611
2040 6791
1321 6068
9925 9086
2392 2932
9944 2580
714 5750
4146 6211
2369 2956
3711 791
5809 9181
73 1903
588 5216
907 6412
6116 5989
2963 1811
7941 4251
511 8393
1744 7135
1398 3930
8075 8271
3103 3172
5762 7277
7275 7353
5176 5028
4599 4117
4634 3935
7333 413
8838 4554
6968 5725
3732 9216
3042 4903
5162 7229
2150 2737
3886 4488
8997 8169
1580 8084
5611 3227
3038 8909
6156 4671
8348 9485
4754 5906
110 8330
3379 4154
3825 8992
5053 8976
2350 6889
9867 3893
8651 1976
7262 4083
1572 4064
6600 7550
5352 1617
4862 6009
8756 4115
1316 8922
1348 3534
6466 8059
9748 7093
9401 1757
7043 63
2001 6041
6804 5987
5623 6123
6944 6649
7498 6673
6568 6169
3814 8506
6785 8477
5930 4924
8998 8133
9288 2376
9973 7684
2114 1472
7406 263
208 6169
9928 2324
8435 7589
1998 2433
9759 639
5475 2134
4257 8568
2846 8404
3056 7644
8313 4578
2370 7497
43 9818
5493 5000
9047 4254
3282 5100
7735 6895
6914 8861
2747 2915
7776 9937
9498 8889
3165 4810
4139 7728
1006 7071
5603 2253
4743 6911
2644 4935
3788 5126
2273 54
6735 4983
1866 668
7079 653
659 9020
4768 610
5327 2956
966 5199
625 136
9649 6510
308 3067
3225 5900
5316 5055
3435 1154
8145 4719
984 753
5366 6712
4845 9635
1196 3429
353 7471
3722 4120
873 3253
35 4967
4987 4479
1524 601
684 1645
7845 3916
3015 481
8342 5180
5839 9887
9823 2809
5620 1592
7166 7472
1074 2584
4475 5793
5387 778
4478 9371
5664 7151
1927 6823
9715 1584
2199 6117
136 9786
8783 9176
8805 4298
8001 2402
6111 8145
5687 591
1184 9432
2929 1471
4213 1912
3111 1311
2686 2111
2874 4272
6027 498
5206 3433
201 4016
889 7769
2804 1340
7650 4866
8386 8888
9925 7509
1372 205
1395 1944
2241 4222
4923 8443
4246 2935
8595 4933
9699 9116
8298 8381
3742 319
6953 6719
5875 2438
1162 7068
1753 1393
2739 8788
8003 903
1195 982
1840 4530
6199 8481
1814 2768
4257 6738
7676 8889
1417 7815
2868 1882
4225 2600
6245 2571
1873 6923
8864 5031
6257 2950
7407 8394
8646 9488
8402 5130
8564 6884
9651 7703
8814 9099
2842 5821
7705 2246
9022 5298
5891 7120
8839 9078
6009 7732
3677 3087
111 5182
9183 7169
8622 7959
6189 1059
48 1033
3547 1742
4203 2174
2678 6083
2763 4918
8411 7041
445 5166
5204 5871
3003 5545
1509 5206
4997 2658
5492 2334
1148 750
9654 1694
6391 9197
6419 8814
8973 3794
8689 4220
9791 8452
4803 4711
1517 2460
4785 1226
1790 1619
3733 5776
5918 5358
3311 6576
9492 5621
9754 7182
6262 1787
7738 8346
6833 3262
9663 5514
9474 9857
1999 4423
2921 7185
5971 1415
9825 3851
847 5575
1194 1019
3685 6917
7446 8344
3984 6475
6236 7644
1335 7388
9116 8549
474 9932
1207 2606
5208 674
6046 7943
6947 2178
1345 2679
4104 1833
9653 5463
7492 1366
9085 7160
4340 6717
5969 4995
6599 7410
6426 8370
8961 83
607 9731
6663 8890
4596 1532
5254 9562
2525 4347
5183 9493
592 110
5216 5223
6305 7200
1178 1913
3511 2967
1870 4400
1796 2995
47 3811
8994 9450
943 2677
3914 3754
5867 6295
2044 1149
729 290
9831 8990
8177 4695
9082 7119
1839 2849
6956 9031
80 6275
6243 7778
8869 6035
3373 8764
8119 6602
8047 8608
4452 6588
7018 7554
2229 4640
6539 7837
9748 2240
8056 2036
631 5412
4856 4222
6190 3920
3969 4048
3341 2175
8205 5003
7395 6807
7971 3212
3649 3740
8850 871
9079 1568
9105 5765
8145 2448
9261 5961
3919 1960
5037 3332
1933 767
814 3410
7839 7436
1524 8402
8903 5689
632 4229
7692 1539
3073 6442
9346 7398
3711 4790
5825 1362
336 8560
2570 6502
502 5663
3697 5888
7801 8418
5572 5367
8915 2631
5994 1295
4753 3823
8315 146
9624 736
2192 7674
770 1175
1574 5391
5018 6419
5521 2237
7791 2653
7081 9127
9489 6329
9964 4657
1648 9176
5686 6156
9558 1819
8111 5790
4411 7230
1322 4309
8116 9601
8665 9353
1626 6146
3828 7958
4695 3934
7536 8412
5956 7252
6508 5018
6597 9310
8718 6688
5232 5063
971 8844
4695 4688
1756 9957
8873 7142
5904 7940
7526 8876
5860 8964
4862 4896
7715 1485
6881 4722
6921 9824
3157 1621
7076 5481
2585 6181
3246 8144
7677 8577
7083 4477
8467 7985
6820 278
7891 7536
3353 4486
398 2448
4798 7671
3434 9650
3119 248
3512 2513
1230 4177
6999 9018
9195 3884
8422 4711
7788 4780
8646 4269
6306 9154
1253 2786
3250 6069
2414 3961
5201 6134
7602 7591
81 5488
5388 637
6119 930
8560 5752
4167 5978
8173 8004
9191 7439
3752 2523
3390 8698
4717 121
7476 5376
6452 4350
8234 5341
8048 8311
4986 2236
2803 4458
8759 5569
4239 8245
2797 4034
1879 378
3020 8900
1535 3952
8098 1544
5591 4175
6490 9519
3777 1803
2005 6719
6624 1563
1788 8960
8988 2300
8284 106
4009 2416
5369 5427
7156 9762
6942 6873
6951 3353
7817 5517
2826 4328
8458 889
3507 953
2584 6655
3464 9660
3661 7456
1661 2490
8587 5237
4667 6575
6714 2047
512 3066
8057 1859
7209 6751
5713 6605
6412 5780
8854 1435
6094 2595
4846 5202
2460 4301
5113 6679
7448 5018
6536 3636
4285 8401
5133 41
3322 4363
2460 5808
7368 6804
2399 8011
9094 772
6885 391
5332 5141
9493 4458
1491 1502
7989 4117
8396 2760
8066 6314
8954 9118
8688 7342
2725 8590
6096 3781
4023 8162
4682 4099
8036 6885
7109 7905
4833 2479
3267 4276
5658 7609
3192 412
7909 3226
7681 3826
7232 3543
6967 8856
9027 5717
928 5203
8261 1247
6813 4154
2832 5241
3561 2177
1001 5554
6587 3017
9194 6320
9596 1818
327 8059
4263 5051
7375 5392
4024 6250
9879 1244
1504 8332
6070 3563
6299 7312
5518 4971
9226 3715
394 7695
4568 2340
9044 9219
7428 3613
3223 7929
3157 2869
1229 3980
3181 5400
3106 3930
6953 8734
5701 2631
5270 7158
7440 3250
7628 2543
2860 4055
4387 7146
2422 3865
3957 3543
6269 5744
2147 6835
907 6199
8725 7834
8573 8592
7246 8443
31 9556
693 1721
504 3490
3245 3454
6529 1968
3681 9750
53 550
1868 5719
7386 4688
8685 7369
7664 2539
9534 8075
3910 8189
6771 5361
3348 8591
8282 3910
2279 7524
2804 2530
7062 978
2163 7127
9694 1263
2378 2897
6721 2892
2740 9764
6923 3033
2017 3571
9759 1026
8198 3755
6830 2186
6901 794
4766 4209
3607 3571
922 4698
5710 8084
6394 7334
7833 1920
3402 8813
6392 5333
799 9518
6045 3888
8838 2729
4056 6688
4708 5891
2037 1054
1226 1026
2813 9133
1300 8045
3120 8059
1178 4529
7715 5583
7254 8195
6590 9008
8744 6751
5468 5280
8359 9422
4030 4347
9644 435
7969 5644
7242 3320
7921 4942
5333 877
3579 4034
1630 2100
3090 8303
876 8745
1756 9196
4019 861
7872 2867
4204 288
8934 6354
4918 4598
2262 5830
1411 9209
3523 8103
4493 6535
5922 2499
7703 3037
8635 2025
3011 4984
6667 887
568 7581
4571 4795
1528 8702
7682 5004
4843 7037
9155 2323
996 7412
7887 4631
3563 1017
9338 3090
9749 8980
4045 6627
2088 916
4867 34
8196 8116
3530 9550
7849 940
3906 6761
1459 4009
548 555
4573 7842
1352 4579
7618 3131
4498 2484
93 7154
1767 1986
9020 5043
1523 9154
5528 7429
2865 6022
1071 5281
8161 531
8914 6378
366 9118
4933 2466
1985 7449
1123 2653
4126 8763
5166 4697
6609 3586
5417 1201
2597 818
1937 8942
2815 7312
1926 1635
4831 1914
4765 6115
9603 1319
6236 4900
5262 2543
2331 4878
36 3666
2408 1777
2760 2635
575 1123
7884 8122
4562 7463
9103 4548
2099 566
3873 169
4397 5926
7250 2690
7182 2663
2560 8790
7499 883
4837 3558
9530 1833
3012 9321
2494 9420
5331 1335
4682 5636
2864 6364
9901 1357
9310 1000
9730 9312
3810 9277
4445 7946
4548 2886
9483 1683
247 3823
4690 6909
6663 6571
3109 8368
4999 3188
77 1367
1662 115
6455 2630
8788 7281
1131 123
1542 8419
1953 7573
7164 6572
7228 3118
7267 7228
6500 3360
5832 1949
7514 7172
2179 8259
6566 3495
668 5549
6127 1173
7341 2812
5922 8629
5064 5407
666 6937
8109 9284
453 4591
7319 1835
9948 3952
3124 3722
9136 1869
5922 3876
5004 6479
6965 2815
590 8190
5281 8425
4572 7358
344 8211
5253 3739
9878 5804
946 3193
6818 4773
9464 2217
1409 7837
8413 4817
6747 4622
9356 9736
2002 519
6799 2216
4246 1991
2752 2036
6272 6107
3430 7887
7058 988
5117 9807
4438 6821
7774 1767
4087 1154
8558 2148
5731 8366
7217 9304
6719 845
6971 4791
883 3945
5807 6998
9149 201
3634 5533
4245 6266
3048 3662
5595 9224
9734 5065
7545 2825
5536 2438
8293 2361
5996 2919
9751 3375
4469 6931
1126 8833
8784 8610
3588 4292
8416 94
8783 7331
5930 8062
1413 9268
9035 7315
9733 8091
1002 6201
6516 3233
270 7490
8263 738
2775 1296
8720 1485
6598 637
1746 4901
4724 3795
7305 6585
9473 7643
1902 3385
2778 928
7174 5989
1347 2028
7312 3761
7009 6531
4351 6071
9323 301
3767 3410
7594 3291
6672 4882
1683 6659
8883 4968
7388 5685
6820 9512
7062 8678
6377 4287
2321 6730
3965 8358
7187 1100
8402 4346
3895 24
4333 7356
8138 273
7654 3988
3664 7225
3065 3799
5417 6442
779 5896
8740 5216
1465 6153
1654 9553
9074 3443
1282 8763
1113 1564
821 9058
9957 5968
9496 319
5573 8322
9378 4159
7376 6539
9562 4874
7345 3858
4869 7424
981 6370
1452 2869
116 6491
2222 2829
3810 6772
740 7136
2761 9531
8680 4305
6797 7751
5571 6013
7978 4046
6866 3146
5700 2217
4637 6856
2604 286
2783 2082
5655 4014
4380 991
6847 2648
999 5240
273 6669
2163 4426
213 3608
9577 659
5573 5153
9815 522
6483 3139
4568 9848
7949 3436
7092 9983
1431 8473
4776 9544
3515 9519
2140 8457
7369 6003
172 253
2789 5465
4908 8214
2515 775
8365 8073
2591 358
9446 6616
4699 9318
5576 5642
3313 8118
5253 380
3748 7271
6941 4276
1065 1395
3961 7824
5235 7255
9646 3918
8919 7489
5606 969
6607 70
3999 6346
5279 7278
3244 7949
7854 1241
9515 7389
7883 4436
26 3359
9739 4728
5738 674
9602 6034
5290 4433
9579 8658
9257 8775
4358 690
171 1986
753 1365
7076 6025
292 4682
4882 6520
780 8838
1465 5628
2597 2844
5320 1967
5884 6060
9634 3926
669 8343
606 168
4721 2289
8727 3562
7697 6981
9226 7708
9862 3570
8566 5710
1630 265
58 2233
7072 6026
1382 6170
1500 1900
5472 374
6772 3424
3521 6664
3804 7754
6618 4727
2520 798
3941 2719
4129 1365
1655 3905
7296 7717
1041 2170
787 7307
9603 9611
4572 983
5339 4128
213 1570
336 3663
1232 2257
1611 4076
6869 6665
6060 2271
2023 8969
8324 4844
8932 2412
3609 5814
2744 7030
8407 2328
9263 9288
3066 5134
4568 3243
900 1498
7578 7513
354 7587
9798 537
4697 3303
2630 923
9783 6948
7283 9578
6433 7179
2029 2189
3346 4216
5697 413
5365 5767
7025 5454
4084 3026
7068 5093
7479 894
8189 6332
8612 9961
1354 3293
5663 7507
3948 8461
3648 8532
5065 551
6801 1758
9644 9881
2029 7735
400 608
1976 2351
2835 4329
8685 7280
2832 8530
9350 3690
826 9257
8856 8785
2634 2791
1930 117
2523 8146
9272 7092
9211 8243
2837 4718
3384 3035
6421 3352
8023 9651
8519 4066
8488 1150
7699 299
3177 9850
7668 5941
1565 7013
9107 6030
5637 9497
711 3124
631 5375
3773 4171
5027 4633
2410 2478
5791 6864
2151 7883
5245 2025
5515 8656
210 2552
9600 9356
7928 4257
8110 9368
837 4507
8380 7885
1351 6237
294 6937
9266 2389
6836 7276
7237 2023
7844 9301
7851 8726
7709 753
2468 9702
3415 2014
3369 6531
1736 9114
7162 4873
6760 5640
6206 1360
6734 1667
1334 9886
478 7601
9818 3783
7780 7671
5346 1290
5438 2907
8861 2341
9287 3530
2926 2827
8794 2853
2485 4769
2587 4999
111 4798
2284 3622
4097 991
4144 6367
9857 6874
6927 3604
7176 7859
5118 4390
9019 3341
9064 4663
5540 9234
5679 8759
1973 4003
6783 9132
7437 7682
6926 502
4320 6783
3218 1385
2740 2380
6748 7130
9052 4858
5579 1194
2285 2977
28 1323
6303 1345
9920 6512
5952 5676
8518 8920
6615 6685
3319 2242
474 5375
3041 3528
6286 6685
3434 2347
9347 7189
4449 3783
9761 3429
8427 6488
2849 1563
228 4169
9438 8064
9595 42
4989 711
5332 5780
7308 1940
7675 3910
2632 8616
7625 6609
8037 9920
4238 347
1017 3309
9990 1853
2001 8929
1589 1168
2050 913
9398 3404
6480 9327
1213 3627
444 6166
2259 6302
2291 3911
8146 6997
2812 112
301 2217
6302 8412
3419 7341
2269 8959
1672 3242
7662 1327
3622 6279
2991 5252
7403 2693
6519 2217
6938 8332
6304 6059
2892 5514
1691 39
3955 8540
6441 1311
30 8861
7518 9914
5085 769
8631 2290
1457 173
3249 425
8199 4080
9864 9196
413 1844
87 9138
4487 6532
889 5203
2659 1238
5878 1337
7296 5760
1152 9486
2642 9453
7780 8660
7568 2331
7819 822
6087 4260
4733 2784
8757 5450
2754 7124
5390 3015
3962 9205
6288 8745
3937 6386
8631 6004
7603 3759
5044 1427
9097 8615
8186 5191
8465 8172
81 6582
4557 5128
5179 7172
6182 832
6701 3900
5899 6139
2435 4768
3010 1937
824 5563
264 93
445 5384
842 6487
2288 6561
9478 3886
5968 8402
4945 574
9773 9452
7476 6204
985 1065
4546 2667
326 3429
3133 4708
4503 2755
8257 870
9149 4429
7770 824
6330 1342
1096 8399
5003 1468
8293 3847
7726 133
4831 3458
4422 9951
2368 2385
7709 4997
5533 199
1129 4676
4594 4099
9558 6811
3968 7162
9917 4024
6281 8453
8312 6737
1854 5613
74 1680
3358 9418
8994 3218
3373 1988
5461 7203
2234 4894
6864 7618
8886 304
8184 9835
2601 1727
4930 8882
5998 9635
7967 8225
3197 4766
4546 6779
2219 3364
6868 410
8193 958
2494 189
3575 3261
1905 7617
1247 5164
8760 5234
5381 485
8390 1215
6330 5548
1602 6076
3391 4410
1574 701
836 3943
3378 616
3541 3692
1116 5122
6574 1175
1280 3573
4919 9409
6005 2178
4472 7456
4997 1276
5899 2074
3207 5889
8638 7385
7336 9673
499 266
8403 4300
6321 4854
8120 8730
363 688
9644 8829
5871 4802
747 9017
2184 3969
8221 8270
5576 4219
9585 1395
3524 6447
7703 1865
4510 3664
3026 1801
5338 8700
1189 2465
2366 6633
95 4295
2593 3970
2996 136
5939 6107
5264 2280
4447 5039
7201 5139
6850 7580
3025 6777
6675 7202
1150 2249
1112 83
6306 1573
8787 1749
7664 4193
3486 8635
4010 2902
3143 8942
8090 9048
7188 5839
6214 7169
4089 8266
8488 5496
9268 7322
1599 6623
8131 3574
7173 6246
7206 9289
6697 3319
9340 9384
6383 7071
7129 1419
4880 681
7442 9610
5543 7142
3487 9330
2442 1820
8846 448
2917 2039
7579 5776
17 8984
979 4229
4216 4309
2559 3847
1835 50
7347 2031
4657 778
1833 4421
3323 7823
4505 5255
1747 2424
1634 2593
907 5685
5844 3748
1703 634
5723 6160
7284 2024
9806 8300
5641 7230
2777 6532
9088 5507
7888 7995
9683 5373
5268 5339
5724 4133
9939 9984
1044 4656
6076 6532
9281 4363
123 4892
4348 274
9758 2261
7336 151
6925 2259
6143 2193
4161 7500
5006 2874
9233 2430
6791 266
4234 2057
1896 4114
2069 5066
3427 4380
1365 40
7504 1884
6696 9389
8784 5828
2684 6743
1 385
8823 7315
5835 3142
5901 2465
8353 5131
4145 3315
632 6529
4540 4575
3166 7329
4902 1501
8047 5148
5690 5515
918 7632
5840 2505
6600 5114
345 3449
3202 8407
8549 4852
6975 9493
598 7396
3781 7865
7205 1647
6666 1348
4279 9205
1252 7638
4577 8117
6116 1149
4228 7117
2980 5678
6024 4496
9846 7815
4796 1937
2116 5732
4316 5150
2754 405
3960 3051
736 4823
6266 8137
8585 6167
6338 2884
3117 4559
7346 1647
2402 6562
3627 3132
3680 2837
646 5978
8202 9082
3659 5385
7419 6140
2835 234
9556 6354
3623 2305
1299 1453
7319 6739
1406 8711
5621 2922
5817 6751
9375 6783
3672 8625
9660 1085
2577 2659
5001 7112
366 5301
6353 222
5155 8055
9441 7003
7413 6088
3958 9876
4882 6142
3420 8917
2860 3166
4660 233
2336 2796
4439 5821
8047 7676
8148 355
4565 6260
4148 4204
3510 4549
1681 7627
4837 713
7857 1804
6459 9580
2186 5190
8015 2971
5311 8543
6586 3127
8281 1867
3761 4754
2214 2451
2046 8512
7956 5776
5812 4811
9406 3588
4377 8201
8321 9681
8239 6633
6745 8419
5435 7807
9119 1227
8068 7344
3195 3982
9939 4266
6355 1700
4493 7939
3524 5245
4043 8893
3392 3709
2974 5719
5875 4105
214 483
2448 734
5542 1871
4723 5392
9198 1986
2534 4980
4349 1586
5428 13
1145 6826
5551 5169
1605 8420
5046 4057
3860 4159
3943 7991
3937 4707
7349 3795
3904 3911
2534 7746
9789 8097
8001 8253
698 7847
373 5566
4017 3131
2924 8479
6658 4505
4092 8041
8572 309
1815 3115
6144 8486
1820 9644
9074 198
5486 8127
120 8444
1882 4341
7644 6283
2704 6343
365 7901
8491 5684
1158 2335
4124 4228
1921 5738
9448 6737
3166 9758
2408 1652
3083 6350
5192 5458
4977 7733
3399 9288
3390 3206
6714 5090
2089 9767
4538 6452
5129 4493
2378 3637
3337 7663
1175 9453
6298 6354
5236 5255
1174 9903
1743 7656
236 5792
8706 5673
8073 8914
404 6236
3051 1806
2900 6883
3209 7699
5740 5078
1507 4690
5708 4756
4176 5797
7825 3999
4917 6571
8214 4526
7001 1584
8345 465
3152 9513
5162 6748
266 3753
1802 1199
4987 1218
4127 1099
1058 8506
8373 4977
8520 8635
758 6472
1418 2834
6140 9830
9511 3882
3485 7575
5738 7235
2245 2236
4274 9892
5708 4039
2266 7633
550 7115
916 5569
1271 3348
3710 8397
6333 5157
2346 1923
3621 523
1214 2008
5651 2251
4219 439
5377 9901
221 8124
8820 9991
5992 6566
8904 2682
7437 5528
4509 6270
7688 4469
8888 6306
4968 7856
6463 1915
2973 618
6533 7129
1902 2502
2956 5077
4006 680
5424 6133
3602 3893
4823 9473
7456 7294
8619 4521
7123 9877
3144 6434
3970 1996
3409 1375
5560 3792
1479 4182
4590 2840
6387 5626
2795 2977
7007 886
5741 9417
2558 9586
8160 8400
4988 7962
3716 9017
6351 6226
4924 2579
516 8184
4228 3302
2958 3524
5554 4958
1233 8795
377 6329
455 7522
853 2227
834 237
6290 633
7719 4565
4820 8202
8674 8835
3729 4393
8394 4959
4157 1048
9207 3845
7237 3601
1368 5947
287 4935
3419 8733
7423 8614
1815 3653
4164 222
672 7198
7130 4470
5681 8512
5324 5594
5230 5723
2925 7961
2068 3593
4574 6071
1690 9047
9605 1712
3126 1173
7995 8332
6478 9762
4424 8034
3299 7622
5914 5639
43 9021
8709 1571
1114 1746
1163 5563
2951 8968
2342 6328
247 2089
8963 1463
4694 7450
1902 3989
8252 6406
2046 6337
9757 1522
5378 7155
2258 2566
6281 3450
6097 6910
5604 1418
1304 4599
3924 3106
8040 7432
6962 6581
2320 6278
3758 8816
4652 8177
4248 1962
4360 387
4633 7633
8741 3185
8248 7255
6752 3728
7744 1566
4859 7390
9787 2341
5429 5044
3827 6769
6679 5503
257 5076
4398 618
6774 6263
3084 6069
6813 6691
1533 6145
6389 785
8987 6785
166 2989
5053 5755
5922 7158
5416 367
5606 120
2793 6472
8043 9994
4769 3772
1753 1969
1613 1551
6820 649
4251 5285
9492 511
2216 9647
4480 6939
9086 3991
1229 3932
4826 9837
8990 7204
8085 8571
4738 5356
3322 1587
5838 8421
4589 9169
6334 8249
887 9051
5883 1703
5054 7882
5220 4744
2506 5818
3149 7262
8588 7068
3022 3175
197 9336
2646 1553
3385 7744
3784 7213
8522 7436
1394 9949
1712 9579
4745 3836
1317 4533
8046 3998
7480 6712
2921 7157
1956 8504
8344 9601
4703 820
9625 1393
8926 9666
6981 5426
6453 978
3475 2334
2224 308
2104 619
8836 9934
6557 1036
3596 2672
9236 7469
9397 2975
3746 5675
978 1038
8104 2701
7410 7675
3688 3375
6203 9125
3371 7964
301 4465
9619 1787
4978 1715
8495 1538
5968 6122
2107 8513
4297 7195
6475 7437
5851 6214
5972 8439
1341 3693
8394 5084
9125 7137
5517 9509
6648 4426
7729 5556
6826 7542
7603 1793
3621 9228
7197 4429
3828 625
3241 1196
3565 6754
9647 847
2087 725
2678 7741
6471 1456
517 8879
6341 4913
5657 2597
3025 205
1503 8377
5282 566
1108 7929
918 2609
3330 4383
2431 1070
8661 1897
4324 5878
1214 6691
2846 9991
1247 3230
9348 9549
6542 9085
8933 4417
8853 8181
3260 5930
5906 7819
2449 1767
3932 6833
3690 5859
7178 7462
5014 9718
6701 6742
2776 5597
6664 293
8513 9424
5191 6795
1739 2644
8989 7354
8310 7623
5952 6774
4107 3537
3026 3892
5776 764
99 8430
4619 4026
8864 7384
3388 350
3507 8665
5694 8882
4071 2962
2587 4562
3329 663
6099 9738
2691 5716
6157 4885
6819 9156
4574 6589
6066 891
3897 5537
6114 6208
6293 6422
9735 5804
182 3177
2530 3419
5274 8250
6332 657
1812 3986
384 7428
5690 7633
343 4520
9851 1030
4990 6974
5457 4090
6979 2652
27 1505
7092 4456
5098 3102
9444 6935
6181 8944
7943 5294
6683 928
2119 2496
6920 4169
9269 8028
4997 4829
1134 4987
1440 6185
8194 7694
487 7530
7099 6582
9512 416
7075 9377
4906 4658
2929 4478
4008 7310
6555 4785
2748 2812
8661 9059
2075 3603
6545 2169
4735 1602
1793 6272
9854 4639
8821 3365
6427 4870
4472 6756
9498 5768
3150 4667
1198 3559
2425 6655
3727 2538
5609 1882
6401 3519
9296 7748
3846 7535
1111 8303
867 7759
5509 299
6471 5043
167 1517
1809 9136
6167 3052
1377 8894
9196 6642
110 3370
5433 4357
4658 4943
8303 9193
7673 7229
142 9479
9830 9416
1616 1419
7885 490
8765 270
1553 7505
5542 716
4737 6156
5082 1962
7972 5723
9116 9420
1747 6976
8367 4975
4068 8227
7047 1427
4406 2077
4930 9672
1234 7624
2223 1865
8833 2981
1864 2521
9507 2597
2056 1593
7661 9913
7176 5764
6170 4501
4314 7623
6687 603
6308 9878
1080 1321
783 8069
6791 3408
2155 5320
432 9980
4107 553
1584 5101
6198 95
5411 6401
8755 9745
7293 3616
3582 207
7926 742
8701 9033
1276 8976
8415 6133
3002 4657
9992 1739
543 136
50 334
9792 3627
887 363
5981 6614
7032 5139
3668 2587
1209 7271
4801 1255
9256 7036
4516 958
7748 5724
216 7584
5472 2359
3477 995
4930 3864
4502 5963
3480 9507
1580 6333
4569 1661
8965 7879
2744 9793
5552 7760
6376 5981
6047 3320
3421 9580
6461 5124
3787 204
3967 6367
9982 2722
7380 5127
5311 7183
5696 8694
8124 554
8174 220
4330 1714
1371 1140
9305 9284
891 6583
1726 8260
9405 2595
1204 7441
8115 5184
1611 1908
3499 415
5599 2229
1871 3170
4036 2713
1001 7771
4279 7145
4167 8584
9949 4297
864 4467
2634 296
3454 3959
8936 3948
7112 6810
6330 9999
2754 4450
2163 4535
8471 3212
3834 7482
1530 7484
9302 9253
6257 8334
4215 9025
6241 7691
1832 1740
2149 7861
668 9725
927 71
5750 6512
7710 7752
4949 2455
5296 2507
5865 8219
1747 648
7639 4831
1953 5834
241 7197
1717 3847
2410 3566
346 97
5220 2011
5776 9361
8735 9812
4243 2530
2196 9460
4080 6033
9001 3378
9165 9079
6622 6908
5685 4898
4915 6328
3770 5483
1041 2910
7039 4061
6671 4240
3134 1976
4840 378
1922 9630
578 545
9677 6443
4813 4671
143 6839
4504 5462
509 8781
7052 8198
2691 1810
526 6264
6229 279
85 7670
7192 7065
493 8821
3243 4131
8960 2340
5306 606
6205 6487
7764 7854
8024 7220
9089 4156
702 3158
6096 8357
8385 9669
5322 1140
5898 4486
522 3486
8755 9654
4817 3868
5600 9651
1624 7189
6314 8178
5497 5490
8935 4346
3788 9810
597 1597
9954 3312
8299 6157
5716 6609
5854 8697
1775 8073
1354 587
8502 9129
2842 7216
1154 2980
978 3609
2612 8850
8211 7704
646 8035
9977 637
8101 125
7440 8778
842 7286
797 2198
9258 6247
9727 3171
7617 8929
958 8744
8284 7009
4058 5938
4339 3246
2125 8378
4054 4586
9969 9089
2145 63
5080 7773
6761 3973
1501 5934
9375 4219
841 8938
7668 6234
3830 433
508 1226
4450 193
2679 8710
2963 3782
8802 3776
7864 334
2247 8896
3730 9820
9109 7060
6745 1289
9824 1265
4687 4845
6455 8260
8564 6696
5490 6258
4948 974
652 6706
9563 7690
4540 9763
7384 5350
2349 824
2561 89
4206 9961
3548 508
5498 6821
9758 2801
1974 3189
188 3391
5239 7549
7492 4668
488 2103
2622 2618
5095 3919
6302 4197
8246 724
1635 3608
6282 6427
3323 5477
6468 7579
6807 3526
8614 5321
2908 7117
9447 9858
7042 8969
575 3966
5558 6640
980 8486
225 386
1356 3226
4894 8870
6843 5091
8245 1986
8402 5648
1383 6427
2387 316
3444 7359
865 8692
4561 6983
6125 8123
1016 924
7948 8758
1307 5240
3171 6683
1996 9053
6866 4705
3428 6563
6055 2481
1548 4616
8168 6906
7475 1319
5738 4682
3885 3379
7099 7384
7892 7903
2897 7209
6453 1833
657 5390
1607 1402
305 2370
4393 9972
9179 3563
5206 4163
7211 8682
2406 5634
3236 5491
2924 76
774 1150
2343 7269
9043 5164
8771 896
1076 9507
691 4664
3096 3642
5424 1305
9352 8826
2128 1207
1011 4359
668 6875
8572 3041
3517 1485
4178 4246
2511 247
1027 9133
6179 2044
1561 5472
8933 9697
7738 6302
306 7701
6327 8071
6823 4276
2950 828
8175 3873
6807 4167
9582 2643
1010 4280
2360 1605
6266 2318
9324 8236
4358 655
1989 1138
7672 681
2595 903
6180 1792
7264 3223
441 7896
2191 2478
4986 41
4093 9737
9550 9320
7950 7979
2166 704
966 7872
9076 8460
2596 6965
3947 8489
3316 9807
3210 2908
635 731
950 6385
4773 3685
7443 2227
2253 5840
4741 9297
6806 2831
2454 9934
5862 5576
9845 2609
9588 2883
1577 9431
7135 8692
4097 2390
4161 3072
3322 6113
9422 6331
4266 1043
1005 6866
718 6503
2717 4983
2443 3622
885 292
3549 3235
5094 9434
7302 5166
3818 8464
1325 3531
5642 5369
192 4284
8702 7852
5107 3048
2074 8547
9719 4812
4521 6136
8432 914
342 4656
1209 2457
9763 654
8990 1562
3278 2033
9239 2677
7478 9578
6262 3110
5933 9845
5912 6662
1157 9233
902 2069
2670 1479
3682 9677
7192 1719
9282 5753
8976 2041
6670 3934
3859 7083
6277 2344
9933 178
940 3461
6955 9115
5984 4657
9928 8832
5227 9109
2052 2236
5225 7979
3158 6512
2890 2993
4890 8762
1433 9931
8695 5644
8289 7882
3149 3059
7953 1241
7029 5704
4704 8535
945 300
1252 9033
3960 252
8346 6986
3254 7696
3650 8169
7053 8444
2111 1446
687 9732
3590 1044
9901 6449
2128 5228
1604 7894
6303 771
7751 5260
7270 1942
4648 6656
7022 6408
5652 9468
1640 1629
5190 2822
7062 4903
8718 6843
101 3199
2118 6181
8669 9154
1859 2257
4467 5092
2580 9236
9316 5025
5275 7905
3802 546
761 6869
8197 2277
7625 2200
9564 2008
4518 8480
8754 7300
7486 2963
2930 740
2875 795
8550 3649
910 9807
2637 3757
230 151
4006 178
8968 4109
947 5226
6077 6404
1461 1720
5052 4436
6815 6922
2372 9925
5296 1623
5811 5627
6996 6084
9704 1873
2742 8673
2583 3095
7610 1605
4078 8837
6383 3347
4544 3493
1654 7852
9819 4507
8517 8034
9827 182
1365 8399
7224 3841
7120 755
2213 9733
7813 7599
8027 7273
86 9315
3348 842
7823 9135
6233 7369
3171 1162
6414 6415
6669 9113
6958 8959
4434 7369
2247 338
3525 1597
7424 7735
6312 7588
7194 9028
9163 1671
6132 5414
5287 2846
1501 9125
774 3108
1656 1963
7665 1028
112 7005
9494 4863
2200 2106
6648 2240
4566 1433
8723 6173
6983 1241
2162 1081
1918 3615
1028 3900
625 275
7512 9177
4733 8931
5514 6762
4585 3980
3821 2072
860 4001
8581 6967
6652 3945
263 3759
2664 4213
337 1345
493 5866
6431 1479
9192 6595
5151 5519
9941 6896
5645 1608
5463 3210
2556 1533
9254 9249
3413 8995
8055 2023
5764 6448
4866 1392
2864 9794
4715 2960
9873 6781
9425 9451
9176 2805
4347 7449
9140 7091
9155 994
7821 3572
9113 4216
1844 9808
1291 7253
5100 2244
8629 166
2574 5182
8151 6083
507 9290
6876 6612
6566 3129
5208 2745
6155 5372
942 7080
1687 6992
3550 5413
6612 693
6522 1356
8293 5125
7985 1187
9753 8034
1553 1823
8406 5808
4337 8684
1469 1719
2374 6395
6444 2750
1053 8195
2807 4678
5797 2691
9930 4212
5716 6276
7676 8315
9891 8160
7180 5675
6156 1455
9105 2019
2478 176
3549 3429
8246 1237
5877 5366
9752 3750
6157 3499
3808 1401
6657 7042
2093 956
8064 3377
7491 8564
5813 8983
9311 1425
1978 7886
3321 8427
608 3171
6310 245
4273 3501
8821 4406
1336 3320
3154 9768
7459 1838
512 6620
6162 6127
3033 7521
1993 9465
2600 7993
2369 892
6889 6935
4554 1889
4508 1851
2095 5404
6133 725
2881 4646
6510 3715
5794 4365
9579 9505
4877 7594
5321 2246
2072 1190
6374 5712
6182 9921
1673 3920
3398 269
5144 7089
1114 436
6822 5119
5550 2824
4232 6259
1902 7554
77 8162
8959 3289
2430 1831
6915 1481
8448 9099
6212 6551
8090 2553
239 7357
2824 9562
4841 8601
7464 3361
9067 9482
7631 7577
6542 6366
6308 4226
5785 7248
7169 8548
9770 5058
3104 8967
2437 6832
481 5723
2317 4127
1323 9421
6983 4444
6855 4732
794 3342
196 5333
1531 161
4786 8189
1461 2860
500 6363
2410 3638
7521 3297
4667 3194
174 122
672 3232
7963 4252
9693 3855
9916 9379
302 3947
633 6952
7716 9778
2102 9053
7570 89
3230 2803
6897 9389
1156 1061
4961 5867
8388 2068
3512 1723
4898 9652
321 7810
3772 7496
6423 758
7518 4390
8494 6226
6915 8842
6536 892
2293 25
6044 6405
1306 8708
7077 1128
115 1485
2108 6823
1186 3999
2875 5964
8129 1542
8195 3643
259 9821
5914 2871
2364 9727
6427 9555
5848 1839
7815 2101
9890 2518
2437 2941
9388 8058
3895 4911
6247 34
3971 1213
2769 205
672 5968
2440 8520
4709 6774
7763 842
2933 5793
5757 3938
9195 6254
7369 4076
6503 3276
2485 1717
5004 5001
3021 5169
8798 4982
9900 6840
1451 9703
3405 3055
90 4221
585 626
8722 5794
485 8011
6060 9980
5776 9921
4398 245
4143 7119
4506 7714
7878 1711
7208 7322
7582 3478
4931 4661
6676 2754
2090 3903
3941 4773
2900 1645
1564 744
9955 7956
8277 2949
9650 3331
6015 9406
8229 7700
1195 6108
5356 31
5332 9662
7652 9772
9419 6875
9649 5285
2071 4510
3373 9450
5265 1413
5864 9494
6929 4447
2980 2125
605 9979
1769 3795
5689 1693
4872 3733
5931 5896
1113 7878
6382 2740
4359 1843
4552 5123
2417 9738
3246 1027
4913 3476
9968 2764
7271 5457
6395 6451
3602 3733
150 2928
3505 7301
2660 408
2607 1804
6394 8000
8202 3767
8168 3540
7874 1256
5502 4431
157 9452
6550 8728
7748 1193
4156 7605
2693 9043
5818 4987
4212 3931
7614 7327
7115 1278
448 668
8107 976
9535 4969
8016 6213
1902 2625
5171 5102
9098 7704
8696 8065
7152 506
324 1714
3188 8756
6602 4164
2244 436
5720 984
996 3991
9864 2360
686 4000
2391 4746
7922 5565
3804 6136
9669 3175
2761 4934
4322 8332
5765 6578
2610 3763
4912 6325
9999 2250
7494 5489
7587 1123
7988 4818
6448 827
8169 7368
5401 6988
9264 4371
6808 8086
465 2487
4320 894
8873 7192
511 3722
2349 7926
6281 7759
5303 2095
3303 318
4517 5260
502 1028
1671 3123
376 2350
9040 4484
9151 5953
1248 6235
3538 8848
1181 4555
4250 863
381 9596
713 4948
4605 1323
7724 3234
1283 9232
4930 1786
3393 6362
3372 8168
1472 255
8174 8178
6213 3104
3884 3590
5137 2778
803 630
2776 8102
8793 3979
3365 1561
8425 8249
9749 219
2192 8182
5722 5099
6455 4922
6293 4801
6380 6570
521 665
7893 462
8642 1836
6020 7130
6658 5481
8760 6864
4194 9748
3802 6332
6169 787
5249 33
7980 8963
7024 1577
955 4923
9234 7992
8583 7472
2898 2296
480 2855
4392 537
2057 78
9016 969
7642 183
5359 1530
5000 4565
5406 2785
324 4012
5341 3874
1191 7586
4605 2682
853 284
3622 2540
3067 8041
3873 7813
399 5079
5761 2127
6545 2450
3029 2323
5143 6025
4698 8027
7480 9914
4744 3100
3241 1404
788 8483
6219 6350
9984 911
2321 9018
6660 9216
5369 9014
2759 8624
1710 2275
5330 9100
2632 7702
6426 2295
1869 6152
7367 1667
6403 2174
6544 7794
4373 2055
69 6406
2099 1511
149 4109
2293 9373
3277 5560
5038 7988
6942 1035
5888 3029
438 3952
8855 4207
1354 9416
596 73
3442 2034
8703 1757
3442 8927
5594 6209
3630 18
4351 8158
4733 1406
8770 5904
324 3231
6991 7193
6404 1453
801 2412
9010 4804
6423 4591
6089 2036
3673 9560
8917 6887
6465 1233
922 7088
8301 988
6022 3206
6740 8605
3997 602
6460 2471
3937 1023
9581 2648
8739 937
4132 8686
4813 9219
2764 8385
8304 765
9773 8434
9067 6723
7238 7014
4429 678
5005 619
5096 3258
4643 33
9492 8037
8331 1352
490 4478
7226 8976
2055 261
3272 990
6030 6811
5846 338
8495 29
5337 5386
4656 3194
5900 9593
4793 1097
7311 382
5012 509
7890 4240
478 1032
2061 1673
2159 7770
5648 2218
8076 4860
3228 5910
7997 2761
4651 9871
5721 9844
6891 5297
4246 5064
6354 4823
9383 2375
3846 1104
7069 8784
8504 8150
4359 8848
7448 637
3817 6768
5109 5879
955 8079
9521 3035
3049 4760
3955 4706
6193 6594
1096 7558
9984 118
5970 3151
7076 2574
7572 2665
2371 9042
7628 7275
6171 4741
6996 8315
9064 1955
2292 7418
5625 2555
972 605
8499 3130
1878 8393
7373 6296
7585 3607
3536 6935
7118 3840
9831 8630
4475 4238
4959 7275
9271 3535
1468 9663
1576 275
2421 6792
7901 7879
3723 9075
9114 1846
2501 5543
3490 9435
137 2405
9160 1936
9839 6590
1061 7962
352 9768
1446 9772
7038 8037
4981 9341
1276 1508
4640 8615
6375 1823
4990 8285
3235 3980
2208 8060
7142 2831
509 2554
8258 2062
4965 5481
8026 849
3245 9953
1326 8208
4493 9577
766 9320
5737 8412
3604 5149
7195 5298
4369 2269
5965 6245
5827 6464
2679 1017
9235 8219
4426 7176
5617 278
4445 4307
3472 9803
8248 3649
5482 882
737 5537
5089 2752
864 5862
6779 3790
7132 1017
3313 5496
7628 790
6209 3867
6248 1319
3258 8768
489 4325
8876 1290
9216 4613
247 6435
714 7024
623 8106
9595 7786
7072 8356
4998 8181
4292 5677
3311 1772
9135 6404
2830 4787
6950 7695
5634 845
5287 5776
6788 3213
5732 4934
2603 4687
8846 4629
3108 4487
741 4763
5819 3300
788 7334
9271 1248
1277 5430
7281 7934
1654 2613
5818 3125
9356 5302
3946 5897
6555 5255
9831 9289
7910 2512
6985 4392
8682 5197
5218 808
3503 2649
4338 497
2485 6162
8026 6205
6918 2037
2653 4632
5339 8479
725 167
9022 6980
2978 2580
8854 9217
4965 2668
2045 27
3102 565
5857 355
4803 4114
7024 684
647 956
3935 8388
3804 2654
6947 2811
8593 9032
8644 4595
9336 573
944 4953
9456 6554
6746 1909
9304 2685
7242 986
7005 8441
6330 3664
992 9441
586 4491
9255 1314
4317 3351
5762 6705
4821 1069
3710 9894
25 6903
4073 9440
5168 1610
5506 106
2835 3414
6905 2431
5331 8008
381 5079
8060 9056
5466 9583
8342 3499
6877 9827
5346 5735
4927 3616
9920 7958
1437 4832
9113 599
4364 7999
404 6492
8811 8577
7448 289
9910 4212
3205 2700
8497 6606
1990 6406
6584 7592
5176 1625
3915 7650
3235 4397
5693 1269
4386 587
7123 1895
6488 4830
473 1204
6884 5638
5505 3751
6397 2134
724 9431
5541 895
1278 8317
2794 9473
3376 8855
7994 8241
6670 4798
1479 3118
9699 5849
882 7371
3683 6318
5591 654
9767 2612
5469 4256
1936 1733
4553 2740
7113 5783
5016 9763
2817 9884
5743 637
4280 50
1085 4526
5581 492
6042 6287
6025 9022
8638 549
7643 8169
6152 7088
835 1942
9115 9079
6232 9442
1009 8729
4654 2970
6042 3162
6620 6690
4689 4156
6319 7686
9517 7963
7223 9352
4467 881
1574 4037
2755 4327
8706 7939
2429 5609
2169 5662
9145 8637
9615 5781
8667 2731
5265 2877
4146 4926
2172 3573
5396 9779
2408 7814
1888 790
47 4366
2695 4742
5603 3394
7309 977
9416 2129
4233 8364
3889 4833
6474 7559
2738 292
2048 4348
4427 7910
6345 299
8574 6283
9746 3360
7026 8113
4848 5949
5070 9706
7605 9018
2060 263
5833 4897
8553 3652
1677 8284
9178 8705
1836 7855
5142 5678
7573 7638
4784 380
2438 1686
469 6648
7390 6206
8164 1465
5770 7989
9025 7154
2009 6774
8950 4030
7195 822
4878 9566
3249 5851
7504 2988
9004 4480
1247 8792
7307 5694
9732 8648
9280 7383
1551 6814
3911 8954
7501 3729
9134 8991
729 9641
2192 3459
4588 1878
595 1259
4340 5092
8718 3450
5727 6403
3371 2160
8379 5819
7943 1609
2347 329
2972 7669
2260 1277
3446 6943
2807 4988
9730 2231
3435 1317
381 7471
5693 8844
2570 1462
4367 5344
5168 9902
9776 7590
6833 8878
7092 1619
3282 1870
5597 9204
2876 2931
9661 4330
9735 7704
1350 6952
2980 3362
194 5091
5396 8122
4208 9951
675 6998
9234 6305
5521 3082
3939 4325
9475 789
2117 6894
9116 2796
3078 1183
7314 7052
3731 452
7851 983
4631 2872
7200 9190
960 8637
445 9238
9261 9107
3701 4064
1993 2672
4923 1458
1827 1548
8974 5282
4333 4899
8559 9065
1776 1008
8721 1844
3829 9428
5653 4940
2451 326
3061 2944
7646 2031
4628 6019
1025 9479
4795 1562
6451 7487
7263 8736
6712 1901
5263 4245
8837 9498
4371 4329
1725 3748
5395 4064
6046 2820
3484 4359
8467 1793
9637 3399
6406 6953
6786 2002
4848 7578
8064 9793
3132 2249
1505 6540
4821 4924
2048 2982
8045 3627
968 595
4657 8023
8192 1433
8916 6787
8527 2580
5575 7134
2143 2836
3854 687
3558 7298
7993 8111
4602 4490
3088 7846
9617 3184
929 6587
2500 7138
3144 2053
9842 8672
9541 7604
316 8963
4383 7060
2529 3944
4031 746
7450 2708
678 9262
5137 2095
1567 4639
7689 3856
7837 6413
902 8207
4394 6415
2269 6517
7674 4716
1293 1650
6024 7198
1960 411
2969 9705
2229 1035
1141 1683
7707 9317
535 1412
5058 5786
623 5729
8605 876
2197 9781
3461 2200
2655 7345
9738 7166
8821 5240
7479 6537
4804 382
2629 9466
426 1936
9827 8608
6698 8544
6202 8633
1810 6392
6214 4316
3987 9778
5653 1353
8587 3244
7356 6284
4855 2870
6947 1770
2326 1402
9867 5303
8707 3476
4820 8290
7816 1984
9160 3202
6459 6041
1934 3488
357 5469
7954 1372
8834 4295
8548 8204
1824 2817
1233 457
2447 7553
7845 2797
8640 4733
7476 3805
6365 6541
2327 5605
4022 5918
5198 1589
918 172
528 2492
9604 4249
8360 2099
2700 7518
5714 1317
2036 8027
7817 5906
6544 9057
7807 4399
2549 148
1159 8649
2674 6719
3211 7226
4146 6296
5158 9586
1615 4172
7064 3098
4626 1992
7441 993
5235 4245
2618 343
2735 2469
6115 9703
9653 9789
2980 891
9825 2874
7817 8585
7815 3571
9323 4459
7162 1552
4799 7038
9105 7301
5491 8124
9509 7522
9581 4640
6478 3373
5003 3537
7921 5096
6454 2713
4259 4620
7641 4386
3094 1823
9460 1404
8077 6263
5387 846
7139 4893
9066 2433
7228 3785
193 510
234 1233
2759 5729
2993 2505
3538 2979
9985 8149
451 8370
9835 2418
719 3491
4461 4409
8878 559
3302 6845
7006 1875
8177 9526
165 5646
9280 6546
4346 6882
2014 9264
5672 6666
4841 9111
3593 6225
4584 6435
3829 2575
4772 1551
4160 8889
1070 1485
8797 4305
8974 8041
9469 5645
6741 2321
9219 6435
4091 7692
9337 1806
895 2468
3500 9298
8690 1617
2910 3582
8851 3788
7531 9897
2372 1014
5374 5048
7743 5362
2396 919
7270 4462
3073 607
8484 601
9451 6189
4164 7366
2127 1786
8324 2464
3842 7691
4485 8123
7705 477
4965 5865
330 7352
2212 5669
8170 2282
6983 1303
1802 9758
7512 8109
2561 2273
9177 8724
2642 6922
6183 6842
6228 740
4344 2562
8731 2339
6612 499
5841 6205
3483 6175
6613 1038
3018 6073
5211 2374
8438 5542
5671 573
1320 4851
9470 4868
4214 211
3458 4409
4851 5866
1790 3081
8566 2384
8221 7097
5579 5519
7340 5106
9946 246
4974 3543
594 9094
2483 1039
2302 1926
240 4900
6511 7677
1494 7507
8477 5049
127 2742
8487 2584
4170 6007
7016 9093
5129 7994
3934 7397
2525 7836
462 4330
2429 3661
2665 1147
6311 1974
5038 1573
3805 7622
436 7398
2165 6905
4517 6608
6907 2187
9562 4129
7921 5922
2977 6253
5422 8168
9920 5137
9464 3157
9457 4139
6793 473
8358 7416
1886 7785
4791 5995
3722 2478
2136 1420
4566 3228
3310 287
8105 464
2526 860
7552 5624
4520 5876
5639 3531
3537 7179
1862 4028
6220 992
4205 9589
8031 4627
6483 2151
7818 1723
3481 6159
9984 3723
5798 5921
2916 3031
7248 415
364 6590
5175 9293
1094 8723
5828 6444
7977 6158
863 3988
3222 7986
5331 9891
3744 4906
909 5834
4408 4345
4448 4736
4881 8257
7070 18
5937 9468
4594 3483
1854 6186
9739 2660
1800 3932
5627 9030
881 1121
6498 8359
1742 7160
8242 305
9917 3305
8119 3717
330 7529
2653 5979
7300 578
2780 2969
948 2201
5672 6568
1932 5282
3382 8022
797 6176
7469 7377
559 1979
4950 4344
4068 3557
9824 7747
9174 7792
8905 2458
6093 2347
8425 5071
1142 2189
335 6059
1966 8038
8454 3814
3565 9831
2455 6925
6362 5493
3580 7443
795 873
2950 5492
4135 3664
5026 59
6638 650
2877 3941
4022 622
1179 4107
2401 778
1516 3317
7443 9359
8493 8054
1304 4317
272 8974
292 2143
3942 2833
4596 2807
1413 9158
492 9807
8812 793
1178 5402
6484 1580
8054 419
1376 921
7237 5089
594 9408
9007 4873
9298 2466
6157 3373
4760 4269
3172 4587
7876 4108
531 7774
1112 4271
1030 9394
900 8424
1290 8622
3143 8216
8562 4704
5742 8940
7760 2377
708 402
5479 7979
7385 3348
210 6394
5605 1578
6493 3882
5014 7621
6758 3745
1295 9987
2947 9428
8769 8286
323 4938
3198 4141
2179 2443
7358 3246
1296 9968
6370 9969
9582 7120
7382 6355
4034 1180
8479 4320
2460 916
8967 393
5744 4216
3825 1189
5272 3733
2550 4247
1569 4618
4079 3372
2480 5988
6586 9706
6158 4657
7809 4049
4928 700
7991 5670
3005 3802
1948 2354
864 6124
4515 852
1663 5318
6040 618
518 8115
5449 1490
4351 9082
3799 7692
2793 2754
6903 8142
2416 6866
329 8590
4720 4423
149 1510
9427 7553
5626 6181
4280 2402
4102 4543
7510 6405
5640 1049
4290 1215
9013 4119
606 3803
6887 1065
9820 9375
3854 1253
2826 6309
3539 6033
8715 9623
2795 1000
6607 4088
8821 2970
1594 5744
8621 1169
2426 4921
4634 6482
897 2180
6162 3771
463 4306
575 3804
8593 3443
1298 9850
6698 2335
5976 9165
525 3865
9020 722
5325 3816
3377 3154
4594 3794
2059 6194
6204 5339
7198 1143
4178 2916
5717 1129
6918 1924
5519 3414
7936 7002
5157 5070
5414 5123
2762 7510
874 2244
7602 1319
114 7396
5336 6865
9429 6783
7600 8914
6104 1096
2375 6414
9111 7207
1547 3142
4653 7946
2418 7184
3672 3968
5100 3595
7524 5672
3489 6519
2632 2047
930 4695
1489 3667
8036 839
8457 1122
9884 4157
8265 7870
5253 8000
7101 249
9908 5373
4021 8067
244 2495
6254 4014
137 8488
2062 888
5085 4196
6193 8187
3901 8049
657 850
7233 2483
5280 292
8272 4003
7232 7943
9711 7632
3781 8821
7586 5334
8381 5884
1750 2066
574 5213
1434 5018
266 1531
9876 9340
2470 2411
9634 1847
3688 2050
1885 2076
2364 8550
8982 6873
6881 5798
4903 5150
1500 6495
3891 6048
5720 5954
2561 4976
3300 9487
5866 2699
8671 7739
3312 1764
5053 6875
3531 2278
5240 7276
8970 8345
3397 6172
2615 5979
9726 4898
2177 9612
6719 758
7052 2997
6690 5610
8113 2114
762 2117
9399 7050
3214 3072
889 7478
2596 1224
2098 9563
8056 914
6918 9565
4836 1305
8565 971
4514 3849
5233 9091
6926 7704
7749 8122
6444 2830
4552 6991
2122 6620
9140 6968
8002 4812
1802 6549
2984 1848
6743 1761
7670 100
569 6845
2585 311
1930 6968
1679 9327
5716 2323
9562 4470
3798 2016
6072 607
9669 7207
1817 6140
7115 9625
1124 8066
40 8191
1039 3321
4963 7679
680 6137
9317 5416
4517 3210
770 7018
7036 1168
8053 8245
3972 9917
3362 2332
6732 4544
2975 8854
3132 2462
1900 3098
6217 616
589 4024
6072 6386
3747 7276
2032 9966
3182 7257
7796 5590
4786 3047
2149 1578
7876 3673
9322 6502
9660 7776
4058 1958
2825 9718
9233 5952
8838 597
6297 3926
1144 851
3326 1166
1028 210
3318 5502
6427 5344
5870 4143
3331 190
7820 9860
5987 572
5221 6811
2281 2890
2192 1834
8346 3013
6421 9033
220 9747
4247 2123
1620 5831
6581 8840
5429 5094
7006 4919
5078 3298
401 4561
6379 2392
197 4838
5512 3800
9621 3962
4854 6108
4891 9253
6756 3728
3171 1433
5832 6131
1819 3356
3159 1604
6171 6090
7881 4293
8477 2220
6774 9015
4271 6822
3882 8451
5540 9749
3188 7156
876 1183
6182 3348
1873 784
5497 9364
3617 3002
4037 9549
7328 2312
5883 6095
9056 1926
8716 3412
1159 5054
4081 2341
9952 7384
2837 2339
5594 6285
5981 3669
8216 2775
6887 9881
6137 9527
7516 9996
9146 4915
1693 1596
3226 6752
526 5921
5623 3574
8137 990
3459 7560
3161 3468
7251 3284
6151 578
1286 5482
6229 7490
3620 3598
4102 7234
8210 7737
2024 6520
5879 7067
3305 2035
8791 1694
2909 9477
1392 2021
9350 9994
6415 8104
2636 1582
9260 8679
3524 1847
726 6876
8028 9497
1401 3341
3971 7549
8097 9329
1562 5233
6036 2787
1113 7909
9335 8327
4294 1520
6716 3832
2408 9502
422 1743
566 6622
6524 8820
7691 3739
574 4369
3047 729
2043 7874
4698 7054
4369 9911
1852 6654
2775 8480
615 7399
7135 5819
8828 4402
2206 1555
1859 8279
2886 8123
3744 3054
8297 8277
7313 2311
1190 7018
8804 415
990 4266
635 1438
8674 1623
1189 8701
733 9254
8264 8125
1361 4534
6290 7446
1625 796
3555 8568
8161 161
1045 1465
763 3765
4512 1973
4377 2466
5463 1113
4041 9815
7844 4894
6326 3793
418 9957
9414 4849
7886 2049
474 8816
8956 3769
3662 4729
374 3596
8632 5398
5098 322
7280 8014
7986 6621
4635 8072
5741 8498
1007 7242
4330 6839
3062 3725
4172 6180
3905 1575
722 1695
7407 2881
4165 5322
7491 9079
9823 3225
2372 4921
5963 9657
4737 954
6577 1843
1672 2353
6412 4806
5329 8859
7759 3011
8785 9051
9927 6854
9351 519
5605 8358
3136 2514
1040 8458
3231 3400
5534 9080
7054 3141
6364 2149
2969 892
6845 6576
2594 2059
6318 2681
8592 6972
2488 2192
7035 3651
6453 7112
8083 8031
1738 3789
3742 6709
2612 8991
7217 2971
2358 107
4545 5859
4862 3904
9140 3925
6973 1379
6532 740
8134 16
595 658
2236 1972
5730 2257
4166 5407
3381 1898
2146 4774
2890 5121
9178 2866
6293 2712
2594 4854
6665 9492
2971 6409
9241 5175
6605 7957
3598 202
2718 3986
3649 1577
61 2259
4487 9317
9722 42
5536 7593
2923 8089
6055 1528
4171 5851
986 271
3719 857
834 7027
3053 9945
8525 4796
7015 681
7849 686
899 9701
4482 9243
9986 6582
3566 9569
9047 3029
3435 3079
3952 1660
6650 3392
9857 3113
9542 7175
2811 768
1974 5787
1098 4560
7508 139
4083 6065
1760 7027
5861 1379
8049 2419
6179 4378
7882 4929
2378 5658
5124 6630
3649 2877
931 1007
8130 8699
341 8750
5611 1867
9895 9415
9074 693
6747 8358
9098 4596
4145 6088
6173 6025
8987 6775
3361 1213
9918 9027
9710 6844
9407 4042
3360 2130
7703 7398
363 7838
2546 5263
7569 8560
7428 7338
8712 3550
7323 7386
8220 7537
3123 8509
1136 4994
1479 1176
614 2971
9181 4038
3127 7591
9526 29
7140 1535
6654 6383
1955 9904
766 3020
8658 3743
9266 5752
3399 9724
9591 6806
1566 2220
7750 1464
4373 8868
8223 7068
4420 1881
4561 2750
5170 1650
4107 9306
9256 3165
3515 1514
2022 2627
2939 6290
2646 7925
4472 9848
2082 7796
8145 1522
2515 1824
2765 1531
6628 7773
4923 2098
7437 5459
6325 556
5423 9933
5071 1845
6497 7497
8483 8490
692 7273
6634 8286
4327 9302
3556 5463
4128 6860
7069 6775
4022 1962
8607 833
5505 8598
5618 8425
289 3224
5721 2903
5840 4903
4800 6031
9093 4974
4187 5994
8970 5189
7358 5560
5382 2342
3594 9803
5672 1078
8476 8677
6635 7209
7492 2580
6587 1809
4730 9452
4615 3626
7556 7601
3533 3129
8045 1428
4315 3434
6243 811
1354 9559
798 2750
1169 5181
1052 9097
6386 6836
8284 417
499 3391
1489 9325
7266 2461
5735 1469
3230 9458
4358 3841
4282 7444
9742 5991
3290 5992
74 3017
915 647
3350 1920
9687 1043
6898 8511
3048 4943
4811 1424
4842 5074
6260 8741
5161 9277
3206 1923
3385 1045
5302 4381
840 5330
2431 5113
760 2654
5510 8259
4521 4959
3293 4456
675 6147
6166 7151
7836 1774
2704 4371
8193 2388
7440 7028
4610 2216
6264 4273
952 9466
1832 2439
1776 6677
4804 379
4334 4740
4966 4036
3255 2126
729 837
9351 7548
141 4661
7029 9103
4022 1913
3701 7575
6802 184
1029 3455
57 1948
3050 9063
7142 1053
4823 5277
806 3572
366 5954
6384 6926
774 9375
9843 746
3631 2105
1470 9932
7064 4574
5451 2491
664 4307
8637 3544
5623 1790
8351 9383
7878 4526
8250 9851
580 5232
6729 6823
9227 3428
9709 9666
417 2364
5133 8388
3761 5347
8527 1726
4760 6522
3856 2412
9117 161
6824 7119
7956 4562
9556 5609
1580 8225
1484 9069
2612 2198
4797 3547
9394 9548
6843 6033
3607 8703
6562 3629
5337 123
9197 502
5400 4832
5023 726
4932 4030
757 7356
3958 1672
4774 2504
6565 6103
3192 8253
4315 3535
2886 5015
4816 1977
8600 7482
5676 5298
3987 4476
2129 2938
7499 558
6880 3637
1719 2637
3007 2248
2900 4580
3723 824
8465 7544
8076 7934
4259 7690
4924 3347
2027 230
9357 9712
4743 7706
8285 5764
8081 7779
2113 8878
4027 8056
8771 8972
2516 3021
1334 8813
1982 5513
1140 6767
3702 615
4797 1231
6384 3295
5908 5089
1314 8369
2222 1028
2904 5960
7913 4624
8715 7678
6477 3592
2166 2856
8836 7325
715 9625
4670 7742
9496 1380
7407 9228
1622 3293
918 5747
1516 5910
3971 9658
2707 7785
2816 5033
1378 7131
1663 3438
7107 7573
2642 4299
1825 7372
242 8118
7053 8634
4796 9347
7564 6499
2558 4533
4105 8427
8702 8599
965 3388
8533 9572
7708 7810
8743 6509
1224 9742
2616 9388
778 1296
5258 8212
2858 2524
4436 7574
7961 8746
7666 1728
1663 5942
1293 1691
5816 901
4026 4383
342 984
8108 6769
4371 5517
2213 5981
9108 1193
6906 198
4891 6772
3961 4607
1512 1323
2201 5282
5421 4563
5764 5554
8373 813
329 3403
55 9434
8311 6507
9806 2529
339 4586
816 4709
7317 1026
6636 6027
5965 3241
5848 8687
3271 5600
6432 7454
1417 598
2081 3729
5316 5451
3078 6776
3536 7058
3162 6050
8783 3184
7683 2334
5368 6605
9625 1655
7028 7811
8863 4628
8667 5846
3670 6518
8102 5807
7861 1479
1858 6650
5930 8659
3964 2837
8887 8760
532 5652
8186 7614
2933 542
9708 3241
4537 6898
5364 9004
5964 3173
4116 3463
2196 7216
1892 2980
7513 9970
8564 5859
4219 1374
6972 2457
7481 4845
2921 1675
3796 9992
5741 4407
5844 7079
9955 4084
7391 5730
4313 2227
7002 4352
4748 6848
7488 3383
9391 864
8547 8983
6869 1290
5624 6020
2388 703
6300 8878
3831 1766
8645 6449
2416 2250
966 5053
6175 156
7162 7931
9871 1247
1496 6788
9868 60
6314 3591
8640 7700
8407 8648
1048 7692
1037 5555
575 3971
2377 1469
5804 5028
7222 1242
9740 4708
7484 4144
9366 546
6817 7746
1229 8420
8984 7999
1479 5435
8033 9173
5572 2637
7861 8403
9117 532
5126 9428
8381 3059
8430 2125
4007 9202
3337 2295
9649 7675
4332 2090
1336 1476
9650 4379
2620 9141
4746 9543
6578 1055
7164 7241
4978 5340
5284 6170
8350 109
8682 1781
3995 8543
71 2168
2471 213
3877 7304
860 2225
757 7020
3838 6564
7430 4691
5819 8356
8524 166
80 3606
6188 480
8202 6584
4269 8357
7743 9182
1308 778
5629 2971
1114 912
2200 9194
4139 9605
8877 7048
3232 6993
1708 4300
5080 1335
710 3249
6327 7460
3171 2844
8758 5339
6968 8037
6127 5722
1768 6098
2256 8211
5235 4276
3682 2533
3465 894
5784 7794
5590 7120
925 7554
6579 1402
5770 72
120 3702
2428 4652
8273 9566
1215 9148
3639 3410
8323 9320
7027 4366
3973 9215
4748 8553
675 4036
9994 3849
3216 5998
3741 4516
7802 2223
8393 845
5164 3413
918 7610
8745 723
6763 4157
2808 1730
3763 2690
3390 5460
9388 6259
5708 3823
7642 8595
3420 9644
3498 2843
3271 2664
4041 633
1324 5402
6623 8034
7912 3799
2344 2144
8879 1063
3725 7144
2077 8645
8504 924
7166 9975
3583 9631
247 8073
5703 6038
1745 1313
146 2633
3521 3715
4555 7828
1488 9802
3126 9866
5907 9468
9882 5358
5491 8076
9597 6011
262 3055
9252 6435
118 1043
5925 8220
6197 5566
7114 9253
7217 5649
4956 5953
9312 4070
1789 2438
7494 8959
4912 6928
3665 216
3848 5364
6416 3983
7819 6069
3956 6103
7967 6233
8807 3927
6669 9455
8559 2253
5631 2160
4157 9483
1792 6381
9388 7154
7377 1981
7068 9345
9026 7366
913 969
8418 2429
4794 2241
3344 4592
1081 8906
2954 7025
7638 8141
1085 7600
7822 5607
2553 6837
5130 2853
4056 8408
8420 2770
7457 6093
5821 1474
8242 2448
9805 4914
4220 9807
785 5835
8046 397
1967 4852
4371 7669
5687 5158
6650 2391
3116 6105
7899 1386
8546 5631
2702 1567
3408 8005
9806 7481
7846 2331
5423 3103
1350 4426
1883 2713
674 1256
7915 2974
5115 9157
2599 2409
2604 3312
9159 5815
7194 5447
2037 6239
4564 4517
3873 6910
2738 6068
6822 658
8837 5055
6905 584
3166 457
2731 9581
8941 9398
6255 3592
5337 611
4186 7227
6364 4554
227 5774
126 5713
6289 9388
943 1212
2214 3699
8175 7911
9834 5034
9019 2170
1306 8746
6651 368
7814 1444
1417 8746
7163 9948
8921 5885
1951 7413
4643 2073
1175 4243
1251 9048
2228 6188
4624 5935
2512 8572
8022 3564
7670 151
2423 9435
7364 6149
5728 388
8886 9528
4563 6637
4194 3348
128 6243
2814 7209
9759 6855
3750 6534
9730 6279
3815 875
6164 8863
5271 5887
3387 2479
6005 6215
9833 2916
8399 7894
7829 7117
4736 5515
3319 8322
1104 7924
8456 9388
6677 4003
7175 4426
9456 5140
7082 276
251 7669
2413 4455
5714 9592
1505 6319
7573 4325
4952 7753
347 5955
1454 4358
7536 5093
8142 9653
53 9640
5479 8067
8285 9453
83 3951
1175 8395
6569 7536
6933 1545
2223 6898
3805 3766
9446 899
3394 4645
9446 5093
8353 8852
9201 5021
96 8827
3562 1297
5065 2093
8795 5032
2879 1123
7426 6768
7387 707
9841 8406
4353 7684
7449 8117
1315 1577
1212 4797
9741 358
9994 5270
7690 7165
7388 3493
6769 1181
4680 9036
1120 2831
7730 2894
9609 7754
1862 9410
7256 1992
1959 5471
7690 1297
4996 6196
4482 6688
5869 9611
8167 9595
893 9119
61 2090
7089 2039
7811 3759
8171 9189
3570 9685
3252 6790
6618 5077
3925 9020
9116 8300
4834 969
265 6813
4713 9820
3940 7081
5076 9657
3520 1512
268 5624
878 2162
8717 5114
2503 8186
2621 2962
1787 31
2089 2128
4475 4117
6229 5480
6452 1306
6956 6116
5447 3082
1234 7963
9576 7856
8917 8693
9333 7186
5342 9825
1262 225
4827 116
1036 6582
5989 9146
5389 6076
2563 8686
9994 184
3552 2794
1231 9499
2709 2229
3037 4623
5699 4640
895 2712
4392 9955
4226 9650
8839 4009
9839 8318
7249 9782
6401 1677
8545 8423
6578 3478
1484 119
4094 2036
678 385
1555 8869
4713 665
1698 8570
5048 104
8 257
1092 8258
9326 6659
5381 5503
400 1815
2326 1836
3645 4516
359 9459
2511 1166
5032 7193
9820 1100
5942 5262
8273 9102
3489 4112
6450 3286
3938 4448
8885 9962
3812 2029
5003 6261
1926 7173
2908 226
3551 4867
3630 1417
3158 8822
4967 681
6830 5159
5632 4777
9953 7477
837 2663
1195 6156
9516 2326
8237 7604
9803 4025
9865 8221
6459 3454
6191 5909
8274 322
3597 2236
183 3834
9664 2834
5832 8616
3342 8246
7453 52
4827 5797
1420 6787
8916 1041
6840 2552
6868 1665
7575 3943
7410 5843
2562 2625
4879 6898
8251 1746
6638 4847
3330 898
1101 9707
410 8061
795 4612
202 9043
4661 9758
3790 5806
7694 6500
3738 2678
1295 8257
2064 3337
7216 5265
6382 8077
4455 3995
8437 6061
3514 9327
8822 2361
3100 3805
4697 7388
8965 4443
1577 5152
9935 1123
4002 1512
4233 5090
4925 2030
9091 4690
8540 2905
8474 8690
7803 5445
9216 996
1043 4363
8734 2376
2179 7313
5994 9987
1094 214
9067 3860
5222 2778
9392 7338
2485 1955
2858 7877
3148 2306
5205 7236
661 9454
3392 8793
8059 5189
9542 679
3637 1947
6324 1427
3248 4528
9487 4798
5818 5464
2329 1626
6325 8431
788 6088
5766 6891
1838 8502
4838 2003
8044 657
346 277
5809 1979
2944 3048
4987 2551
7240 396
5698 3576
9552 8516
5490 9811
1376 8171
2721 9507
3958 8799
7895 1052
4326 2154
1516 2239
8813 3538
8993 8183
7072 3895
5118 4647
7831 3652
8710 6073
6195 4462
9393 3454
7084 7645
9873 5692
4456 3645
664 1892
4574 6886
3560 9572
8444 5387
891 9670
2382 5134
6156 439
9897 6931
8085 9861
2302 9189
1319 1572
9306 2907
1675 7693
956 1775
9104 9606
3106 8913
5376 5530
4174 9487
1680 1094
7997 4195
6531 3764
5616 981
158 9049
5327 783
7314 9371
5184 7276
4757 9790
4435 3596
842 5276
7642 7342
3110 6383
6451 4615
4132 3584
7646 4703
1550 6764
7081 5575
7488 2788
4336 9895
5982 7393
1996 4442
5932 5814
3638 1270
3925 1585
5695 4287
9999 8924
622 3925
2952 8133
4160 7480
5458 9045
9781 1949
4702 2119
8152 1421
5180 4047
6049 2504
9664 8145
6608 5775
7603 9693
9248 3096
743 2210
8440 9116
7853 6138
1086 5525
7379 7821
3606 1605
557 3819
4916 753
4525 2721
998 3036
9287 7278
6455 8782
5497 6494
9924 2304
6544 1031
2950 1214
8011 8735
2394 3499
3670 3457
8105 1930
1803 3047
9571 4642
1923 335
1601 3148
7572 8593
3571 9270
861 7541
5900 9102
2389 7657
9747 5231
3149 2379
4670 7993
8769 4418
1133 9779
8169 6440
7425 9101
5099 5300
1621 8153
1040 43
8851 8754
2858 6588
8670 4706
9302 2822
144 5939
2434 6987
2660 2164
1896 5831
5362 6827
5241 1517
1455 2172
1007 360
7296 7703
3107 72
1934 3260
1413 9938
6670 7312
3714 5040
4588 6710
21 6777
7806 6792
9272 7746
9108 4252
9041 392
6311 7742
835 9803
722 1581
3906 9219
5666 9528
8459 9110
7392 5156
5924 4520
5066 3721
7260 1660
6123 668
2733 9579
9388 3081
9206 5009
8552 2821
4739 1621
9936 2883
8435 2754
6253 6736
5762 1078
4402 6576
3884 8013
334 3100
6145 227
5147 3959
7417 1255
7489 293
9145 5177
6658 1440
1356 378
2159 8479
3690 6274
1278 1027
3060 2720
2188 4752
2166 4725
5274 4087
5056 1137
710 3696
7458 8236
2343 6120
5247 7957
7581 4204
1174 7565
212 1408
9024 8830
8214 5375
3068 243
1226 3129
9676 9612
4425 6948
1797 8313
6699 9576
2183 1652
8673 6382
6041 5843
2671 3521
1803 810
6293 2415
8104 4576
9124 5762
2393 8181
4346 4032
1912 942
364 7951
7323 2198
2574 8237
5605 7931
9992 4390
4503 7658
5819 9837
4315 562
5549 9618
2704 2397
9003 1797
1278 5973
1244 5364
1731 1031
1965 817
6405 8147
545 5907
4575 1048
1551 8014
7490 9522
405 7477
403 277
3855 1595
1027 9947
4997 5382
8949 1143
2744 9479
5876 9678
1863 6652
4992 2058
6998 5994
9304 614
8195 3753
2083 3540
9484 8915
2701 8074
2801 4349
7779 7387
695 5174
2947 4580
9847 5824
4638 509
7186 8308
7408 3581
2435 1695
6641 7161
2926 1766
3408 276
8377 731
8129 8294
6446 3911
6086 94
5943 9344
4011 4195
9431 30
5668 2668
9135 5346
7810 6165
1367 3986
3826 7404
2151 452
1525 7055
4327 6322
5915 654
1272 5943
1715 5496
3819 1735
5313 9388
8824 9797
1982 3663
1647 6357
5176 8475
3518 2152
4070 1661
1151 1226
2118 1387
645 7931
6863 1533
8336 384
7173 9265
9597 917
4143 5848
8596 429
8416 4746
5644 1981
7299 6036
6015 2899
442 9591
1892 1841
8066 3051
6714 2206
3047 6775
9119 3886
9065 4158
8155 393
3170 1413
2950 8575
7343 6556
5055 8151
2350 9390
833 4564
6436 5580
5874 275
7810 4648
9322 8505
8466 8863
4746 4211
534 4449
3316 1669
4438 6360
9682 5814
7074 5204
4202 8342
3508 3101
4715 2795
5709 5394
352 7777
8864 92
7679 7539
902 8511
4627 5401
1992 1546
7805 6529
7818 8201
9492 1268
9988 9382
3141 3514
8914 1575
3446 9347
9484 9335
1678 4614
7738 5068
3207 6936
5724 428
1593 4763
3633 1199
6861 8304
7903 4124
6642 8773
7700 8182
9575 1014
5156 6095
8223 79
5067 3440
6080 4564
896 337
2992 2220
3049 6511
2230 4283
5479 95
4421 2189
4370 1339
5022 3226
8865 6961
3812 2317
3087 9466
8158 3399
5789 9201
7377 9681
4815 3353
4491 4084
4205 1131
1783 857
513 5788
8014 138
2767 7472
8618 9372
2064 4658
371 9299
3969 5311
1152 9972
9403 5059
6755 2372
7872 821
4558 7580
7029 5370
6641 378
3097 6027
5342 4008
4606 2513
9907 211
5108 1793
5793 8104
9222 3679
1150 3055
4120 4753
1688 4055
1373 4375
305 3026
6713 4015
8583 4031
6103 7691
7891 2340
7539 5888
1182 2373
1340 4280
2397 9868
9518 9966
9862 1500
4276 7457
7520 896
110 6882
2285 6376
5517 2516
1552 7443
8240 5146
6162 9809
1729 5297
2936 1366
7507 6769
766 66
8543 5212
4965 1817
1230 9581
2342 5569
4283 6994
1293 6286
1284 9335
4696 2013
7038 9114
1454 7503
2508 7054
5558 5888
7937 2234
7944 1565
6883 3273
4983 156
4823 5819
3088 8702
7780 6904
5992 6903
8577 822
390 7661
148 6640
9232 9054
8642 7771
4539 3190
9008 970
5611 8028
6657 9348
9176 378
9446 7517
1164 4566
4853 9683
3240 3395
5194 4342
4735 7425
1817 3442
8201 6580
2440 46
689 6323
667 1990
9826 6150
3367 8513
1890 5756
4250 6514
6819 3397
4087 8896
4389 3221
4690 2090
2648 8056
9230 5136
9834 9317
3701 6414
7825 6943
8557 1356
8104 2873
1127 5132
9777 3872
4087 2438
6069 5427
6299 6275
6151 8055
2313 1744
6029 9085
9941 7449
4190 3217
5485 2818
6891 5591
8006 3370
1297 6811
6498 5011
1788 4897
1121 7612
8039 347
4995 3077
3421 7888
8374 4620
3779 4553
2082 8854
5088 3528
652 7999
6065 7846
7344 1528
3225 1084
7857 9486
5953 7080
7611 4391
3443 1924
3479 4735
133 4735
9934 3884
8938 5272
9725 8781
3830 3975
9237 9839
7781 3125
3838 8527
3543 9391
3886 7109
1298 4335
1717 7166
4419 786
8012 4259
3055 5517
3079 2525
5375 8326
1521 56
8460 9114
744 3075
1185 7377
5068 3381
3459 4055
6463 1950
641 891
1752 243
5957 7617
2783 1683
7588 8997
2044 4442
2722 9757
9798 4914
9054 5485
2875 8
2070 6151
1248 7711
5791 6979
828 9124
635 5825
5493 6468
4847 2120
1576 8953
7094 3582
4076 8759
279 4136
3489 8918
1813 3628
5358 1795
350 3187
146 3099
171 2630
9102 9062
8429 7403
7220 902
2253 4788
1898 5268
6798 1200
5819 7709
175 5950
1200 6800
9744 7095
7607 5965
8854 6080
9668 7319
3475 1919
4991 3671
5567 5187
7422 5578
7805 8192
5375 7505
6412 4742
1326 7007
663 3798
900 6311
3245 7267
2518 9918
7020 9356
483 8922
4702 5978
3242 5731
4553 1776
4622 4591
3670 3258
8682 2213
3262 5089
9710 763
9224 4814
5983 1950
6066 3810
3393 2908
6918 5776
2063 4915
4654 5789
2772 7298
5914 3254
2348 7562
4998 9775
7712 3043
5019 6825
2434 7923
9065 1216
8696 9304
922 6608
1593 9583
829 7923
7323 5850
8750 1469
7435 6946
1188 480
4081 3062
6490 2731
3319 3873
634 6385
7837 9121
3488 3603
9722 8733
8258 8706
8340 5009
9065 6149
5793 6529
3574 3160
8095 2272
7287 8457
353 3068
9863 1113
7144 3500
4863 6702
1797 2355
9793 569
8971 8497
3804 4290
7423 9739
1718 5010
9583 1043
3441 297
1762 7581
9101 7621
5782 2523
5464 5126
2325 8294
6592 2590
5674 788
4520 5495
350 9967
470 8071
9546 1034
4572 973
8900 9788
2429 9743
3611 3095
2528 2791
9650 7609
5786 4335
861 4260
516 3301
128 8395
1198 7237
9260 9237
9897 7318
9564 5454
8295 5276
4648 8234
9355 8189
236 9366
8479 8933
3528 3374
2052 6760
4865 4960
7412 3435
2551 8394
8940 4858
172 357
2984 7859
4114 964
749 169
4160 392
9395 2959
1894 7589
6823 3315
1887 3787
780 4051
8818 5677
8785 4871
9255 4745
4802 4638
2052 8056
6677 6262
4049 4280
3623 8172
1682 6936
1849 6870
4195 8895
8315 1667
6898 7831
698 7222
492 182
6686 1123
118 3653
5331 680
2099 3523
2560 3940
6154 4034
2305 4335
5548 7179
5622 9605
5137 3192
4470 3152
0 7960
9474 5966
1583 1048
4489 6710
5693 5403
5498 6343
6135 2203
2001 6586
3753 666
3876 4979
2335 5904
3729 5458
3481 6579
8265 1150
9013 1540
4335 2762
4780 315
121 3208
5414 1702
3859 875
2784 2756
742 6869
6697 838
4421 9871
2931 6959
2859 8736
2525 1109
8993 6090
8990 9739
2057 2511
8713 7991
5469 8705
335 396
5754 4225
7871 5754
1556 3953
9931 33
5758 4600
1206 2291
8465 8512
3454 2404
3765 3909
2189 3406
2347 4338
7722 2397
1887 8586
9209 4467
7498 5414
1826 3835
4636 5694
7785 7817
3433 1298
6737 7217
2573 5731
5747 7392
8688 8510
4130 1635
7458 3572
8725 8312
5661 7005
3359 3869
9236 9764
5197 1574
808 22
176 9766
13 9650
5739 377
502 2765
8426 2591
9243 9333
615 9689
7692 4007
1648 3425
5623 8998
824 8596
8188 9266
9308 5685
1335 3057
7471 615
3283 8856
2098 1091
8949 6325
2166 6763
3472 5710
2056 7685
7335 7021
1082 2128
4839 7372
6237 9092
6044 8283
6058 4410
3664 1402
4617 3753
7652 9366
4729 2433
9918 8613
4833 4634
2599 4220
4597 6671
7703 2626
5021 7185
5689 1774
7357 7470
618 3368
9774 9719
8354 4278
8605 7487
2633 6000
8134 6712
6987 9272
7594 9862
7182 6703
2169 5200
8367 2933
1208 3081
3491 2662
451 7398
6514 1861
5655 9956
6647 6389
1071 5744
8492 9267
9283 9751
435 1810
9329 796
5136 5697
513 7069
5159 9462
8457 5052
8549 4859
776 9994
4847 6223
2631 2133
6090 8052
2887 9518
146 485
4161 8440
2358 6416
5891 9339
4393 3242
9267 1105
5796 6025
5445 6009
1859 8166
5771 1728
1720 5230
1940 5976
2517 3732
6842 8005
736 3467
5261 7998
1919 8289
5650 5628
5465 9885
5670 8053
9610 3107
3745 8783
5248 3625
1826 1410
1426 1630
8307 7578
8127 2963
165 4176
1459 7488
9536 6897
9137 9529
3015 7490
5900 7864
3795 9134
5369 5368
6454 3761
9802 7806
1438 6228
1334 7206
6466 48
2196 3206
1818 1181
4131 4692
7269 231
342 6377
8303 8200
8299 1190
2061 4444
5148 4563
8116 3314
4926 8811
3810 2788
2990 8733
2362 9864
886 3162
6480 1597
2503 7376
1069 7774
7261 229
382 579
5139 5725
1743 267
7437 1975
5775 9202
9966 489
6624 3552
5150 9424
3614 5409
7929 6744
7099 9394
7036 1095
7678 2013
8916 4414
4071 8948
5213 8273
3736 5596
6409 7268
3780 9737
2962 8115
6930 6401
383 9338
7340 648
1310 5612
8973 4477
3529 6288
781 2731
9895 7407
7792 7537
2957 4663
8401 8827
5528 596
6872 8553
6626 8751
1964 390
9976 2230
9745 3215
5643 7620
1224 8587
9497 7080
4524 2489
1122 2609
1910 6642
1144 9517
5255 5881
9984 5719
9741 6311
3929 103
5317 1314
8054 3689
9027 8151
1058 3268
6910 207
242 9043
1111 895
2219 479
2832 2024
3390 7916
5420 1822
4005 1235
7416 756
4581 3936
620 49
984 716
236 6532
9335 1527
3859 9857
9266 9303
3575 6702
953 7283
761 8344
1627 6476
4028 2410
1356 2774
3777 7500
7360 5276
2541 3557
3811 4638
6680 1868
1376 7740
7568 344
8490 8209
8592 4730
3271 6794
3605 7468
539 8623
8816 9280
6950 9780
6349 4032
4786 3511
2676 4943
6848 8893
6438 230
9738 8682
4647 7769
2254 7077
6037 9306
1777 1638
6250 1068
8099 6181
3141 7516
7887 4902
7542 7790
3050 1018
8507 7281
3604 4489
9498 149
1308 831
8165 2396
4046 6608
9706 1078
6891 7652
8325 5443
4883 2518
5640 6572
6490 7861
7268 3289
1763 6138
1644 9313
3046 5732
8538 9015
2253 1868
2022 8017
7547 2414
7098 1892
6422 9247
5740 2178
5789 7906
1585 4563
949 9224
6607 5875
1793 1684
5568 4209
4477 3349
3080 8316
1287 8642
2007 2361
3110 1306
9233 7892
793 8311
8062 8658
5261 8611
9204 3796
2626 2228
2724 8014
7104 8990
2783 6521
2324 2180
6870 7003
8023 1615
9990 8530
7306 9086
8649 8475
3879 7626
9927 1322
413 8410
2039 7997
1086 9789
4141 9373
961 9216
8705 5676
9679 21
248 7303
1773 4834
5030 3255
1398 1947
937 6176
2046 4609
3421 210
8818 8930
4220 7
9761 2231
5843 2675
3074 1354
299 6041
6824 7892
1029 7973
5578 9776
3796 1436
927 9568
5032 7613
373 8411
1461 7199
1270 8222
7605 7863
1012 831
8997 4872
6848 8478
1642 7552
9970 3286
1504 9941
1720 2595
8538 1947
8040 606
1273 8524
8619 1085
3318 4269
1519 8578
531 2039
7706 2435
1974 3792
5282 8989
1664 2326
2951 9544
2295 8152
6454 5591
4128 5069
844 7347
8184 2529
6487 166
9707 3431
2179 4050
9889 5131
8613 4709
3266 6965
7866 5721
7931 1503
3031 8414
6611 8563
4586 6284
4021 3027
6214 7745
492 4377
7187 345
4115 9194
1154 4597
5971 4510
3342 7925
7310 1549
7442 7607
236 6563
8641 7114
3794 9534
7783 1659
3566 6466
4482 7999
2767 5137
1830 2532
4448 692
5535 692
9575 849
9253 6575
3734 9663
9167 4141
5925 6718
7757 1867
9981 329
1104 4135
3193 1523
9975 271
1660 6295
3228 8018
4812 1141
4738 4099
969 7300
6511 5542
915 5074
224 5832
9958 390
7964 9637
7729 5494
3452 1362
9932 4865
1236 3547
3722 3412
626 9273
8000 8019
5249 4557
8263 7541
4272 6027
2770 5090
5737 6519
9241 278
4353 6655
6145 4930
9686 2754
7733 6289
8383 583
2407 1356
5688 8159
1835 5407
5830 4258
1877 307
7785 7773
8183 6957
327 7849
2677 147
9301 8817
9775 5344
2106 8829
3259 1363
436 5984
4295 3987
9239 1395
8195 7418
4036 7564
1899 7652
8773 688
3042 9508
6921 511
3740 5878
2721 5631
4067 8944
4280 2631
3974 9575
5746 4820
6781 7185
1248 1709
1530 4415
8439 252
7148 1817
9637 641
3442 5383
4842 632
7799 4760
7353 7875
8718 1447
8992 8192
2101 5042
3101 1517
4773 3748
7184 851
4667 7085
590 9850
9104 3707
8241 264
4020 1363
4628 2751
9495 4733
565 3203
1286 3143
3751 9624
3724 8628
4731 3612
7748 6788
2617 3100
1833 5711
8816 2427
9437 6458
2784 128
7807 9614
5092 2926
8981 9352
4666 4918
6805 3515
1971 8600
9646 7151
14 6326
3477 8685
1277 9052
5627 8348
1712 8737
1235 9650
6105 9518
9646 6086
5441 1634
7231 9800
5544 8658
2814 1824
8689 2996
1473 4010
7911 3835
2199 1187
4101 2923
2731 8053
2609 4691
9569 6432
2905 1862
8517 3301
1672 6660
5867 2911
2832 5398
358 2595
2865 6474
7316 9093
6443 2821
3103 5522
2108 8476
8771 8468
1879 7
1037 251
4114 7888
6580 6419
6932 9906
7182 7518
9330 1882
8133 2960
1830 5661
3076 898
8249 9340
4433 4695
8502 2407
4911 1241
9890 6854
6854 1928
703 6855
7870 5280
3706 9361
2701 3722
7350 4587
8068 4655
2115 5642
2635 5005
1331 4748
7297 9303
4060 2700
192 1065
3836 9320
4022 8204
2650 8555
8738 4543
8620 2650
7699 9513
627 4484
2333 4479
6265 8579
310 6500
7776 2667
1066 45
7904 3143
4192 2130
1578 442
7186 5844
6647 4369
231 4748
8349 204
9882 4775
9351 644
391 2262
1939 648
3221 3119
6380 3939
867 9455
7763 5868
552 8053
873 9526
9669 2890
7810 1320
7755 6317
8327 4761
7723 8663
3988 7962
1336 4293
9066 8100
2134 7027
62 8400
977 7360
2545 3030
9186 1041
770 5594
3023 2894
6013 3837
4060 2396
3092 5151
9898 6721
3465 9090
1840 5720
1234 5493
6873 1046
7373 4771
1306 6582
6752 6423
6057 7308
2430 9978
1050 9729
7016 5172
6206 7511
3740 8937
1670 5237
974 9911
7019 6429
8778 6841
870 8905
717 3961
8126 9548
7118 9017
6663 693
1807 3726
7516 1971
9979 6237
1908 9406
9480 9452
8013 6795
3728 2454
7782 3763
162 9999
1446 1800
7587 5632
966 4098
6741 4440
4131 7756
7632 8063
7631 5138
3240 3472
9188 8724
9006 1503
6859 1412
8522 7835
8750 689
709 6173
1428 7449
3954 5844
8789 1605
2076 3745
8903 2483
4181 1103
6847 7636
3237 8462
2917 7594
1371 3984
1607 2113
9342 3181
4371 6031
351 3531
9909 7936
8642 4308
2957 2446
8219 6871
1411 7076
6393 4494
9180 4705
9548 2505
1135 8440
2121 5443
8740 8170
2790 4372
1892 3452
9325 7058
313 1638
4968 2629
8191 9835
6305 2077
9420 5887
6347 5962
347 296
2157 2776
6787 9209
9477 8075
6446 4534
6895 2107
2699 279
3322 8737
4179 4151
4078 9242
6811 4561
5946 5844
503 5541
2562 7379
8139 8858
7561 188
5403 2211
8084 3562
9367 5720
2887 954
4597 8257
7767 7040
4534 2897
2924 1690
1538 9571
7339 918
9265 7325
1947 2543
8092 7056
3597 3841
8717 9980
2830 7757
9510 7344
801 6215
2937 3867
7049 5037
94 1914
1532 5352
5509 1097
4913 7073
123 8341
3896 3981
4972 2272
3007 8023
7059 4015
7098 3648
636 5642
4637 3397
6198 3640
6412 7770
5564 4423
3193 9987
323 2018
5759 7202
9697 7340
555 3957
5761 1627
1632 6802
8361 5979
8101 2024
9732 3811
5673 8003
2916 9791
7425 2937
5978 5108
5964 4288
9101 669
8407 14
4976 6259
6603 7764
5684 325
4135 475
4256 6842
1601 6263
4733 6206
947 2620
2177 9719
7995 4690
1884 1182
794 882
746 2275
6905 8063
2055 402
3522 2285
4322 61
1140 7641
6917 5091
3770 1500
5463 7330
2878 6280
9271 5706
7476 9752
2866 6964
448 8891
9302 3071
1041 2013
3660 5212
3368 4845
5674 4835
604 1838
8102 5824
9015 7024
6100 7342
7709 9151
9375 5143
5198 8675
8971 3083
3266 9427
1131 2333
2848 8595
9044 4658
2163 700
7329 1687
4944 3038
619 3063
9774 8633
1443 3137
9687 3177
8967 3285
9386 9835
8019 6980
8126 4105
6841 396
788 5894
2777 2450
5391 5826
6923 6438
1259 128
1165 420
2907 9529
3576 3220
6293 7588
274 6763
9900 9386
1267 5170
262 5521
9269 4269
35 2787
3616 9043
6266 6403
6539 3414
1365 7683
8201 2436
6831 8157
1826 307
5485 8983
587 8931
6968 5237
9257 3066
3587 2751
384 5835
7594 7338
2390 3789
2084 1262
7941 7822
6637 5134
9672 6167
3530 936
312 9074
6965 7524
2362 8034
5864 3139
1705 1731
7997 2235
9904 8655
7214 2792
6474 8391
6276 3290
2991 6285
4397 6906
6781 2044
8599 1855
1024 2321
4340 9451
2070 8652
2762 8003
4787 9367
6157 1226
7390 2338
3353 1178
9090 2796
3245 6010
713 8899
8904 8908
9879 737
9109 5843
3804 4472
4116 6787
9082 1058
96 4859
5289 8662
1506 5149
895 6277
1493 9998
4096 5393
936 5294
5507 417
9972 4862
7633 7002
5896 1437
4393 6227
9384 7983
1754 4737
3787 8326
6596 4521
9119 1235
7377 6520
4690 7208
225 220
4872 3171
9072 1700
5198 5861
9938 8721
1672 2035
1708 2118
6909 6059
3534 7943
3912 8334
6696 758
5166 6630
1941 8228
3434 9457
7248 1593
8242 6668
4964 2125
8812 1697
5390 8461
6363 4737
5130 2621
6769 6661
3584 8926
9657 6875
7190 2769
5901 1217
4382 2464
7409 5273
4355 6907
5770 3488
9401 1407
1574 2661
3084 533
7078 2650
8251 8505
9204 2544
7621 7568
4053 4102
1580 5218
409 8237
9608 3785
2691 1091
2127 8761
6028 6127
3125 3049
5281 8898
1160 4602
4637 9528
4817 835
6119 4530
1205 9323
7463 4833
39 2570
5082 1718
9003 8450
6134 3853
7310 9423
1312 6170
7389 1170
2033 6179
4175 4840
7062 975
9125 9512
1812 2148
6019 1889
6071 3327
2907 1169
3937 795
2909 648
6112 6842
4237 5173
7437 1576
5766 9625
3344 5115
5443 1344
1204 7389
9841 8987
3361 533
735 718
878 9246
9822 8693
2812 403
4939 2596
9300 1249
2257 2441
1343 8472
5169 5667
1477 3238
4762 514
1714 5185
7744 483
7305 4818
9049 5932
9125 4728
5850 9812
89 3031
12 7113
8828 9312
9835 3520
5550 805
8663 7524
6786 1593
4353 9885
5664 124
9448 1118
1671 8535
1347 1737
8627 3253
9664 1226
3382 2616
3065 7931
6177 687
6009 192
5067 4933
3039 9911
296 502
2072 5171
1636 5540
9541 9098
4852 6442
4463 7859
3155 1592
3223 1272
6624 5046
3881 171
4905 4992
5272 302
6808 5849
7701 835
8363 6352
6822 9813
5970 5947
3513 7668
7404 3793
9921 8230
873 2221
6973 5952
5036 1480
3730 9193
156 1952
1545 1855
3523 6155
428 1316
879 2151
569 6820
5951 7775
53 580
3197 9045
2294 7616
3525 3026
3513 4302
7107 7323
4316 9232
3136 4829
8927 8295
6003 7558
1442 270
585 3519
2945 1948
6012 556
4659 283
8219 1489
7208 3017
9505 4968
7303 3080
1794 5099
1052 9680
6042 180
6374 1662
1126 915
5765 1422
9836 7812
289 998
1752 18
1043 1445
2125 1764
2008 2031
191 6717
4437 9144
2328 4584
7085 4173
9033 7840
7477 9031
161 2678
9087 1680
8852 8746
2457 6105
6367 3411
236 4659
7006 3084
7999 9805
5897 9374
227 1011
4141 9373
9019 4656
772 3204
2623 704
3856 5594
9219 5949
9750 1462
3177 728
3108 922
325 5816
6304 1244
5534 9892
1029 2716
7737 6745
6293 4909
2447 2175
9514 5596
1539 7388
1011 3359
5185 8339
958 9100
9795 6948
5390 1168
7786 9990
918 8187
7652 753
5702 4579
4892 54
9050 1808
1507 4367
1236 9418
2285 7749
6580 1664
2744 4798
4567 1074
4544 1284
6734 1296
2850 1745
6193 1574
7361 4750
2141 3977
2287 9479
8573 7097
3669 5441
6220 9460
6926 4039
8781 7678
5656 6560
7115 3168
4263 9399
8564 5407
1526 9233
6907 7777
4208 6845
9243 8521
3177 1718
9810 3135
7875 2990
467 7541
5689 1644
7146 7323
66 8733
4582 7609
9049 8037
1745 3321
7199 6181
9104 7412
5891 9078
6062 9720
9834 1161
3376 9618
8804 5757
740 5916
829 8875
2143 3180
3317 1311
5746 9551
5316 7715
7666 987
5710 6664
8105 2779
1422 9730
4316 8563
5716 7931
8928 3199
8675 4528
8784 8933
6355 7837
8240 614
731 5336
848 5191
7614 1605
419 9408
9565 8479
9133 2870
7206 7200
292 9106
1208 645
8666 326
6298 7326
3537 5115
8173 9597
750 2483
8214 5883
5253 8531
1320 1484
864 1394
9580 777
1554 6475
5237 6641
7618 8590
4434 5411
315 9500
627 8167
582 5287
2817 4800
110 1546
5755 4692
4592 7152
1188 3870
3198 3522
3779 2539
3880 8216
6007 6540
8642 2841
5318 2092
8443 3491
1633 7023
3819 6739
3036 7890
5967 5685
2188 6077
4360 7735
4488 9852
5736 6895
197 1612
6479 7331
6936 2684
3446 8455
1367 9367
1643 549
8917 2008
727 4659
4446 4238
7545 8026
4522 2218
2333 8978
6451 3519
9172 8286
7013 2487
946 1654
4310 7443
5894 1539
5102 2315
365 785
2790 2140
6861 3686
401 2743
1463 7124
6633 9124
74 3776
1440 93
9582 782
5654 1167
1926 3275
8744 1160
3245 432
2710 2542
8637 538
4651 324
8151 268
2409 8021
8316 2916
60 4970
7306 5123
3182 5939
7793 5970
5890 3677
3753 1908
4661 373
9504 3087
5898 2999
5044 6325
6855 2820
6901 2315
612 3672
5689 1864
7661 1689
8715 8391
9329 4310
2435 1203
3290 5750
6678 8607
2666 2469
3347 2206
6191 5014
4847 2855
9729 2738
9778 6730
9950 7141
6269 2904
7841 7609
4036 1784
2131 3076
3805 7639
1956 4026
111 8851
5783 6846
5976 7705
2511 5567
4014 97
538 2211
4336 9153
9048 3804
6775 9955
3662 6357
2239 3527
1615 3091
2081 758
7599 6693
46 7053
6857 3920
2213 6005
4761 5771
3103 1011
5497 8768
5694 3744
6218 3679
8052 3037
4035 252
323 3705
3712 7620
8883 6489
8639 8104
9697 6553
4953 1404
5328 2161
6025 6006
3315 9376
8472 3468
3279 9469
8335 5250
3301 339
6367 3369
1786 158
6161 8471
2726 1469
5799 6652
92 4862
1986 5706
9853 5485
2665 7908
6591 215
3456 9389
1231 4921
5776 6843
8686 6472
5281 663
4236 3205
638 8293
405 8793
2692 5706
2271 9819
4949 6713
395 6394
1860 8616
5148 4943
5591 1979
1447 2341
6821 2451
8543 3837
3402 8019
5745 9898
9537 3694
7215 3096
540 8438
1473 8995
1359 3873
547 6648
8228 8788
2683 9492
1002 3558
2891 9324
2089 7453
6204 9647
7966 4655
7716 8717
3035 136
3760 8484
6128 3842
3353 5210
7503 2405
3044 9776
271 1974
3881 7258
7734 1706
554 9128
7150 6127
4505 2326
9789 6037
7417 5044
6581 3990
9707 2792
5756 5735
796 6570
9282 6199
2678 177
2026 2892
3388 8912
9618 86
515 7955
8913 98
1670 2001
5963 4867
2037 9674
2863 869
4236 2914
7062 1757
6480 5957
997 3817
7999 6166
626 3023
7781 546
2659 522
902 3708
7707 5630
2896 8415
7498 7341
4433 616
2220 9441
546 5113
8125 4691
7130 1573
7710 3186
5450 4517
5505 6075
3512 1615
7951 6036
6115 408
213 7170
6111 6092
7679 6678
6468 3230
9598 7327
1988 9269
2692 9015
6413 5067
8407 7793
4875 7316
1999 9595
7662 3085
6578 721
8092 51
3138 8639
4086 6633
2885 3080
1686 7456
4676 3752
9893 2612
6230 3853
1106 2187
841 2202
7521 7390
3131 2689
625 301
5552 6030
4797 3483
2772 1552
5471 9254
6574 9624
1156 6610
2929 9482
4403 3119
6702 9459
3957 2970
1495 792
3932 6205
5000 2468
6525 9984
1563 8403
8767 2573
6249 5014
5264 3207
9866 7844
8751 7417
6592 6009
5321 8801
8544 186
7811 4198
6862 783
5093 7146
2202 7232
6586 1129
5361 6435
309 1705
3381 124
9713 8211
7302 7599
7196 1826
6148 6914
6909 6491
7178 9942
8622 3243
3749 3786
1001 6275
3491 9447
7027 5461
4123 8017
5841 370
6173 7402
4217 7341
2273 9574
5066 5451
7411 2879
2974 7534
406 595
3521 9509
9672 4698
4382 6899
5898 938
5421 7012
4991 2213
5415 6925
3407 6062
8431 3399
7484 1570
5171 4151
3465 5970
8740 1289
4247 8072
8473 7765
4837 4491
6248 4286
908 1047
6170 6730
720 7339
9427 9525
417 7838
9607 8624
6151 1001
6800 3792
8537 7361
4468 247
2801 8981
2938 6705
9084 4597
5890 4644
5749 7514
1051 4742
1940 712
9777 7892
3037 8889
7651 6215
6237 8999
597 880
3665 276
2675 6765
9094 6115
7948 7448
5208 1840
1328 1791
2734 9602
9869 2603
3773 962
9219 2938
7032 7027
8593 132
4951 1806
6880 5046
2074 1613
8092 5819
3312 2322
9721 553
6655 3328
6210 8725
8609 8594
4982 9344
34 1456
1217 3464
1145 5453
9379 8402
3346 8596
3092 210
7139 320
9318 9312
8699 7077
9906 3488
2911 67
4586 4511
5702 3847
4797 8228
5960 1616
8093 3833
2078 1292
6029 6020
1819 1653
8714 2645
5419 6685
8538 3843
4345 6556
5928 8714
7062 1259
5566 5467
111 9838
6496 4204
7366 4511
4324 674
4663 1285
2064 5435
7226 8222
1334 9224
3491 4784
2048 9981
7937 7700
308 4296
9642 3311
239 7412
1794 1391
2340 4151
3753 41
4509 170
9219 5113
7702 4286
2792 9038
6661 1612
3073 4157
2475 967
3577 9879
3478 4782
4040 2362
3894 5613
7533 1120
3032 4154
3106 2954
4356 2787
3144 1974
5714 723
1975 2452
8283 4792
2681 241
7109 6622
8121 7679
7225 8059
1017 4627
6075 8719
1682 5788
3229 3595
9896 3856
3006 3921
5919 6074
9448 1606
1551 1288
5244 8990
4557 382
6519 4192
5647 5615
4726 220
4860 6380
9574 134
7359 3597
978 1958
9208 1724
6849 3556
507 3882
8976 8460
4983 7798
7376 2501
8659 4399
3348 7980
8859 2086
6294 2033
958 1213
425 8107
3295 3112
5832 3068
1375 5992
5183 2064
5614 3187
3879 6469
3689 1867
5590 9709
2277 3755
6375 7699
3173 9427
2149 1656
6680 4551
3133 7332
9808 3843
2927 7853
1672 4387
7162 2447
5607 2008
8697 5586
6748 8889
4146 2136
7216 6665
5770 5629
6022 6377
2242 8894
6974 6292
5375 1435
4197 1080
4977 6660
6697 8621
8487 2346
8753 9796
7305 1992
640 2268
1391 6792
7659 6554
8542 244
9718 4274
3216 2960
5317 7821
766 4166
1906 1163
8071 4585
7068 8591
2682 1782
9850 1077
8383 7673
7908 8249
5148 1199
2696 594
2332 4808
6498 3417
1006 8498
5421 3778
9452 7963
9002 3711
6765 8729
1913 9969
5152 7608
9631 8902
8040 2239
1053 6173
2495 6535
7085 3734
4903 597
8163 5255
7415 4245
6941 8416
5545 6609
2753 2874
8439 7256
6992 3791
5939 9667
1351 7873
4635 1809
9231 3305
9970 2268
1667 9181
7902 7289
1791 648
4259 2371
7424 6816
3551 5556
133 7503
5508 3962
4806 939
9916 6003
6386 6289
4406 1229
5196 7117
2453 8063
2872 4382
2161 2995
5463 4517
7411 6033
6990 7535
8786 5553
3814 4138
742 8882
4284 8248
5173 8891
6552 9930
5575 9426
6733 8875
158 3289
5158 5389
8543 1071
9356 2800
6247 5346
323 6080
4621 2126
9191 5210
1393 2936
4997 2244
6386 516
2486 4577
5177 1716
5995 8851
8484 5631
871 8784
6002 9059
1935 5525
4426 3762
7018 3055
3452 6156
8722 7300
7930 1640
1471 6221
6875 8960
8450 7595
1805 899
2768 7517
901 1453
9557 9022
3397 6928
3269 3575
3563 4642
356 3683
338 2965
9981 4414
2182 7838
1056 7295
6061 9989
7557 2486
8414 8429
1355 9462
8055 9733
7826 757
6322 3582
8595 5043
827 75
146 5678
6423 8848
2183 9806
8917 4421
495 822
5352 7812
2741 2167
3137 8873
5055 4742
1266 6109
33 1702
6339 3751
1437 1455
5278 6120
1530 6702
9857 1462
2275 7877
593 1523
1961 3214
7006 3668
8435 6805
3134 8658
9583 7861
8082 1045
4905 806
3667 9628
3264 9068
9701 5045
2469 2979
3593 9900
9477 4291
4539 9455
8508 2288
85 2939
9571 886
6284 3228
1620 3891
7116 2601
2808 1618
3015 8739
6109 8306
6495 8830
9735 8750
5879 4913
8269 1659
7883 4520
3078 1706
2190 6418
9843 8386
480 5483
1192 5736
4149 9281
3004 3679
2585 2364
653 8464
3496 4282
5914 9081
8096 2098
8974 3934
2157 3348
2522 8057
3592 1955
1533 2002
151 6096
8226 3912
6294 88
2184 2317
189 3186
2181 4496
7923 8956
834 8700
6901 4097
2718 7428
4139 1319
742 4658
7448 7447
9299 7251
3252 8388
4848 1811
2700 2606
7037 5081
2841 4389
2492 8295
4299 5813
4512 7187
3172 8944
2818 2359
8070 9481
7692 8756
3494 7159
4551 9646
3744 839
6857 8015
9400 2371
6037 9524
4098 7578
6259 5930
590 4933
4304 1755
5944 5184
5707 2714
7849 3379
6146 5812
5859 9510
3831 6736
81 2765
7073 3067
4418 8993
4287 3355
4669 6730
7673 8828
5672 7831
7289 1010
4769 583
7702 6188
7574 2065
1810 2660
4834 495
7128 1293
1817 303
7329 8949
3153 8355
5823 7819
3231 2621
4532 5507
5396 6900
7547 5037
5285 7194
6268 9399
6614 2270
2936 9968
9133 795
7707 7582
5289 1980
829 6265
814 7336
8508 888
2455 8343
2446 7252
3631 9777
459 4493
1332 9474
2812 9725
7779 4898
2968 2330
8511 3911
6230 1095
7099 5244
5203 837
8893 1451
6430 8189
6552 3174
4456 4350
5419 2541
2563 871
4484 9286
1259 5961
4165 7181
2529 7021
9824 404
3352 9943
215 7755
5490 5803
6213 2815
5699 4085
2085 9801
6312 3122
5204 861
6951 9458
1677 8423
8765 1635
7354 1253
9586 3666
9262 4485
8484 8470
2491 1906
8773 371
7709 4020
250 4501
825 7269
4218 8695
1502 5799
9493 9208
6937 8397
3226 1553
4693 5981
3501 8065
2305 1285
4033 2149
5748 4929
4594 9602
5658 8430
9162 5267
4877 7798
2111 60
295 4474
9949 2710
1429 2853
1372 4147
8556 290
8385 8066
9725 2662
7441 1927
2534 3586
1847 5176
2156 9710
9656 4773
7989 8821
3550 4783
9417 5669
8237 1595
9981 8585
2801 9227
649 5672
1917 7391
9300 8762
5544 7528
9062 1348
2103 6892
3262 3033
2563 3519
6815 2002
3838 7598
9748 2328
9836 2505
5717 1793
3986 792
7856 7070
6562 8122
2885 1058
6997 213
7246 8481
8213 6923
1301 7833
4501 5777
581 8695
8444 1112
6762 630
3938 7694
5262 1133
6138 1903
3334 4556
2391 2277
3291 9345
5423 7706
8050 1773
249 6035
9148 1861
7358 7257
870 3636
6633 8347
268 3966
5797 4927
4899 5788
506 1599
5986 5159
3502 7004
1266 6697
6908 3651
3600 4006
4839 8190
1475 2556
4430 1272
8351 7634
2540 9911
26 8714
5651 3076
9247 2740
2998 6657
4198 3288
9216 3118
4269 5233
9467 653
9903 9923
3120 8329
6795 3135
3670 1855
3637 902
5890 2379
398 583
37 852
375 7888
2127 9563
1607 5285
7164 2138
7744 7217
599 9012
1808 4995
8883 3353
9709 5199
5870 2762
306 9382
3861 6852
1229 6448
7013 9494
3314 4315
4279 8014
3383 5030
1260 6773
1241 2945
4674 9785
8764 704
3969 8662
1838 7273
8753 5688
7123 8340
5183 7530
9040 6114
5711 6508
6088 5040
7363 7494
7056 7939
3549 6899
3629 2482
7268 4645
96 2617
1659 8405
25 5244
6069 3334
1384 7884
8577 5916
1766 8332
8382 5078
4794 7178
4242 2152
455 5210
8790 464
6110 2729
6039 7141
2060 6593
560 6552
803 2057
4022 906
3573 6286
6353 6000
9862 7277
1554 4039
5817 3614
4260 3619
2609 8047
5132 6708
9146 6561
2473 808
4622 9495
6738 5128
8757 198
156 1798
2129 1812
4910 9450
3714 9713
8130 6922
9431 5276
4350 8915
4111 5729
6101 8118
9358 6678
8114 2982
4954 9352
5944 4629
4591 7226
4116 2661
9255 9025
7508 1463
9762 786
9367 2159
8491 8357
5380 4698
8864 4685
9846 2994
9143 5070
8467 5081
8363 3355
9766 7592
7935 3080
1968 2483
8924 9196
5217 407
589 8640
4373 9727
9572 1542
7876 7628
1583 4997
46 2601
5291 9326
7998 2742
2269 3680
7745 1109
7020 2624
9246 1679
4145 6808
1967 9828
9655 4031
8284 4367
1928 9621
6053 6354
8368 2874
5219 6152
685 6742
6735 2154
7599 6237
7948 4853
4167 3102
5470 2125
5257 6840
6419 8811
3663 6295
8503 5140
8207 4408
1216 4942
3232 2938
3332 4620
3837 2332
9212 6028
6108 462
3821 48
7097 3968
7298 8076
9156 4201
5168 2963
1897 1859
1037 959
3665 9108
6893 8267
9014 6363
2946 5224
6853 3935
6014 2467
9650 3980
8416 6296
3266 1738
5033 2937
9054 9277
9714 1516
3234 2882
3848 2578
683 4949
6958 4174
3810 8029
935 4691
6946 1194
5424 663
7071 6097
7991 4782
3379 3189
2329 4389
2956 6935
39 5211
4674 7776
6406 4908
6363 649
4181 715
6511 8124
3357 6802
2351 4480
5590 7558
6416 2469
6140 4543
3474 4244
3212 3256
8345 531
6593 2172
3831 4641
1133 6523
2368 7349
2041 4933
5055 3999
70 9292
6483 2894
5680 8460
2007 8648
8275 3708
7489 6311
5940 5781
5268 6728
3497 9766
6831 2533
3531 2725
4979 2532
4698 7774
8221 9154
4587 1438
6995 5964
3527 2637
924 91
2509 5088
5844 4358
3365 8722
7537 3646
1680 5062
9039 5532
861 784
5924 3754
7188 2103
4915 6361
390 5132
756 4912
4252 7319
942 6141
9477 4689
4081 5296
959 3304
7463 6868
2466 7282
2762 9189
1826 2776
6930 968
4455 1005
805 5241
1010 1679
5827 3017
8835 614
9870 1748
7238 8379
4444 2517
9286 6006
1902 293
7374 5748
8664 385
8088 2111
9871 9105
7812 6614
2735 4410
1304 6789
4023 55
987 7177
5164 1647
2389 914
3857 1326
3915 3336
5234 9836
8241 8494
829 1144
3184 7490
2964 6205
1846 7390
2681 2531
6604 967
8221 6701
3499 9585
5180 2731
5850 1127
9692 2356
681 2234
5577 9815
6289 4318
6978 8075
8266 4822
4371 7518
8266 1004
2225 4806
8476 2389
6163 6787
4876 4
2798 1613
9916 8664
2389 1522
7509 6239
580 3397
3278 2154
5697 4588
7993 5489
5549 7268
9125 3187
8647 8211
1015 1241
510 9734
1577 575
4992 9081
5676 1364
6979 3911
9713 7383
1578 6019
6679 895
4999 4767
5792 2012
5715 1863
8123 2368
7214 3401
6493 5748
4037 7668
4499 9828
676 2859
2883 5367
3881 596
5 7248
9664 2463
5224 6436
7264 8570
710 1891
9584 7677
3660 3859
3296 6752
4123 6076
1200 6552
6661 5920
9280 6965
7451 6730
8338 6877
8851 2201
6520 7512
4175 3647
9260 1808
8105 4630
2740 6703
7108 1341
3466 2669
1055 5182
1050 854
9320 1082
9061 960
7109 2537
1054 5640
729 3700
5744 7237
3896 4315
9849 6194
9989 5940
1540 1289
2046 4748
6141 2565
6474 1111
4591 4341
812 2794
9154 2138
3055 2588
4802 8831
8154 1991
6192 6970
8555 7803
2252 6951
21 8584
7756 9125
5536 9906
8753 975
2978 5793
1596 4319
9203 6654
4504 7502
1678 8059
8463 8324
7650 3513
7286 6939
2650 9963
1116 7611
8678 9472
4434 556
8836 6212
7273 2442
2799 7267
4469 7169
9346 2792
6262 7001
9482 2645
6482 9567
7362 1591
4591 6940
3346 9871
2803 1477
3323 684
216 1756
7349 2220
746 1220
8623 8219
6729 3381
3575 8551
6880 7225
6327 1263
2173 9539
9455 687
7603 9931
6093 6939
525 566
5912 6858
8856 5815
4470 7065
860 1067
737 4925
5199 3545
708 6013
7483 4194
9444 8860
797 7373
5757 1622
8656 6653
199 4382
8772 1726
9889 770
4395 7421
8234 8136
6838 6468
4162 4108
4845 666
8054 4656
7689 3677
6071 7671
6978 2526
9088 7872
8772 150
6994 9796
1384 9850
4377 7215
8737 2479
3040 1718
7394 2800
7102 7967
2675 6901
9324 4123
2580 2945
2290 7429
2246 2365
7703 7872
699 5029
3659 9684
5096 7836
1062 8491
5981 4971
8323 1675
2864 4054
6944 5658
5804 8485
5618 8360
962 7948
1223 3015
2423 4059
1638 9167
5687 5367
3974 4067
6508 8359
3759 105
1935 9335
3548 4618
4968 2369
3940 3709
7694 8924
1806 5503
7231 1704
5421 9732
4167 6452
9423 5899
2513 1898
3836 161
4846 6286
3762 6820
6318 9839
1715 7514
8259 6667
7885 6164
2086 5880
2961 5480
9547 1819
6274 5573
8948 5131
2588 6967
5300 4617
3714 2022
4536 4926
8350 6103
9094 5060
7690 6704
4953 4780
4387 6484
2668 5412
1400 8565
6339 9173
8699 9337
2138 6753
7829 8635
7362 1531
12 9970
4254 4096
3952 1060
1279 152
5316 1138
932 797
8949 7224
1317 1596
2969 7426
3287 4766
6643 2493
9255 6638
2480 8413
892 6659
8058 6111
2902 4204
2534 1952
5734 5070
4180 1157
1422 2692
5661 6588
4435 1364
4201 2046
1140 4242
400 42
2797 2968
2644 5035
7745 3226
1635 3016
3717 3452
7429 571
4884 9476
7248 6956
1853 728
6037 8632
5928 6447
3849 645
3561 468
6780 202
4049 7809
1631 5155
9120 1395
5551 9383
7407 4190
7578 2618
1587 868
8265 60
425 456
488 5055
6066 2331
8963 3056
1929 4557
21 2255
1670 9217
2670 5624
3771 6385
1224 641
1401 6785
6571 5405
3355 2841
8508 7490
5971 6914
1595 3043
9840 5150
2961 4576
2149 4525
1882 2413
7737 1531
6436 4588
2372 4575
8342 13
6889 1313
8316 7611
3498 8940
4689 3322
6347 2284
4007 9819
8470 5560
7694 6495
9409 2971
5615 2971
5193 4061
2094 5068
1484 1796
4694 7410
9871 4022
357 439
8476 3337
4929 5074
5796 3782
2114 6875
4258 3978
8760 4960
1402 7193
7151 7859
4409 82
8819 2216
1684 9330
2391 9966
6256 5669
7079 8241
7806 8569
9816 137
6665 5950
5338 7979
1979 3458
5233 9960
7699 6451
4263 8163
5179 8083
514 1699
7480 4670
9181 4000
3187 7268
4476 5169
8344 9866
3372 3575
5624 8460
2937 405
9729 1168
7634 2136
5721 6587
3276 1307
5963 5318
652 191
1737 1305
5024 2309
9508 342
7838 3251
7033 991
4922 2593
9627 5988
3983 3606
8447 521
7468 9885
7298 5175
3005 6374
3870 9626
7511 9263
8647 6841
4348 2535
7295 7774
4277 3035
6022 4587
827 5962
7029 9964
8361 8865
6947 6906
4075 9958
4206 820
1034 6457
8098 7471
553 6628
112 1778
5417 6051
390 5996
2605 6908
5881 822
7605 1500
2616 6767
1663 9365
5987 9133
5479 2716
221 8863
3996 4105
9244 6877
6859 2886
6960 9706
8106 6617
3812 2678
5280 2759
1523 7562
6107 5221
1292 3334
6958 5801
9985 9806
5518 3161
8910 3780
5605 5206
5920 2353
4578 4608
1208 9666
4459 4396
2283 2456
605 3335
518 8306
6443 42
6610 2638
3287 5370
4918 6300
8616 2082
3621 6763
894 202
7382 771
869 297
1010 5052
3424 6849
4531 8476
5518 5853
3542 6663
2300 1152
1376 3967
6709 9093
8188 9433
5015 7095
4748 701
5840 6043
980 6477
5743 7845
1957 5211
2951 6831
8644 6748
3425 2978
3168 472
4055 8295
4138 1587
4935 7627
2506 8092
2435 4614
7146 3565
428 115
4466 5987
9407 3653
9276 6318
1003 8987
1834 2544
3019 57
1721 9978
3871 824
3746 1952
36 3843
8931 2980
6322 8420
9616 5546
1661 3855
159 3024
504 9527
5525 5857
3518 4000
3630 5512
5621 9828
5553 3225
7249 6349
525 9712
1382 7213
3871 6610
4445 5674
8015 1598
2143 3826
8980 5776
526 3254
4587 8484
9317 1392
9642 2385
673 6476
7125 2213
1989 6940
9642 1592
1189 7537
5403 3141
8265 4245
9892 8294
1143 7517
6316 7768
6430 5791
5166 1669
4842 2822
6652 9909
7736 3895
7520 7014
166 2826
4888 5879
631 4202
643 6046
644 9561
2905 6284
7347 4826
5918 1940
8421 3896
6280 2815
1897 2349
7021 4439
7758 8722
7084 6473
8367 3475
5100 1675
4836 6044
272 9202
3283 1450
9573 9361
1847 417
8910 7156
6388 6145
9 5646
1171 923
5142 6940
3193 1436
7071 8544
5840 5493
546 696
7690 8766
8290 4053
9722 2628
9473 7079
2472 8957
3152 7801
8174 9241
5414 5588
4636 6269
2877 7940
2081 6726
5539 7084
247 3287
7299 845
883 7655
6906 4802
1658 7726
2151 3466
1658 8205
5511 2347
731 2852
9096 4924
5769 6062
5204 1809
9580 9917
3453 7298
7955 1670
8434 8929
8265 8111
4040 6569
8696 2858
7599 9597
993 5451
4126 8767
1404 8991
100 7021
6669 8479
6476 3234
936 9073
8674 6702
6965 1867
4079 4383
7270 800
9944 6107
7361 8542
1104 9524
5244 6212
5459 7445
8165 4190
9757 1980
8856 4722
4454 1830
3062 6677
2230 4113
8710 1970
4408 2763
5695 6476
9299 1041
5396 5625
508 7430
2105 9263
2726 4699
8085 3835
4641 7108
6011 8199
1227 7143
8211 3302
6488 7552
8721 5167
8761 2038
4459 6224
8381 8600
1669 2091
2468 7071
8009 5235
6825 1941
8571 6293
1223 6121
4585 7989
6413 68
1698 3741
7414 401
1860 3947
7497 9118
1347 2020
9526 4193
3721 9656
9779 989
1202 4404
1781 5826
812 549
3252 9125
8096 3643
5235 9334
1884 3675
1571 4366
8176 2888
1671 4901
8186 6372
8285 2976
1683 7314
8847 4584
7063 6896
1419 4143
8990 7911
2278 27
653 1668
875 7684
2537 5558
4437 6147
8824 387
914 2563
4757 152
7061 7932
8676 6230
9119 9385
4550 6030
1140 8749
225 5835
1172 5473
336 8175
9981 8448
1224 3119
6633 9699
7472 123
5741 3053
6253 2294
6144 8572
9385 6430
9522 9117
9203 7885
6989 9881
170 9016
6118 3611
7230 8727
9204 198
7295 9072
9208 1484
7581 5326
7525 4379
9887 1897
1361 7267
7911 6284
2619 5777
4979 5187
7001 8806
7542 2088
9084 1983
6328 8783
7141 3611
7597 5534
3755 3201
3572 6481
6619 1066
8000 1162
4483 521
2834 2669
1029 7290
3689 4948
7437 8410
1826 7054
1260 7182
3312 1409
7656 672
17 1406
2890 5164
1228 4175
3447 4113
1244 7815
9882 1569
2718 8039
2039 7182
8520 6504
9933 598
5540 4548
3174 3520
1112 2132
1228 9087
7529 6952
4881 201
6 8562
909 8850
6103 341
2645 3090
3318 2319
8382 9988
1266 4265
7077 5934
6358 9838
8741 6641
6211 3330
7152 177
324 4414
3097 4909
2062 2076
2935 5462
251 4097
6402 9939
8175 2553
1284 2847
8328 3457
35 5470
4277 2099
2437 2334
7542 1238
9764 9129
9110 4226
7516 2190
61 5913
9735 2273
9421 6483
227 320
5433 3197
309 6013
1511 6316
3596 6440
9908 7471
6502 7676
5314 4892
9852 9940
1845 415
4662 9491
6715 4976
7460 2686
8604 8828
9646 2641
8213 9467
6293 713
722 821
1190 5774
523 8774
6534 7228
8893 3184
9619 670
4932 9155
5782 21
202 4887
6509 2802
3300 5602
5173 8201
9650 5494
3046 5062
8379 1203
5779 6096
2019 7319
901 1587
768 1175
8888 8925
8711 3932
6593 1141
8712 1547
2860 9059
5607 384
9423 3596
903 984
4768 2625
776 4049
6356 8975
9659 9919
7162 1619
8821 232
9107 8301
2103 7178
8227 9091
226 9851
7717 2338
7548 6204
3257 6022
5063 3072
612 7127
7962 3432
3308 8915
6276 9742
1076 4046
1499 3115
5161 146
812 4905
765 4736
5466 1032
7561 6677
723 9368
7110 7875
159 6432
6979 6967
6024 3150
1303 6692
1543 2040
6337 8972
5176 1447
788 7589
2711 9351
9076 6987
2649 7930
3833 6880
4316 8
4138 1883
3058 5461
5304 1152
9549 1617
3218 8496
6183 1799
4783 9275
8335 7496
5475 1114
4286 4241
2086 2024
9318 144
3151 779
3058 9110
5438 4719
2844 9044
3856 4697
7564 7363
3893 9601
7872 713
4939 304
9819 9182
5726 8661
9017 1006
6605 1424
6343 3961
6927 265
6118 4144
8450 457
4964 4863
3918 1637
6184 3665
6063 3259
4615 6684
1877 2896
8407 4874
9261 6940
7430 8777
7330 9455
7209 2729
7325 9347
3257 6312
5934 8681
1411 3207
3273 3556
9824 2723
9601 4466
8271 5350
3289 6105
3227 3682
8686 1485
6095 4628
3043 6637
5384 7450
1613 7361
1048 8557
6634 3851
9024 4225
7003 5361
2689 9533
5461 4249
5123 4766
9569 6156
916 5395
2129 2520
3399 474
4954 1560
3069 1109
393 769
6346 8586
4438 9173
1982 6649
221 3378
674 3939
3319 2566
7355 2656
7036 8406
5684 2969
9403 5115
2843 9987
6548 6849
2496 4126
1069 9266
3605 2348
1453 2776
2183 6489
2299 585
55 2872
8368 2334
2138 9062
8978 3175
2350 3573
4543 4288
8867 6929
9433 1585
1272 465
9793 1278
1060 6329
7706 2925
9386 4904
9446 3505
4838 6195
764 2081
6745 9135
1839 3068
5132 6259
2954 4078
446 5166
1804 2568
6911 3750
9833 7581
6679 6353
6444 4858
3125 39
6825 7691
1258 8327
4869 2599
9403 5129
2935 8817
4190 8465
7616 7889
8454 3361
92 7681
9596 4206
4360 4520
3884 4714
6860 1800
2325 972
6753 1771
25 5316
9529 3854
486 6639
1334 2165
3945 2462
3545 9250
1118 6332
7757 2360
3346 4184
8448 1611
7399 555
7475 2302
6183 4906
1391 1684
1283 89
5779 5257
2556 3428
3916 4468
7662 2430
3610 6349
5058 6367
4340 8774
4611 3478
8903 3367
6873 4662
1253 9772
2237 555
6017 5465
6825 4183
1835 5467
5353 4772
9924 4833
9217 8970
579 8048
2577 619
151 5141
1959 7608
8750 9910
8516 7735
5565 8544
2619 1703
8135 5900
1736 6786
1922 3473
2821 542
7853 4075
9806 3037
366 9789
2121 5495
1575 5071
5955 5785
7213 5158
1868 9182
6844 1393
7681 1466
1225 8010
194 8503
2852 2745
7914 8247
9499 8788
2060 7107
1865 3514
738 8797
7976 3618
7233 5321
7677 2059
9805 4841
6282 3887
6145 4015
673 3541
5019 3296
5854 8572
8051 8012
1624 2454
3464 385
4495 8890
1348 1340
7823 6945
4010 6381
8431 7768
279 9515
6996 3698
9452 8979
6416 84
3736 2888
690 2447
6314 8636
7399 5933
549 2392
3000 3466
7643 3950
3497 3796
130 9272
1747 2905
0 6246
8123 5284
1582 1811
971 7413
1806 4634
5396 9114
9834 6043
8289 5282
2306 8978
5275 5113
6241 7066
4075 4042
6611 5855
8501 380
9204 672
1164 9464
6806 7156
6813 9303
4058 5752
860 8636
6412 111
9219 1229
3725 2379
8264 4962
3592 2650
4226 3764
5427 8215
2725 5132
4134 6195
9841 5701
6563 2859
8092 3662
6484 9778
3495 1636
9865 401
7959 3559
6581 6417
4147 3312
8245 4616
2880 2926
4622 3015
9531 6256
2738 3464
8679 8440
9948 9138
4075 5104
7503 1335
224 2623
2777 1645
874 345
4430 1922
6423 4208
3304 5872
3319 597
4322 6827
7325 6360
7950 9411
5636 7646
5012 5469
3860 9490
4716 5042
9111 3530
4212 6076
1717 6266
7854 4830
6316 5786
8297 3460
4860 4995
677 6115
7260 2055
4455 302
4426 8850
5521 20
742 3769
1455 4390
4937 8616
1880 4327
1549 6311
3126 9733
4486 3114
2219 8978
9054 8976
5286 9428
9827 4497
3810 8373
3218 4820
6296 2196
1042 1919
7236 2374
556 8282
7816 4229
9805 6398
3840 2554
7641 4805
1308 5643
9204 1486
530 9717
5405 7964
7341 1348
2713 5057
261 1342
2559 1175
1179 1802
1920 7148
7465 5891
2672 5798
179 9206
5430 1095
3476 2636
1561 6097
8448 3998
7718 7056
7272 6428
349 5037
2178 7271
4955 453
1355 8809
6283 5477
7160 8148
1658 9482
5303 6018
1482 9423
8777 8517
756 3846
8184 1388
4801 464
1795 8708
5294 4212
9863 3495
9548 8636
3767 3071
9179 3457
7515 9169
718 6077
8246 5527
6302 8318
8453 3246
7616 1719
2081 944
8789 6836
5854 1600
4360 8304
7219 3778
1671 2874
1569 3975
2611 5047
85 6497
3548 8365
8248 2532
9665 7930
6231 371
5037 9683
5662 5725
4728 1080
7075 9655
3234 5200
2101 6370
8333 5789
5516 8628
4223 7617
8451 8213
3091 7540
6683 2509
5548 3685
5100 710
5411 4317
7593 9590
3403 201
8940 4747
39 9634
6738 5026
3257 5722
2807 160
7090 4275
4671 1836
4149 6363
3061 9340
7390 7116
6129 9888
5453 795
5196 143
3938 9415
7831 8284
5445 6162
5166 5103
9905 6736
8426 4185
5849 7287
483 4745
8773 6924
2289 140
303 6812
6068 2548
3958 2437
6780 3783
297 4649
323 9775
9295 1349
9958 4369
3970 843
9728 9874
7232 7312
325 4962
3879 7168
3316 7036
6079 363
5684 8424
9238 5223
8718 3801
7929 3685
7088 9592
1056 3774
1443 2298
5663 4935
9773 6128
3723 5434
4919 1616
6344 3968
9452 7855
6068 1178
9910 6228
1488 9389
8498 3448
6430 6360
21 5987
6217 8803
8663 4106
9825 9684
8076 8297
9023 4862
5647 8620
1254 2626
2871 3644
3071 8288
6050 9104
1952 6070
8376 9876
9367 9238
4867 4806
5662 2808
8533 6688
8700 7511
320 5157
7804 1663
8272 5789
8066 3821
796 8131
1887 4295
3460 8091
1395 5243
4835 7511
3530 5227
2727 5370
8044 1376
632 9052
5584 7542
6431 4516
7365 8079
5225 4315
2499 6719
1131 3512
7973 9128
1495 4278
3258 8299
3657 3059
2942 7098
5529 3683
6070 6684
1571 919
2390 7925
4373 5958
3942 5552
720 9859
323 128
5644 3281
7968 4129
6772 4745
1914 9339
9943 3767
4317 9735
3640 4660
4685 9491
5597 6587
1556 7595
9084 9898
5613 5596
7642 5876
1709 3804
2639 5595
9737 7291
5727 7013
6461 7880
6617 8207
8969 6663
40 9339
6710 5128
615 7659
2319 7472
5027 1246
1588 6744
3962 4956
1809 22
5841 5930
1561 9668
3696 5794
64 9811
4518 3805
8230 7769
2298 2179
4533 1558
1182 4242
7926 534
7249 7696
6497 3475
4804 1428
6610 7806
857 1449
4446 2127
3863 6199
9046 1345
3496 703
2969 992
7817 1096
329 2554
8312 8712
1773 2584
1727 5805
3408 109
8659 1304
3349 5590
7264 6155
4671 686
2592 1773
7700 8290
38 6895
8246 7346
7733 5522
3624 3240
1104 523
2418 7744
397 4597
4073 8185
6977 3490
8442 763
6366 4726
6901 8804
1737 7561
3504 1040
8089 6491
2290 8475
2912 1801
8489 7425
8514 6038
8250 906
3476 6943
6639 5102
7233 4223
3664 4566
329 5205
1394 4936
1960 5810
5011 405
3714 1293
1640 1290
4651 6243
6112 9188
9820 780
6213 2979
9978 1344
1547 7115
8535 5722
7570 706
4134 107
6735 4564
4166 3776
5197 1788
8632 9220
5388 9776
5514 1481
7391 5208
7746 3512
9919 3207
2639 2890
2495 9381
7581 4989
8347 8344
9417 7328
6937 4108
5487 4705
7386 3235
2862 2461
2976 8309
7031 8911
1141 6098
428 1051
8895 4139
4925 3440
5136 4526
8378 2052
7552 4282
292 9310
617 956
1165 4823
5374 663
214 5479
9800 9864
8470 885
7500 2288
8592 6033
5387 3861
7339 6003
3721 3995
7363 2260
5531 8626
7490 1962
7089 5588
6992 7629
2757 9774
7778 2651
6617 6373
6004 553
9707 2157
1655 8379
1963 1480
9474 8789
540 1461
5907 1649
7438 7406
7985 9061
3623 2950
8706 77
1798 4873
4718 3990
748 1035
7933 5794
127 6899
4305 4947
695 5473
4256 9521
8332 4315
9050 2428
888 8582
394 3670
5450 3110
9644 4362
4692 1620
7940 7544
7296 6683
4894 8701
9263 1981
8827 1820
3807 4727
8818 5306
8378 3346
6063 6252
4500 9084
8833 2284
6932 7976
4522 3055
5491 1487
4001 7094
8870 6994
7769 9510
342 4772
4148 6926
9835 8775
1004 1561
2299 312
2261 6192
718 5765
98 5951
1806 104
2022 5239
4802 9477
5097 8243
532 5612
9870 6680
5383 3356
5073 4753
5820 9740
4339 9534
3346 2723
4414 3482
3269 508
3147 9128
6812 8274
383 5476
7177 1606
3970 3747
6575 3333
1426 4824
5530 4541
6990 8991
5819 3021
9260 113
4490 5036
2059 4328
8738 7593
4660 2625
6802 6819
2409 4056
1854 7272
845 3422
1929 4320
2363 4008
146 3927
6957 4406
8692 6347
6721 9114
3139 3947
9243 1602
9951 2206
5272 1373
4804 581
5733 5523
5963 7461
5979 1096
9276 3710
2922 4959
7079 1972
729 2247
7135 5517
9042 2550
8048 7634
9998 3714
6356 1072
5407 9648
3785 8445
9468 5187
4687 7157
5480 5280
9286 4164
8898 5907
6828 1732
9376 5608
7190 5815
6103 674
694 8803
3717 5922
7181 141
1797 8498
2931 7378
1587 3131
131 8761
5519 9551
3293 3141
2648 3946
2432 3248
2303 7195
5337 8423
6328 8833
9110 8426
2765 3365
9464 9214
3771 2970
764 1096
3162 6941
385 1216
9758 5766
6139 885
9949 1001
1970 5213
282 6513
6344 94
7755 2779
7446 3906
1814 7951
4294 7250
9954 9242
9999 1035
9595 5556
9355 9005
2207 6191
7785 5712
9256 404
3832 5989
5200 4575
3240 208
1406 444
9123 1676
9173 2766
8333 7148
7069 8554
9627 9707
5372 4897
8131 494
4147 5705
8564 4155
7731 7908
1467 3829
3119 6545
8651 5522
9739 1868
2897 5528
5238 6712
9255 2004
4900 480
5287 2283
5819 7350
1615 6732
619 3748
9125 3368
8093 8451
2070 501
3999 8925
6659 2291
5124 1168
3180 1680
9941 2010
6470 2550
9752 240
116 2984
6234 9996
2491 2015
7945 679
528 4528
2411 8841
4487 5141
2121 2815
8991 5150
8404 6463
4234 7978
9113 1656
7193 2622
723 8309
4661 260
760 8405
4564 2737
9263 9401
1575 6468
9667 8402
1243 853
4602 1872
9412 1730
9311 5848
509 1935
3687 7990
5347 7981
6320 3585
2376 1895
5562 5412
9029 3399
4022 9873
2202 2973
7373 6212
1548 1680
9458 2778
4378 7337
6571 4890
6360 1372
3820 1527
6998 6352
1444 9872
5305 1268
7383 7343
5131 7294
9930 3490
1878 2958
8510 2420
5972 2030
3514 7945
655 3961
5599 4005
7990 1324
4783 2566
890 6156
3869 4711
8534 8648
9289 8350
9328 332
1453 9208
2410 6267
1898 6981
1086 6678
9355 7529
6220 557
8767 8709
8372 8134
3797 6549
2994 7443
8831 959
4434 8230
7411 1072
7272 5985
7728 8439
8801 101
4943 8149
1205 8909
5040 4692
9395 243
5127 5459
8799 246
450 2712
8748 635
9249 2507
6225 8553
5784 2751
9950 2387
3705 3704
3900 7914
9280 7885
4874 9413
4428 5191
3026 452
9414 7202
8332 4706
2572 9047
2808 5673
1905 8994
5214 4879
2066 6058
592 8385
9265 2689
2 5663
1354 5414
2685 6942
2066 9945
2280 5991
1415 8473
5255 9170
8540 9221
4353 7543
2638 2471
814 8289
6067 5485
7144 2508
3432 3878
5394 6502
9791 159
3381 2395
2993 5304
305 9916
5362 4904
5686 4795
6496 8210
1716 8944
2077 87
5132 3289
9994 653
932 7328
8376 2475
9466 5422
7731 6656
6333 8147
2963 6323
7752 638
9197 7437
8651 9733
7612 7642
7320 1090
2233 6685
4913 3225
7528 314
4411 4909
7630 4702
5148 7018
3148 3390
2164 6995
6497 3867
3650 1471
2285 9219
7900 4877
3396 4820
6505 6901
221 1035
8277 9086
6583 2947
4088 9500
2816 5396
9823 643
5735 9925
8978 8578
6035 7876
7608 6729
1770 9549
8908 8494
264 7966
8809 1044
6733 9242
2918 7711
3814 9198
174 6480
5401 362
7990 2006
8695 1486
8575 6080
9293 526
1811 1078
6747 7531
5180 4756
6162 9436
5931 6741
8871 3014
6354 3187
847 4235
9023 7757
865 7882
3557 5063
2810 7105
6026 5285
9129 9942
8312 3782
7991 782
2600 4641
3226 7095
7999 9554
5433 7824
8649 4149
5076 9197
9542 9295
3779 4032
3972 6635
7545 5488
3649 2138
9620 4837
1718 3326
934 737
60 1476
5538 781
892 9692
7869 2909
7692 9563
9554 9016
1384 6485
6637 5827
9394 274
748 9477
124 5563
1669 6848
6094 2986
2197 4006
8240 8922
3854 4520
424 9504
7458 7564
3660 1852
5762 9896
7153 9132
2113 2963
1790 6502
636 8431
1798 6582
1010 2218
6351 8672
4280 7388
5163 8825
9518 9908
6278 1285
8313 5221
3656 3637
8578 1779
1301 177
98 3662
6573 8987
6604 538
564 138
5318 5203
1803 7122
5934 621
5801 1814
5823 5777
7185 3240
110 386
3659 4470
4725 587
6772 9674
4383 2087
3035 9316
6133 6973
1538 7273
5734 5421
9534 6334
6303 2560
3476 3685
2462 9047
2996 7729
7781 6446
3343 1994
8496 3408
4000 1328
9740 8706
6024 3556
8760 417
2414 6241
3662 9095
4360 9887
782 2181
6793 6842
4702 2818
6588 1725
1464 8390
585 144
5910 3662
5096 367
6029 6148
1678 289
9131 4915
5072 6756
9784 7086
9208 2330
7530 4461
9114 365
2333 6047
9303 7109
6968 8414
4630 1724
6486 2987
6603 8017
2487 5950
8497 8448
9373 9311
1832 4116
3438 2247
9423 4017
6632 5874
7178 8921
8366 7365
2678 578
3396 307
4137 9079
5273 5198
2278 8631
9593 2462
1243 7525
7979 3228
4581 6379
1222 7433
668 6007
5410 9119
4679 3292
9633 9593
7033 6681
2281 7381
3731 371
4086 5459
384 4108
9201 5594
7508 1099
5079 3146
5684 1312
4884 3592
4979 7409
8379 7397
8848 2111
6860 5325
9534 2957
2138 9110
6271 8542
7393 298
2621 8534
8675 1991
5854 8421
5320 9231
4540 4864
6756 9790
2396 3226
3690 8391
9208 323
7176 4453
8629 1025
1304 7159
7331 4264
8381 5198
6675 6484
2175 3109
7741 3941
8864 2110
1937 286
5967 7757
4306 1673
9759 646
852 9759
5441 4966
9265 5890
7381 2546
450 6463
9510 7473
8692 7694
6740 3006
908 4277
7760 1153
9900 4485
5796 5847
7941 495
6264 6806
8854 5372
2607 7574
2306 4974
6682 5147
3065 5119
3944 6165
2686 7555
3914 9260
7095 3228
3564 804
7337 8297
6036 1296
9945 9722
5155 4136
8196 4952
8366 1366
8965 7801
9745 5647
6883 8146
3158 7651
3014 7849
3083 7509
1050 1552
8880 6291
9726 9724
5197 929
6403 382
6719 7911
8579 9481
4572 4761
9535 3342
3451 4253
1250 2940
3420 4343
4236 1303
3218 4299
5601 173
2572 3880
3729 2430
8913 3839
7717 1115
5068 2114
7982 685
5350 7204
7046 2385
9512 7499
3884 9741
3537 4987
567 9669
7258 172
8222 2405
5426 5861
1747 4227
1464 7284
1092 9307
2446 8330
3505 7979
186 5542
9937 1977
9627 8982
620 4356
9229 5486
8155 6754
3852 7639
6157 5642
3730 9350
3401 699
1545 1518
3336 1087
9613 7966
1167 8127
8387 2304
2161 1330
410 2613
6851 9057
3373 2844
3772 415
4161 1526
3880 8857
3112 5337
5888 1260
8357 9066
4576 4478
8074 286
1734 5977
404 4263
3084 2570
4329 6302
6567 7045
597 6192
5788 9182
9967 5041
1899 838
6505 2643
6550 4780
5059 7238
9812 4315
8243 1424
5487 2794
4804 8196
3329 3868
9532 5664
5434 2829
8330 9112
6878 5179
6248 797
886 9674
8264 1964
3484 3242
4740 2893
9928 668
4349 3462
4956 6646
6396 7210
9352 9760
2594 9960
9374 9189
5954 2718
7707 1472
5272 4312
8439 9949
6286 3678
1663 2402
974 29
4687 1509
1350 7288
8723 9370
8820 6590
9489 3795
5147 3039
4919 940
4975 7077
4693 1263
5304 2678
5034 5414
3639 2080
8214 1298
6920 7197
156 4428
8549 3650
6082 8510
7914 4970
169 2030
3446 7556
5017 2863
282 3929
417 3783
3355 9336
6701 2000
5941 2052
1569 4789
6172 8568
9895 9736
7146 6320
1067 7766
4204 4391
9860 4865
5135 2758
5698 5477
6757 9411
6312 6578
1591 9812
6769 8336
6688 1700
1563 657
66 7273
2172 9035
9946 1092
1094 6846
8323 7550
7699 9025
3385 2698
4444 4798
5047 6938
7344 597
6954 2118
1879 2515
6900 4312
8570 4240
7476 5052
9442 2400
9107 506
6922 915
849 9674
5071 613
6860 2992
1818 9488
8744 6217
8577 219
3225 9187
7952 3081
1342 3749
2144 9592
4429 1371
5275 7994
3525 4230
7525 8785
8360 3290
3554 3706
658 8775
1899 8669
9753 7529
2973 9241
6431 5358
5436 6616
2646 9368
3456 2993
4639 7731
1792 1763
9396 4298
9407 9076
2228 8707
2616 8843
3152 2327
7015 4262
9022 9894
9520 3066
8027 7181
2286 2496
1611 5964
5989 7478
4660 5590
819 5023
1659 5350
3999 1028
6655 9489
387 8854
1431 8280
1177 773
549 3639
7452 5794
5766 8886
7525 9404
5550 3506
7448 2419
7865 8731
7845 7806
1092 365
4646 3800
5573 6586
3699 7331
5972 3874
4947 458
6076 7876
2581 4300
3014 4893
215 2914
9178 8977
572 3608
9666 9138
9582 5337
4200 3606
5415 7407
4791 562
3749 9788
885 9739
809 8358
214 7395
6250 8845
4549 4767
1950 1960
9717 8951
6030 3333
606 296
751 5093
1637 4655
120 888
7260 1881
9872 759
340 4771
8025 4661
5700 671
3071 9208
854 5643
3766 6818
7050 5435
7184 1496
3449 5825
6412 8019
838 5950
6784 4526
1331 3126
6913 1205
4930 8338
726 2027
7116 3691
9691 7262
1148 8918
1879 5607
4045 691
5774 4780
4997 5326
7604 64
137 4666
7725 1305
2504 8261
4657 7598
3606 6105
8739 5843
4184 5647
297 2036
3832 5924
4811 5456
6022 6672
4493 36
4806 2599
240 777
566 5511
2668 1936
1551 5554
9468 4096
2203 281
4302 4506
1670 92
7014 3903
8935 2192
9118 6870
7040 9324
5963 1640
2755 7413
6494 2877
7573 9173
2812 6372
3312 4030
323 4274
7505 1742
7538 2469
3507 6384
6984 6482
9982 7599
2984 8134
4845 2606
9461 9102
8243 9625
3471 9521
2339 9227
9195 6135
696 9232
9533 940
6456 892
4189 5450
7630 9494
9025 3591
3851 5433
8170 5756
6865 5062
7621 7377
9873 1315
4808 1659
3139 2808
9430 3600
4397 7299
4613 675
9646 8798
7032 3313
7190 3082
9225 8372
9416 5037
8433 7476
3022 7001
8282 5385
9574 9667
6047 4031
1049 3935
1747 9934
7540 7305
5375 4346
8763 4147
8988 5510
1155 3358
5852 7284
3687 6849
676 4699
3134 42
6856 5972
3154 9485
7751 9410
4307 4501
8636 8430
1513 9408
9799 461
8798 6857
2162 8195
1367 3293
4618 225
9148 3128
2139 4220
261 3282
6219 682
5011 7709
8981 5591
598 3165
8069 8931
658 9925
1533 9875
6207 9760
8833 2941
381 2175
6470 9061
8850 856
3350 5747
9085 6146
9861 2240
429 7006
1191 3636
4934 3055
7084 2003
3672 7862
5882 925
834 6476
2770 2148
3841 8765
6577 5437
1078 1135
1413 1582
4879 2645
1399 6673
1891 9541
3556 3122
3640 9466
5671 733
8299 7620
2721 8746
8042 5969
790 5978
7508 4002
9788 3769
6989 4505
2339 2818
9663 8594
7243 581
6710 7125
1674 4416
8525 8828
6071 1887
642 1979
6258 7542
1912 3671
6113 9931
8530 4998
2233 3677
1518 7372
481 6405
972 9583
8724 560
2194 8432
7519 2667
4881 33
7365 264
6163 1746
1989 4982
6796 50
9729 4069
8710 8684
6948 8669
4679 1887
9893 364
7804 6506
6127 8991
5341 5351
1239 5793
9066 6470
7332 5781
9664 8343
1951 4449
8969 7213
4303 7305
2270 1737
7865 4981
2407 4392
9051 3147
6016 7451
9635 5984
2462 1218
7758 6018
2860 5763
8323 4594
4649 2245
7653 2593
2553 9598
8128 3635
6876 6420
1276 5009
1271 3654
5634 3251
907 5178
1473 359
8155 7857
3840 7709
8224 6757
667 5431
1493 1960
7157 6553
3905 9690
7974 2224
5360 4996
4096 9229
2545 4202
8568 2866
8333 7562
4565 6908
4358 7095
3283 3048
9561 9051
5064 6398
7983 6025
6694 779
3005 3075
5505 2298
7111 2477
5880 2572
5295 1666
8955 4015
8236 8101
9455 814
1461 3559
2765 2499
6201 5511
5640 7101
7772 7781
7162 6946
8926 6373
9697 6155
5559 5055
9741 1108
9586 9632
7400 6052
5745 7317
2785 6473
9841 3671
9927 9120
9512 3946
2512 9000
6160 3435
7238 7780
7198 4677
3930 3449
1555 875
4634 9630
5008 1119
7624 2969
7161 7108
3486 9788
6682 5370
7479 6641
3956 7403
8141 2221
728 8209
9632 8345
1137 4820
7361 6274
3629 5682
4910 3245
92 1975
7687 9084
2976 8706
3225 2228
7472 2831
1974 4802
1581 4612
2133 4408
51 6723
941 9969
8972 7216
8603 2630
5296 7936
1176 1033
6442 112
7713 1994
3904 1160
9013 2400
8755 5599
8713 4072
6661 613
1704 9357
2679 5031
952 3621
5741 990
9316 2566
4500 9287
5556 138
1684 9370
9131 129
3224 1637
4145 805
7436 7230
4925 5892
4363 1351
9300 7239
3793 4106
1892 1979
4087 1866
2919 30
9464 8747
3921 1023
608 5542
4975 3070
3062 3682
4246 5263
4897 176
2711 4215
147 1583
1825 1162
3448 9198
1786 4254
1344 1921
8055 8330
3329 2714
3808 9656
6000 773
2157 2042
6029 1724
3613 8031
8535 1038
4651 2119
5357 526
1454 8457
7828 9034
771 8058
6373 7139
758 7576
6216 9400
4100 4050
7907 8060
125 9829
240 9943
723 4778
8643 102
4526 6521
4510 5857
7921 6615
609 6308
4196 4274
1737 8401
4443 1347
3237 396
8134 11
5352 6600
7994 6648
6302 4619
1222 2422
354 6692
896 8015
58 6435
3464 9801
4425 9326
7815 3310
7954 6194
7374 7921
9183 3141
1391 6188
8836 9479
4323 2369
5507 14
2697 3488
8149 5759
5317 4643
1645 9208
8540 7823
3889 3870
4782 1199
5918 1832
2206 8799
6776 1568
959 7868
7672 9844
1195 7703
3072 3318
2365 6603
1984 2087
3564 5307
9896 5940
1549 1579
1886 8276
4942 4374
4361 1317
1632 6604
6367 8902
9729 8384
478 4368
6599 4554
1763 6306
37 6827
4206 6479
1374 3412
8894 9703
797 4974
6062 9466
13 8336
912 4855
2377 3182
4139 4282
1458 9883
4269 7670
8588 6204
5734 5530
777 5871
8540 1850
8068 8454
684 8422
4983 8134
3997 7101
6514 8528
8680 9635
4154 3245
4280 1772
7368 1637
8359 288
9546 3111
1053 6263
3328 5552
4661 1182
8317 4655
7596 8478
4076 3853
2203 8075
2934 6140
445 7662
1475 2105
7757 8962
7410 6023
8808 9833
325 1838
494 4667
8491 3712
4296 1449
9379 9224
7441 8851
5598 7847
6185 7161
9856 7669
5035 2209
9973 8616
4866 6034
7995 300
1020 9108
1246 5761
3283 827
4901 8823
4235 738
9725 4194
4902 3309
9291 1712
6257 6931
9718 7335
3727 3765
9237 7470
7126 9828
198 9418
8117 9254
8455 1391
3444 9097
9811 2159
5045 9505
7305 8733
3028 6186
8957 7228
5092 7301
6424 8542
9478 4146
8880 171
5193 7453
3930 5252
2995 2677
5103 2037
8176 7528
4745 2103
8642 8980
1175 9234
227 4695
8776 7448
2046 5200
9600 5918
8237 5866
3129 442
1685 5664
504 5880
763 4498
2070 2779
4632 4543
2128 8339
3056 3305
9667 3111
5321 3274
838 7765
767 7748
3427 3368
1067 2906
3253 7437
4057 3818
5857 8934
4010 5640
373 2921
677 4254
7527 9842
5303 2011
251 5618
2066 3570
2750 3316
793 27
4474 1047
4470 214
5404 1049
3021 914
6703 2370
4791 7991
5412 7807
6224 5827
6621 1181
3228 6813
6667 4452
288 3768
8717 1751
9126 6326
4780 8182
9494 8510
6596 6029
745 2207
430 6303
4911 4450
2842 9638
5737 7575
4641 5908
856 507
1388 5824
9373 8798
4275 7101
3970 4964
7079 3485
365 9266
2864 8153
5131 4030
2019 6894
6863 3174
5449 2662
7615 7902
3950 8410
9773 7984
7151 9746
3462 935
3948 3645
8808 5460
1859 7690
1768 4122
7180 8484
5717 2151
8250 6795
6759 940
6148 7406
8136 3863
1633 3099
8725 5569
9175 1532
5532 2085
6335 8377
9506 6888
1334 5941
4988 1836
1218 825
3762 1067
9950 4946
3546 4394
1281 106
8260 1772
7842 6534
6254 3610
7652 6842
2338 4072
7269 950
1360 24
2780 9918
7113 8503
5402 3690
56 8822
2931 6298
5114 8450
7725 7787
1438 5113
2154 6732
5397 8466
6042 4017
8564 1105
5520 118
9871 4053
4920 3137
2342 1799
3659 9257
4753 8041
6308 6434
1300 264
9040 3306
1787 9156
9321 973
9893 9528
5904 5175
9900 7264
3480 9949
967 7206
8988 9650
5087 5304
3433 7197
174 8234
3858 8643
8663 8465
8766 9446
3044 2369
1142 1386
9817 5736
3255 2240
9157 6286
3763 4634
1217 6385
940 3172
1590 2762
6447 429
7379 6623
4756 1648
6506 2397
9486 6286
481 5117
6857 927
3667 7962
2521 2657
4388 2493
3833 438
8441 626
260 1150
5689 3408
5046 1994
9176 9492
5577 1371
9769 1361
3636 8268
2769 4672
971 1139
3681 7522
9684 7954
9500 7268
2219 7881
8789 1430
2630 6543
2902 4079
3371 2595
8213 6975
1699 4422
897 7154
3984 226
2769 4874
2571 2577
3917 2130
5202 5884
71 8842
158 3581
5467 1805
915 9478
4002 2954
6647 5717
7516 3918
7806 3681
7340 1747
4878 5556
42 980
1984 5280
1782 8859
8008 79
9027 6417
622 3979
5868 1085
1892 8747
9562 1900
5014 6714
3373 7368
374 2653
8060 8409
3051 415
9736 4219
9091 5291
2402 8981
5904 8631
4163 2176
1505 8825
1692 1355
2182 4246
392 207
7264 6793
3333 5265
7514 5976
9581 8521
3222 4397
6791 9714
7914 7140
487 7612
6336 8669
8025 7112
1545 4985
8171 8898
2266 3033
5278 3919
148 8930
2590 5571
5951 5537
7040 3136
6262 5083
1341 7796
8258 7046
269 5296
5457 3239
3545 2415
4991 5296
6370 4756
158 7842
8129 5546
7668 1620
8648 4239
9605 501
4232 1170
8041 7178
2036 5013
8050 5839
2711 4286
2478 1947
8383 4379
3743 9606
5296 3389
1425 842
233 1636
5173 8539
1279 638
1381 3984
8185 9409
5244 5896
559 3000
8669 4971
1648 3041
1525 7427
8082 371
8874 3430
7406 1675
1496 7191
6481 5014
7425 3654
4207 3285
9890 9958
4105 9415
5471 7900
812 671
4852 8628
8506 6346
6471 9079
7403 1577
6026 6336
9834 1135
5431 1094
523 6301
6213 3629
1879 103
9818 4253
9058 3769
9453 3527
3418 5959
1515 1298
1261 6491
2118 2634
1416 3919
7990 5255
3367 3736
6361 3854
7843 1656
4598 3889
7628 7735
5074 5679
9767 5005
9340 1819
5004 7972
2314 4698
2412 5923
4148 9549
7840 8245
6990 4183
9590 593
6196 9184
3413 9765
3381 7623
1184 1499
9933 7678
6855 2162
1775 1045
1262 3344
6798 4391
5479 2112
5574 233
5609 5008
2539 5731
1692 9712
1768 8989
3874 4146
3702 4497
728 7851
6430 2538
1307 7304
4918 2907
3180 5090
5801 9094
3461 950
8664 7910
3222 3152
3848 1069
4429 9666
8225 8816
2066 8854
6629 3350
4750 7702
5421 6496
7415 3856
3041 7855
2336 5569
128 1162
9358 6192
2929 8147
2914 3211
3209 5710
6939 8965
5443 5266
8620 127
8908 1607
4287 3609
2237 4494
6859 3632
6085 3813
6118 8424
5203 4705
7021 6414
8739 5889
7810 599
5560 83
3214 1974
339 8381
3276 7864
1306 7030
3425 2214
9471 9844
2999 2891
1174 4254
1523 1381
573 2954
1478 151
706 337
5224 9193
7375 3368
9017 189
5663 1175
3282 6507
9314 1484
5152 7638
5189 1836
1155 8812
5254 9996
8740 225
7251 5512
6554 9514
650 8794
4040 2906
3395 2829
6591 5652
2252 6177
6900 36
3642 3074
859 9567
4255 972
518 6272
5693 2401
6332 9489
2349 9148
6955 6462
8044 6800
5756 6970
7082 2931
4496 6908
9667 6214
7267 5807
3583 4494
7388 537
6905 4989
9814 5287
7011 5382
5217 6230
5722 9782
6140 4137
2465 2495
477 7798
3751 2911
9345 234
4265 8674
6735 4099
4797 8009
3955 8556
7712 8500
4292 7740
9882 417
3428 8082
7172 1333
1130 4230
5421 3431
5045 7276
332 7279
3698 4827
2567 562
7236 4438
50 5798
5722 3954
9079 4194
2454 2721
1313 8070
780 2542
1320 8013
7119 1982
432 3489
2482 2014
3123 7244
5645 9346
6797 7541
3071 6758
7695 7433
6413 231
105 661
8263 4609
5481 2533
160 2110
6819 6261
5474 3979
7528 9704
4873 7213
1256 7218
1391 5814
3519 584
7998 7264
2105 8771
3075 4451
4212 1896
2107 4353
6025 2597
6259 5048
6640 9421
9749 3199
2270 3303
5347 6052
3727 2729
8361 3390
3102 5823
9936 7514
8270 8648
7240 1837
3173 3038
7471 7342
7371 9593
3460 6226
5058 1300
4841 8178
8616 4971
1735 9645
4415 5622
6457 4908
7601 5596
2704 5093
6374 4819
1975 1670
2538 8164
7427 1004
5342 4172
8885 9772
9369 7525
7331 746
1806 7949
6405 4328
6208 9196
9521 541
9531 4590
419 9929
6431 8317
3743 3379
3483 7333
8723 832
6454 1527
3575 4277
6499 838
4703 574
5595 2413
9442 8086
9862 3564
6537 609
6566 8150
5824 4925
2956 3400
8515 9278
3298 4965
4074 6595
5752 5518
7492 9823
3195 8094
3774 2408
8023 9874
8886 1812
4153 9920
1023 6610
2807 5942
6112 4407
1368 9841
2313 8293
3309 7068
7430 6324
4685 1654
191 1931
1290 1062
1750 9711
4058 4522
2489 9993
2091 7159
9014 4221
5196 6451
3641 2164
3309 4514
2684 3847
1035 8470
9700 8127
4286 7501
5553 3041
4617 9002
1077 5021
3301 9459
1159 5904
7082 1535
4166 6802
8753 6016
3009 5551
1103 3372
6130 3570
3969 2196
7909 1466
7595 4220
2195 7437
8440 5590
1273 3306
3952 7749
9823 4489
5725 7733
7756 8973
8177 461
9636 7810
8394 6912
4161 3085
3861 8264
1455 7274
4493 2183
5161 8110
1686 6653
7987 9261
8689 7991
4163 2489
1810 6060
4456 3894
1927 5402
6798 6365
3755 8352
9527 7603
2771 9851
9250 6185
2550 9436
5706 3107
4486 8269
7727 3298
1989 3862
945 4239
4347 2261
6498 6194
2290 6536
876 8202
9684 8267
8777 647
2906 1633
7682 5278
4113 133
1321 2031
5774 3314
5868 2631
6096 7362
7320 7762
8743 7466
5867 304
9013 8245
285 6344
8964 851
761 9696
2660 4818
7832 4419
9940 5444
2627 7190
1965 5132
2036 2356
1052 536
7886 240
4786 3192
9847 6855
2890 3028
7597 4555
3743 6892
768 395
6757 5196
4509 5800
5314 8188
8712 2854
7201 2984
9128 1100
8017 6500
6024 6815
9357 79
122 8272
1217 7139
5213 9527
3235 3872
7698 4756
9705 9112
8868 8756
6164 9405
5848 5577
8734 5901
2669 1862
381 9719
1500 3694
3273 7092
719 9503
2726 420
1913 3769
3917 8664
582 3878
1400 5628
5952 7974
8200 1033
7439 5210
1118 5704
7510 3021
7490 5494
2992 3521
5543 1167
4547 414
9775 5502
2285 8111
4592 4133
5994 847
1632 6056
3118 8867
6324 5320
3779 3000
5835 2694
7523 1234
9225 5067
632 9719
6900 7360
6234 3604
4079 3679
5385 1506
3193 8949
3161 5026
7679 3306
8885 1842
4998 135
9804 6389
5211 4237
1142 5410
9234 2442
182 2814
6061 4454
2484 9096
4161 7578
4690 1763
8257 5731
6852 6086
1046 7448
1417 8933
7724 938
6478 7222
7117 1903
6019 7274
2398 4297
9115 2478
5969 5066
9844 4831
1546 5272
5460 2500
1939 8007
8520 3089
1910 1365
7717 8387
2553 9506
5733 3419
9581 6643
594 9087
1997 9442
4051 6706
4547 9495
3847 4058
9737 6589
8719 7822
2721 9364
9195 5418
7959 7867
5773 2805
750 1542
7994 4052
635 989
9315 9728
28 9415
9344 3725
9196 7033
5371 8122
2769 190
1757 9559
1554 8898
8643 8815
4525 5248
7271 1264
5698 5472
8529 1773
6796 8787
7175 6089
5090 1060
1448 4931
97 8773
6002 2661
1014 1500
2289 8824
7667 8770
5680 3076
6113 8721
2889 5543
6616 8063
3824 7592
6027 9984
6520 2615
4542 4842
6083 7749
4221 9737
8254 8847
1005 9705
7595 9442
5772 5080
8430 7591
5675 2820
727 3586
896 5113
3806 2308
5346 9713
2076 4550
1679 6765
1627 683
7421 3199
377 2
672 5930
1438 1648
586 1913
1824 3256
8496 772
7546 3759
165 7576
6501 1713
394 962
2350 786
6454 4474
8277 5777
2989 4614
5488 7204
5053 384
3848 1946
4712 1891
5473 3266
7528 2668
9485 1877
5408 508
3229 855
3080 9578
8335 3719
8012 8133
9495 776
7770 7365
3258 4776
9749 4053
3633 7183
4845 5260
1534 5518
5612 9498
4630 6774
6111 3472
7916 771
3567 7288
671 4829
8978 4708
3525 4915
4771 7951
8596 4961
862 1992
4898 9620
7633 9712
4368 5969
9430 5968
7439 9058
4593 1742
2208 4564
8392 2817
8794 7669
128 1942
3560 2797
6549 8708
271 6593
4122 5906
3035 7678
4296 5854
7933 6502
321 9716
7612 4322
8578 343
2473 3305
4127 8748
450 432
8548 5894
3428 1469
9936 5274
892 8610
2819 609
7194 5080
6840 5152
9139 7025
324 1326
4828 3791
1651 6190
1378 1601
6210 9559
9461 2007
5705 9959
2347 5001
5933 993
337 6669
598 9135
3141 7552
3132 954
3441 1538
8651 830
8939 5384
2696 3976
6301 3020
154 1216
8060 6894
6562 8746
9714 9255
9230 4217
3392 945
3291 3675
1526 625
999 7236
1631 7255
2249 1499
5425 424
8422 9971
4952 2746
7333 1130
9504 6690
1310 5078
654 8137
8324 4798
8073 9449
3133 5296
3449 7580
4936 9907
4982 7946
2174 8763
9667 2197
8317 5875
9528 2781
6966 4978
5683 4515
2759 2602
3107 3993
675 7911
7747 4515
3942 3747
6343 6742
8792 5357
433 750
7590 1504
2468 9569
7947 1884
1359 7683
3168 1659
9314 1786
8585 3137
9347 5757
9369 9730
1784 7047
7077 7278
1763 5344
8046 6638
7153 8655
7364 8041
1452 2931
8328 7536
7745 9715
8713 3129
7185 160
9373 7018
4922 3056
3091 4149
137 9409
4443 9559
7579 5578
6413 8443
8676 1804
4749 9392
8166 2256
7311 4075
1276 6428
2808 9859
4572 9864
1478 1661
7209 1412
1288 3971
8021 1337
4049 3382
8620 3415
9705 792
712 6677
5817 6001
4892 40
7382 5854
6930 1533
8547 6084
9460 5157
530 2616
3328 4672
6650 5969
5846 1095
4196 535
933 3179
5700 349
3557 3505
9014 4310
4919 6488
405 4080
7119 5527
8613 5353
2129 1590
7081 8316
5285 1377
4687 9319
1765 3620
3638 842
7397 5178
3705 9090
9084 5509
9375 4767
7790 136
3448 518
8737 6853
2669 2362
5660 2803
3519 1292
9802 7192
9343 578
1171 7501
7748 3822
8567 7629
6108 94
7643 4650
5992 901
5873 559
9557 6354
8666 3054
4 8446
3638 2339
2813 7187
6525 4141
9139 3722
6087 787
8288 4824
7119 7095
5751 5175
1862 7192
7921 780
6580 99
4449 9323
1505 2156
6993 7565
5572 2563
1430 228
5604 8199
1329 2095
9419 5793
9342 5874
3995 1242
446 3759
4054 3811
2533 2503
974 8471
159 195
5541 5983
1025 1310
3017 8264
6835 1673
6662 147
7459 3871
829 6865
5618 2485
9165 4073
8784 9662
626 1589
9635 4156
8488 5466
2134 7264
1549 2479
8 180
5488 412
1124 149
126 5706
1113 2418
8998 2350
4942 5173
9521 5357
2065 7791
7972 5258
3595 4308
9744 7633
3888 3215
4996 8539
2136 5005
183 8015
5294 931
432 3918
2940 553
9440 6722
1753 7458
5002 8196
3743 5925
8590 8957
6507 3297
8490 2011
8223 4225
5866 5352
2930 2903
4135 6059
6907 7150
1208 7961
3343 6619
4745 8253
8367 3102
4559 6583
4702 6477
9332 7447
2330 114
718 749
2783 9622
4961 4928
3174 1362
7037 9133
5046 3382
3715 9400
9864 2033
4719 904
3078 8125
1565 4125
2433 3805
5 3455
9409 2104
7595 288
3544 2660
9498 2355
1980 6437
4021 9726
1929 4941
3387 8954
9710 4934
3010 5615
4710 324
4140 9814
4377 2545
7467 8670
3461 4965
9238 3584
8424 6186
4784 6162
216 5790
586 769
1181 2408
6751 4263
5430 6230
2905 2524
9151 9765
5795 462
5710 9235
7870 2392
6154 2191
1487 5050
4809 7585
676 1497
4497 8334
84 3075
2139 2001
641 519
6882 4835
1550 3620
1298 4982
4314 5813
6885 1243
3028 8606
9211 4988
602 9742
4607 4441
7110 4420
7006 500
6119 3623
8550 8399
1613 3813
5452 9978
387 8846
4760 71
9337 8766
4975 3173
2824 1386
6277 1222
1972 9900
7334 540
4405 8851
7321 5606
3359 4455
2791 3911
1003 4399
5790 9158
4233 1293
7222 1336
8387 5143
5486 6245
5248 1453
1922 1882
6452 1874
1378 9391
6000 5919
8439 2490
493 4004
3280 8290
1238 2693
7535 3826
6579 161
2894 4259
3986 840
5001 2945
1094 8531
3671 1396
6178 5850
9916 1860
8902 9800
1081 8278
8277 4717
4336 1917
3474 2384
3546 4650
2664 7777
7737 8864
7890 973
2696 6233
4651 6418
1310 1959
2235 5533
5745 525
9404 9506
977 6215
3045 1910
3554 5312
5064 5260
31 345
8386 3918
3782 4063
3626 5581
6768 2211
2914 3882
8821 1615
5947 5369
6353 8827
6267 8025
9694 8730
3249 6367
8761 4038
8374 4764
8609 1541
5489 7576
5313 2801
5285 7831
6439 7495
8647 8507
714 9846
3890 4012
6260 3502
3798 8862
7347 6763
8569 5895
8028 1947
4890 3228
5695 7982
9564 4175
7969 4262
9902 1768
6905 6393
331 3161
8649 8730
1000 8422
1075 446
2072 662
4097 5556
7039 5447
6333 4045
4410 349
3012 5547
5302 5712
7282 5809
285 5385
5397 57
653 9729
597 7041
4527 1501
5852 138
5779 8681
5889 3198
6979 565
