4705 3230
266 4624
2470 4752
2355 3605
3946 1916
1168 4818
1193 133
2119 4652
4435 2622
3966 803
4432 2185
3359 3798
4416 4458
2487 198
1077 1743
3374 529
706 736
1151 3534
1059 2405
518 3827
4114 2965
1362 4363
1494 3240
4185 2097
1018 4209
2401 3637
4310 1212
1707 4894
4110 711
4545 1880
4021 360
2503 1468
454 4112
1235 1714
3440 2416
771 1498
3448 1631
1392 3360
2241 325
3063 4114
3830 2839
670 156
2318 2371
742 846
1857 1314
1794 3772
647 3721
3337 4012
763 4121
2653 1073
1352 3969
224 1524
2982 2490
1723 3271
1571 3330
524 4796
362 3444
1113 2543
4406 621
682 3896
2065 2882
4221 2148
4848 2940
289 233
2730 786
946 2269
4292 2618
2146 2325
1866 2220
1500 3717
2319 3932
1740 4174
2330 1845
2620 1551
4571 763
4891 1752
168 3690
2096 887
1857 2075
1574 307
1600 1989
719 4293
4199 3842
3898 2819
3302 3503
34 2290
420 127
1743 1641
1735 3381
2564 188
3167 3652
3084 2353
242 4734
516 4070
643 966
4086 2439
4884 3717
1723 1157
1974 513
70 3508
900 1683
3153 4428
1480 2813
265 4087
1672 2365
2141 4108
2822 3050
1527 1054
4393 655
3358 4331
1712 858
843 1775
3142 4098
4119 1337
606 1232
4977 3830
3591 4974
1959 1030
4330 3616
4008 1545
4310 4745
222 538
1976 547
4862 3182
1472 1889
955 4857
4693 4737
2639 2033
1775 579
3550 4233
3178 3156
1395 4947
3031 3337
3736 953
2969 1111
3446 1800
2422 3593
1504 3457
4519 4104
1961 4309
4684 698
1874 4717
4165 281
2277 4250
4817 3545
3878 1779
1022 4710
187 4962
3618 2575
2710 3180
4900 1558
2359 3389
4874 3354
3937 3773
2066 3760
1040 4708
2462 1776
2483 1272
918 3011
1617 516
1015 2384
3739 4459
1123 3974
4934 1634
378 4358
1451 4511
2692 2276
221 2678
4606 1580
4655 790
1838 2514
1860 3134
2502 3359
850 4355
1661 2254
2789 2779
1044 4881
4453 2453
1448 558
4799 570
755 3857
1258 4936
4274 2717
2070 4136
394 3662
959 3102
642 3606
2176 4502
2564 2003
2864 4337
3392 1399
4064 2443
3069 2705
3233 2886
1784 2262
1413 2238
368 4106
1818 1537
2895 3339
1879 420
4803 3361
4868 2229
2187 2227
4996 218
1459 837
1098 3431
779 2814
232 1081
20 1042
3222 3032
2895 4647
4934 4305
3148 967
134 57
1175 2193
493 2835
3750 4845
691 4837
4570 3069
3125 4829
570 997
4194 2342
3126 474
439 2392
407 4243
3448 147
4996 1601
4453 2550
2990 1943
3914 4456
4725 4244
3795 275
902 1958
3363 1071
929 3645
56 2469
4269 3428
3497 889
4292 3327
371 99
567 4014
2899 400
3339 1176
1221 1613
710 813
3849 1287
2746 345
342 3645
3177 1954
2200 3001
3939 3412
2282 2772
3339 1759
3405 3185
1146 4506
9 3421
1846 339
2884 1567
379 1521
3468 2987
1613 3868
153 2440
949 2454
4333 3887
2125 1989
1373 3402
1646 4755
3963 3785
47 3844
413 2031
2316 1701
2548 949
1576 2408
4698 3360
733 1575
1699 4268
4045 3332
2947 1582
2121 452
221 1522
523 3131
1219 2015
1148 2459
2339 1975
3430 3778
2415 106
2620 2611
146 311
2820 941
183 2236
3596 3245
2052 2577
1467 3623
612 2670
2287 3069
475 441
903 2569
4017 3276
257 4206
2313 4350
2217 57
3967 3749
353 382
1421 259
2022 886
4067 1050
3067 1780
2422 2674
336 1719
1538 757
844 946
561 2719
2970 4153
2675 2010
1994 2053
1896 393
528 4152
3958 3276
4742 3182
1771 452
2490 3259
1240 3147
4860 2124
158 2321
2509 4802
4269 4836
1771 4958
1422 130
2651 1961
3512 701
598 724
952 4777
3247 782
2825 673
4637 2415
1020 264
2727 1236
941 2643
2765 3667
442 1111
126 1299
833 1399
1279 3535
598 4757
623 4211
4369 1396
1573 701
98 554
3193 1178
3118 4880
644 388
2279 3590
1619 3400
4925 343
3831 1515
709 3127
3184 2836
2434 4487
169 2692
141 2683
3868 3569
4284 1108
287 454
1212 3667
1172 4953
260 3440
2399 4708
3869 4783
4704 4581
4597 2083
1201 2355
3962 1658
3751 1595
4345 2859
1651 2375
713 2850
2746 2494
1400 4574
2480 3273
3767 764
3951 926
3577 2508
234 2963
655 234
1038 3660
955 4381
2944 3725
3016 3343
903 703
2025 4052
498 4961
4361 3562
4583 2377
3048 2947
3305 1346
4245 3038
109 4370
689 1893
76 4520
4802 3195
961 2689
825 1932
2438 3333
254 4271
890 4485
1199 1032
1616 182
72 743
2423 3395
3492 4819
3771 4200
1220 4611
832 1048
3211 4069
2897 1765
4038 376
3246 2625
3474 2067
4753 1940
2698 2372
1858 4549
2899 1257
4628 3182
4814 3091
4387 3813
2187 3210
4872 3591
3050 4773
3127 4677
3350 1979
318 4825
3820 1301
1047 826
4517 1277
3862 1605
2084 341
4480 4252
3580 47
1650 157
3573 4433
323 1586
4421 2780
640 4963
1371 3927
2742 478
989 285
1998 3787
761 3533
2212 3294
2571 2403
2981 2587
2469 1805
2575 3483
116 483
2083 1623
1832 1505
888 1798
3501 4841
1574 681
1769 1392
1533 788
3015 2530
187 1078
3488 2556
3532 338
4720 3597
2104 1248
1696 751
3323 973
1131 3030
3625 3278
2901 1007
307 4594
4083 1821
4356 4183
2631 3595
3284 807
2543 1941
4718 231
3150 4679
2641 1677
3130 3297
810 1589
447 3022
4091 4772
4261 2667
2647 1095
1890 2480
1345 1662
2227 3811
1011 2652
3100 638
1330 280
3190 266
3796 4347
3260 3271
3830 2639
1271 4748
2236 2641
530 3772
1897 1193
2224 3527
1110 2496
3079 410
969 2780
416 1965
2444 2215
4021 4416
1220 1389
2597 3044
3234 3167
961 3337
2245 4511
1795 3149
1216 4167
1546 1808
4250 2445
4117 3333
4150 204
4957 4588
1390 2273
4574 888
353 1051
1055 2579
2752 1652
1312 2581
3318 895
4843 236
2005 483
1589 2369
3115 2050
4699 4021
4327 875
3338 2543
539 4061
4290 1025
3013 2314
2731 2076
4762 1419
1689 4611
1463 4277
3709 1762
806 4808
3916 940
1405 1383
1109 1165
4966 1015
3989 4379
4941 4592
195 4945
1006 2061
2571 3972
2879 3259
2028 3668
2881 517
3845 2308
674 1735
582 1622
680 3291
3307 880
3211 4246
443 1291
3229 3668
4118 3329
2059 658
4452 459
4559 1129
4660 4695
4499 4778
4733 247
1558 3277
3429 1576
2680 3048
980 1194
2646 3120
4028 4974
3622 1023
2413 4313
1715 464
3401 515
1332 4780
4167 2728
1438 4197
3587 2954
2729 1703
636 674
1009 3727
2471 3877
3275 193
2541 3568
626 4798
352 2935
1936 3505
717 914
3496 4021
4123 4690
368 4112
2237 3174
4028 1669
900 901
4953 4198
2070 2984
353 1022
2670 354
1161 3709
489 1429
3996 24
2884 387
1141 138
1191 3459
2405 1699
38 671
4122 4639
413 333
1686 4168
967 613
31 2580
1403 3903
749 2575
532 2657
494 1454
3039 3197
3852 2485
4157 975
829 743
1814 3722
2215 1038
1191 2278
918 3208
924 3603
3648 1177
2836 1224
2636 1026
2491 4563
1907 616
3686 1225
3731 1127
4006 3542
4297 3913
1611 1817
3421 2693
1839 1067
2743 4406
3335 2425
198 456
3648 4199
2900 917
3605 4513
2956 579
2255 3533
2509 4212
481 15
2966 4795
7 3807
2790 341
1036 278
2141 85
1200 1420
767 1052
2583 3022
567 2447
3518 3901
1571 3601
3715 3007
3783 763
2910 4235
1245 1058
1487 3095
1046 4331
1320 2891
3631 3321
2456 2631
382 360
4873 4445
425 3676
1592 1362
3115 1535
1476 1808
3565 1244
624 2319
1873 3717
1460 2034
1112 1515
4702 3769
4401 2541
155 4622
763 176
4122 3038
536 4090
937 4012
3447 854
2936 1207
2976 110
3063 512
886 1686
1423 1951
2553 2921
4727 4932
4547 4040
3390 936
572 833
1975 3122
475 80
4018 2250
2783 4719
4118 3397
359 130
3745 85
977 4186
2446 2525
2596 625
4249 3532
4789 1421
1772 3726
3254 1000
4234 455
2977 4240
4006 4926
308 4940
3613 4022
4882 4379
4085 475
3718 4884
61 3778
3533 293
4886 2227
4005 3689
933 3896
212 2840
257 2348
2194 523
176 2099
3720 1096
1635 1994
2825 763
619 2457
3452 772
64 2911
971 2827
290 3438
768 3345
2595 3157
4678 3163
51 3501
1039 1925
1483 1331
4130 2902
4163 2686
4559 3079
1644 173
4114 3786
4604 4102
766 4130
3840 4073
2018 3991
188 3418
1532 1363
996 1555
279 318
3319 753
3305 2346
3996 1702
4374 2156
1790 4232
4254 3880
1251 1759
3056 1500
3037 4933
1865 3544
966 3641
3970 903
186 3322
3545 3814
4752 70
3896 4660
424 2451
4870 3124
3 1959
2016 947
3294 4070
4050 2979
2763 2906
1622 224
4874 2447
1539 4960
147 172
1666 3943
4439 2046
258 383
2804 2417
3006 2909
3845 4928
4265 4707
3454 145
4638 347
4744 4062
1733 1085
3352 2623
1168 629
4406 755
3541 1266
4689 4856
2989 1009
3406 2840
649 1871
174 2541
330 2587
4170 2378
51 4010
3329 573
3250 1415
2397 2638
3394 4556
1151 2688
3013 3191
668 4671
2627 1393
4633 2082
2892 1064
2216 3736
3938 1384
3723 1904
4865 2599
2292 2052
4599 1780
3299 2316
4724 298
393 1645
3998 983
1992 3672
1059 2005
2458 4949
386 2684
564 3502
1269 1668
2110 4302
3641 1127
3833 4979
2351 3054
2396 1941
1734 3166
3459 2466
3286 3642
3175 4809
1528 9
4019 4173
2711 280
4903 4993
4923 674
748 4465
1428 2384
4039 247
2997 2342
940 3646
1613 2799
1687 2964
3059 3308
2667 952
2075 4340
2357 222
3493 2744
4059 3400
3983 2437
896 4150
1417 3949
3812 4409
241 4121
2914 1180
3886 4334
2620 4402
4961 3163
3724 4176
1332 3430
4020 3522
2343 964
2069 4170
2405 78
1680 2557
4894 3893
3291 3017
3341 1029
2943 1283
459 1743
2842 4742
1372 2151
3277 3070
870 2954
2978 2891
1514 2827
586 939
588 1500
66 4908
3817 228
3870 419
4063 3551
1573 1461
4371 1300
4892 3144
2048 3537
4418 2579
3632 3745
1761 1637
1862 3975
3 227
2924 2679
4234 487
2499 4459
915 4553
4420 4837
3068 3529
3830 421
4100 981
86 4215
1224 1977
1621 4823
2033 1651
2014 2898
1543 2444
1389 4366
4337 4558
2155 81
4656 1119
653 3466
4582 3953
4620 2738
3051 3338
4739 251
1676 236
4787 3969
1415 3497
942 88
3086 1248
2603 1795
4250 4900
1622 3067
681 2684
95 4766
2196 1003
1638 1672
1424 767
2632 1915
3645 4427
1590 3532
4392 4879
2075 2887
324 626
574 2197
3474 4411
4432 3708
1628 2648
4698 2545
2196 1010
348 4257
3743 2182
1514 1748
3630 4944
3561 586
345 2816
332 2687
719 1501
1929 1519
4492 4991
3220 1164
1108 3257
4533 1409
835 1562
2848 3449
2414 2830
1838 870
3834 1519
316 3706
1467 1397
4955 2515
3921 2690
4825 1619
4679 2981
3126 448
1062 823
849 3554
3175 2776
2256 437
3785 2209
2400 3517
4798 4010
520 3249
978 3689
1423 1033
3157 1583
2284 3297
3046 1284
389 4030
22 194
3150 2843
350 2612
2858 4491
3179 3441
1610 3428
3357 2811
3526 1273
1301 1552
873 3898
1767 3061
2448 804
1265 2964
3113 3017
2801 3114
1401 1577
1912 1250
3006 1752
3030 4485
1727 4811
4150 2828
2606 6
4915 4333
1726 4168
4123 1429
3519 2878
3822 3819
1273 4993
569 1337
3860 4245
131 3008
4808 1898
3402 1274
1661 1214
310 3502
4170 4284
1436 2234
1328 3213
1413 1068
4617 4703
3805 1281
4516 4950
4533 3022
3328 4732
2017 1501
229 2479
8 2561
4344 1136
4911 4648
2434 4276
3681 1843
3958 1141
208 2775
2740 629
3142 4343
2403 767
4748 2782
4090 2078
259 3853
4622 2697
4296 3470
2958 2487
2706 3590
2674 491
1257 1464
4541 2591
2414 1246
4013 4239
4030 3230
147 2676
4459 1008
2530 1704
1457 4049
4293 3392
1464 1267
2327 774
2591 2364
3249 1695
3347 3765
3022 1826
2554 402
2438 1187
4104 412
4192 1732
1196 3643
4605 2948
358 385
3004 2100
3794 3870
4396 484
3225 4024
3500 4135
4918 147
1349 1217
80 2812
1180 2582
81 1956
2124 1557
215 355
819 2956
4676 2726
1061 2716
3429 3010
257 2587
4236 528
2906 1752
1223 3583
3290 3136
760 219
844 1685
114 2286
4940 4425
930 641
3893 4877
1837 3080
2609 1124
2792 1941
2910 13
2436 1602
613 4487
4067 3284
486 3060
3205 2472
175 2736
349 2935
1827 2554
3870 3949
2302 270
3499 283
1316 3711
3450 1109
349 319
117 473
2483 1388
397 1611
3394 595
3712 3030
3566 1311
2289 2583
4477 2917
681 231
1149 4361
3664 1476
3906 480
1529 2993
2228 3095
2543 918
2497 1851
4799 4793
4505 1131
3685 1005
976 4641
316 33
3851 4430
2156 603
4011 2516
2635 893
4107 1603
1199 3011
2864 4363
2146 2068
2340 4446
4995 3503
3349 2696
2443 3590
2960 3074
1926 411
342 4657
1733 1416
2515 4857
2411 667
1056 1209
1035 479
2991 4450
4480 4205
3625 4404
3493 3985
2487 2894
2534 4061
509 2541
796 1527
4025 719
1307 1835
156 1631
2319 1583
1561 3531
1580 3813
1492 443
2011 4883
4126 1628
4953 4700
707 4270
3382 3595
3026 4730
3487 4952
3258 1325
563 2651
2849 2258
1950 3651
2571 3947
566 4780
1927 4140
3065 1545
2395 3893
1299 4290
1808 3164
1249 3325
619 1741
4190 1959
3687 1585
2383 1411
4376 2215
1680 430
4851 3494
4615 2597
1509 2878
4482 3091
4779 4747
3276 1801
4321 4387
4388 1399
3969 3307
2901 1939
4887 4211
4090 581
3929 1140
4593 314
4390 1895
3424 3679
432 3624
2514 93
3624 1495
2791 2231
4984 3907
2991 2619
4573 1407
4239 178
2251 84
4314 3710
1432 3693
3484 2254
1505 560
455 4585
4640 713
489 3779
4223 4451
1726 3950
4730 3374
2453 2490
4563 4576
1933 3068
3609 4417
1616 1331
2312 3535
49 1972
726 3695
3945 4773
3710 2118
3386 1346
2796 1198
2781 4367
4183 1739
4929 2162
2922 2950
713 686
3617 2408
3444 2343
4795 1277
2288 2435
987 3683
4882 3046
3096 217
871 4816
3168 2073
1167 3543
322 2998
1457 4142
1993 856
782 360
2977 2004
4533 4222
1890 2130
70 995
176 2637
18 2869
1275 60
262 930
1796 1552
4306 596
4987 3864
481 1763
3351 2602
3275 3156
2048 2872
1752 3653
111 1375
1068 4458
4219 2275
2925 2430
4424 715
1664 4966
148 4302
1656 780
3208 1415
4579 4456
3670 1732
1457 3750
786 4666
2754 4616
4983 1420
795 4775
4157 584
1721 2750
481 1655
874 421
701 674
4725 1473
2656 2240
4151 1472
617 3293
2869 1405
2195 3913
2925 199
3141 896
4560 3755
4261 1968
2067 1055
2101 647
69 1701
1548 2791
3206 3576
90 4797
2740 953
3835 4286
407 1215
1407 4102
3802 917
3057 2672
1491 227
2343 4916
299 1773
526 4959
4036 2574
2990 612
696 1318
939 167
3700 947
3080 3739
3854 125
4537 2310
730 3547
759 607
588 2000
3439 1425
1780 967
3876 126
1870 547
3883 3278
4896 3160
4241 3579
3033 968
3458 4018
1769 76
4300 4049
3835 3760
605 76
4847 3898
303 4853
1762 2640
3944 2841
2413 4704
2855 3047
2958 2075
4007 4087
391 3040
969 1933
344 61
2692 4443
3837 1122
1116 2971
1335 2903
4335 1006
583 2090
4722 2596
1327 743
795 4314
3720 121
4214 4979
2159 3112
656 3865
3840 2826
1247 4356
4061 1049
1501 4364
1808 1966
2033 932
2864 4065
4273 1393
2338 769
251 4132
4749 4802
265 3807
3026 3005
2536 2418
1955 3435
4386 2505
2023 1233
3499 4196
3055 3296
1934 4442
4541 3860
662 1736
2834 1329
3070 466
578 304
1587 2167
2932 259
4445 1142
4999 968
335 3721
801 579
4593 4459
3913 632
1108 1466
175 3909
4212 3346
4801 83
901 3947
2435 1475
2153 2412
2009 2798
176 2174
4944 1244
1190 472
406 65
1366 2717
3173 4838
4280 3941
878 4707
2731 928
2973 726
2728 1529
4694 4908
1440 1365
3526 551
2371 2432
3138 2494
3543 140
3559 2356
3048 4001
4341 3621
1254 1368
1016 2188
4982 2910
96 2123
608 3446
4934 1018
1043 3039
4940 4286
3924 2102
4449 1500
4781 4754
788 97
2387 3960
533 2006
143 3955
3703 2981
2656 3017
1852 2066
1199 3463
2477 3714
2904 3686
973 1902
4540 657
2942 2995
2971 1592
579 4704
4500 3834
3309 2079
3018 2273
1628 2150
1347 3096
4541 1995
1927 767
3618 3955
2335 421
2900 4012
2982 242
4908 921
3515 2016
3221 4834
3016 2525
2532 4167
148 2280
3631 391
4770 4984
3210 1043
3768 3223
2588 3325
3801 2356
4020 4755
1150 2895
2141 631
3437 1530
2545 3617
2973 1457
4056 879
585 3343
2680 570
126 1619
3455 2813
1279 545
4576 2401
2050 3995
234 3879
1274 652
2289 1051
1502 4607
4709 888
2666 3952
1817 2567
799 2861
209 1711
4851 764
2773 4807
4341 153
4247 734
2125 1588
4124 4509
3676 214
2732 3982
311 2561
2525 3517
369 3486
4363 3049
4913 1602
1876 3835
3468 4326
4266 3324
2352 2819
573 1783
2127 3940
1384 1940
3468 2532
4616 2968
2930 1079
2169 3460
3575 3736
1098 80
1247 158
3524 2315
1100 2782
936 607
3009 1317
2719 4259
405 3987
3317 814
1492 4315
3334 1098
373 1001
3520 1077
4317 4349
1349 1196
1295 4567
3364 1511
1048 4488
2870 3591
3661 532
428 811
4587 2503
507 3346
45 4618
2498 3277
490 3288
3159 1717
925 1338
2552 80
3883 3718
429 2193
3528 2285
4776 3197
2708 3418
4080 1165
1891 4843
2503 549
660 4604
2958 3952
4114 955
94 2132
1273 4787
1083 4035
3000 4872
1388 2943
2124 4507
813 3022
555 3494
1875 2340
1185 291
1244 78
3928 765
4297 2032
1549 4969
3001 1986
753 1108
4965 2094
1507 4469
3055 1201
2638 1820
3975 592
3104 2767
1677 649
2203 4422
791 2887
3219 1798
3946 3145
1540 203
3247 3096
4657 1453
1944 2840
1759 2567
1079 1802
4786 3449
2871 3604
2245 3829
2644 1821
1090 4162
1568 356
1034 2408
11 4579
2319 1548
4276 217
2210 1207
1893 1202
3958 3135
2733 2398
1045 357
3060 1512
1902 2982
3545 3357
2898 4764
374 2145
2320 923
1526 275
1500 4228
512 3533
1714 2288
2632 1595
2140 3132
2363 3322
1992 957
128 3574
2817 3020
665 1699
3601 2015
4698 4932
3690 2092
3844 831
4795 1923
2125 1585
2274 4232
1785 4176
465 2938
4565 572
4743 3901
2613 3137
3590 4377
2920 2263
851 3316
2585 240
4143 2785
3832 541
303 2796
2111 1477
1295 4456
3031 3900
4452 421
4124 3701
2127 2271
4488 898
978 786
706 4263
3146 2706
3878 4621
2221 3345
1434 2296
4986 2978
4775 1153
2182 2601
3269 4379
4405 3389
1469 156
1520 3597
3969 535
1346 2384
4459 2541
2860 2908
2813 4552
1090 2636
4799 4359
4847 2554
1820 2551
3372 2012
1510 328
2517 1382
4947 2005
1390 1824
2504 2047
4994 2337
1213 2567
3384 2410
678 3307
3322 3876
2812 4324
951 2011
4049 2195
4849 3012
3477 4929
33 748
854 4109
2215 1009
4581 2532
3620 4620
2575 4314
4741 4519
2197 4886
1578 1932
2482 3692
2214 454
2727 2302
4702 817
261 3715
918 1738
2480 4998
1203 2506
259 1269
1002 496
3541 4303
4419 2288
1913 2370
675 4438
57 2641
2732 4764
4277 4003
3633 2068
546 4652
2854 4776
1624 2469
986 4741
298 1568
1412 4601
3803 648
2075 1133
2397 4557
4622 818
814 2524
2394 4166
900 3979
117 4703
1074 2009
2553 4621
746 1490
1473 4836
2897 771
4871 2364
4123 92
3655 245
821 4488
2753 4231
2699 3997
2320 4141
4602 2351
557 2303
1014 1728
4840 949
2515 2239
1151 2633
1462 1971
2095 453
2597 51
676 574
3009 2066
3380 4956
1443 496
791 1232
3286 1927
3166 4210
3645 4689
1816 2069
3067 4083
3575 3236
123 4236
2506 3813
4339 2397
4979 1353
3602 4961
4980 3298
1317 1004
1118 3267
605 958
3374 398
3926 4604
3625 3949
1625 2754
1749 1490
482 4826
2919 831
2652 2018
2346 1986
4224 2455
2351 667
4401 1367
2727 276
2821 170
2048 4380
2133 2064
3592 530
1226 910
1558 2874
3591 514
3612 488
966 928
1763 4463
3906 2622
3491 3204
149 4257
4640 909
1743 4559
2869 2585
1964 394
1562 2904
2744 2847
723 4807
2028 2327
4764 817
333 2009
890 2486
1215 2510
3707 4619
2135 3664
3800 1698
2898 3746
3339 1247
4630 3810
1847 188
4625 31
4204 803
3035 3512
4909 1859
1215 2036
4433 2624
95 2891
4769 1986
2713 1159
2950 3561
3478 584
4142 4812
1634 1580
3346 106
4778 3
3702 4372
2884 2154
560 1876
1182 3313
3161 2724
4048 4953
1725 1807
2494 1265
3589 3177
3472 631
749 774
1276 3715
1681 3318
3855 2869
4226 1805
2788 3347
1576 519
951 4769
3092 778
4364 4990
3991 3439
2309 2878
1346 4857
987 2642
3232 4810
3470 417
4433 492
1623 4199
985 1239
24 3972
2139 745
3190 2177
2017 570
934 4413
312 629
3638 1294
2141 4498
123 64
3687 745
4137 3347
583 2681
3630 2187
2331 2663
4384 1966
4786 3799
4568 1750
2236 711
1111 4820
1977 3953
3956 3217
2234 3726
3537 2722
1609 1144
1327 1873
1306 4279
1387 4423
1561 1753
3423 3531
275 703
4203 1572
3034 1051
4305 2539
4080 4316
1442 1130
2275 3234
2301 2624
4888 2035
484 157
2880 1726
2636 2741
2060 4333
360 2877
2756 1629
2580 3929
3644 3871
234 2486
359 3577
2481 755
4914 1285
4697 3465
4047 852
4607 3153
4093 366
4002 311
4907 3439
3687 155
479 1081
3549 1925
3280 685
4255 3373
1904 4296
1481 4357
3262 639
400 3475
3216 4581
1879 1226
997 2266
1116 1067
2555 1251
2043 690
2620 2422
1980 4102
3203 2280
3464 2761
1389 3120
3542 614
2569 4484
1329 962
3726 3477
288 3614
3549 1139
2746 3272
1638 3894
2306 2133
3919 3072
1654 2599
2244 1957
4370 1962
1087 2170
2913 3584
2646 4977
4537 4193
120 2110
443 4870
477 2464
1036 1134
3711 3511
2183 3558
2953 4037
2626 3487
4406 489
3231 3080
165 2727
3979 1090
3400 1098
2961 328
4917 2610
95 3745
2691 3467
4295 978
2004 4793
3053 3543
4682 3267
377 365
4740 342
439 3174
2157 4491
2841 1834
2935 4142
3117 2780
4578 224
4003 3207
4265 2663
4015 1983
2865 2293
846 1391
360 639
4594 3160
789 554
2415 1434
3017 4545
1251 761
767 2743
4063 788
4046 3309
4401 843
4086 2793
1391 3525
134 1572
63 3774
2729 290
3769 4417
4 976
625 902
4963 3260
1430 305
1539 4255
1894 548
2180 4371
3791 4949
3040 1770
394 3716
4276 4950
257 3643
1963 2318
3413 3721
4773 4377
4239 4936
4938 4453
4842 2471
363 445
4589 2051
3063 2359
4518 2389
1235 2551
4967 2878
4686 4350
2495 1610
3383 3628
1537 2233
4390 158
1652 1041
361 1034
4617 2407
1967 1795
1840 3830
2841 1535
4356 970
2856 2370
2830 584
4413 714
1791 2846
3740 356
953 3495
3642 3468
3592 2610
1772 4785
247 3443
2344 1560
274 2998
473 3464
1261 1525
1920 4259
250 1537
4437 3593
4134 2953
4206 3833
900 2112
461 1725
808 2901
4124 4725
1046 1305
1298 2044
3731 4985
2783 2445
2635 1027
465 3128
3312 3669
693 669
77 2543
3949 4921
1374 4369
1413 1226
401 3829
4930 4033
4115 1549
2761 4557
1846 3300
132 379
3425 1203
3966 4683
4790 942
3672 652
381 3834
2532 607
4701 757
3223 4267
2409 872
830 4355
4333 2396
4109 344
4710 4353
4333 976
3787 4666
3436 4573
929 3327
113 1020
3408 1900
3365 184
833 3
492 3077
1756 893
3263 1127
2978 3880
3074 2448
4594 1321
2802 2210
4247 3453
3214 4414
1693 4815
1847 1370
2039 137
4984 2776
3840 3793
514 4726
3866 434
610 3419
192 1614
4333 4930
1272 4358
1278 2507
3347 3501
1617 4049
1362 730
3126 1201
4885 4318
3174 2266
3298 3599
294 286
4800 1420
1401 1774
4955 1953
688 4911
2853 2664
2797 2060
1993 2027
1489 4098
513 929
1068 2948
2715 3314
3869 908
4441 390
3015 4237
3725 1709
4881 4809
4403 683
4681 3638
2813 4137
4828 1926
405 163
1961 1033
1264 2385
75 817
1326 321
1733 2847
2602 1402
3996 3317
3027 1096
1744 452
4317 370
3676 1303
1784 204
3400 1555
1315 1359
61 139
4233 1222
936 1645
1051 1320
1012 626
3424 1532
1817 4132
3123 1056
1128 4393
227 1648
739 862
4484 4051
2196 36
870 457
1108 66
2584 2599
3281 354
1892 4724
1272 2344
2397 3632
2395 3373
3273 201
1234 2621
887 3516
4804 3160
3670 1484
3046 1892
3310 1957
4977 2197
1557 4378
1813 1171
1565 2496
2882 2770
2922 2659
2959 4052
3332 1395
1354 2025
3122 4694
3378 2554
949 1627
2888 3705
3435 4633
4935 4570
1676 633
450 2188
33 2053
740 2704
2018 3791
224 1572
1741 2242
1392 1090
3039 2622
354 542
2581 469
255 1637
4960 3845
4243 4217
4326 2090
1634 262
4496 3598
1885 752
2417 2348
1077 4249
1872 3312
3535 1589
738 2881
1294 1471
270 4832
2003 3560
3268 2929
2639 4190
3678 4402
4847 4405
1598 1746
1753 4185
2224 772
2485 1145
4178 1884
1976 2524
3743 785
1391 4669
1674 4954
519 3361
2433 53
2088 611
3579 638
3008 4354
3230 3850
1145 4577
408 2345
4141 311
3012 2110
4781 3394
2061 4342
1570 1938
329 1045
3395 439
1181 4716
2998 2858
4603 3305
3025 601
4993 887
1023 492
1175 4227
2927 3686
38 3584
4135 1193
1342 3938
4414 1153
3327 51
96 1650
3290 2102
1923 2034
1179 3869
1323 1914
2321 3632
1494 2677
1764 2189
4149 4091
4423 2483
4989 4263
4787 2803
1850 2345
1581 1996
2656 1691
3877 1633
302 4710
1810 2024
1673 3452
4491 2515
4398 4728
2801 2759
3822 3189
4538 4201
3426 3476
3429 1245
1924 520
4304 4331
2105 1967
4331 4265
206 150
4591 3846
1764 4218
2018 354
2157 4089
1787 65
4564 299
2952 3618
4369 271
957 3414
812 4026
93 2133
2873 4769
2784 1503
3216 3767
2935 746
1691 3519
1709 4532
4315 1159
3962 1495
1279 2609
409 2921
4672 1347
4318 2612
3485 898
1769 3908
1687 2969
1123 2051
2063 3122
2782 986
1019 523
1282 2985
2963 3290
3911 3234
3558 217
4469 442
2894 2722
2674 39
196 137
2000 2230
4697 4934
1179 1936
2656 659
4935 960
138 2887
4103 863
3202 4263
1164 304
2180 1025
3605 3817
1863 3897
1020 860
3875 4368
820 4158
4567 2432
1875 1388
2539 4656
1031 940
1813 2708
1376 158
823 4262
4724 1405
4953 1089
933 1852
3902 2337
4416 1746
3754 3424
2835 3402
4748 497
1414 3915
4983 1373
345 3380
3517 3201
773 353
2219 1124
3794 2612
2050 983
3859 2413
1800 717
4784 1484
4564 945
4072 2082
3430 3993
4683 2011
1374 825
1266 493
4362 3553
1973 486
3991 2409
2622 2941
2256 1087
4695 2991
3169 1931
2045 2382
4378 2315
722 3555
4087 4140
683 4307
1454 1990
4950 3506
4451 4155
2609 2993
3060 2421
4103 2152
1396 3782
404 1596
2322 4114
2938 1096
4285 4825
191 3988
4584 3165
3193 3118
4324 4552
4209 2005
1100 4377
4771 4313
2696 4457
1518 1964
1079 4522
886 1192
1969 1346
2748 498
2708 4757
636 2552
1382 4557
4356 1643
3803 263
2122 2393
893 186
3028 2096
3678 1954
3689 4456
3152 598
1657 1369
1860 526
1984 4019
679 100
2453 4269
3632 4956
1846 152
1021 1440
3316 2005
2268 1881
3232 4958
1936 3725
553 2043
3921 539
2536 2701
4373 4923
1797 4602
3665 3351
349 4276
1427 3456
1859 2302
1798 693
4651 1725
4638 136
3421 2228
3206 1466
1953 512
4720 1221
210 665
4502 1477
3577 3434
3812 4802
3330 2569
2892 1908
3754 2153
789 2528
4134 373
4061 4350
55 182
2203 2978
4873 4207
2976 109
4554 2973
1507 3663
1661 408
2393 3101
718 567
2465 4043
1646 3915
2436 3157
3605 564
1850 3534
2101 2729
3955 1841
213 73
2265 1164
3906 380
522 4247
3152 1936
3568 3922
820 4058
4639 2052
370 2190
3382 4705
2272 2006
4084 1266
2147 4502
2804 1711
3276 3102
954 3621
2327 1860
1995 3860
4525 2789
1918 3772
1745 4419
1926 2490
439 852
4094 2684
4477 3814
4755 3073
2285 1201
228 1829
3560 278
3740 4518
1483 3465
3049 81
3512 3188
1871 4808
2450 3842
3180 2857
245 1130
146 2982
2056 582
2139 1582
1822 3208
2346 4771
56 2077
1742 2045
4473 3262
4605 2643
1542 2761
470 890
1608 4913
2868 1224
3402 2037
3534 4046
989 923
568 2564
761 2227
4788 1734
532 2834
2457 3486
2384 3394
1026 3608
3729 1456
3116 1379
2078 213
3782 221
2512 4387
1136 117
1736 2710
914 3660
4765 4234
786 2032
388 4821
592 2021
1184 1385
2054 2030
1646 1957
3106 293
1485 2740
4187 2650
1920 727
1895 3188
2956 4253
1425 2075
3109 1046
4538 708
1138 3953
2661 4257
2584 1837
815 2715
3192 4706
3070 4447
1370 3697
4667 1424
3522 2501
4294 479
4131 1309
4516 2726
989 4861
2753 3700
1484 2518
4723 593
3242 4875
3147 2245
3759 3074
3840 3703
303 3723
3227 3575
2559 3578
4766 856
4215 3982
3348 4250
2687 1578
4809 4133
1406 3318
391 2265
548 414
2546 1002
4136 4427
3882 194
3427 1784
3408 1823
450 4168
4133 2886
2562 2152
4353 4850
3031 430
4217 2315
3244 4385
1369 2312
966 417
2159 400
1006 3860
1528 3919
285 250
3881 656
4492 4769
3834 2729
2476 3709
4085 2031
2894 1040
2088 2718
692 4961
3983 1202
3309 2419
586 1363
694 3362
74 1593
1223 2783
4439 3019
2088 3479
2247 2622
2876 2472
1812 916
4437 297
3259 3619
4124 3731
1422 2941
2894 4492
810 3982
3587 3599
449 1600
3738 2489
600 53
1212 926
59 4574
2272 959
4122 2262
1036 4414
3956 1259
4422 3524
426 1821
2560 3943
4889 942
3548 1647
3900 1714
2386 3413
2325 4352
2 2748
2326 2065
1115 2109
3167 3502
3715 1739
915 153
1183 2716
156 1146
3537 3538
3141 3673
2842 3690
4591 3318
989 1440
1378 293
2093 1831
3396 753
3296 2567
3557 2822
1262 4641
1845 1598
4066 2941
4873 4952
1429 765
4303 2908
3538 4030
4997 4109
415 3816
843 184
3548 1556
1937 1008
4274 977
2112 744
3283 641
2117 1853
2 4916
3994 4049
2723 1504
3801 4330
2461 3657
2759 835
1564 510
244 3055
2705 4362
1681 39
1333 751
2956 3652
1005 2165
1131 443
1836 3493
3604 3369
2145 607
3776 4610
2030 2289
3791 3867
3686 2230
1618 1627
2865 904
1862 4537
892 29
1041 1557
134 1733
4254 478
2301 292
3993 2482
4253 4719
1973 391
4489 4805
858 3341
2741 3647
4356 3648
433 4633
4246 1857
2255 3699
346 4267
1303 2185
3258 378
4667 2072
4520 3954
711 4587
2619 4342
2463 836
2720 1410
448 4247
173 3940
2593 1597
1085 2902
1421 1654
3712 778
3589 2516
4299 4066
4525 1197
738 2075
2738 4886
3677 3566
1347 24
1463 3167
1568 55
1623 3490
102 1801
4956 3471
3574 1734
3452 1793
2830 2314
4251 3426
2769 1473
3213 2428
1657 4427
2408 3679
4940 2688
1299 1565
466 4249
901 3356
3672 2496
3446 3574
4580 1989
1671 3490
629 2127
54 1430
4334 3654
2268 866
2038 304
4439 3869
2853 2135
3034 4041
453 2037
4571 2608
1173 2694
1323 4999
1634 1018
608 4432
1642 3612
3035 4309
3577 386
508 2721
1947 3296
927 101
3928 710
3990 1840
4556 1929
3697 1372
3457 4530
462 416
3700 2085
3156 4811
308 1988
3046 450
2213 4690
3509 4696
2309 2816
2438 1052
3742 656
673 3635
4528 2039
2579 4440
3187 2482
1586 551
344 2425
4205 751
3046 3755
922 2376
3618 3557
2467 550
3181 3686
766 4912
3319 4557
2996 662
1454 4529
2044 1838
3277 2049
2756 2171
190 4742
3854 3530
2569 4179
3905 1624
2386 2909
4199 1396
4906 1027
22 1569
1910 3012
2171 4153
3690 2195
2615 4205
2971 2805
4571 281
2519 1802
2856 458
3845 3755
4907 2191
2997 1405
1392 3138
4138 2557
2205 1386
205 2281
922 3712
2684 597
287 3580
1745 1035
3776 1935
4141 3158
4271 1085
3418 425
1290 1157
4750 4937
2319 4709
375 4816
480 4541
886 2709
1578 4401
684 2100
2532 4532
3379 4332
3784 1755
3451 928
2412 3860
2393 653
56 1490
391 408
4964 3563
4624 3660
3123 1854
3013 4122
3627 2260
821 285
1661 3052
2425 2860
78 512
2637 4704
2536 2306
2269 1033
2531 3999
1273 4721
2328 2689
1819 1996
2984 2520
865 325
3593 4476
4793 3555
2471 2125
3576 1596
3578 4552
1513 4469
416 3318
2151 758
1213 18
474 638
350 3625
4797 2056
955 244
4248 3179
2189 4352
3707 1408
3940 1988
4555 2508
2695 573
1986 386
1865 2988
314 4644
4479 2825
3371 1393
3728 4562
2068 148
4014 477
1256 3040
304 3884
2165 691
3461 2941
4431 3058
4558 2351
804 338
3405 3316
3309 1244
3384 4867
2089 2217
2074 3762
1200 2394
976 485
3281 3196
4134 3732
4860 1026
3050 2156
450 3928
1567 2569
3433 3296
2076 3258
4951 112
4486 1410
2506 1638
1489 4703
3398 2991
4619 3910
1073 2407
3827 2192
2432 2574
6 3675
4800 2904
4059 617
813 4610
2146 2647
2516 2865
3139 1856
1955 780
1677 631
268 101
3513 2854
1453 374
438 2168
2768 4996
612 2653
2635 4902
4736 2809
4400 3341
4203 2931
1163 3101
291 847
2217 571
3275 3934
4302 145
1590 3143
4612 4954
3653 4376
4139 4161
2197 2990
3737 2264
2328 2875
2204 4054
3 4498
1438 1972
4116 3178
1841 4413
3419 3519
3828 377
4810 3641
4377 1557
4416 1588
3832 2606
433 4417
4403 2461
4396 4988
3122 1391
899 4971
3851 1408
3155 3992
107 774
3 4503
3531 3435
1369 4112
4020 4577
3885 4789
3987 4352
1074 811
2018 4921
1340 1381
4200 1526
2780 4600
194 2507
3259 2123
1577 191
1848 1620
1579 3768
4871 3429
2891 3052
1112 1561
3271 792
1083 3037
3566 3493
917 3211
4581 1889
1198 2185
1535 4194
4497 1471
2854 1729
1355 758
1203 2865
2318 995
1072 3585
4574 4122
1953 377
1299 4492
1632 1943
553 481
679 2746
729 431
1840 4774
3903 1143
3512 3866
2530 3014
3271 2798
2340 3832
3378 435
818 4948
3618 2094
1688 2504
186 683
1250 1
3631 330
1041 1285
1070 297
581 1956
2565 877
3834 2656
1918 3759
2177 901
683 2783
93 1194
3134 4118
3433 1283
2125 1515
1973 4265
2688 906
2983 26
1113 4541
3500 2748
4841 4002
2094 1110
2761 2810
3361 4688
1201 1570
3621 1347
1523 729
4309 1020
1705 588
2478 1570
211 234
1388 4660
3455 1011
2982 3846
1135 3116
4157 4383
968 1353
811 1622
1322 4858
2220 1805
2185 3563
605 400
1179 1378
1448 4203
106 2952
779 2144
2305 3394
767 997
3795 3378
575 4427
812 3385
2988 1983
1980 1350
1098 4529
2083 4133
1494 3836
3776 4281
694 3159
2198 4274
1821 1270
4072 3299
4300 1581
973 4060
3195 4183
3065 2391
2200 3949
2230 291
2431 4180
3894 4356
2103 217
1259 2388
924 380
2179 3801
3901 4788
1810 2719
2590 1202
3835 2182
3439 376
256 2117
3046 1356
2107 3231
188 2711
3093 776
4729 4638
690 4927
3108 1396
313 1627
203 4468
4233 612
4091 1192
2385 4560
49 2715
3715 2694
3278 2993
1149 462
3611 3901
1489 3685
685 2623
2594 3606
3612 1589
4650 3383
3284 3336
2340 272
4140 714
2002 2044
2 2745
2473 4918
210 1695
4685 2286
4039 4717
4871 3270
3651 1197
4336 2006
3471 4055
2739 958
3009 1745
2101 1511
2906 2794
3818 3137
4719 2898
4541 2552
2150 3852
208 57
4702 3457
2679 3944
202 1911
3073 1164
2719 3236
1753 448
328 2792
1947 2394
3716 303
4309 2992
2410 1596
2720 2830
4817 3701
2147 4835
3128 2601
3296 3052
4189 4625
2693 1462
3334 4247
3489 4704
4380 811
4191 2511
1972 4102
2059 4275
3583 671
2452 4363
148 2243
3227 3577
1831 3837
2985 4516
599 267
4872 853
140 3318
677 1881
3693 4224
3231 92
854 2595
2275 2616
3162 3062
4453 3229
600 3854
4566 2126
952 1278
1843 1645
2069 1631
294 2223
4356 4056
3425 3587
4398 4050
3039 2087
3065 2311
1613 2754
1352 313
335 3346
3146 607
29 2448
3519 329
4467 4892
2376 3449
445 2726
1780 3094
3006 1354
1329 4026
2495 4482
505 1100
258 650
1462 1774
3650 4321
3687 25
833 2372
2706 328
2480 613
3583 4707
2086 1449
3587 3837
2715 2802
3924 251
641 1699
4198 720
2912 3779
3351 4339
4113 4393
492 2936
4638 1137
4117 2210
627 4214
397 3566
2306 4874
1571 1049
4708 3941
1867 4988
2098 3368
1513 233
4039 4200
4775 4357
531 397
4043 3995
4937 211
898 398
1735 78
3492 2311
636 255
4460 3294
4711 4379
4117 2724
2520 2850
1626 3328
332 3194
4359 2904
3767 4885
385 1306
1287 3896
437 3433
1019 4877
3900 3790
4479 3333
3800 2719
4602 2953
3899 3198
4966 2281
3137 2058
3160 2566
2086 256
4632 1558
692 2801
4094 2160
3969 4403
463 211
4945 3386
3873 902
3661 58
1211 392
1128 634
2447 3107
1587 568
3904 2932
489 3961
769 774
2468 4984
4209 1241
753 1879
1054 3180
4870 1952
529 685
3178 2117
3800 1912
4129 2650
4471 785
1240 4942
1296 4876
402 4499
719 501
346 1034
3250 3504
4242 2680
956 1354
2001 1133
4639 2032
2348 312
759 4271
2567 633
4841 1436
4037 2054
2552 3670
1024 4470
104 3049
879 3091
1693 971
2888 4663
267 3894
4715 920
2899 771
4225 1756
934 2012
3104 2703
4210 2515
606 4483
4473 20
3366 3817
432 129
3135 926
11 3400
3677 2217
4949 3651
2180 4782
2350 3513
2309 1828
1622 2975
4548 905
2223 1224
1546 1999
2111 2925
4238 4459
2711 2889
1367 4418
2139 1193
851 3418
1072 4949
1353 4936
1748 831
1326 1333
2853 4883
4140 2672
4887 4106
3553 3707
831 364
1521 2979
4029 4470
1030 508
946 4465
1476 3358
746 2286
936 1711
2442 4686
1320 1675
3651 2128
1269 2392
2822 2206
3157 4935
4668 2605
4502 3173
374 4
4965 2793
2287 2750
1841 621
3156 4135
3246 4864
4779 1992
3572 731
2849 1606
1930 4098
4378 1915
3064 3094
1281 111
2458 3804
1509 2464
4861 1459
3910 4260
389 3107
1023 3868
2598 2883
443 1272
1300 3953
162 1467
636 1202
1950 700
1465 3958
3584 1196
4645 1487
4662 2551
4869 4881
468 423
3761 3987
2107 3728
1235 129
858 1805
3802 2677
3675 3909
880 4901
4249 1673
2718 1003
1908 310
1603 2226
1984 2466
4067 3037
529 3818
2055 987
1372 4055
2405 2455
2670 4467
4769 2468
4828 2645
4978 4361
1516 889
773 1554
3193 2992
3518 4464
1282 4449
4378 1794
1292 1143
1901 4217
1987 1993
1271 4737
3313 3726
571 213
4036 1013
2617 2641
2135 1425
2146 2507
226 4308
1376 4748
4016 401
4281 571
887 4244
601 2246
674 1314
3022 2797
4285 1391
824 4187
4532 2636
4089 3191
2505 2175
4491 3766
893 3082
4557 2346
1032 3812
4673 3569
1635 1660
4671 4690
2194 772
2574 4018
4104 637
3282 3583
2230 4192
3259 925
1025 2321
3944 4551
2984 4330
1638 612
2663 1984
190 1370
848 4483
684 3182
1263 3172
873 1382
495 4228
575 33
1180 2136
722 1580
2137 1346
3342 3344
4975 568
2983 2161
282 398
3172 767
4039 1881
3596 4167
4701 4629
774 1226
4730 3913
1785 1747
2811 3295
371 4407
4302 1403
1574 3611
4986 4137
1418 3282
3162 3534
425 712
2219 4106
1404 1973
4192 2404
2590 4857
1935 437
4239 3587
2365 4852
3213 285
4259 4293
1804 2492
3258 4609
2815 4785
3491 2615
2072 2526
3939 3260
2138 2988
4298 3714
3075 2867
4921 880
1324 3617
1113 4227
4229 3975
4770 3421
838 4230
2284 438
620 2478
357 4148
3134 3951
4263 124
3556 1242
861 2419
437 2427
1123 4857
2284 2066
892 2115
4260 3663
4873 3688
2379 2307
4149 395
3105 996
824 252
1338 1692
548 4547
1798 969
247 1139
943 3973
2045 3716
508 926
472 3671
3592 2723
4053 1728
625 4934
299 1253
3783 1537
2589 3851
4451 4623
3074 1815
2898 2296
4326 3210
1750 27
1962 2370
3991 1685
4399 1332
3892 4085
3296 1883
4310 1914
3293 2959
3557 4872
846 4159
969 3590
450 3138
2961 94
3467 929
4107 3710
2781 2236
2479 3034
1830 855
4380 1949
4341 1976
505 2770
2861 4369
3556 4703
3901 2004
1725 4180
2886 1598
4753 3963
3426 3388
2894 4690
1410 4767
237 3551
717 1283
584 1511
2043 2055
802 3673
1748 4486
2227 2917
1789 1837
3980 4263
1990 3184
1133 3394
3484 212
2035 1950
2968 2035
4119 2854
1754 4179
1626 4293
1114 334
1891 2494
2763 555
2701 2887
4273 835
85 2287
1200 3083
4569 4270
428 771
1968 2215
1318 3004
2403 1010
4895 4009
1820 1383
3087 2272
794 1186
1619 1684
2761 3738
3208 4916
4434 1836
1997 4355
1916 71
4992 4296
3915 549
1523 2008
4361 4047
2669 2662
4746 411
3034 1651
3649 4809
2242 601
4890 3909
4831 1746
4705 3561
931 4236
2216 2850
4281 1676
3390 1737
1687 4575
4101 904
3771 4896
3432 3065
4721 1273
1312 4303
4087 4725
4759 168
83 3653
2332 3326
2416 2073
2998 4401
2691 2509
3816 1717
871 3443
1830 3405
4554 3699
4476 406
2376 1696
4600 803
1775 1580
1462 4056
961 1415
2077 273
444 3487
1573 3923
2196 2083
4026 824
1281 1728
4175 4968
4685 4073
2468 3783
3126 1754
2609 2558
2548 1795
1012 2501
1417 1226
2090 780
3973 362
2532 835
238 1582
3587 1505
1420 4473
1993 2345
2603 3362
2514 1280
2617 2489
2962 2568
3895 4345
3424 1825
3347 153
1608 1863
1188 3532
3166 4085
2083 1773
2081 130
428 3850
1394 948
4 1350
2992 443
1002 1562
1825 1428
922 4829
3186 1976
4289 2019
1276 1389
4668 1504
3913 684
2789 2369
4345 2106
4438 2344
2319 2923
2836 3498
3681 2867
3483 1552
3449 2000
224 1626
4727 880
4997 4184
320 1657
2394 1229
3773 1761
2563 4560
1450 3818
91 1218
1174 4090
3763 3317
3112 4307
853 1296
3406 2746
4456 4918
1086 4730
2688 4336
399 3250
2454 928
2374 4451
815 1963
3373 4442
3504 3174
86 3172
2077 4608
1716 718
332 1552
4360 3987
1581 1911
3676 196
3121 1941
1529 3764
4287 4928
57 1540
515 4108
4918 3879
2141 4717
1998 1922
944 3024
2211 2078
3592 4601
672 3005
3721 2778
3874 2175
4965 364
1521 2265
213 1258
3579 2193
4938 235
1940 4099
617 4682
1356 4501
3652 3913
2374 4276
4921 1432
4236 2295
4963 810
4516 1009
3758 3296
3659 1564
4890 1303
4669 2977
3169 296
1378 4064
2801 1345
1905 1495
3560 1520
2583 352
4366 3176
1809 3305
2330 1225
1554 1240
1411 2824
4883 2548
3325 3778
965 2670
3240 4658
678 2332
1929 4364
2870 460
1840 2080
713 464
4104 3064
4005 3417
3846 4893
813 1101
3205 3215
3276 3234
4963 505
3319 4529
500 3299
1974 3946
4792 828
421 1030
765 4941
3494 1621
395 2968
2387 1479
3012 872
913 3237
1607 87
3340 4012
3379 1070
2142 4901
3994 4075
2226 3862
1630 3095
3330 1428
601 2362
2403 1095
4863 954
3217 2918
1710 828
3276 3959
63 2426
3082 2087
3967 2159
3611 4492
3987 3053
1755 1992
3859 1785
657 377
1856 2813
3563 2036
1127 441
2743 4744
2196 4047
754 3752
4030 3449
338 1324
4353 1344
1745 1654
2010 1291
618 1815
4315 768
1080 3946
4139 1164
4920 298
648 2578
2456 4787
1686 2592
1994 4159
2441 2498
2065 999
3347 910
1798 4321
2136 1989
1269 3298
2168 2479
4978 519
3735 4655
2629 4477
831 4167
4918 3477
4934 4836
2624 4313
21 4863
594 1730
769 4957
4751 4962
3208 785
2019 1235
4673 3814
1642 1173
1914 2030
478 1084
1692 3283
2968 4123
3881 1336
4480 4810
2808 1543
3991 1795
4116 4182
4167 2087
669 2230
2843 3928
4721 3601
1387 3041
4017 4253
851 2417
1915 1212
3998 1049
1003 4715
2282 2364
1170 593
4885 2265
4304 45
4859 4983
2709 2579
2718 3463
4325 892
13 4440
4044 1501
4008 3721
4903 3766
4484 1848
2750 40
3087 4177
887 3245
4946 1262
4090 4182
65 2547
778 3488
4006 3167
2742 890
4322 2352
1930 1337
1562 3318
4104 2612
655 4036
503 3960
1549 4272
671 415
2899 2172
2579 2199
4808 1083
3420 1260
1741 4341
3409 561
3867 3732
3876 257
755 2248
2823 4212
758 1849
3802 2064
3204 4167
4391 3298
4208 2146
3231 2074
2154 691
1715 640
4545 4724
4439 3091
4594 1242
2704 748
4780 3367
2558 367
3874 4414
648 2275
697 467
1 1275
3291 2924
2580 3586
3038 2166
3286 4453
1626 425
1502 4049
3922 438
1888 1703
27 728
4631 509
4949 1110
80 325
4028 2020
9 3517
262 3438
4822 4291
1749 1239
1266 4717
2774 1478
3429 3344
1213 3522
2436 406
852 1071
2736 4895
1226 5
209 1218
168 4782
1770 2995
763 3439
243 4531
3523 2105
76 3326
302 3374
1482 2900
783 2834
895 3248
2994 2240
1229 1627
2461 1109
3579 4307
1566 3875
376 3578
2861 2174
265 2228
4418 3229
1778 65
4604 4403
2448 2812
3517 1867
1054 4851
4042 1656
4597 2211
2671 2341
2655 810
2954 2202
4527 1780
1998 4639
1350 1129
3635 782
3718 4937
3111 131
4327 2206
2818 2765
2395 3020
4417 2271
582 998
2990 553
1240 4411
1363 1178
1234 1027
3198 1783
1159 2518
8 2101
4157 2998
1374 1688
2351 3236
2806 4675
1324 2394
3502 3815
1941 2929
440 1126
3408 3062
1987 2259
189 3284
290 213
2131 3393
3863 4960
1853 2547
2154 796
3587 1458
1153 1796
3205 589
3222 4485
1081 2355
3856 2265
4491 2602
1093 534
1573 4899
1974 3645
1957 4034
2447 4470
4618 82
3232 1635
1200 2269
4597 1287
4045 3237
3062 3372
4508 3991
1250 1855
4763 3930
1294 1983
637 1615
3743 1606
4559 3309
2514 1333
2881 2030
3590 3299
4823 1840
945 1021
2990 1268
3439 4373
1275 4440
55 1400
2792 4146
3773 4243
2641 3482
3295 1329
2632 616
1266 3515
836 3469
1523 2877
427 4251
3344 748
4227 1415
1243 778
2444 3970
2289 726
3072 2697
2111 4163
1221 1632
3813 2223
3512 2500
1718 4349
2698 2412
483 1343
4219 3499
1426 590
462 2218
3902 2465
2661 2858
387 3284
4512 872
345 3631
3081 4690
426 903
270 4707
1852 3753
106 1638
308 3492
1841 3187
1342 2860
3587 3961
3844 4675
2837 399
3474 909
207 3367
1838 4979
913 1180
237 1488
3340 4373
4510 4167
1434 4063
2169 4178
1339 302
3246 1808
2623 1087
4975 4604
53 1673
2498 2578
241 105
4380 4121
2155 3805
682 91
3148 684
2311 613
4322 4995
2699 4982
4601 2198
2903 2377
4897 1180
824 2565
3343 2806
4817 2613
1109 4047
3288 4066
3053 4542
4184 1139
2311 3731
1939 2946
3891 682
2845 4307
3516 527
4758 2838
1829 202
277 2657
3057 4457
1527 4159
3247 4114
2096 187
1540 3752
2685 430
3174 4470
1365 3986
443 292
2483 4768
604 1079
4134 2326
4339 3021
3491 3993
2956 4606
80 1584
1772 3338
1562 2608
1140 561
1279 414
159 4069
3758 3140
993 1699
695 348
2712 1308
1440 2433
717 2032
440 476
4292 2348
4993 1
4059 1674
2197 4784
2543 3955
414 2757
2581 2901
2540 2836
2469 2303
4934 3422
4571 2677
1538 376
315 2088
2061 1786
410 4107
177 1848
222 2326
1316 3238
1571 4061
129 2650
4049 4294
2397 1228
2018 2863
3950 1598
76 3818
4370 1128
4156 391
972 2361
515 4387
1903 2805
4850 4595
4318 852
3398 4759
93 1058
176 994
4752 2104
268 315
3992 2542
1171 3563
1973 615
1425 3536
3497 2061
1660 2499
3450 836
4296 3425
3411 2045
273 4237
3761 3108
1931 1997
14 1379
848 4095
200 2825
872 196
721 713
1381 3377
2986 1932
3266 2609
3505 3005
3078 2903
843 213
2299 4864
4526 205
3231 3228
2386 3474
1880 2013
1988 295
2881 4324
420 2241
3372 3167
3163 4604
2792 1389
693 2562
2316 2022
4998 3562
3959 1227
3088 3938
2441 1534
471 2341
2065 3836
3898 2531
714 3936
4277 1725
3091 719
2007 1016
4890 721
390 573
4856 4593
3138 3343
1402 4448
4231 4982
2015 2091
782 4680
4656 2003
4424 391
1559 1697
2085 1876
4069 1421
1271 1749
4516 522
376 2956
2871 2984
2041 1826
1854 2649
336 3521
2288 3052
1560 2777
3710 1278
3600 504
2298 4706
4048 1830
3151 2335
201 2790
1249 3775
4332 1313
3602 2428
64 1092
4705 3285
4128 4014
4541 930
2354 1075
1019 70
1602 27
3734 1135
3606 4501
146 281
321 1333
774 1288
323 3814
3032 2420
2213 3313
386 4999
339 3850
254 3981
2529 2401
1256 49
2532 3478
1647 650
1406 4678
4888 3292
622 1136
3484 2191
2056 3273
1960 1436
985 2952
3359 3226
1375 4386
2719 139
1768 3983
2302 4397
4272 2401
4596 3371
1225 1306
4328 3051
637 4706
3915 4164
4236 1453
3193 1290
1359 2833
283 679
3724 1958
2567 2836
3445 174
1162 3408
4620 3768
2281 2923
901 4002
4866 706
939 454
599 3893
2076 3178
501 392
1399 1335
2830 2384
4003 3592
4016 2862
4641 721
2328 1993
3694 724
4878 354
897 1791
904 1264
4409 191
850 3962
2859 4229
2591 1344
2198 1116
2024 3680
1482 3572
857 3855
3582 3854
1535 3989
499 1488
4516 946
500 874
4369 3373
106 571
4156 784
3731 1366
2019 827
2817 3449
2642 2139
1919 160
1051 3142
608 1354
2284 1372
812 4597
1291 4586
3238 1839
4963 3767
1389 4015
1381 1407
143 3254
4015 2458
665 1350
2116 794
475 3022
1702 2213
2091 169
3001 1879
2811 903
157 228
1124 4503
1808 2104
1827 1889
2340 4965
4933 1059
3595 4622
1965 760
598 1952
2906 539
1499 4487
569 2660
2239 995
4054 132
2206 4199
276 2628
4117 1208
1603 2405
3568 4023
484 1188
3605 2550
2340 3284
2199 1743
3839 2569
13 1093
1867 3258
1564 1543
3813 1506
1910 2310
1574 3071
2876 2974
501 951
2305 2788
1918 1441
3062 3801
663 3176
928 3177
2864 1922
613 4175
3664 3347
3537 4135
2871 1204
2540 4642
4111 518
3808 537
3033 3920
3877 3098
3927 4802
3937 2273
4617 2756
830 4345
3573 2646
4549 3010
4319 2475
1363 218
164 2847
842 693
4843 3351
4588 4222
1905 74
552 4738
2209 3822
3789 2911
4191 4445
2172 3349
1189 4931
1 4078
1296 4155
1448 2423
4525 4516
3826 1308
1622 4656
1330 4117
215 3400
4181 1627
1458 866
3818 1893
4022 4528
4373 3769
2575 4619
2734 708
3099 4823
4822 1962
1441 3346
4511 4632
1118 560
2664 4396
2224 4262
2135 1829
2764 2225
2088 4907
119 4340
4564 2280
1366 3722
712 3958
3631 106
3262 422
87 2816
2972 984
2426 4359
2829 1335
349 4480
910 3513
2790 4957
4520 984
3465 4978
4964 3955
997 398
4505 2618
1252 3451
2431 314
1322 3205
1485 2447
2545 130
1801 4217
2782 4065
3612 3668
4102 2681
770 2678
612 2795
1982 410
2348 4810
4469 2795
1913 633
1340 2112
3108 87
1753 3606
4485 2665
3404 1475
1137 328
2313 198
3510 1566
1185 274
951 1308
417 743
2435 1394
2378 2735
3528 304
1984 1107
4655 320
1769 2337
2095 912
2699 3526
2899 2940
3467 3345
3655 3807
505 1163
495 1499
248 532
4266 3691
3537 3003
1639 1118
526 4840
1959 4894
4114 830
3420 1364
4904 3498
4391 171
767 4436
3937 221
2868 201
429 3088
3769 4164
2778 1339
331 477
4388 219
3520 4350
3048 2997
3260 4861
3576 3285
4358 4427
1702 416
1932 1959
2388 1569
2918 4891
3043 4539
796 1972
4601 1922
3133 4631
3438 4144
921 4363
323 1030
1536 4419
4583 4414
996 2245
4982 3083
1278 213
4390 3874
3958 4044
4294 2498
4116 3783
897 643
3110 1951
3603 3306
2909 855
2515 1509
2932 693
603 4091
3486 4436
3973 2299
861 4260
4180 1471
4979 4002
2520 3365
2376 2236
448 3529
4622 2676
2287 4237
1074 221
484 1694
1099 627
3136 505
661 1089
121 2307
3709 1160
4149 9
3966 427
4951 2764
2890 4405
3214 4787
1063 2092
4488 4820
1562 3056
2796 3182
1195 2343
3053 854
2119 1019
4949 344
4 2216
1458 3561
2697 546
191 2809
3580 1154
4874 2771
4006 2262
3555 26
894 4167
2487 1002
3878 1867
2271 81
3913 3166
1000 4363
3328 3400
1553 4441
3126 4711
873 3670
3373 2451
4256 3574
2104 2640
366 4084
1453 675
3016 498
1811 2771
193 4332
3931 1746
560 1018
3507 4040
4446 1923
2696 4285
752 1747
3268 278
346 3061
1774 4882
2861 123
2629 523
196 3233
87 1153
267 835
3642 922
552 4802
847 1124
1526 320
1926 1148
166 3613
4850 715
4931 3022
228 4141
1303 4517
3327 3263
1052 709
1706 4297
4576 4839
3583 369
1383 4550
3216 1502
4543 192
2108 2708
2169 3506
1173 4832
637 4340
1130 2547
4129 2672
282 4014
3958 982
2673 2713
3031 3602
4933 1936
1314 1979
2990 2149
4994 3585
4010 3539
4413 4748
4406 3381
885 4602
3718 1675
3336 3852
2732 1570
352 2774
2270 1746
1727 836
4511 1938
4230 371
2762 420
4733 1281
3362 2633
4584 3155
4447 4668
4248 2096
278 4730
963 3879
3437 1438
4031 2982
3024 4128
3907 4567
1135 2028
1069 4302
1414 974
3575 4585
203 3482
3130 2862
1891 4904
2789 196
3003 2915
4503 3347
4412 3622
109 3137
3383 3101
515 4375
4709 651
723 1054
144 2825
2738 1360
4330 3745
3073 3366
2467 3235
1630 679
4496 147
1089 886
2702 3638
4322 813
2590 4952
118 734
4352 754
3171 901
2078 4273
3097 1719
3366 2461
3365 4794
2396 3047
2180 1580
1223 330
2746 2675
1834 264
4176 4376
753 3918
1698 1966
537 4778
2730 4574
4896 4727
1312 3441
4295 4680
3979 1558
550 1016
3154 243
1983 2511
2875 2204
4785 1989
1208 849
1609 1252
4171 3023
4223 1112
4828 4277
1579 2561
840 3957
3732 1651
3147 2126
3713 4864
4299 4406
809 2206
4494 165
1090 2957
3734 4827
882 179
4164 4618
2561 2286
4242 1000
1896 2239
1986 2673
3357 3944
3873 3862
1375 661
380 760
4591 2503
1207 1961
455 4654
3081 4891
1685 2100
4606 4386
516 2451
4728 4289
4770 328
1833 2062
826 4949
1000 2874
2533 2601
859 3200
1652 2084
2675 4168
9 2862
2239 496
88 2455
1222 863
3466 3304
4608 4270
25 2160
2411 1229
682 2394
1737 25
4522 69
4224 870
795 2259
1275 1934
917 4547
183 2647
4517 842
3019 1416
2983 100
1995 2915
2810 3200
1231 4010
3275 4911
1892 4953
539 2532
2194 712
3142 1420
2987 3523
465 468
87 3989
259 4271
3465 670
2291 1762
1395 835
1 1927
2210 3995
506 4975
2300 1196
3951 2121
4607 2794
3243 1561
3274 2237
3404 486
856 961
4873 1658
4003 255
3514 193
2855 2217
1385 226
3991 3828
4599 4975
624 2112
3399 1174
3347 2732
515 3571
2422 2455
4688 4072
2363 402
3527 1815
2450 4083
757 3091
3609 2422
4755 3734
2246 1328
3096 2015
4706 4880
403 375
3266 2802
4741 1210
2707 1905
906 3302
4174 2861
1503 3151
3945 1907
3765 592
3887 1360
4544 798
1879 3138
3828 4450
2980 2727
4901 4984
4366 3624
1192 3156
1950 3739
1239 4927
3218 4316
1921 1266
3815 4592
753 1667
4390 4752
1796 2404
3629 695
2134 3786
1127 1605
3404 2714
4558 3517
3376 3773
2986 4409
2717 1747
2723 3382
1830 2183
491 2699
3658 1230
3120 580
971 3810
3265 3543
2501 4850
1554 2140
3085 1399
4999 3490
2357 3754
1170 270
2558 4549
3910 2584
4691 3678
4939 198
1854 2554
1804 1664
3322 1591
2589 3110
2950 2077
3675 4119
1787 215
452 108
633 1866
300 370
157 3194
4129 2948
1958 3327
826 3524
4099 1308
515 810
4349 394
1797 4805
2877 1147
1253 3829
4119 3401
2884 1201
2521 3044
4274 4145
4393 4700
2879 1589
3106 1289
4136 3802
2591 1881
2515 3578
4631 1171
2396 453
345 1027
3105 1884
2024 1336
4658 2829
1783 2992
4665 3475
4188 1197
643 4223
2004 783
3453 266
4079 2262
3506 46
2890 3385
915 4120
1954 3145
4459 3711
168 3259
1029 2373
2827 2800
1067 1976
1370 3841
4679 597
789 3753
1749 916
623 211
4743 960
767 2173
899 819
3642 539
1870 1104
1782 4083
2049 4379
3080 133
4616 1869
754 4421
2294 2599
1217 2836
276 1747
233 2770
2527 2642
2229 3357
4021 4772
572 1710
2148 2608
414 759
301 186
3868 4080
4658 2677
1988 1121
4477 4724
2023 850
3607 810
4406 4938
3022 29
3913 1207
834 2800
1472 4436
2174 2114
170 2133
2168 877
1976 3876
2448 1434
1846 4111
2614 4015
3137 3406
4583 4781
2820 4966
2836 4967
1362 3752
735 939
1698 2213
494 4020
3880 2412
2346 4761
2903 3921
2099 2767
4433 3039
3024 3641
1675 1165
1783 333
4199 1759
1941 2963
4160 1858
2810 3191
190 2840
1325 4211
2992 4443
4511 1879
505 1803
4896 4489
1904 2144
826 3212
346 3241
2580 1261
3877 651
3092 391
1254 2350
4363 2982
4682 3840
2532 2820
2326 4759
845 566
2927 4909
2923 630
3852 278
854 541
279 3462
1193 3284
4268 1206
2426 2288
670 3260
2993 2734
4928 4320
2230 3487
3853 3189
536 3983
1185 4808
711 3969
4451 2060
2818 4619
11 2942
1683 2325
4766 3743
16 2982
81 4089
1050 4875
4525 3478
3752 1715
1458 149
624 1529
2334 1374
4212 238
3822 1827
4851 4564
4468 873
3866 4444
4513 2403
2434 4422
4211 1722
2008 3425
4800 349
1004 2489
3134 990
1135 3301
3944 2736
1803 970
4317 2210
577 1495
3773 1309
1411 317
1979 4692
2406 471
1734 2252
3139 4630
4339 4248
1880 820
1240 834
1428 1264
2457 1097
905 1123
4091 4020
962 4484
3074 2939
188 4409
1085 2342
1655 2402
2523 2914
1161 3790
207 3177
3896 4967
105 628
1056 4819
2464 4253
4565 3306
2037 4076
4862 3087
3711 4071
135 2045
8 551
2836 3611
4257 3017
1794 515
2107 2363
1478 521
3044 152
2114 4075
4695 432
2871 889
1736 1524
943 600
3843 40
20 3082
783 4183
1397 3620
2911 644
4902 997
4333 518
2947 4419
4542 1528
3860 4235
2869 2233
1745 3798
4088 1779
1741 3495
823 2873
1512 1476
270 3578
1003 792
1468 4125
2128 2260
2145 4336
3215 1591
1421 4618
392 791
2592 1354
3789 3824
580 3616
153 4012
2954 514
1067 573
3558 541
1167 4005
37 1973
505 97
689 1299
3530 1090
1616 4628
3144 3737
4940 193
2697 3265
4961 1975
3145 4027
689 2536
3192 3062
683 4016
972 240
616 2458
2586 3226
2520 261
3955 3467
2532 4464
3247 805
2970 1576
3588 182
190 574
1181 3954
936 3055
1456 2086
2423 4127
2833 4423
3566 4997
317 4439
3502 1394
317 4539
3961 1872
3182 1914
4866 1605
695 3778
4888 591
2348 642
2053 3036
4211 3294
4104 4401
2111 4447
2405 4123
4534 1128
3776 2988
4047 2391
744 780
1173 3693
4650 4643
1222 3289
2274 2426
270 3223
2398 201
1604 2688
938 1991
3317 160
2951 2186
3991 3658
2225 2006
2172 4057
4330 928
1733 4728
2407 4786
485 239
3900 581
556 3269
4127 836
2136 1065
2717 3940
1007 3199
3825 4262
3948 2619
2740 3673
631 1142
2580 4057
919 4236
1363 2854
2845 3274
3499 2394
3770 1147
2852 3314
1798 285
84 3533
543 4822
4405 2978
17 2461
4193 2934
2058 629
2562 4209
2996 1219
3327 3131
2648 2316
506 1610
1465 2136
2025 31
3148 3590
3173 867
510 2382
428 372
2564 2482
841 3965
1616 538
1840 4146
2686 1057
2152 2037
2883 2151
1836 3268
1601 4678
1035 1350
4538 4481
4069 966
4020 3559
2929 3610
2515 2847
4860 2769
3061 4583
2463 3597
1780 1035
988 2260
1525 2096
1209 2724
2778 3414
1640 447
2319 2364
2001 2911
4811 3734
1938 2585
3579 144
4924 3272
3276 2034
448 1883
4613 3856
2684 1496
501 142
1954 849
1487 2289
3221 3379
2790 4683
2612 1921
1644 4051
474 3918
4127 1688
1882 176
796 2667
2111 4966
2910 1123
17 491
579 217
1014 476
4083 720
1077 3331
552 4823
4649 2539
2840 1998
928 4744
1183 1872
3308 3102
4027 2389
662 1972
3283 874
2840 1513
4674 4927
1462 4462
1456 1236
1950 3161
965 2453
3183 4577
1373 3070
4705 615
51 135
4625 3983
3752 4180
4815 4082
1637 4558
815 1574
4564 1797
2225 899
2429 4542
3249 3079
3256 1190
868 3439
2223 2826
2624 138
1955 2378
2271 345
4916 514
964 2168
2620 4716
1539 1046
1087 386
4794 664
4577 1926
4457 3229
495 2090
1187 946
3252 3802
4908 1386
7 3055
2367 1766
4670 767
1153 1533
1336 1321
4141 2173
340 2511
1103 1023
3441 2108
2363 4067
4201 585
3297 978
4122 1306
2340 470
2596 410
3794 3153
3530 107
4886 3437
2336 2860
1044 2000
921 3848
212 3306
3208 1633
1005 3634
4599 3357
1387 392
4477 1482
1518 1537
2421 4470
1487 2822
4131 4129
891 696
814 1254
4610 167
3615 3176
1153 3678
4177 4529
457 4490
1176 711
1546 3042
3016 1897
3585 2312
564 2370
1320 2249
2870 2673
3312 2970
3685 2997
3864 4455
1043 4297
2235 4277
1443 1892
2183 181
1920 773
4567 4030
4574 1671
4954 65
3557 2939
2419 1845
4016 4096
2985 400
2503 264
3987 2380
826 3802
1057 3680
4836 742
999 2745
3995 649
2448 4741
2338 2114
1143 3377
243 907
2205 269
1718 2322
293 2806
4518 1452
2013 1073
4760 1946
42 4173
3335 551
2032 1781
60 4910
3478 836
3865 2063
4680 882
1021 404
573 997
382 1659
1191 3047
98 1835
302 2509
3578 494
42 1951
4063 2649
4676 1703
2264 3565
4496 553
4552 2470
704 4739
2156 1089
4819 1898
2310 720
1542 3448
1475 1273
1546 771
1824 2203
3498 737
1151 2202
4458 2517
2918 1156
1206 2494
2129 3040
4500 4526
4740 1591
2697 2729
226 4287
4863 1387
3504 4295
473 3845
3217 1482
3852 3350
103 3537
1778 1644
4605 1232
4642 756
517 4244
1603 1435
145 2152
4488 3233
3007 4453
1747 4504
1210 2074
445 3115
4053 2021
3786 3002
2419 2783
4494 4405
646 3043
895 391
535 2686
2249 1497
1061 4363
3928 4449
616 3317
586 1103
2982 3481
176 948
4955 2984
2512 4798
3193 2656
2502 4708
3219 1655
3087 3228
535 803
3554 574
4210 2545
3143 844
2084 3513
3399 1278
1014 1898
1022 2520
3770 2239
659 3494
2842 4079
3327 2750
3181 3654
4726 678
1048 3007
2976 729
1903 2598
3794 4775
3492 3432
1076 3444
4328 35
2349 3416
3932 2632
1908 1692
4678 4824
916 1757
2822 2310
4488 3624
26 3514
2172 4085
4461 1072
995 4034
792 4554
1564 2800
4904 62
1814 3954
216 248
4239 4926
680 2081
3785 3197
3895 1184
2216 3254
304 4350
4694 1084
229 3549
1948 350
1625 3994
4358 1808
4148 4564
2138 260
3725 666
112 4426
1208 4636
1264 2028
1152 1408
4676 2733
4001 2795
3300 1167
2837 648
1881 508
936 336
3773 2433
1429 2546
1434 2506
3439 4810
711 3945
504 2161
327 3078
1686 3985
822 368
2325 2855
2884 1473
653 2720
4248 3925
2266 2269
3483 4445
3295 4054
2033 4210
1673 2756
64 2106
3139 2089
446 3962
4128 1268
2160 823
4273 1979
2394 4408
1568 3273
670 2846
1302 1112
2633 3148
1249 4426
3259 56
3128 4535
637 4508
4963 2243
1072 1478
4898 1464
1394 3565
3138 1098
4056 3519
989 919
2480 865
4259 1829
785 1930
4131 2133
1326 2292
1511 3593
1178 1404
1918 4965
2111 1160
522 1786
1930 3478
4757 3759
3473 2017
4225 4051
2191 4610
4447 716
157 4071
1426 2826
3690 4008
2748 3294
4788 95
3462 2560
4733 2158
54 4020
1524 3854
2328 2702
399 1417
3586 384
2714 1020
3241 2365
2656 2256
3756 3741
1256 2138
2601 861
3277 3643
1798 2551
3835 384
2516 4266
1458 3073
841 1893
12 1870
4303 1099
395 4804
3085 1603
2851 1500
4653 2039
1888 3185
2607 4694
4136 193
2403 4762
3766 963
4942 2125
4880 4913
2541 1028
4345 4517
1915 1975
30 4156
4016 307
4864 2630
4084 3885
3417 4567
935 288
211 3579
3488 912
2538 3313
4405 731
4055 1980
4371 3367
2793 1885
3401 1865
4317 1841
1914 4767
3263 4470
2745 4894
1998 2419
3110 861
1277 4306
2132 4383
186 443
168 1006
162 830
4734 2473
3207 2758
2697 1944
2834 1797
1282 4227
3491 3867
796 1632
514 931
2066 2046
3113 1902
526 4968
1396 2404
1591 3745
599 4572
2088 1175
2934 2434
2563 2579
600 4935
4971 592
919 932
1712 1095
862 1169
3372 72
783 3358
1826 1671
3218 3907
4027 14
4201 3785
1911 3391
2900 4997
3527 1340
2360 4086
2046 3666
2610 813
2977 295
2122 4222
3633 3294
1962 2658
3611 3608
1130 1832
3340 4286
3951 3303
2461 82
4806 1593
2212 571
4804 3101
2491 4434
4913 1671
3594 164
1107 1415
1046 4092
2154 2494
4108 19
667 3310
476 1145
4531 3872
1445 2322
1052 272
638 3978
1603 3406
492 4749
2626 2604
4437 3913
4794 4110
3208 883
1721 2246
4314 76
2209 3132
422 1976
1381 731
1118 4340
3111 943
4530 1172
265 2382
813 1699
4887 3690
797 4644
887 2473
4670 3227
1116 3633
832 2892
2961 4905
300 1834
2851 1952
3078 2699
1655 373
3501 3539
130 4771
1298 4729
2711 2076
2873 4504
2153 3491
2572 387
2120 2497
16 4991
1064 4769
960 2853
2407 4425
3931 3130
3676 2614
570 2594
982 2647
4381 3488
4619 3638
2484 2379
925 2393
1457 824
491 4425
3723 1147
2241 122
3245 3588
1495 207
4600 4766
1785 117
3267 2046
1896 1232
4826 4028
1934 3472
587 1891
1953 604
1841 4803
3723 2403
3649 4444
769 2858
4179 1293
949 1537
1449 3311
3075 4106
3143 67
1382 4055
684 1131
786 4732
4785 699
71 3115
691 3072
2996 1844
627 4124
3905 656
3218 3127
4277 141
723 4440
1484 2746
2823 3872
2293 225
4672 1421
4595 4789
4356 1368
471 2180
624 4598
615 4451
608 4990
322 1840
518 3516
1050 1519
188 2293
3057 2638
2001 636
4140 2882
794 4420
3403 2142
3746 2580
3560 3039
2583 438
3175 990
3837 4755
1773 3064
1437 3960
3726 3466
4386 2625
4094 660
406 807
1341 3576
610 1246
3172 1600
1416 4095
1936 2973
2602 240
209 3580
1015 892
4685 3280
3846 1799
3774 1449
3139 3426
4008 2458
2623 1067
4646 4969
138 610
587 851
918 596
1897 2971
4321 266
135 1634
1633 4472
2955 4129
4501 237
430 262
311 1860
2930 329
4939 1778
4210 2277
4382 768
4989 4156
3273 230
3466 1734
2828 2693
3516 1666
1584 607
3875 3243
3059 4249
3784 3964
4051 4960
4244 2859
388 865
520 1813
2772 4831
2389 3061
1044 892
3235 1118
1100 1275
3698 3652
1556 3931
1483 3251
921 3643
3669 1925
4026 2795
3295 3012
1178 4322
2299 4833
1208 1421
3937 394
3719 81
3201 2926
287 3409
3573 1120
143 2579
1469 4499
2797 2764
945 137
1452 3707
1675 4100
3723 3702
1980 1460
3287 4151
12 3334
1981 4573
3838 2045
797 1230
2380 1052
3599 1938
4318 2921
737 2954
3019 1713
1704 1639
4624 4689
1991 1262
2218 2359
4525 2949
2578 4234
1992 4511
3398 504
2650 2066
4206 4595
4885 299
2515 1763
4255 4543
217 3267
189 4628
1171 894
1096 3415
3471 909
4788 2789
3685 4362
2651 550
4250 4663
300 1650
659 1787
4413 2420
4001 4319
1584 2581
3104 4354
4959 2798
3815 1805
2225 3910
2362 2285
1556 2442
667 222
523 1817
1757 2396
2382 4680
3202 4703
2980 3651
4241 2904
2171 4866
2953 2375
4457 4553
2733 765
878 1689
2129 4223
4563 1869
3057 866
546 2658
1830 4645
3830 4057
654 127
2779 2425
13 2483
4707 3851
3280 4629
1619 852
3327 1092
1546 2998
2566 2021
472 357
2779 2138
1282 422
3734 711
3756 4570
2430 4284
3791 543
554 2941
850 1023
2042 1360
3672 3892
551 4806
3434 1542
3403 609
2171 2462
2632 555
723 4051
4562 2726
1118 1655
4810 3442
1311 2253
2081 3608
3087 3148
4417 863
4963 2419
4013 1929
4994 4165
423 3200
1882 4364
1764 1516
804 2819
909 1280
2688 1355
511 2986
3289 3223
4996 3547
199 3734
4114 2516
1180 1033
3701 4034
207 3994
734 4864
2532 3063
4214 772
872 3012
585 2935
3278 40
40 1875
1700 3599
1833 2611
4765 4491
2805 1514
4251 3172
4467 549
4103 2685
475 597
873 652
3337 3717
3547 2205
4809 4077
3468 1945
2351 4274
4859 2695
984 2468
3687 3688
512 3034
1777 2331
858 2023
1802 973
4658 3706
490 4446
1331 1707
2081 1793
3059 2900
1746 4874
4988 929
4004 2263
1687 4850
2833 4116
4616 3806
4488 2155
678 1236
2408 4715
28 3206
3679 4961
1473 3191
4381 1537
1929 3369
2610 285
4050 4622
3965 1725
3431 1894
4044 1352
511 3446
4189 2291
3753 861
613 2073
602 1684
4607 4556
4012 4535
4456 4945
3623 4572
2772 3754
2269 4899
4812 346
964 3845
3185 864
744 372
4261 4638
3708 2508
3240 655
1090 777
4504 2953
915 1590
627 4349
3801 2125
2386 2989
4198 917
843 1630
4399 1795
4883 2588
1510 3390
1502 500
3258 4013
4178 1711
2460 2941
4481 2243
4214 4234
4146 4638
1690 3342
4942 512
3706 4050
23 409
3886 2612
3866 1992
3418 764
658 3568
3207 3182
1153 1936
3828 4106
2473 1610
1483 1434
559 4293
3706 3628
4171 4103
1960 4530
3538 885
1287 585
1069 3816
697 4508
830 3523
2736 4719
4460 2782
2459 965
3025 3404
1497 2626
4380 4366
3076 2669
1487 1116
2636 3005
4251 4019
1315 112
1140 2909
2470 4463
3656 2172
4385 1369
1251 3656
4336 255
1241 151
2675 1851
505 1903
4401 857
3830 3890
4525 2591
1426 4073
523 3839
2948 2017
3315 3011
3805 4362
3506 1632
1710 1771
2495 948
3463 980
626 882
2862 4842
844 3583
177 1567
4952 2058
1684 3446
2027 4100
3846 1100
2076 3404
4585 343
1817 2360
3847 2040
3664 4310
631 2277
2272 1531
3755 3861
995 1349
2251 3112
4265 2056
4182 589
3238 3907
3279 2495
2074 430
4074 502
4217 1088
1340 413
3090 2184
3572 873
3955 1603
1976 2944
4936 2166
1690 899
4340 1775
4022 112
1202 2822
4895 847
3092 903
651 4739
1952 2889
429 94
1475 4821
3718 1474
3653 3426
3978 3109
4257 3647
1735 2592
1828 4068
792 1759
1839 356
3815 1214
1777 188
4653 4760
931 4143
4736 4324
2025 1305
1730 1054
1813 2046
2593 3985
409 4167
3322 1316
1054 1269
2088 25
646 858
1845 2118
3611 2578
1095 515
3389 4319
3831 3743
473 4526
760 4952
3560 4558
4174 2812
536 1230
514 1589
1370 3414
3823 407
1165 2223
979 1264
4319 3094
3096 82
4777 1541
4947 1468
525 1094
3686 772
1010 4546
2561 4466
2370 625
2707 3883
1025 3680
3704 3648
3958 2008
426 596
3261 190
2317 4491
1 2088
1527 2841
643 4406
1767 3308
3302 1227
1126 3880
1798 2579
451 4736
1783 1025
3797 683
754 3416
1329 2597
1920 3490
2572 3935
4915 4100
3127 1253
1244 1420
1690 4299
4693 2160
531 2279
820 4667
2314 1432
4276 1491
261 3573
4173 4204
646 4956
313 3263
863 3000
849 3961
4581 2575
3289 2073
2652 1928
3892 172
4138 3042
547 3602
2842 4080
1527 782
3790 2974
972 1948
4277 4505
3495 912
1129 3397
4725 3437
446 364
4620 4547
3923 566
3692 889
3352 1872
3010 799
1736 1294
804 73
1786 4854
671 1021
2719 2655
455 3012
3248 169
1500 4146
1789 2021
2416 456
3588 994
3160 1529
3415 1100
4441 3334
3983 362
611 2623
3004 613
714 2382
1718 1691
2483 2260
198 2370
3959 993
1545 4922
4892 2893
3272 4257
56 1285
1189 3124
1423 2921
1764 2001
2367 3496
753 2393
3056 2141
4519 4183
2829 1924
4305 2689
2479 536
2971 2572
2417 1815
4562 3655
3979 3670
4939 520
3234 2299
2161 4764
3258 1866
4902 4566
2232 2673
1878 4185
1111 2038
3965 4002
4254 1016
3620 648
3337 2486
3481 4082
1596 3099
3425 1996
609 3240
4646 4327
3663 1146
4584 3739
4553 2225
3011 2092
680 4405
4527 4969
2751 4686
4242 4909
457 2389
3677 1293
2915 3308
28 1072
3458 2292
2618 863
1035 3192
4118 991
197 2553
877 2907
2914 2050
2199 4993
4604 629
1466 3792
3699 1305
4739 4425
4710 1987
4627 2775
1224 3981
711 928
40 1282
606 1035
4848 841
2318 3005
3257 4047
218 847
1038 1160
205 4695
2133 3718
4999 4692
4129 1215
4722 2070
1746 75
4289 2282
3548 1960
1310 3165
1564 948
792 4546
2200 3701
356 3684
4799 195
2021 1872
476 2317
415 1722
2511 3703
1517 1903
933 4197
1690 4221
2025 2577
2872 4608
108 1471
1737 639
4655 462
3389 4262
3 975
3683 1078
810 2029
1915 3636
291 4101
3999 3807
3165 1896
2706 1214
1606 1576
2556 344
3516 4691
4377 702
3956 3495
14 1000
1498 830
4217 3713
1124 1140
1290 329
3695 147
4439 1835
1720 3888
1907 4031
3706 3588
2540 2912
3412 1031
746 1240
3643 1994
4227 741
3323 1358
625 4765
320 4584
2151 233
2836 785
1583 4046
623 3321
2669 662
2607 883
3738 1162
287 4896
3429 1620
2400 3824
4022 3188
3778 1278
337 3155
1414 645
1012 3950
528 3318
1861 949
4447 3292
4395 2470
1143 1911
4555 611
3613 603
4007 3328
3987 2116
2516 2344
3801 3893
4691 4072
933 108
308 1272
945 896
2839 1461
1630 3082
3944 3742
3218 185
4287 3954
762 1458
3379 3972
3908 956
3621 380
3648 3645
698 924
3693 1919
626 1070
10 1520
3218 3574
244 4788
2525 2537
3696 390
3310 151
1504 1400
3698 1659
4811 198
1869 4767
300 3697
2297 4492
577 2159
3331 1652
4245 229
731 2392
2043 2744
2362 4982
4032 824
3037 4001
249 2571
1529 1763
2594 4482
2160 3634
2923 4216
4259 864
2019 4096
1611 3173
326 1540
430 257
3092 3255
3759 2672
2164 2567
3642 4291
2699 1549
4696 1160
1530 3756
718 794
1981 2151
4894 4987
3922 127
821 3387
4839 4282
4979 3382
188 1910
3587 1731
1292 2986
2702 332
4228 980
4895 3070
837 1938
3053 4079
3192 4750
2458 480
410 651
3956 2092
2405 2115
1550 3706
2486 4999
185 3004
1585 3722
785 909
1987 744
1336 929
3042 3422
2740 4786
3046 1002
1719 3842
4431 4848
4471 4258
2246 4959
1496 3269
3609 4810
3422 2759
3163 1090
3094 2324
702 2743
639 4379
4133 3042
719 3709
4825 3391
734 3536
1089 2570
895 2831
1414 2712
49 2633
3033 3452
1196 3082
2374 3063
123 3943
4436 14
4149 4632
4236 1567
2151 304
4139 3646
2417 3476
1419 1421
2609 876
3263 1197
2125 4202
4529 3855
628 2878
1229 3957
894 4402
4519 1104
2838 1753
910 4952
3851 2712
3231 3797
4017 451
4187 446
4457 1417
4002 3215
4409 1035
2387 4493
3071 2276
3665 1104
2777 331
1321 1457
3734 1731
2318 3854
2601 1210
4542 2279
3959 739
480 1069
2201 599
1119 4601
1794 4721
1438 1812
2520 4662
4439 2396
1753 4988
1917 3666
4342 3239
4091 4835
2466 2573
4562 1713
4819 3160
3167 932
4695 2909
3989 67
3466 1884
879 2533
4184 558
2898 4279
4211 244
4529 2278
3289 2844
1029 4535
65 130
175 4334
2170 507
4557 4891
725 4216
2014 2896
3076 3917
1959 3275
4883 1010
114 1196
712 624
2303 2288
510 4192
1292 3575
3564 3755
1206 4862
1599 1078
4551 1848
285 3020
2517 1305
348 2779
2327 2764
3421 2341
3782 1616
264 828
3378 1584
1464 4560
2819 749
694 1972
3187 3577
160 2229
4502 1671
2134 3193
1829 3750
416 2237
23 4443
2689 4132
2002 4315
3922 3908
256 1528
3045 2474
4963 1814
4186 307
3510 731
3656 3437
4179 1371
1219 447
4886 1588
1613 3866
2034 293
1027 3913
3707 1601
2009 781
50 1513
1893 60
3267 3669
423 786
984 1512
322 4307
162 4128
8 741
1418 2693
4845 2862
1997 4885
2370 483
630 1606
189 3598
971 1915
783 1525
1090 1313
2704 4809
1690 1700
4229 1426
3308 3625
3646 3291
2843 1121
699 3547
4082 1235
4605 2528
3470 1364
4872 719
2024 3837
475 2475
1065 3536
4354 2050
4829 4820
1148 1368
3701 454
3257 1141
4704 1973
2064 1323
2657 4214
4742 4758
3329 3063
1007 4693
3435 1487
2460 1576
2012 1922
4666 3204
453 4947
3978 1266
1791 4145
2510 3021
4909 4750
3271 4853
1802 2858
1032 4594
1480 393
962 898
3581 3057
2585 4539
957 3287
344 1934
4490 2788
1984 2997
2737 3118
2282 4311
207 1372
3548 4570
1431 974
2317 4453
243 2597
3984 511
430 2548
3991 4570
1824 4721
1772 1598
2173 4714
4944 3262
2298 3330
3482 4921
149 162
3462 2223
812 4587
3515 1883
960 2522
223 4265
2184 12
1505 798
3766 1460
4048 2869
1351 214
3895 3459
4555 679
1952 1948
391 448
717 1162
3943 882
4676 517
4948 4642
1727 4538
1173 2430
3104 1457
4955 1349
4078 4491
1829 510
3598 1048
635 3531
2014 4423
1173 2719
3048 1804
441 1171
2705 2796
317 2854
4675 1869
3776 90
478 3360
1039 989
4381 1633
3969 1232
1610 3025
3446 770
4915 1857
3899 938
4932 4154
3444 297
3316 4334
4517 1448
4928 3065
2664 1604
4093 164
645 4684
2765 32
1922 4449
1041 1036
1692 3418
2709 2398
3455 1941
122 2259
4444 122
4438 2744
2195 4219
2579 1822
939 3998
1351 3117
2907 3436
3852 675
2414 1294
2608 96
2226 1781
4259 3538
1272 3426
945 3554
3037 4796
2064 1448
1529 120
1336 4207
4306 715
2687 2444
639 1584
327 4129
1934 1179
13 2661
1755 546
2586 4067
4771 3089
3499 3537
3758 1714
4832 3558
876 2282
702 1630
4250 1722
3837 1292
2464 3737
944 2923
441 1965
4323 4158
3722 1267
2033 496
270 2059
4338 3672
2028 727
3158 4825
4058 1097
2130 239
4126 4740
1786 3758
1407 3483
3808 4186
2507 2720
4327 1038
3795 109
1102 113
4904 4491
3143 3196
558 3882
4609 2210
3714 841
4551 1107
1386 3448
3896 4215
2063 909
414 448
2328 3009
4624 775
4836 157
1410 2842
1849 866
3977 4976
2352 448
3831 2342
2245 1225
2451 3957
3840 1401
1745 4996
4257 396
3796 3703
3609 1437
4324 4435
1956 1912
2860 664
1065 34
385 2287
2331 2839
3239 3121
2091 185
3448 3394
3802 412
595 1742
3281 1027
3004 1632
4573 1076
4785 3140
3728 47
4807 2820
3740 1693
2062 42
1215 3427
2175 2809
4920 944
633 1220
4254 1652
4528 2630
2696 4952
4886 3064
3352 69
2466 3645
3339 221
4534 836
754 2973
1949 1510
1109 3122
3424 2187
2496 4097
4002 2815
3379 94
3649 4306
4365 3437
772 255
76 3691
1226 1316
4343 3635
2258 3424
3664 3680
893 4615
1115 4294
3462 4336
211 2475
2132 1925
486 1579
4099 3172
3708 1764
4323 3508
3452 4555
1044 2728
4045 2741
1220 2606
2844 1085
3242 177
3082 3769
1420 55
977 885
2430 2735
3781 791
2135 985
1338 307
1871 3113
114 4502
4067 2324
935 428
4203 49
4104 2314
2289 16
2343 1004
3170 1796
1232 3497
2061 1129
2401 2090
2659 3901
3643 1010
4115 4333
1693 4984
1900 4138
2103 4599
3383 2796
198 906
311 3125
3951 4542
2989 493
4164 4563
4652 4120
2824 2354
4766 1414
1376 1662
3830 3437
3562 3966
4423 98
4748 2639
1343 1650
1688 1298
418 972
4765 4665
2039 1791
4484 1604
3798 937
3603 570
2772 1820
1007 456
2962 3336
2403 4521
4539 3859
3917 1457
409 2636
4774 3896
126 1817
2902 486
1926 1731
2733 4438
2488 1269
1900 2383
3396 3993
2387 173
3241 3149
146 2448
2875 934
3211 1325
4860 1363
727 3699
409 3534
1405 3173
3877 450
4911 2343
1003 1949
2191 119
1097 1647
3497 4862
3671 4861
3534 4231
133 2679
3409 4654
4819 3049
2943 2293
1519 4958
870 3096
3918 2340
4559 1653
4546 1092
501 698
1710 198
259 386
3138 4489
1518 329
2537 3129
4094 3321
3128 3476
1795 1193
481 3625
2655 3903
879 4471
1775 2211
169 3489
2639 4928
3660 4881
4718 1653
4301 2917
43 4976
1276 359
1283 704
2976 93
2531 4334
4934 2936
3654 4323
4796 3080
3606 2324
4799 4807
2108 19
1528 3109
307 533
4409 4026
1112 1123
2889 4849
4942 2365
3783 3593
1164 2374
3284 3690
1849 3183
2676 4203
48 3871
3159 1817
4459 426
982 1943
4054 262
1960 3994
1547 3597
1207 490
644 3605
4540 550
1997 920
4149 350
3981 3213
4323 3351
2883 3528
254 1829
2057 4974
3839 3278
1279 2490
4137 1973
938 2781
3972 1748
3286 3300
969 3024
539 3883
3068 3292
3553 1030
3300 4478
3872 305
1068 4507
1543 3256
2562 4079
935 2314
3411 1533
4705 2680
3679 731
4767 554
1577 3448
4309 965
2220 298
4125 1706
512 4838
1691 152
4365 3142
1398 1607
2090 479
1412 202
1987 3667
1979 1031
407 2660
1147 3828
2944 3868
2705 1978
3760 730
3285 1447
2774 4122
1481 3143
3085 4803
145 3720
2435 2494
2735 2602
3633 479
24 481
4894 1873
3787 3851
4700 6
2220 179
4906 2578
3353 1350
3117 4880
1993 1512
665 444
1965 2436
3512 1222
705 1073
4481 3441
4035 1471
340 2296
648 644
829 794
4124 3778
3283 3798
107 1170
2066 2267
2193 203
4143 2103
2539 2765
1894 4085
2188 3354
3095 4458
2501 4759
4809 4378
460 254
3334 2073
963 434
201 3124
740 3211
2251 488
2495 3116
2878 4256
309 318
2482 4077
1818 4928
1731 2379
1778 4568
3208 4072
2183 2489
4926 3857
2527 656
183 545
1712 2643
3020 4269
690 3905
4230 1360
4340 4744
231 367
1235 3180
498 2235
4214 418
2481 3106
814 2049
3441 1997
4980 2163
4244 4674
2558 4855
1474 1508
4045 2992
88 1335
775 2888
3637 2589
3643 4556
587 3498
3879 2645
4366 4562
1578 2663
1042 873
1679 1910
4543 2551
4275 1139
3553 246
1433 2480
1035 1798
3813 3246
3261 4108
3768 3036
1367 2568
3399 1532
1731 4371
4205 3617
3448 1986
3349 2381
4972 1785
2280 3173
777 3614
1636 787
4826 4023
3798 1636
4640 962
1842 3672
385 4598
1199 2103
2449 2589
117 4787
4640 2284
2866 2528
3924 4209
1636 569
2835 3407
3160 620
1671 2282
871 2928
4579 5
2574 3401
3274 3079
523 2919
1513 3431
1513 2893
4480 3721
1924 1266
4381 895
1881 3651
3686 1331
1331 3205
3569 2382
4842 938
3292 4455
2289 3407
1436 3508
3353 3376
4850 1035
4695 4531
3511 1210
3873 2479
1091 3008
4694 2226
572 1635
3397 765
2858 2930
171 2689
3267 4812
2078 1393
476 1739
1937 3957
1473 1610
3881 2472
4331 1693
4037 3567
1894 2005
1259 3873
2204 2028
2939 1486
2726 2010
3764 3631
4771 4692
123 4338
4947 4963
2982 3410
2737 3145
2969 1748
2280 180
4961 2340
2620 754
2422 2784
2599 1087
2899 1763
4977 3637
4113 3372
1772 776
4066 4909
3079 2468
1749 4099
609 888
641 3860
4740 3390
136 3661
3623 4355
4455 4692
19 2476
1160 3245
249 3992
690 3010
2618 4778
3495 2898
1949 3471
4194 4944
3499 4811
4612 2709
2129 4702
4537 3274
2267 629
3460 1483
2517 1611
3134 941
624 199
1802 4340
3173 4264
4547 115
4620 1559
1442 1483
1628 4922
2317 4857
3242 1171
1570 3544
3672 4448
4462 370
3334 1479
388 2931
2805 793
1451 741
4562 1427
2678 4314
3872 4680
1204 2293
4063 1855
1078 381
2724 135
3322 4579
3751 3533
2010 4258
2354 3390
1434 4488
1720 2986
1528 1935
608 2776
3052 357
2365 1035
4981 4421
3290 2449
3950 3104
2117 4611
4228 3570
361 1654
4804 1240
4259 1713
1272 3343
358 840
4632 3037
452 2096
2557 4020
4965 4238
3824 3718
1619 2962
3700 915
2993 2082
2236 1107
2386 4022
3995 112
4769 4599
3033 842
4941 1984
997 798
4125 3336
56 1087
3813 3327
3841 4164
1038 1746
1489 2725
4524 1527
3308 3751
3681 4340
3977 2322
1782 4296
2957 4979
4346 298
4246 4209
4449 928
1996 260
1959 4373
307 2965
1163 1480
908 2757
1832 4272
2786 3669
4100 2516
3206 1009
667 1183
780 593
2371 2905
457 371
4546 2221
2760 235
3929 3909
4410 2444
3208 3230
2793 3939
854 1371
4214 1638
1554 971
3995 3783
3882 46
2525 4697
3511 4686
571 1362
4334 598
957 3746
2313 984
4575 2724
1515 2930
3650 3253
380 1311
4983 625
4311 461
167 4170
1838 3159
2144 4252
3180 4588
2860 4215
2154 3477
964 3352
4746 2263
4968 4738
1409 5
1365 1235
18 3492
1718 990
1020 611
267 4995
1749 2858
406 268
4150 4234
4006 3136
1695 1870
3443 4534
4936 4374
2388 3986
3063 2160
3959 4083
2895 81
670 1128
3695 3727
2651 1772
820 1661
3760 2689
10 611
1714 3697
2107 2560
2012 4232
2862 2664
47 2543
2644 2855
4578 3081
3733 3878
1660 2809
2088 159
2021 553
2456 3383
1409 12
789 2636
549 2358
3915 1831
3882 664
144 2178
306 4022
873 3858
3965 4055
2760 4835
2056 4483
3681 2143
2165 2271
2502 3760
1011 2202
1715 2406
3914 1025
4457 4368
1353 2118
963 247
4732 2936
1752 3736
37 1436
4989 3633
4371 671
2711 1917
3506 1740
3217 4558
2271 291
242 4606
143 2153
2364 1126
4007 3714
3000 4190
2824 403
1653 2133
570 2116
1497 3741
2038 1765
2577 3703
1264 848
464 43
2382 63
2820 1455
4200 1264
1618 4362
4364 2731
3859 1257
2078 1084
4560 1513
2189 545
134 1812
2264 3188
3852 989
4543 4972
4396 1971
2184 1990
2046 2302
2589 2955
2624 3589
3247 3116
3358 1568
2791 1414
2798 2630
4703 3987
1234 1898
259 3742
3610 496
829 4910
2878 2554
1791 1621
3396 4577
4159 2650
627 473
4533 3170
53 4607
2193 4911
2697 4212
1023 4455
4828 2351
3526 345
1857 2627
1554 4334
301 2767
2305 1044
1034 789
4444 2929
3864 1987
1406 3471
3238 1323
2187 3522
18 64
2421 4913
3248 2765
666 3284
4538 4752
1803 3825
3160 2212
1624 1121
1796 1890
3424 4329
3121 945
1076 2840
1108 2504
2394 1124
873 3440
231 54
3185 4012
1540 4054
4725 2523
896 2800
2224 3853
3362 452
4576 2044
2670 587
4303 2625
4087 1419
2723 775
3102 4299
995 3860
3372 3689
1818 4365
2791 1923
2908 4430
4985 4173
2796 1933
1591 392
145 4787
1794 4373
1415 1364
1176 812
3646 2598
759 2981
4489 1225
3982 234
143 3914
1181 3862
1013 964
1815 3508
4855 4948
3735 2314
4305 881
2662 3718
4483 4314
910 4066
165 3931
41 4866
4367 3909
545 4682
3553 799
1775 331
1693 796
4044 4778
844 3591
3167 2083
3443 1498
4614 1656
1776 3863
880 3636
2513 3464
4817 1740
655 3307
3486 3155
1424 3786
3265 4234
3002 3208
1047 195
4126 4987
4821 2502
1642 1952
2750 55
135 3658
3911 1650
586 4214
3043 3492
338 2096
765 2968
871 362
679 3817
374 500
2247 741
3381 3715
1629 3999
632 4044
4810 1867
4655 1940
3026 3494
303 1049
588 3122
3362 1960
1384 201
4583 2900
3107 1031
4916 4907
3441 2411
2146 193
957 3216
2300 4287
2712 1570
2711 1643
4967 630
2761 4261
2130 1525
3254 4141
2420 3501
2044 3256
2568 2979
3377 93
1721 309
1441 4117
4556 3812
4148 3598
4222 697
3157 3088
2482 1471
2148 737
4464 4797
2308 3189
2553 1142
4322 4075
3132 1210
3653 41
1988 1805
2570 987
997 669
1800 1181
2601 789
3683 4834
2072 1389
3178 2932
4094 1666
1033 1460
1020 4711
187 3247
58 1838
4602 4700
4765 666
4621 3524
3793 575
526 441
639 3785
4037 3241
1197 3284
334 2257
187 3578
740 4620
2846 4758
3013 4865
828 2697
4863 1543
3492 4787
1283 1637
813 4318
3081 3612
1724 1989
572 2430
3216 1692
3511 2407
3112 1295
2960 815
3570 2241
4690 315
405 4997
2749 862
2746 180
8 976
4603 907
4808 161
2747 3755
3716 1777
3991 2244
1993 55
196 63
330 1647
96 3873
2828 3966
108 786
4199 2430
4147 2048
240 3184
1948 1160
3657 3417
3397 1613
3637 2511
4527 1644
4792 2084
436 593
1853 2267
1529 3009
4486 2848
807 3543
374 1255
4484 247
1408 2298
4351 3318
4314 3502
2799 388
3331 4200
2637 4548
4085 3418
1303 612
839 4745
2490 4954
2492 2175
3557 2621
2550 1495
234 4373
1499 296
3887 3476
2807 263
3224 1802
2081 2801
1788 2530
1496 3943
2516 441
2890 2063
645 1133
1710 2929
3339 4598
1270 221
4842 1446
846 2706
2948 3544
1890 748
2526 3495
2604 1523
3011 3378
1070 4537
4584 4594
3420 1377
1396 520
2077 3646
3863 2221
909 4961
1096 3700
2929 1178
3197 2819
2488 3074
1699 1626
2867 3119
72 4567
1328 4987
770 2488
3001 993
2184 1801
673 1922
3755 2353
4038 814
3188 1386
185 4680
1403 140
1656 3461
2818 2673
2032 3747
346 4281
2587 3766
3097 3696
1642 220
3492 2592
4074 55
2115 3032
1378 2254
3073 1731
2057 3381
3984 2141
892 3561
881 2761
1620 3526
917 1492
4526 3394
668 1485
1288 4197
1208 3754
756 2682
3402 3543
4660 368
3396 3378
664 212
4692 2869
4905 4289
2557 2081
4817 1150
3938 2715
2746 1774
3793 2892
4317 4117
3257 4070
1317 4507
3634 4556
1581 1712
2020 2468
720 1512
1755 132
3645 4911
3765 3839
1283 3595
3458 2439
4846 1396
2544 383
3327 2218
1093 3950
524 927
3102 2808
2246 4929
4471 830
1979 3135
4573 2284
1170 3973
1632 4511
3102 2381
1169 4268
4793 2481
2882 580
1231 4655
2571 579
1929 4339
2699 3429
22 1258
842 3163
3991 4610
4701 1359
2884 3822
3012 3858
1483 3208
99 3078
2589 545
4117 4496
4946 3108
4726 2801
824 39
304 3950
1011 1306
1572 4582
1450 2916
2423 1068
2274 1353
2728 245
2365 3814
4732 986
3175 2964
4989 603
2580 432
4313 3322
833 4494
2837 4879
4277 2652
3493 4001
59 2687
3310 1669
923 4598
1174 1366
1094 3070
3160 1187
239 4921
4301 2716
3841 355
1874 1878
3590 2832
3728 2332
4864 4839
1093 1607
838 3020
1917 1264
2432 1256
4198 2323
2115 2318
3733 1857
1762 886
3819 2987
1236 165
2263 3725
2826 218
2173 3043
846 1951
309 3609
2635 298
4784 4153
3336 2576
1965 4713
2064 580
1866 1706
634 4698
3822 3507
229 4453
4495 22
3167 1567
3139 3025
4544 3904
2283 4112
514 250
4192 4013
1042 3751
3949 3265
3829 1787
1318 2346
3979 2653
4398 4328
1094 2528
1447 2908
3740 3340
1848 551
1354 3450
4547 2438
736 673
146 3809
20 1312
2830 2605
3505 785
1029 2500
1337 48
3231 4986
3218 2524
3835 3163
2084 2113
844 4314
3960 4519
4999 1085
4716 3266
2040 4272
1701 4993
3864 4195
3880 4217
1540 4160
2582 3065
4390 425
2982 4058
4009 1232
1815 248
2303 1168
4990 238
1920 2357
211 46
357 3760
3513 4788
4234 365
642 2845
1574 3065
2971 3265
2230 3838
2357 961
2406 3241
1249 3026
1216 2014
3408 3974
798 1412
4498 1569
2525 2390
2622 4502
796 3470
2390 2881
4180 3193
4760 2382
3148 1454
604 1443
4879 3809
2095 3869
4241 3322
3159 461
1092 2607
3971 284
4431 2141
4550 1383
4961 2453
889 1794
3441 1118
4051 4743
2720 4626
3921 2854
3648 1412
2852 4726
231 282
3134 3163
610 1917
1017 516
4284 1617
2759 1287
1839 1281
3022 853
2703 4380
3844 2902
3713 4487
1915 176
3745 2869
3261 749
367 2033
2594 4988
2326 371
1723 3870
3724 1601
3422 542
2852 4465
198 2494
4848 2572
25 539
3834 1404
2078 408
2515 2559
3773 2694
1462 3981
4720 3097
4024 4835
1541 4410
4063 2017
571 1806
4752 2572
2382 2240
308 491
2704 3187
1472 2797
2100 2084
4087 3332
639 1269
4927 200
4319 3707
1295 4940
3962 3179
4763 1606
4781 4819
4988 3111
2431 3117
4802 844
1124 7
2793 1498
2985 3001
4036 3852
1418 4084
1633 290
4530 2309
2381 4363
738 2420
1041 2612
1254 4432
4585 4952
3496 515
3916 633
4379 3696
3076 2649
3539 337
2092 729
1839 4600
562 3171
1729 366
3427 1190
2064 1934
3142 1234
4800 250
3671 297
2446 4777
2830 2884
2523 834
4954 3615
681 1377
3683 2965
2904 1505
4260 3339
390 3433
2606 1823
572 3900
3822 2442
951 4978
1735 1114
760 1030
2207 4902
819 1937
1090 2780
2431 2562
4382 3116
4113 4389
3558 882
778 3955
209 114
4251 1444
2509 1223
4253 2518
2074 174
346 3321
2893 822
2326 2590
6 3270
3567 4958
2515 2050
3681 4184
3567 2057
4385 796
2887 280
1055 823
2658 2246
2202 2538
2996 408
2073 3886
363 134
2277 2527
3303 285
1156 4472
4843 4532
4628 1611
569 881
3832 3388
2514 4228
1159 4738
4841 1310
595 1299
1851 4294
2479 4420
3432 801
2605 247
895 4044
3043 489
187 518
3740 4360
3833 2531
2951 1061
3392 4541
1437 1085
394 4787
3554 2463
4424 2054
3402 2185
2146 1546
2092 4391
4563 1144
2243 1482
2571 1296
3695 4777
4316 328
2200 4126
2488 1883
4709 1849
3124 1149
4420 2407
1100 3262
115 3664
3320 2850
3051 798
3749 4774
1872 4275
738 3703
3559 677
430 4962
493 4380
3713 3815
3471 3316
1701 3536
2387 2667
4892 1391
820 1008
3564 4204
4926 4220
972 4168
4255 2032
2230 2295
1413 2846
1473 4615
758 4144
1195 4604
699 339
2480 2725
3320 591
1674 4702
3946 2352
23 141
309 2787
262 6
4196 4651
4909 1193
1798 1293
78 2774
1577 2007
4450 1473
363 804
1613 3904
1792 4784
3570 1243
273 2106
3432 872
1528 4372
4894 989
2892 2887
930 2260
469 4207
637 69
767 2382
2875 1115
1173 1596
3902 4914
4599 110
1627 2471
4690 3014
4021 2099
1898 2615
3619 935
4206 2119
1123 2782
58 3865
2538 4404
2090 2381
3575 2085
2860 3502
1886 4677
4983 1907
3812 4212
586 4654
4420 1190
4608 2660
535 1026
4783 1628
2245 1435
721 2071
2924 4919
3500 4683
4486 3842
2758 1714
4135 3277
2065 4797
1866 3253
4173 2520
4452 546
4735 1387
1431 462
1053 1489
3439 1473
2811 4250
4496 4263
3563 2875
297 2875
1920 2465
3203 688
3785 556
2893 3550
1232 598
457 1728
1096 4902
1882 607
3476 2172
3286 4907
3409 1993
2279 1212
4996 3559
231 3743
3246 3510
4308 4196
3195 2748
1283 2553
4196 2845
905 298
2579 397
1328 2019
4480 4995
928 4856
2314 1429
1438 2117
2729 692
2056 550
3588 2290
703 4817
1762 1356
150 248
4071 3622
2098 476
524 2098
1117 2189
66 2580
1196 4972
2854 1534
1211 3958
3369 263
331 1243
2744 772
4850 1606
2321 4616
3947 3182
2682 406
1371 3681
3952 1792
585 530
3770 2624
4401 4660
1770 389
1149 2938
4918 50
687 2843
1178 2750
4417 1948
4134 4760
4817 2466
1648 4150
1566 4404
3931 4915
1698 246
1990 561
2672 1458
1209 4315
979 2550
3739 3832
4002 1568
1255 4106
2522 1937
4334 85
231 666
1830 4305
2124 3275
3958 2682
1953 2491
894 656
3852 185
2126 4221
237 4229
4691 4746
1050 427
4360 540
1509 764
3237 3704
2192 3482
1841 183
833 1518
811 4817
3630 1484
1044 2074
3817 3522
4006 1342
1058 2597
1372 2695
4666 797
1141 641
3062 4117
745 4806
4284 4926
3203 672
4803 4187
3536 3391
4847 2715
1999 3352
2232 210
231 3709
3078 4449
3123 324
2261 3311
1858 1477
1066 1343
3841 3098
2882 3416
2432 2659
3089 3989
1845 4518
1597 682
2277 1917
1184 1845
61 3320
2345 3666
1484 1632
4461 4688
3117 1079
928 1132
1030 2460
3373 4370
1803 2143
3418 1262
2103 2803
1806 338
3051 3680
4489 1901
1870 1320
3256 526
3543 1107
4602 1738
3785 2191
261 4601
3670 2765
1749 50
2195 3846
2603 3168
514 2469
4803 4753
4234 4675
2039 2029
4537 1151
2142 4331
2279 3968
1597 4285
1167 921
1579 1756
153 841
1738 2762
4878 1079
1328 1922
1677 4412
382 2832
4943 4186
4124 2496
3817 2920
1029 4997
1465 201
3225 3976
2709 4793
3378 2835
3547 4588
869 4711
623 3203
1097 2118
1104 298
672 3870
3218 4125
48 1236
4335 1662
2042 2945
4292 599
2875 3667
3697 3107
2694 1282
4346 2509
3221 966
2142 509
1493 876
2888 1510
2563 2767
4378 774
2988 1856
2300 2820
4433 2146
1802 3970
4167 1523
800 3506
1779 4486
1925 215
1923 742
4470 686
4561 2647
1617 4867
1418 2009
4005 1660
3595 1378
191 3058
3854 1328
4818 2310
14 3370
3356 4029
1127 1518
1305 4072
3880 3931
330 541
347 1105
3425 2946
2641 280
1654 1218
3854 246
1052 797
1179 656
1017 591
507 232
2969 1668
1436 521
152 3577
3958 3093
2708 893
3507 4475
123 1564
3443 4506
2992 4339
325 2165
2997 1481
3303 4607
2220 4115
2579 3161
424 1156
2777 402
976 4101
2435 1184
1141 2097
4307 3023
900 3819
2424 3118
4611 680
1763 4208
4184 385
4557 1571
2295 503
2885 1453
585 425
3525 3440
222 1980
4539 2199
956 4483
463 2144
352 660
1961 1766
1295 1496
976 2190
442 4352
894 976
2919 1048
695 4446
814 17
1341 1601
984 732
4327 520
2112 4155
3165 659
4710 2749
3412 4074
2928 2785
4916 1569
1188 1572
879 4209
2189 4097
1274 3578
2161 2280
4601 4271
1993 261
1184 4743
4693 4080
2762 1555
4756 3318
3561 2848
1722 431
2662 537
731 2800
4229 3433
733 2862
3549 1413
2656 438
3584 2895
1753 2089
2640 4072
3394 4168
1621 88
4914 844
1369 709
3593 1574
2770 4036
3913 2035
1941 4986
2838 2228
4132 1488
1708 1470
820 1690
187 70
1809 3572
3496 4466
4185 2612
4332 4338
93 2033
1992 3165
626 3420
1190 2171
1360 4669
1702 1022
1603 1417
1761 4322
2435 1360
526 464
1333 4489
2191 2889
2774 4566
1569 4793
139 3098
3618 3155
1725 815
1794 427
3896 1735
3107 1004
2505 2207
275 2422
2225 3944
3701 514
3881 3784
3018 3495
1736 176
1387 313
971 2900
2242 3327
751 4516
3792 4821
3901 467
3672 4474
4387 3854
2750 952
3731 2565
1062 1533
3610 4837
3987 1930
3579 3615
1271 658
1849 4928
2346 1555
3688 4039
4681 4569
4289 4171
1251 1411
2721 1312
1062 499
2777 1408
4975 1587
340 3477
4846 2434
494 937
1698 370
1160 1057
3801 2174
2017 3080
1127 1842
4560 4936
2579 4394
166 2374
1115 2486
3 4464
4568 3645
431 3659
2742 1358
4805 2230
4611 4916
2444 566
1191 3039
2583 1374
1229 1792
762 1302
2290 2764
3287 2963
2217 1991
4623 1815
772 2960
2957 2785
2513 3183
2789 2163
1581 4767
2790 1106
2842 4669
1876 2397
442 1941
802 4261
785 3580
4483 719
1237 3436
1343 384
930 155
3268 4213
4014 2527
3094 4152
4345 285
3900 2543
2938 1192
3872 2092
3269 4182
3724 1719
4132 778
632 4930
4010 1223
707 735
1749 3690
4583 4450
1881 3720
661 2477
2901 2726
4209 4977
3610 3755
3845 181
4512 917
4252 3
734 4750
3317 585
3856 2527
2172 3388
3924 330
2571 4510
1539 2712
2013 4162
1959 3843
4780 4340
1438 4109
1678 2816
2511 365
4778 2992
1175 4430
1995 2403
284 3152
1357 1651
717 1732
2564 1203
4361 1953
581 2209
2942 4642
2756 568
2726 2983
2535 4754
508 4272
2712 4509
689 3771
889 2532
2470 373
3269 812
2554 4152
3042 149
3146 1297
4420 1826
847 2852
2257 435
3694 4391
4163 3083
479 4762
546 1161
4125 4582
3855 3434
405 1397
1367 4555
512 657
2511 2037
2076 982
3773 3471
4088 3296
3878 2012
2002 1481
3790 2405
4946 4815
1762 2407
3714 2879
899 325
4022 4386
64 14
3165 163
4425 2931
3304 2380
3278 2882
4863 1627
1362 949
4874 797
1335 866
747 3991
2773 1060
1667 1367
1306 3239
1966 1939
1754 3684
3350 2642
2410 1649
4616 3185
2969 104
3631 2665
1493 2648
2184 1223
3092 1691
75 3338
1284 2264
1292 1377
110 1740
4056 2520
1670 1765
1045 1773
3627 451
4162 2381
1762 4902
4478 1971
2752 3793
2824 3579
4213 4659
4459 4429
1963 551
2915 2264
3564 2562
18 3219
4363 4959
4808 4004
670 1228
1755 646
3302 1656
1567 4249
4617 1450
237 1720
519 3681
2565 3639
2944 2718
2431 1702
2526 2853
1403 3693
4437 658
1240 474
2780 3503
3701 570
4529 570
2264 1464
2894 3669
4632 814
2598 3442
1735 2211
4451 3105
4809 4615
4417 4452
4491 3046
484 1538
266 1350
4807 4553
133 4465
2798 1083
982 333
3097 976
2170 1997
4815 986
3090 2756
2750 3773
2867 2918
3705 2284
2917 4583
2169 3227
3657 2161
1568 1285
2062 3835
4274 301
1460 196
4950 4734
4447 73
1069 1716
1763 4025
814 1266
4791 1201
1250 3583
3204 4458
4268 204
3750 1859
1055 2620
4999 2604
2534 3498
2483 1436
2782 1427
2006 2829
4742 420
4950 3444
2779 2241
3791 1712
193 1711
4817 1348
2928 36
4112 2941
2495 2101
844 3644
2682 4935
871 4114
1599 2178
218 1342
1696 1847
2625 3911
4597 397
3333 1600
4737 397
1645 3562
4656 1250
1902 853
748 1714
3659 2607
4419 2745
3784 846
2695 2560
4483 297
2839 612
3331 2945
3842 1704
1118 4042
698 1794
2023 748
4755 2904
2837 3277
4956 2349
4202 1994
1920 3224
4972 1162
244 3302
4586 755
2921 292
180 265
559 306
2346 2573
1455 3456
3426 2837
2942 103
4089 679
2305 2088
2755 2763
1815 787
2332 4718
1599 801
2351 3576
665 3569
2670 4958
3733 1395
3821 1504
1072 4643
677 1523
4960 4672
2041 4399
3016 4446
4425 4094
4466 2720
398 2349
3784 4139
750 2223
3523 1222
859 966
1926 3047
4600 3741
2964 138
3348 2286
4732 792
3978 488
2192 1009
825 1710
1442 2787
2691 2291
3876 3280
2939 2368
3838 3314
3314 3381
4491 84
3002 2038
2403 3014
4408 4126
759 3466
3490 981
1778 2685
2334 2834
486 2517
1773 613
4713 3168
1405 4402
1045 544
4609 2952
100 1162
3561 3163
586 642
3425 1029
2882 648
1546 547
237 1385
3359 1311
1750 1968
4553 542
142 1323
990 1828
2600 4039
4022 2892
324 234
2882 3152
441 4861
2484 2988
2703 4239
1652 3400
1135 2412
918 3556
2578 1098
3627 4397
4280 1104
2395 3435
19 3214
3484 707
2400 1180
1227 1853
837 3782
4194 315
3797 2364
3031 3733
1804 984
770 329
2392 4882
4016 457
3245 4147
2770 1623
2900 1958
110 784
3932 3650
3886 1014
140 739
3271 4665
2970 1617
2648 4013
2554 3391
4580 4388
852 3718
1410 4227
3915 950
91 914
3982 2374
1256 209
4603 2049
3467 37
1833 2227
2443 1932
2348 741
1748 2908
244 1935
2697 683
3290 639
2811 4028
696 849
4344 4656
3326 2437
4705 3131
2567 4996
4431 2285
4563 2089
220 1802
2681 2293
3550 1203
2744 1977
2850 1330
827 512
39 1888
1153 4628
2820 2919
741 1910
917 347
3303 778
1479 3171
1979 3343
2875 2379
313 84
2994 1742
663 3870
2436 3327
904 2254
3878 3040
3187 3665
3462 773
4803 4953
2641 4220
1627 4938
2136 4841
4107 3161
196 4227
2313 3844
3096 3993
742 3489
1709 3081
3057 4380
2110 2118
1691 3937
1596 1645
2187 748
1589 923
2996 3977
1455 3596
1065 4307
3558 1505
3840 1029
3890 1008
3223 2579
3676 917
1600 3962
1952 1026
2046 636
1041 4812
3522 4821
2681 2838
3723 3223
65 3381
2783 13
4379 2548
2166 3434
446 1629
899 2404
3896 4810
1843 3711
2558 4549
2682 1840
3617 10
1198 536
3339 381
3509 1555
1999 4378
1578 2034
894 769
3000 2703
4013 3282
2265 3929
3838 3216
2202 794
1269 1271
111 4253
3521 3178
357 2138
1535 3510
1679 4728
2948 4399
4034 3404
3707 691
4045 244
2006 3157
59 2133
1308 4917
1361 1885
3086 2858
2441 4309
2739 698
3887 288
3622 3315
667 3522
1517 26
1323 4734
4998 739
825 2249
3302 272
3285 3458
4200 4229
2103 2251
121 871
3636 374
3606 4467
2780 1082
264 4301
1908 4416
2804 423
3796 3543
1538 1513
2504 48
1529 4363
305 2024
692 4076
2121 217
4143 4177
3855 3874
4786 3851
2643 2592
4481 3949
323 2225
1723 2573
601 2898
1278 3481
1303 4226
4037 2911
3915 4069
1696 2753
1074 3003
1354 1550
2518 4122
1805 1912
4524 11
3178 3982
4275 2547
400 3216
131 1125
1022 3059
4621 2044
2261 880
1525 516
1380 3343
4554 3661
2522 2430
1489 4252
4344 3178
2954 3512
2842 21
556 1395
4203 4205
459 3028
3496 4477
3968 1829
1133 2265
2966 4108
760 27
3647 4584
3232 34
4344 3952
2999 4211
3399 3487
277 1214
3360 382
3750 4870
4269 2927
955 2066
458 1431
4833 2955
2031 4474
4110 627
3508 3600
3590 2556
4763 4965
2194 372
3120 3848
3654 1668
2145 4315
3424 1840
121 3000
2203 4523
293 3529
37 2254
4787 1268
3327 4248
3224 3441
1587 1854
3289 797
1407 1136
1619 2374
1547 3272
2097 2457
3183 643
3777 831
995 4332
1411 4988
1649 2068
2944 2778
4025 92
4991 1161
1619 1672
2746 1899
3927 4529
3981 4801
619 3640
1391 4076
1588 3537
887 922
937 4370
3681 4898
990 1863
1753 2167
2893 4812
1980 1838
190 3720
4336 4424
463 3003
2911 4822
1 2477
1399 2215
2634 3426
904 1564
549 2505
4932 1143
2815 4794
3287 4871
4450 2598
2776 4333
2888 4822
788 1303
4940 363
4648 3575
1128 3931
403 3701
4624 3791
1514 2983
1109 589
2611 3800
3526 3300
2130 4034
1256 2571
2757 2269
27 951
2122 2294
2407 4882
2690 2117
3262 3891
860 806
173 3392
553 1130
3375 4853
4252 799
1298 107
3129 3790
3545 3141
1681 432
2811 2849
1011 2498
2676 4448
364 2891
4172 2860
4906 2364
2031 3177
1408 2930
1768 945
4610 2574
1938 499
3436 4534
2389 1196
3754 4372
2588 606
3317 4374
1243 4431
2020 3475
3725 295
3403 2411
4863 4317
1281 4858
928 1927
2937 786
1942 3236
2144 3659
787 414
936 2500
3452 2440
1124 1607
78 2080
1131 2053
483 4789
4241 4209
1892 799
2394 3234
2839 3557
2111 2316
1746 3797
657 2862
1055 1776
714 4248
2608 3666
3086 4560
5 3896
4533 4569
693 859
3293 4189
3539 4865
737 2640
4371 2487
2915 4744
3068 735
4138 244
4486 2809
2724 1764
3296 4626
1766 1781
271 2882
649 385
4763 3987
3254 1290
2926 749
3930 813
1949 411
2542 1064
347 134
3378 167
1618 4223
3732 1422
4119 3465
460 3307
1185 452
4866 4931
2585 2751
1013 2285
1835 2817
4776 4000
2969 277
3860 4531
975 544
4692 2604
4880 4007
4697 1780
1027 3346
3124 2542
3853 3460
4423 4954
4975 874
1517 479
3787 2851
2512 1030
2539 3710
1887 3711
2310 3628
2299 3508
2164 1006
359 4019
3935 444
2545 1725
2781 1898
3966 4145
2135 3756
2826 2608
2475 4246
1025 898
2669 4777
3530 2943
849 4153
2949 3844
1311 1795
4665 2590
3611 2532
1132 2200
3632 3782
1434 1465
3091 2064
4238 971
100 3100
787 266
4851 1695
3056 4676
4678 3928
4803 3186
1207 1062
3263 2551
1368 1254
3832 3170
4806 2269
448 3037
2425 2263
3681 1588
427 122
1832 2453
3757 2551
4357 1894
4655 1415
52 4211
326 159
2771 1885
1484 148
3488 1941
1261 2109
1313 886
3793 826
861 2322
3438 690
2727 2305
3859 3851
4444 382
391 3136
4659 3019
3358 2177
597 2116
3717 2640
1199 4282
3352 522
3668 4678
1430 2924
1216 379
4592 947
1577 4149
2769 744
3137 3297
2826 4669
2721 4459
2818 1544
2502 3093
3359 554
1763 3925
3522 1553
1060 3823
2563 2452
1285 955
4018 1366
788 1806
3073 4458
4705 1564
1759 104
4231 1552
3411 1529
4803 216
1690 336
2193 3501
4582 4386
4759 4623
1303 39
94 3866
3485 1735
3057 609
3161 2093
616 40
468 783
430 3321
1367 3688
3132 2044
1995 4929
502 2323
3656 1112
3975 836
3684 1390
1582 1745
4837 3864
1782 2370
382 1698
4348 4572
608 1622
313 2929
4558 2799
3796 4789
3470 3285
4881 548
4982 1100
494 4651
2678 3408
954 686
4454 2964
1626 468
1411 3149
4432 4877
3577 1702
524 380
1420 2105
287 2416
4125 335
3630 4386
3141 1339
807 1770
2934 3553
288 1457
2452 581
4583 3766
4485 1750
48 4502
1701 2235
2128 2016
1657 1515
3232 1004
386 1967
4624 4732
3145 2923
2300 2426
1277 91
3353 2705
2627 3780
117 2598
3051 2113
3643 3903
3468 4395
344 1936
211 4262
1331 3497
2542 1968
712 4952
2907 2090
805 424
4180 3910
243 2153
1991 180
959 4138
3332 3451
334 3504
1397 3862
3305 3304
1673 4748
4379 313
945 3158
2476 4410
1905 4093
4031 3393
3414 1627
2161 229
903 2370
51 264
997 4914
554 3299
3429 930
590 190
2768 686
4729 397
2534 3033
991 397
3636 4495
352 4587
1121 3054
3762 4403
2269 4106
3221 4185
2300 378
1497 3816
4506 4294
3712 4712
4571 878
2872 233
3836 96
3065 3881
350 2642
4661 2692
2219 642
2227 4394
4880 3967
3891 4371
4333 4904
4716 3827
3227 17
706 1491
4595 1554
456 424
190 2259
2865 983
917 4273
3018 120
3765 2483
3316 4552
794 3248
2354 1630
2318 4276
834 1372
2192 2795
3786 4154
2534 3816
1215 311
2420 4894
4719 1353
1449 4570
2085 1568
3972 371
2761 3870
3571 4686
3418 2602
3486 3856
4335 3764
1332 352
4296 199
4122 4998
296 2271
124 2337
3058 2858
1349 1063
1910 3216
3778 3249
61 4852
3270 1330
2742 484
951 1570
3850 2098
1680 1186
2098 1384
2532 519
3579 1295
1657 441
4175 2443
3746 1300
3349 4250
4579 4612
2636 4081
3277 3485
888 1283
792 4556
3674 2267
3128 4822
2152 3081
4221 3519
2005 4265
4260 1535
807 3822
1462 2647
4835 2047
3846 347
2099 264
971 4768
1599 3829
784 4260
3053 4895
3810 1575
1764 2259
1138 1328
2089 1321
4093 3083
3731 479
4988 2049
368 3469
1939 1131
4781 1551
4942 4687
214 467
4254 2927
2829 2321
299 471
3460 1035
275 322
158 4036
1547 4474
1362 273
446 580
1517 3649
2702 1099
672 3066
1553 3943
950 3490
1917 2103
485 3571
2602 3244
2897 237
2284 4543
2267 4757
4921 2808
22 2448
3039 2320
2692 4082
216 1550
2680 2553
3034 1220
1960 3281
4922 4384
4020 2714
1947 1133
3475 4852
3830 949
1269 51
3801 2964
274 2642
2240 4915
4364 4513
4207 2057
1086 1791
1489 3747
3623 2034
688 2453
3333 4991
4013 1619
2327 769
4841 2308
1365 4508
3824 3419
53 4557
1284 3639
4721 3336
4568 2691
2382 1443
944 4204
1689 3755
1302 2307
3771 873
1039 1043
2168 1269
216 1189
339 4768
511 741
703 3353
2674 1306
3126 456
388 3169
2195 1034
3430 3505
3889 3554
268 3534
4132 1355
4685 2799
1579 3562
841 4946
3320 601
1134 615
881 3612
2269 2071
4676 2821
855 3010
465 706
4260 4172
3390 194
3581 668
1820 1084
2234 1150
2245 4617
2325 3884
4353 2322
2644 3466
3635 2469
2367 3115
372 3027
67 1171
2898 3045
958 4834
4931 2772
2964 4270
334 622
4155 710
4804 1846
3879 308
3798 2922
4556 2572
2767 4024
1630 980
2679 3321
4924 3643
2677 3406
156 3476
4406 4257
2858 2409
3048 3034
4726 518
588 4433
1726 1871
4673 585
1528 3166
2250 317
3200 2553
4977 555
3516 305
4419 3179
2544 3122
607 1634
2300 439
4860 79
2942 3786
2412 1233
936 1467
1201 4763
1931 4348
3204 1730
4739 2649
2017 3362
3826 1103
3008 2693
2730 1497
74 2349
1200 2442
1933 4022
1822 528
3534 4106
2784 2734
22 1556
3203 4916
1659 116
1908 2391
2895 3417
1471 4860
258 4800
1977 1258
2423 547
1801 3568
3201 327
737 3379
3559 1151
526 3212
1173 1976
3702 3745
4902 2973
2503 3678
3409 4685
4804 1873
4749 110
1370 1004
3889 215
4432 410
54 543
215 3830
1903 1497
2582 4092
3272 2111
756 4831
3855 4628
4171 1705
922 4405
4785 1907
1348 1509
1814 4517
1 842
3334 1871
1835 4415
1266 4715
3336 671
1856 1017
3231 3492
3552 3843
631 2957
1746 4644
4867 1458
3437 781
1644 3979
149 3123
2691 1115
1588 588
1381 2532
1876 660
4074 2139
2637 470
488 23
3046 3137
557 1489
1740 924
1163 3356
4939 1985
2719 4046
2483 734
1214 4418
4049 3725
4100 2978
4735 4396
3849 782
1694 991
713 643
1162 3143
1848 2194
1346 2581
3125 2791
1824 1106
2336 657
4784 1239
1298 2571
2773 2883
4976 1935
4748 3667
2728 722
1710 900
4517 2111
4236 1083
3822 3999
4606 3067
939 2569
519 14
1043 2486
1943 2298
3760 1278
3184 3352
193 1562
3042 1036
2779 1696
2647 2412
729 4071
2709 4830
1180 322
2061 129
562 1027
1831 1726
3789 761
2261 3177
609 2571
2373 3154
286 4711
3290 3011
443 4864
681 374
1185 2843
3037 4603
1010 4075
760 2295
3503 929
4290 3141
563 3083
4753 3238
4605 1721
4699 3974
4297 3953
110 1469
2823 506
3041 4428
3289 1817
2679 833
2996 4278
1414 4429
832 869
3991 1845
3706 441
4139 4177
4768 4897
1521 3128
3405 4870
3965 1357
2253 1496
2939 3285
439 4576
4590 4444
898 952
73 3660
3203 3064
3755 2635
3644 4056
4581 3657
1764 135
4207 3290
3374 3174
913 1541
763 4741
2840 3553
3644 2534
4656 4684
499 3148
646 338
2814 4409
3898 3232
914 615
3146 3415
932 3227
4782 2669
1416 1496
2865 645
462 2177
4037 1902
155 3825
3705 3760
3760 1138
1882 245
4071 1297
1306 3267
1695 3666
94 385
4162 4758
3209 2164
2281 565
2391 2602
3372 3305
27 1904
3694 4327
800 301
4516 4842
2330 2475
3183 1642
2582 3057
4568 2207
1617 2712
3987 1686
2630 29
801 1427
3596 28
984 2135
2175 1813
4501 1360
4450 10
4235 4845
4765 1607
464 4902
3340 1803
2231 3770
4099 2118
2929 2953
1245 3963
2758 3564
2070 4853
2396 2628
1803 1848
2595 1399
4342 2751
3571 3012
142 1027
2610 1883
2224 2194
1695 2709
286 2161
3756 3978
1441 2080
4832 1855
186 4409
378 2950
4844 482
3074 456
2772 2116
2354 4278
2122 297
4059 2305
226 2041
1239 4277
568 1634
4553 2808
2428 1675
2682 1922
4247 503
4794 4176
3811 4334
385 2686
2580 2710
3941 3967
2163 3092
4597 1925
2689 1760
1494 3871
4377 4385
2701 175
2938 4734
1065 3340
4748 1487
3316 1663
2883 4781
2397 678
3617 3205
2113 3756
2080 59
492 1816
1789 2076
3860 2123
4725 290
1237 2370
2620 3963
1636 2652
4552 1616
1869 4087
4 682
3898 3719
3530 2509
1339 68
1595 353
3293 3074
2839 957
4675 2941
3635 4491
2331 4878
3223 787
1266 4877
3526 2742
3598 298
4284 4680
4870 3691
3680 4451
4763 1409
2398 236
3798 3086
3378 832
4301 1319
751 4399
1134 1772
1219 3006
3814 4460
3424 4117
2794 880
1143 782
870 95
1851 36
1115 2275
1153 4582
3040 3322
1483 2000
1440 2942
2750 3569
3276 1775
3699 257
258 82
3633 3793
3530 3309
373 2550
2119 2720
4810 2010
553 2377
1122 388
1661 3207
1029 1385
4941 3380
447 1540
4826 4710
754 2943
3350 4953
4425 4628
1248 3809
2112 115
588 2486
713 192
4728 3241
3348 4311
2168 4493
2010 4875
4668 3623
1206 4508
2054 174
2138 2746
353 2269
2432 956
1943 3650
1585 3916
3426 323
2573 2223
4070 2938
4255 1274
653 1037
2351 1969
1358 4025
3068 1412
1379 2474
1505 1154
2090 4278
2875 3646
4032 498
4665 2740
3106 1641
2377 4857
3561 4183
3376 3001
164 1209
10 1841
1730 30
347 3608
4411 385
206 2562
2609 1959
725 1614
1588 2396
2881 1027
3382 1411
103 4960
2226 983
1677 4516
3158 970
3870 604
4746 1552
3127 1059
4775 2707
236 3387
2713 4049
1076 2893
1520 1537
3533 1818
2740 4843
4732 3675
226 4937
4436 2453
4779 219
4705 3283
221 3305
4328 427
1120 827
4536 2790
2321 4457
168 2092
1393 848
3789 4193
1202 1721
3447 3930
4998 2735
556 1201
959 1600
1962 966
4610 2400
3913 4790
3898 4764
2588 1321
2604 4029
2718 2082
3241 405
2348 4454
2005 1632
4928 4224
24 3723
1499 1782
2248 2737
1522 4716
2475 3551
2088 3108
813 127
3305 4642
1348 1763
4912 4493
3908 726
2511 3926
4448 2223
2821 1028
1080 2713
2054 2843
4060 1972
3882 2937
1962 17
2957 2354
1007 373
968 2926
2278 4798
1735 746
1284 4898
3602 1129
3912 3038
2033 146
2016 1612
2791 578
203 2306
1996 4815
1622 1931
922 250
3788 957
2245 2584
4718 2699
1103 2295
628 2688
3527 2886
519 2028
4229 1487
518 1776
3785 4017
4432 4996
2009 1035
1281 914
1585 2374
2018 2070
2398 2310
3503 2845
4347 3716
1559 21
3201 3212
2119 1395
4098 3669
1471 2922
817 4389
342 1438
4891 3337
148 1327
3287 4102
2451 4586
125 2980
3215 1812
3560 1245
4068 3551
1016 1107
1317 1344
3081 2513
1232 3541
3060 2159
3364 4573
1498 105
2815 1302
1855 403
436 4853
53 2245
3250 949
2854 4592
789 2717
2174 4440
1760 4935
1178 610
4308 2740
3212 926
4198 3422
2441 1571
2891 2108
1369 613
2119 1682
118 137
3246 1634
1888 4965
4231 3503
4783 1024
4665 1621
546 425
4534 4781
1210 1045
3553 3254
1130 3823
2588 3886
3286 3835
2819 606
69 283
4528 1625
2353 4317
3879 660
4658 121
1155 1087
4129 1139
2240 2097
868 4749
2518 2380
2317 1911
2271 2801
3402 912
4528 223
634 3180
2681 346
2188 258
3946 339
2858 3857
3850 4475
4115 3898
1895 1821
2021 1938
439 3051
4299 1516
1108 2283
2509 1091
2114 89
2158 603
3399 3248
2795 4027
1200 2670
4467 4330
3172 3390
2683 2535
1370 4338
3677 3902
479 4682
3166 4137
2464 3839
3626 900
2509 2900
3956 1711
3909 733
4266 4010
597 2352
4332 1380
2970 349
4046 3890
2256 580
2722 1628
3843 3548
983 3720
2004 2615
1559 3210
2435 2711
1657 1508
4322 1531
2717 671
1500 2545
921 4154
1459 223
1439 1560
3040 48
448 1321
4639 1291
1121 4400
3789 967
1638 1507
3049 4475
1842 3947
4631 3385
1259 2230
2578 333
1712 1034
1125 1323
3879 3642
1645 4935
662 2469
4513 657
4751 1816
1667 2839
1276 50
2547 2326
4713 1579
2897 2884
2569 3872
3232 3937
4353 3040
2772 718
3009 2377
1920 224
2277 1238
2894 2458
3193 4413
447 4233
4085 371
1490 1367
992 4791
4628 2147
1093 17
1750 4734
4644 2787
215 269
2378 4231
3233 576
347 3644
2900 134
2191 1961
1300 2704
907 135
228 782
1143 4025
3473 3838
843 3751
782 46
1213 2876
3457 504
2082 4311
971 2907
2031 4278
641 1539
1139 1699
451 1196
1721 2827
246 76
1938 4501
29 4125
4650 801
1373 1706
2926 4801
256 3328
951 2142
2531 1240
1228 1891
1076 3198
2991 3298
573 1207
960 4063
1912 291
3396 1938
581 4523
1732 3913
4855 2328
2506 3375
3131 1139
3992 2527
1451 422
945 4777
3429 2840
4423 2396
2489 3078
873 800
1768 2799
3326 3092
126 3099
1523 1226
779 1097
402 4069
3362 181
3581 2318
3946 676
2549 1700
3293 312
4060 4105
1525 588
2145 1320
420 2293
4596 3718
3052 4135
4916 2559
4300 4008
3363 3934
2323 4867
1803 220
1426 4228
1728 3805
597 2394
967 2702
4439 3663
3549 2018
4681 845
293 3136
99 4287
3437 3027
3692 2612
2503 4566
2395 2581
3290 1898
1635 1598
1459 3645
1671 2533
2671 1308
4012 2613
1670 1096
988 441
3318 880
1459 3925
2479 4038
2271 545
925 4386
4977 683
3045 3617
465 4309
4028 3121
3014 2735
4912 4171
1922 3251
4370 1394
1134 150
1000 2570
3693 2021
1219 115
1170 1322
4761 4508
4138 3569
304 1849
1239 471
1292 1786
2547 2640
742 4661
2410 2213
3624 134
4655 3876
1510 2550
3364 3522
4893 3851
2418 4031
1956 3291
404 1645
1110 720
2876 4613
4312 1011
973 2257
2725 422
1747 4476
4576 1666
1041 1299
2408 4574
2140 944
2085 4139
1467 1753
717 765
2053 3452
2976 37
746 1073
2897 3711
76 4250
3289 4941
4287 2789
2544 2053
3402 2709
4488 3078
3889 4000
2669 4066
4327 231
3870 3074
1532 131
2895 4415
466 1943
2938 4570
2077 885
1213 4172
3950 3146
2068 1370
4687 4941
1005 1001
4773 1827
4760 2179
3989 4821
2075 3110
2689 269
1114 2893
1841 2156
2211 216
955 4693
580 1673
178 4739
1150 1724
1250 1642
3763 2528
106 4956
1702 2484
4825 3028
2141 4179
1506 3414
4438 4271
4688 1063
1868 3466
440 1132
3021 1434
1339 4923
2943 2319
987 4443
1005 2550
4159 4146
3905 999
4464 2549
1005 2467
478 1646
3203 1099
3022 4943
1497 1799
242 1941
3031 942
902 2638
4099 1268
111 2477
3883 3819
3409 4760
131 840
4240 510
4069 4425
4930 4333
2928 409
2839 3621
2142 1671
4566 1797
3041 4263
2660 3931
619 4809
3631 2934
3341 1371
2968 2453
1074 316
2183 4316
552 2085
678 3774
662 2298
2112 1134
2911 2462
3281 1014
4406 1155
2481 4508
3630 1255
2347 1623
2927 3908
3398 4816
3924 1353
180 2676
4481 739
4979 4315
587 2056
3479 1024
2612 3905
2970 4628
1428 3644
1211 3988
4880 4421
4099 1701
1167 2593
2558 1086
4747 1096
1475 911
3351 4584
3075 527
3513 882
2101 4366
1549 908
3162 1529
3500 2478
2962 3312
3069 4956
4993 1832
667 852
3797 207
3966 4118
512 4618
4951 3228
4515 959
136 621
2208 4308
2649 4216
4097 4870
1102 1557
4211 3174
110 4356
400 2165
706 3072
3463 686
1427 3280
128 1539
1286 2956
57 562
4029 3508
4991 1423
657 2871
430 3026
2688 4914
3876 4482
1853 1277
2026 3820
2447 578
2560 4743
3283 4354
2939 3368
4395 1596
713 480
3212 1575
280 3005
827 1823
4373 1193
3593 3151
3956 958
4463 2691
659 259
2127 3603
23 1530
1946 3478
2355 4396
894 4849
520 3444
2989 2417
2119 4852
4217 3636
4897 2394
1806 133
3740 3777
2528 2437
3383 1742
2808 3451
1663 1698
60 1662
3726 587
678 2960
3494 830
3738 4839
315 2852
4073 2671
1111 824
4945 338
4855 1358
4066 1981
2284 1224
3425 3302
2742 3643
4405 2544
1330 1164
4471 4363
1629 835
1952 2182
1586 4437
3758 2253
2314 4057
1113 391
36 1796
2421 4070
3957 1156
124 3928
2504 4555
3020 76
3656 4563
4663 3263
2971 4375
3400 4618
750 1043
2692 4545
3149 3260
3827 179
2282 4123
4670 4691
3097 1461
4561 3289
3680 4652
3715 4849
3089 639
1609 1430
2920 2451
4390 1747
3161 2776
2323 4036
4320 1279
4595 4671
1927 49
340 461
2325 1123
1098 4429
2246 1669
566 2050
3234 1059
2188 113
3719 301
2506 3957
705 3103
238 702
394 460
89 3383
3657 3238
1248 3618
2511 4969
3412 874
2227 859
1214 2939
4232 1501
2056 4920
2768 3735
3761 3738
3225 4074
3382 3084
162 333
2642 3029
1220 2335
2803 469
1810 2248
2181 4551
2059 4980
1687 4270
3435 875
1873 1723
3495 229
2024 3728
1651 3547
4107 4225
1021 2619
1739 4625
866 854
1162 2586
2722 3531
2464 791
4882 1637
343 568
211 1851
3288 4542
2130 3247
2156 1043
827 863
4696 1419
2673 2652
3642 1489
2654 3056
1004 3465
2398 624
1204 294
4684 3177
2961 4800
3828 4792
1943 2348
1443 4909
1564 3634
4217 2230
2471 2061
4830 3208
413 2771
3841 3556
4053 1873
2336 2647
2664 1862
2898 4336
330 4826
2799 4583
1013 390
2008 1289
1518 3642
153 4562
4470 3541
3552 2141
1822 4456
380 1498
2998 97
2135 1088
4926 1316
4548 4721
4640 3325
3836 4641
2334 4125
2403 2494
1382 37
1538 1570
3128 1172
2316 4104
1814 3712
1198 4177
2700 1159
314 3150
2635 4703
3007 1868
1559 2851
1473 1054
648 2731
3766 4947
3481 1976
3562 3286
280 195
999 632
1407 999
4751 1462
251 947
4795 4753
4426 3500
3660 4332
4278 1266
632 4314
2386 1850
2041 4938
1434 2999
4111 2775
347 2050
1916 194
4260 2494
582 2651
2920 4532
2091 1628
3237 3271
148 2916
1172 1073
4645 1219
3155 422
2691 3580
4340 1030
2602 579
1316 4124
3535 2879
4107 2093
4433 4025
668 2055
3572 4802
2752 2700
3374 2668
4116 2757
3328 4364
2724 4087
3476 686
4668 3535
763 3755
1462 2636
1023 110
4188 3656
1401 4671
399 584
1208 284
1382 4117
2356 3045
3251 1013
4005 1409
3004 3919
2806 1818
4288 499
454 1137
999 3108
4821 3017
2244 15
3708 427
4459 4522
451 1577
2524 3319
1175 401
1033 2502
962 428
344 582
694 4223
4599 4790
3182 4622
3058 4731
3807 528
2902 3225
3875 4290
2930 3984
2965 287
2931 2330
2845 2902
313 196
373 2740
226 394
980 3132
642 2729
741 2932
3202 89
3843 4483
2560 1573
2774 4279
1354 57
3506 602
4477 1669
3672 2821
411 3985
544 4364
4063 2179
3581 676
9 1955
3083 3727
3727 3766
2049 716
1791 1007
1614 2434
3516 1184
3756 3191
1627 3089
4690 2998
1540 222
3052 2419
3173 1960
4081 1815
3304 2900
3119 1503
2107 3469
3847 2319
3362 482
4419 4629
934 1612
3558 1731
2485 1684
2870 2071
444 597
2512 3070
4991 2302
1072 2010
4092 504
899 3261
1064 1941
2657 4563
1811 3593
2640 4370
2951 4406
2633 4355
811 3996
3778 4634
2841 3752
2596 4719
2687 2065
1253 3973
467 3051
300 1846
3654 2353
4003 48
4069 370
3952 1679
2260 4447
3515 4836
4962 3887
192 172
3876 1733
4584 1150
1699 4999
4712 1382
4354 2433
1901 54
2635 977
4318 4568
1784 4014
3236 1227
1124 3124
217 2347
2435 3735
2718 637
4415 1383
1768 1541
4914 4335
481 1509
2211 2470
4160 4607
1912 2553
30 1664
1842 4805
1957 3392
2474 3737
2118 2383
790 881
4264 3351
1820 589
4854 500
4260 2266
595 1747
648 477
2686 605
3287 4195
3686 551
2809 2723
1165 1705
1803 4955
1730 503
2997 1048
1424 1703
1913 575
3652 2898
1511 2832
4787 3519
4042 1168
1532 3990
3150 1387
3848 242
3772 1693
1179 2069
1236 1631
4379 1653
2842 4786
2867 4053
612 4419
3123 2975
1055 285
4273 960
2638 3180
4790 3746
3190 4178
634 3167
1627 1087
2948 1
309 483
4447 2440
4027 345
3421 2595
1735 4627
1874 4924
2748 1796
3810 2374
4688 761
4497 1810
355 2212
3303 1433
4611 1438
133 2648
4029 674
1452 214
780 2983
3038 3658
3642 2475
2056 4426
2343 2203
3166 79
2678 2417
2628 3918
1877 2688
3786 2472
2114 3396
3712 3802
4648 2611
2044 2445
4977 371
245 421
1830 2292
1425 23
2125 1817
4196 76
2262 4863
3115 1119
861 4954
3912 3962
734 529
1680 305
2867 4452
1940 1303
1396 782
3239 237
3340 3350
3956 827
595 4160
217 1285
2587 1042
3578 1044
2326 1490
127 2338
2447 1740
4368 1053
2152 3991
519 1902
529 735
2894 518
2043 3431
3824 2070
3251 1701
95 2808
2903 4018
1387 2558
3631 2516
2996 2373
1470 4748
1008 4351
2938 4018
3799 4771
12 2688
4176 13
775 4636
228 3790
4392 2039
1890 2183
1232 1837
3404 1395
733 2851
581 4494
2981 605
2266 3131
2196 1124
1504 2056
395 1155
2933 1980
3066 1722
3356 4648
3774 733
4480 1451
4189 1715
3834 1072
2574 1580
372 2592
269 3008
3019 845
4294 3286
847 1492
2521 647
2532 3588
3671 1257
3973 1956
3114 346
1941 4182
4285 2888
3821 1940
3426 1355
179 2419
2732 4015
1931 3563
2240 1872
1229 1744
3634 4950
1256 2962
2470 3753
1152 3000
1151 4647
141 3658
2169 4948
3810 1230
163 3799
2414 4756
2016 11
2602 948
2470 213
1181 2718
883 4158
1293 1472
2475 1011
2143 4657
3878 3560
77 2812
1531 4510
4376 1891
3811 2699
1568 1773
367 2350
4228 4433
4158 1463
1335 386
615 4710
3162 1995
3466 3183
1499 3956
2504 3776
278 1837
4943 130
2274 4503
4536 205
3103 2198
4582 564
787 943
3081 2261
3708 4314
1878 4114
2958 419
3767 3962
707 390
2511 4443
2843 4756
80 631
2545 2168
16 363
3280 2573
206 3121
842 3219
3817 141
307 1152
4437 3450
3658 2289
4050 1294
3369 1817
435 4028
549 3639
3514 990
4839 3887
4668 321
352 719
2975 1154
4066 4794
3431 3947
569 2710
3456 241
2808 1614
2840 1174
4683 2969
1723 2531
4275 2436
2226 3870
316 1371
3543 4615
1187 390
3296 1212
786 2055
2201 2297
47 4221
875 4410
4818 1669
273 2553
4689 2437
2618 724
1979 4007
4960 4417
1148 4347
2942 343
154 151
923 981
2740 1800
1562 1680
4665 2166
2625 2659
911 3044
1313 1474
2922 4369
4392 633
838 4080
313 497
515 2291
1845 1230
4333 3345
2337 3747
4309 3686
4927 779
1105 1943
4723 2078
2781 3090
2963 436
2754 4336
1611 3694
3619 2477
3472 3924
3015 3989
680 934
4756 3354
4760 3010
3560 4808
469 703
1243 1935
4047 4328
118 1231
4337 2976
1863 576
361 1395
1280 3488
611 2231
1100 3777
2972 3441
1731 2580
1278 4923
110 1906
1711 1743
3632 1405
4107 4839
75 999
1039 2409
1609 3878
4299 2871
1537 1067
2937 3495
4725 1147
420 2274
1807 2348
901 2905
2128 4855
2637 1920
1223 3023
1491 1408
4708 1118
2745 560
1671 1506
2507 3194
103 411
4338 3942
409 2442
686 4039
749 4692
421 4683
2394 1266
2858 4915
2498 3274
4319 2601
3139 3819
1345 3984
1187 1799
4439 3750
1162 2588
3221 1648
3765 1375
2023 3875
1765 1808
2493 3347
1480 2817
1668 1043
4172 2723
654 1422
1797 1537
4828 853
22 1803
3709 3959
659 3482
1765 3397
4973 2362
4232 702
3546 2750
4996 3277
2018 3907
1936 3183
3731 3439
4002 1489
809 2617
3547 4301
4850 1129
1840 2588
3010 251
832 769
4246 183
2700 1870
1549 4099
1485 2569
758 4271
4356 2586
4010 2702
1163 2790
1934 2944
3235 4103
2739 1228
1224 4265
1275 2058
2999 2644
3396 327
219 3050
491 2559
4169 2355
3140 2215
2116 4581
4158 4985
3548 1265
4679 246
4008 3830
3436 2890
515 1160
3226 388
4626 1585
3049 2494
39 3840
211 227
1782 2427
4064 4615
2202 3194
1414 2640
3074 4968
3936 3503
1040 3322
4029 2895
273 1017
4471 1213
369 4143
1072 1229
4806 769
1663 1556
713 2507
1114 3586
609 3506
2137 3128
3561 4475
3851 4965
4537 3283
4901 2093
843 4008
308 4173
2718 1737
2427 387
26 3542
3988 325
2725 418
1223 2645
4297 682
3104 29
1406 3047
2400 942
3830 4329
3638 1664
889 2242
1947 1144
3331 2282
4718 3937
3451 4018
2442 3826
2175 2005
3786 860
4248 1651
2231 1875
372 1186
1946 141
3685 842
4732 1399
2454 1469
613 3064
4276 4832
3045 1029
680 2440
4325 2375
1964 4253
1651 4328
4125 2479
1312 1832
1064 1257
2019 1902
640 4366
2592 4614
1816 4012
1449 3062
1299 201
1049 1115
1451 330
3933 167
3336 3571
4550 3701
3636 2371
1479 1989
4473 2435
3526 3544
203 1659
2166 1804
296 4003
993 1150
1042 1990
1342 217
1407 854
4232 1500
3730 1099
3888 1339
3272 2068
3541 860
2692 2657
3260 3708
3962 1257
3442 4256
3780 1391
4587 221
320 1644
3448 4372
2173 3996
1227 4119
4497 2717
4237 994
2235 730
2249 3630
3373 3804
3101 3809
573 4475
366 4770
4349 2295
2922 4448
3136 4209
3666 1069
1632 835
4717 156
4578 1325
3970 1329
4913 4709
625 3453
1707 3881
1531 429
1989 4431
1714 2908
4284 1927
4713 2400
2201 1466
4561 3410
30 477
155 1388
1086 4234
1432 3591
3148 1673
4276 3190
2772 478
1065 74
1081 1957
1716 2510
3821 958
3652 815
3400 3331
3003 1364
1723 4361
1277 2419
4489 3753
3638 3859
4015 702
2421 4349
1017 1361
4257 61
1454 4148
3934 2236
3703 2448
2808 2463
2824 2407
3787 3694
4313 1164
3937 1810
148 975
4184 4739
2758 3517
1363 3641
2825 2813
642 1271
4014 4079
244 2452
1237 181
4199 3324
4083 326
1219 3363
3250 2911
4944 4825
1615 877
2466 3412
3952 2391
1364 218
1964 1432
100 3779
2409 1727
4862 1169
3080 2747
1414 4621
2789 2676
440 2272
411 1568
1220 464
3795 1361
1750 2723
1569 930
3115 1734
385 3244
4244 2985
59 2544
3934 4307
3042 3252
2546 3665
1079 2845
708 1944
716 3417
1420 791
4360 1298
3725 3206
4087 2130
2639 3064
301 4732
1390 3519
1048 4422
1810 4788
716 1426
4060 349
2591 3921
2878 3238
2908 3337
2441 710
2652 95
1198 4970
185 315
522 3552
1979 2255
3285 4920
903 292
482 3441
2594 533
2482 4221
4193 4667
2335 4156
3858 4579
4428 3447
786 2273
2582 4449
1754 1452
4984 1263
470 4271
4061 4656
3278 1646
1716 1591
255 2194
1449 3074
1462 1532
2194 2818
2843 1273
3644 1660
1259 4376
4019 349
2984 139
3985 4148
2441 3663
832 1558
2527 4054
2272 1818
1002 3187
852 1985
2726 4641
1699 3758
2550 3032
3726 3375
2789 4355
3333 4478
1033 1945
1927 4681
3392 2557
2419 1151
4724 3787
1660 579
1476 1377
4291 3559
1024 2456
3146 3439
3378 3634
409 1541
155 192
1746 3177
4152 3255
104 2522
3263 2053
3587 189
84 1621
2877 1653
2903 3241
4932 2411
1966 1071
2788 4563
2362 1330
272 4321
3272 3084
533 1107
370 1108
2269 676
1062 4425
4890 2776
1483 3940
2498 3122
4451 3870
2511 7
4871 1745
4278 4386
1608 3353
2580 4269
1155 1385
719 2500
3115 2601
2436 300
4278 1196
3369 443
2291 3620
1402 3163
408 4182
3404 3017
2819 215
4917 4503
612 3261
3175 3973
2614 1025
3308 2568
743 3922
445 1146
2556 3557
927 1583
1252 4098
2556 2189
1134 2463
2034 1404
2172 2498
649 358
4662 1571
594 3811
4990 1919
4820 2221
615 2119
2554 2172
957 736
3344 4382
3450 1976
658 1056
2568 3799
1626 4618
4601 2467
4423 1770
179 3701
4726 3121
3355 2184
3374 2195
21 868
1393 1184
3065 4283
2210 2676
4813 848
3651 2603
536 4601
4901 358
214 3970
3877 1438
2100 1117
3262 541
1742 4370
3908 1411
2228 1097
3449 3791
4691 3098
4770 1565
2318 469
172 4257
64 4657
4425 4472
3274 970
2139 3554
4452 4253
670 1543
396 3733
3483 2283
1149 2526
1494 67
3825 2881
409 4883
919 3095
1800 2011
3734 4103
2916 681
4731 1401
2728 3005
702 4125
162 306
4848 4723
2205 485
2073 1993
4133 3335
1573 2667
4653 2939
4239 4697
2713 730
1613 3544
4940 3085
2458 2009
456 318
466 4789
1509 2141
1086 414
1733 3056
2490 4299
4964 4985
1306 3349
1885 3330
2907 966
1501 658
2937 3547
3878 3822
2244 3023
1500 3089
4948 2848
2738 482
1235 3274
1160 4090
589 1405
4728 222
2184 541
1451 2535
2158 2077
2533 4232
1167 3702
1959 3993
816 4994
4630 3673
3548 470
44 4570
1846 1724
2752 2866
1268 4299
3519 2478
944 4420
1405 2242
2001 1640
4141 1743
2909 2445
906 4149
491 2326
827 1551
4192 991
4147 2829
348 2821
4824 1041
3613 3069
1186 3307
3899 54
2606 3031
1389 768
3803 1987
75 436
2465 3036
90 4994
563 2718
808 3723
1240 1553
2703 3375
865 1600
3579 3910
1398 2761
4241 1233
2925 4063
453 2691
1318 2375
1741 3978
3354 3585
2217 2107
1792 3778
690 529
3669 1012
4194 925
1870 4914
1418 514
1508 3557
347 1340
4226 1130
3666 3264
1773 715
3564 4541
3629 2966
4774 3162
4350 3276
548 1738
4709 2045
3756 3915
4776 4952
4622 1842
4293 4376
2068 900
1873 1478
46 3137
3873 3902
277 1616
2343 4275
4056 4931
2003 307
251 4163
3067 4939
4559 1641
1693 1398
1215 2858
2303 321
47 4356
2300 895
402 2864
3421 136
134 694
3782 2715
1303 4658
4109 1189
3696 233
1732 1444
4016 1720
1422 3027
1319 1580
3100 3622
2316 252
2832 4013
4719 2257
183 3694
2979 4121
2508 1490
4444 3250
948 2164
85 1036
2141 3508
1590 269
2152 2967
1434 2320
1718 922
3543 2574
1253 1642
2920 2375
189 691
4932 1196
1065 3035
4431 4371
271 4137
1111 1916
242 1993
43 1408
2435 2778
1831 4047
1438 4995
1535 4412
3194 413
2198 3370
2958 3830
3046 4436
4036 4350
4769 3533
2935 4305
2951 4446
3859 2590
4917 3747
1771 3544
3186 4776
3669 1847
313 4833
1414 2300
4645 1337
36 3473
1611 2868
922 3595
2955 4672
3187 3690
4456 592
3253 695
101 448
2956 2998
3966 1061
1644 1063
2611 762
4206 1957
4375 996
4224 717
3222 3482
3418 4571
4980 3440
3980 3302
2720 3325
3168 2984
2275 3422
3386 2573
1550 2575
424 105
2034 2456
4302 597
1790 1282
2319 2850
2021 84
2842 2952
2412 1468
1135 2334
648 4646
4141 2821
3736 4637
389 878
2750 3577
643 2744
908 4658
3488 366
758 3555
1908 3185
1767 1373
3440 1329
1614 82
1213 4983
39 4729
344 2982
4302 341
4071 1781
1340 12
3295 1773
869 1975
2317 3103
2221 1669
4674 4024
1182 4307
1888 4907
3741 4427
4764 3282
631 3969
3197 1243
3768 3318
1834 351
4626 1268
1306 430
4787 1632
1325 792
2905 601
4704 4129
1264 872
1356 2029
1020 4604
4333 441
4519 3008
2972 1291
1194 3365
4798 2442
943 3474
607 620
1870 38
4195 2604
3907 3682
153 407
763 3531
3243 3238
4257 3217
4799 984
467 3405
4057 4188
776 4493
1974 4190
1434 3294
3046 2127
542 300
4287 3317
4438 1603
343 3969
4019 2079
2456 415
3965 2874
1074 989
4231 4278
4655 2742
4613 3799
1695 4469
355 2244
3942 3124
2293 2865
4470 2620
1611 652
111 2486
1940 4295
1724 4737
3380 3974
1503 4408
658 3477
3312 4178
2892 1401
1267 3862
3601 1575
3999 1704
3755 3366
1856 4857
1832 3916
3399 4122
3208 2288
4045 4746
2831 800
3236 1896
393 894
235 1309
4530 4229
4281 4076
3664 4128
4782 247
4891 2341
1269 874
162 4850
3115 2073
3874 4177
480 503
3317 80
3061 1637
1474 524
769 4699
2538 1845
964 4371
2892 3674
4168 480
3676 1846
1714 1038
4006 3063
4983 922
3893 188
2630 3409
368 3178
909 1113
589 3072
7 1495
4608 1806
3658 218
3776 1203
365 4992
4185 3326
2360 3988
2253 4739
1039 786
3795 254
3361 1094
2127 2531
2622 3258
3816 786
3095 925
4135 1493
4093 2602
419 216
1480 2505
4728 855
2379 74
4416 1572
69 2948
1805 1851
1471 4728
4695 4495
2643 4258
3045 45
790 1623
1638 4122
2824 3135
3904 304
1454 4757
4595 316
3125 518
3227 375
539 2992
4413 3440
3550 2520
757 4606
4368 1344
1059 3737
1807 328
3377 52
975 3849
730 3163
1330 2179
1836 1832
1619 1808
1069 926
1967 3218
988 685
2288 4686
1080 1236
1253 1653
4296 1886
2423 1796
1696 3970
2036 1393
2566 4108
2291 4271
3827 881
1431 1876
3701 169
1127 2212
4644 3157
905 4867
3488 2783
3580 1430
2320 4590
3322 3062
4930 393
718 3265
3138 1577
1411 3780
923 3116
4893 3351
4869 2716
4514 3774
2892 2471
2951 1073
4943 98
2570 2099
3767 3048
1761 1137
3268 1987
1986 2669
4591 69
3036 1626
4590 3773
1677 1800
4267 4801
4053 2533
2670 4996
138 3217
505 714
274 1296
364 2479
3623 952
3259 2950
3992 1120
4689 2115
2208 373
4420 2693
4215 1915
3414 4386
118 2013
4239 1119
3773 1052
2085 3078
824 712
1325 1589
2382 1273
3992 1008
1177 55
4707 2571
1219 2082
2898 769
37 1657
3464 2090
4549 1471
4813 542
2918 1261
167 2244
4645 2598
3 2290
1014 519
4175 2185
3439 4750
161 1048
622 3797
2948 1179
1446 775
4645 2131
3268 3712
153 44
2609 3470
98 397
243 2648
251 194
2804 313
4975 341
1982 4845
2029 1873
2732 955
2989 3743
3941 2173
464 3623
4806 1438
1629 3619
445 3313
202 3960
3286 4835
3741 3438
474 539
2046 4153
3319 4607
4122 1992
3278 2246
2710 731
2431 2855
4759 1025
2948 1430
1507 1022
3662 4644
423 4821
4380 4470
4150 2894
1561 3240
93 3443
3019 1945
327 3863
4609 1573
2116 4352
4086 3065
1315 1616
649 4462
4811 1437
2049 2445
3797 4117
909 1779
1672 3735
2985 26
758 3737
1238 4667
794 543
681 571
3734 2974
2581 4648
3955 105
4974 427
291 2911
1071 2664
1401 3013
2554 3887
4464 310
2724 1642
377 2816
4705 292
1679 393
9 2128
2763 792
359 1134
797 1125
4445 3505
1279 3121
4072 797
3690 4962
649 1018
4722 2286
1992 2127
1062 342
2682 3903
1964 1314
1423 1019
4492 2499
1721 1192
219 828
1494 2824
2234 4766
4863 2534
3833 2975
2233 4446
3665 4876
3643 2721
231 1501
4285 43
1817 54
4510 1024
2365 761
1607 973
1843 4075
1070 3021
3872 217
807 4586
4811 1895
3677 1254
2982 2771
3586 3833
1636 1300
3959 1809
3848 1490
4553 4712
2196 3777
615 4081
2060 4134
2495 1994
3763 2980
4061 4181
4837 4752
3130 1593
566 4151
1522 572
455 3553
1652 2797
3970 3938
3722 4997
3335 2146
776 1218
4170 4285
2309 459
2933 4416
2999 144
1584 445
1688 3042
331 4344
1240 4301
310 1498
810 3632
2147 3917
4389 3503
484 2670
32 3404
2195 555
3895 1396
2470 106
1150 2700
623 1601
2252 1990
1473 3316
1199 1384
2603 4643
1125 3636
2933 3869
2636 1748
2629 1718
3698 291
750 950
2353 4581
2537 4851
2775 1105
1481 4019
1120 1453
2195 80
2321 1430
1746 2678
534 3311
4981 383
281 2638
1003 928
1127 4982
1670 342
2830 445
1768 991
4206 1920
1352 3038
2009 3357
3849 616
3819 4183
336 2281
4110 883
1979 3670
983 4037
3564 961
1312 1144
4754 2273
58 1728
1716 4432
3475 3268
2141 4260
2617 4921
3068 4805
1558 1002
394 1391
4310 1703
1274 2012
4661 1506
1791 2230
2024 181
2365 836
375 986
4250 3864
2522 2999
2589 2484
291 3434
28 3499
209 4629
4958 3998
4441 676
1221 806
3954 4843
1647 701
2197 4186
3955 1032
2940 1283
919 1290
1910 3499
3686 1212
1616 3205
38 28
1501 3202
2015 723
1537 3828
296 1740
757 1610
1591 4168
1204 798
4973 4811
2397 2165
1515 2508
931 19
592 2012
582 4511
2895 3998
1542 4438
4256 499
3020 3553
4452 4192
218 1348
4699 1755
1693 4143
2138 1252
3711 2688
1593 2064
1905 3255
1631 4706
4247 3925
1528 2527
1945 7
2872 242
208 4476
1025 171
403 1933
4498 3023
3272 1946
365 586
1700 2383
808 4392
4356 1211
3071 3571
849 3095
3734 1954
870 4302
1140 1886
1311 1279
4378 2287
3392 1740
2961 3577
29 2042
3664 4578
4374 1297
2877 3537
3222 72
1810 2331
1428 1375
4109 2368
505 3976
193 1654
2617 3100
1559 4077
34 3035
2902 3503
4349 340
238 913
1351 1211
1265 1748
569 4250
391 4814
69 3536
3444 2566
858 1783
4675 1305
1967 4812
2009 845
429 3601
4221 610
832 4979
2600 618
3510 679
1295 58
3793 1937
322 2697
3017 3857
2874 4314
1947 118
1824 1199
2052 1074
467 2315
2650 3719
950 4339
4870 2513
1607 2458
3763 4793
1610 1352
3719 140
3501 3498
1199 609
4066 3222
1040 2754
4772 3635
82 3750
4527 3075
4548 4066
4658 2653
1318 3373
3429 3304
3742 2726
111 27
4149 1371
2113 52
4954 1557
1202 2662
4 2771
2757 1414
1929 538
3649 4469
3760 807
2262 2659
3547 1240
201 4985
290 1706
904 3152
3750 1475
4504 4100
1335 3186
4317 68
4217 3601
3783 1895
4929 1350
1911 3372
1263 1619
3490 3927
1778 3775
3359 4230
1102 260
1052 125
4089 1682
1965 4355
2617 2212
2464 3562
3128 541
1742 4096
2274 3982
2836 4562
494 1709
4903 529
4716 2824
603 1400
3921 160
749 1890
724 2570
4563 1121
2554 3045
4909 451
4643 2233
1156 115
4627 1000
1013 512
2454 3441
4286 835
1294 2952
4964 806
3411 260
2013 2964
3789 1362
592 4155
1679 688
1985 103
174 4610
4352 2459
1467 526
1101 4727
2040 300
2224 757
3810 3677
2372 440
4801 1617
2708 1687
2196 66
1593 2406
4585 4915
399 1458
3269 3762
2713 2523
1340 725
196 2920
2366 3542
1791 198
3770 140
727 2542
363 477
3779 3880
970 1946
1787 4796
3264 3491
4732 1172
4457 2556
4366 2012
3035 1607
4542 1813
459 3066
1569 4225
1156 472
856 280
3316 632
3055 1491
1404 3213
3360 323
3340 206
2401 3309
2636 4086
4143 3443
1412 293
3567 3767
4242 253
4811 394
2445 1077
4611 4993
4753 3852
107 2077
782 1854
4124 4480
2889 1903
2066 314
4551 2199
4834 1465
3609 4957
4880 786
871 1376
2354 1779
4258 2250
1345 282
2271 3360
648 3255
4971 4
2487 1682
2895 4628
4102 2659
1900 4770
1482 2483
3324 1828
2494 3527
2990 1245
4520 4795
2414 4147
952 628
619 2176
141 3234
3216 1198
4805 3311
3515 3890
1900 3904
121 4934
3043 2840
556 4831
2477 4715
4371 2707
187 4652
2270 2839
132 1074
1739 4446
4540 647
1668 1317
4196 1688
1115 4172
892 1792
650 1633
1705 3054
1741 3535
3186 3936
4762 1130
2036 4068
1904 4454
1586 3893
2516 251
2312 1384
2063 3761
706 3793
4270 4047
199 1756
4178 856
2149 873
4166 50
4202 1911
4557 2851
4282 1951
3174 3378
1582 2906
3117 1459
893 2625
342 893
157 613
4265 1238
2150 2057
1077 4762
4869 2509
2433 4637
4862 113
2003 2827
4921 2028
4101 4760
2068 4152
848 954
1998 4495
4946 3670
174 3888
166 2761
1440 3434
3354 3688
1449 1246
455 4657
1707 2827
4508 1943
2331 1002
294 1189
2296 2769
2684 1320
402 4312
3069 579
1881 3564
4994 2395
1573 441
279 3451
0 2491
3886 728
2229 4387
1528 1508
3177 582
1735 3911
3931 4771
3022 2903
1225 3702
3895 4893
2954 120
201 3105
3903 4298
1864 488
2671 451
599 1568
4931 4616
3025 1960
376 4531
3279 3209
4663 784
4796 3246
821 4365
2331 1388
3390 1385
828 3909
1847 486
1746 1490
2792 3131
1351 198
4070 3605
1854 1759
1877 3298
888 1389
4711 3941
4888 4893
1029 944
3954 1074
1987 458
2839 909
1886 3936
3117 3458
54 3359
2972 1536
505 3765
319 4682
218 321
3581 4531
492 2665
2600 2391
1699 2304
4588 168
3613 3524
2631 1879
3705 4006
4200 341
4947 4376
2161 3985
1596 3526
399 3838
2645 4667
4978 2763
1711 1270
4408 4847
2040 349
41 83
1605 958
224 144
3740 855
4572 1325
1757 3704
911 2087
4326 2935
2670 435
256 910
4107 1333
1517 3692
175 67
3758 1919
661 2476
3199 3669
97 1244
3441 4868
3666 1722
3129 1924
4962 276
3370 3761
210 1677
1870 4954
2901 2213
4545 2093
2200 2077
3537 1649
1757 2882
4435 2976
2449 1511
4125 4933
1148 4985
4699 1241
4012 1945
618 4528
77 1406
2438 2784
1241 4983
4300 4040
2188 4860
871 2650
3922 1590
4767 2198
3321 2282
1713 1895
4117 4498
2608 4903
367 2676
3348 850
1509 2411
1446 556
3757 4190
3660 1532
3945 214
942 3338
2771 4409
4846 789
3280 840
3262 3201
681 2866
2554 260
2155 3978
4337 1486
2576 408
3786 4091
4072 446
369 908
4278 2387
3931 3941
1963 4335
4071 1013
3529 482
1894 1583
939 4198
4630 220
2343 3870
1613 2297
2228 423
1390 3912
2706 1358
2150 2380
4175 2870
2056 4972
1887 70
3589 1920
3921 1206
2550 3382
4670 2185
2477 4939
1820 1833
2696 1492
925 2989
4894 2010
1172 2865
2072 429
4727 2249
2367 436
218 3632
677 4264
4863 1716
445 1916
1858 2067
476 4178
936 2497
3307 3956
1300 3097
2108 3072
2640 3355
147 1288
1205 714
2898 2261
2572 3641
3740 4245
4111 4264
3339 2867
3946 3293
3761 950
4795 4019
1892 650
1864 483
909 845
4356 1224
258 4586
1368 368
934 2951
554 300
1406 4457
150 1218
735 1004
660 1586
633 4398
2147 866
3173 949
3137 2358
3657 4636
1821 4910
3787 3710
3935 250
4427 1262
2555 2912
676 2468
2182 3433
762 351
1126 932
618 4363
3917 4775
4018 4936
128 2504
3826 1699
2031 3900
4177 4913
3253 571
4412 757
4826 2262
2913 3551
1430 3164
375 4637
507 2981
1392 1440
3052 2558
4335 481
3542 4687
2333 397
278 4311
1904 1274
3468 3196
4999 740
1265 1048
3952 2090
3877 1157
3498 2422
4134 182
2719 4418
3288 4076
3887 4038
2176 2984
4995 2563
4752 240
1213 1053
295 4308
262 3897
1243 73
1976 2391
4080 2387
3170 2037
36 1589
2154 4345
1414 2442
2747 2931
3076 4846
2970 1532
2001 2478
4286 3716
4623 2142
3989 3590
4628 2484
3752 504
219 636
3823 2201
2573 1888
4843 1752
3875 2152
3947 4206
832 701
1916 2871
1661 2178
3754 918
1169 3321
4793 1550
272 2257
1890 1410
3708 3227
1585 4109
4571 612
272 3813
518 2945
4524 3383
2027 1514
3151 3658
3085 2435
2689 3335
1868 2756
3 776
2999 2163
2191 933
6 1548
2815 4298
1097 2725
1925 2142
940 2746
635 1984
3293 769
1683 3150
3606 3706
1646 1661
1319 4289
1542 4073
751 3166
4085 2797
4236 293
3934 3743
3505 624
484 4263
126 596
23 3212
352 2598
4021 3321
2206 2529
2656 739
3525 2672
30 3594
2414 3222
1527 4398
2853 1693
2402 2901
1462 4773
4739 4393
3853 1471
2855 1852
2771 3921
2989 603
109 1804
4648 790
2585 1010
3167 4248
1099 2413
4336 2466
2744 136
2714 3880
1888 2129
3801 891
2411 2616
4035 3276
4899 2598
4686 2945
4623 842
1361 4120
2440 2559
3902 311
1307 1708
4467 421
1662 419
992 3856
3142 3563
3606 2118
1923 969
179 3078
1645 1224
4295 1284
191 3264
3689 2896
3178 2330
1922 2053
229 1633
4803 3729
2713 2667
804 277
2605 388
1751 1716
2766 3171
1153 3266
3023 2777
371 94
2743 565
3936 1408
170 229
4762 2808
4388 4145
1276 2315
2550 4230
1219 4272
634 799
4647 4524
2041 3935
4890 634
2889 149
4303 4493
3719 88
4530 1655
3235 2390
2956 3645
3852 528
4015 1593
4959 4082
247 1718
1575 1211
1478 3991
4232 3129
3647 4570
3322 2036
4209 4866
1462 1612
2873 4815
3643 4466
45 4285
2230 196
3809 4587
990 2227
3854 2530
3863 2541
3862 3232
2106 2653
3060 2603
3433 3634
423 2952
1292 2191
795 2006
659 761
4554 1554
3468 2786
573 4382
1546 4001
4385 2553
3468 4119
1048 2712
1531 2852
852 604
1549 4585
223 1961
4007 4766
2344 2711
3343 3350
2874 1913
3237 4814
3893 3007
1594 3442
2867 3957
1465 2981
828 2193
3695 3431
482 3048
1667 4230
3852 1040
1724 359
332 2068
4372 4770
1379 1567
975 2155
4672 4
1911 1597
3911 4588
4942 2184
4063 366
1327 75
4613 1544
4685 1679
4975 2062
156 1840
1128 2467
3605 4591
41 4021
3715 3109
4523 4180
692 4051
175 4294
282 2205
2078 2607
2720 1391
404 1163
569 3352
4549 1985
954 4962
2733 2380
1765 1526
288 4658
2523 1821
2042 1089
1120 3218
271 36
3322 195
2334 636
3460 3134
1047 879
1414 4518
6 4752
2905 1880
2815 1835
934 2218
905 3909
4715 1848
2506 705
3378 3844
419 674
1294 549
3426 4512
1485 3526
2433 4423
2624 936
1204 2793
4250 4137
4528 1117
4948 3444
1723 3583
3127 4145
2579 4282
2239 4461
341 2178
3389 3749
4313 888
2077 12
245 1504
1286 4665
13 1960
4483 3105
1307 4145
3809 1443
1194 4198
3329 4301
1925 4143
3603 2586
2683 3029
76 4787
3274 1307
1539 1593
2968 91
4111 1314
4828 4713
4134 4047
2331 2831
3730 2057
1599 2078
273 2792
340 2042
2146 2832
2722 4817
3700 3947
1803 2519
3281 3403
429 960
3127 3527
1279 461
3448 2558
1042 1073
3879 647
1408 2377
3571 2069
449 516
1431 1350
256 3090
2126 3339
261 2867
1293 1802
2119 2906
1126 2942
3279 0
4221 172
1769 2696
3110 3732
2436 2170
1663 929
1394 4963
3563 4251
4821 2297
573 2740
1347 1843
1849 3345
2517 2008
4290 2505
2400 4387
235 61
4297 4478
3122 1152
1002 2588
2618 3695
1729 3888
2855 4024
4851 1237
3242 279
4627 271
4344 1087
1837 1858
708 4563
1969 312
1053 2408
1326 647
3143 3851
100 2372
1344 4066
839 4962
1064 2480
2320 2030
1069 1549
3584 4490
1100 1070
3308 4030
3377 3859
884 1628
3908 1356
711 1217
1872 787
3658 4012
692 3349
4890 1599
99 4921
3259 3985
698 2774
3953 3661
4739 3234
2812 1659
3453 4020
4877 3612
4353 1274
2101 3927
4838 4274
4127 2732
3366 4383
948 4228
1467 2710
3966 1388
375 3621
3497 3031
871 2932
1090 4400
502 3131
1724 3250
4220 2587
4615 1910
761 4606
3475 1018
1036 1948
3499 1243
3722 3721
955 2945
343 3358
3774 353
4184 3101
2514 1339
3191 1048
1303 2807
923 4402
1403 1788
4219 2990
2634 4564
192 2721
359 3759
1480 4027
1578 4865
3079 3926
2358 2713
3905 423
4470 1481
2895 2072
3618 1891
405 479
4864 2348
1127 980
3046 4928
1234 2649
1367 2926
1566 3113
220 1223
4667 4666
401 397
1537 2404
1135 327
3206 2239
740 4092
2601 4192
741 3531
3175 1512
256 3978
3345 2893
3960 4010
1739 3043
3798 3690
4582 410
2891 1628
4461 2320
1576 165
1459 28
3054 4249
2640 4291
2597 2366
2227 3581
4279 1831
610 2274
3090 1167
2923 3595
1387 3813
4972 525
696 1106
3835 4557
4843 3340
3047 2049
662 3399
1527 1928
1142 746
2705 800
2401 1200
4144 3635
1654 4893
4279 4733
1114 2598
4647 2590
2960 107
3414 1177
938 3485
635 1804
1094 2337
584 678
3494 4140
1977 4300
4446 2683
4681 744
538 3090
4203 1377
1499 2498
3269 2392
333 2887
2905 3058
3918 4434
4136 695
1149 20
1568 4652
925 773
4192 4873
4930 4957
3530 748
637 701
237 3182
4746 3912
3437 2299
3187 1216
4418 2832
4613 4468
2483 2787
3727 1226
2635 2363
2569 1264
134 1739
4747 1861
513 1780
307 4917
1540 739
2874 4698
2511 4721
2839 1871
4756 603
2391 2009
4640 4774
3387 3915
1535 2353
1010 2124
4040 67
1427 3327
2959 3143
2650 2773
504 1620
2214 1607
1496 545
1746 2828
251 305
169 2514
3442 3901
2062 4778
4297 2489
2010 1869
87 2557
4208 2938
3345 3052
3766 1070
2113 1938
2895 1777
3638 513
988 4188
1672 789
2910 1304
3309 1086
3992 2614
3055 1959
4140 1799
2966 214
236 2694
907 2956
3501 1294
3424 2912
4189 1312
4198 3551
737 4653
2489 4995
27 588
2084 3488
4255 217
1928 1766
1313 3818
3610 170
2314 4690
3966 1588
4368 4540
1145 916
3300 562
3781 4418
2190 2076
1161 2407
674 219
3291 3947
4271 3401
3021 1972
2658 279
2287 970
215 159
628 3905
3095 1337
2303 898
16 3229
3959 4965
4629 752
3510 1467
3778 3336
3184 1937
3466 3372
2524 1603
477 1828
36 3350
4430 4183
2826 2785
974 4996
869 1722
1410 2126
4931 3677
1455 2374
2040 60
2295 4874
1344 2943
3176 4274
3346 826
4601 1526
3580 392
632 2473
3021 4792
4895 204
835 2483
4973 189
3969 4877
1182 3008
1907 4668
2209 3758
4069 4716
2022 4547
1193 3889
4917 2730
2550 2545
689 3241
3295 1444
4533 4198
724 4863
4003 709
2128 4343
2617 4984
2352 4430
1044 2228
1788 4116
2697 1185
1173 1056
3898 2206
3088 2225
2476 3119
592 2427
1222 2207
2646 1252
2712 1742
805 3200
4774 2441
945 1001
2204 2634
4243 3291
1262 2179
1821 4144
3068 4004
3371 4264
4961 3525
3678 4852
2515 1951
1788 2821
3662 3903
2860 2079
2261 1773
4543 4896
2885 2925
3449 2900
3803 3882
4554 584
4862 2197
2725 800
4381 1031
1963 2167
4160 1865
2474 3533
1154 3531
2413 751
3057 992
855 3988
393 238
1448 4114
2964 3659
89 249
883 2043
3353 311
996 367
870 1451
824 4232
910 2013
4154 4501
4958 641
1174 4593
743 4300
3519 4883
4373 3470
826 3849
3466 2805
3260 1204
325 1940
3118 4535
2633 352
3621 4467
575 1264
3060 4671
4422 2555
751 4897
2031 2739
3607 1378
348 294
3568 983
700 1835
434 1444
716 4407
906 1810
1548 1608
4297 878
4415 2385
4986 3732
3609 3212
2389 3749
2077 4362
3200 3666
2357 1189
2667 779
950 2826
803 2345
440 4191
1182 2478
1602 1634
74 4508
3071 4284
3171 1601
635 1574
2913 1654
3319 474
3186 3815
4804 4944
1790 3171
4 1245
1942 4527
3034 1313
2664 4148
4893 2303
3869 4178
1436 1913
197 4260
2034 1035
3583 516
2218 1677
4642 3102
4103 3074
4393 2214
4219 396
268 266
4361 2451
4242 2638
1903 3662
3245 937
3214 2275
2055 3403
4949 1872
2986 146
3511 97
4991 4467
3437 3121
2887 1315
363 1804
2700 4398
2559 1963
3349 2454
1335 3467
2977 1872
4918 4608
3114 1382
893 4758
1866 3125
4039 4364
3614 787
4210 3299
3133 4895
155 1661
2744 972
2930 3354
752 1913
1803 2512
2521 172
3396 2701
2252 3814
180 701
4122 2939
1190 2131
2404 4665
3019 3190
946 228
2304 4164
850 313
160 1555
81 4112
4804 2672
274 53
1162 348
1997 2608
1986 2010
2492 3625
1159 2549
3857 983
4811 4009
1789 1216
3431 1606
4094 2752
4409 453
1572 3371
4259 946
3858 510
4549 1828
3975 2359
2009 3930
2453 4286
2533 440
4163 885
1786 339
2308 91
4642 3279
3116 752
2099 4255
4739 1399
954 2284
356 2005
2052 1487
1688 2674
2560 3652
4702 4409
1347 1929
4008 4289
4178 4082
2518 2819
3353 4368
641 3436
1318 4738
2491 3919
3723 581
2695 1770
4064 4943
1731 1345
1128 3504
1048 3003
511 3577
1683 2239
3138 2897
3362 2732
2248 3557
2498 2824
59 2647
508 2663
4882 3629
1965 2885
1662 3549
1171 1697
1340 2104
4753 3668
3903 2362
2758 3418
1320 2389
931 1622
3221 80
910 210
2217 2588
1478 2624
3902 658
1100 528
2200 595
317 3613
2472 1199
959 270
1670 2873
2651 4604
3529 130
870 3255
4676 1857
1697 1778
1607 4218
3941 201
216 2967
3845 197
125 2980
2244 4532
1417 9
540 716
2820 2076
40 3725
441 4793
3945 1108
969 885
680 2000
1116 622
4820 1783
3436 4934
4424 2110
278 3362
1113 3183
638 2546
1323 2465
2165 2133
3387 2393
3406 4442
2389 1430
3391 4527
1081 2388
3993 712
2435 1550
3594 2618
4059 3117
1968 3605
2399 1402
1685 898
2212 3911
3674 62
177 4546
384 1812
2786 120
2117 2431
3845 2231
744 4299
509 1972
4091 4804
3286 481
192 112
1898 1204
3278 2884
2690 1084
1012 2747
4659 291
2636 1751
4131 4262
4728 3779
4189 732
2527 2540
2698 4508
1934 4971
1172 1693
3056 1040
3162 182
312 2521
2825 2233
3092 135
3754 4560
4113 1384
4409 4326
1610 1079
1969 3953
2081 3226
643 2225
4963 1829
2222 1591
2175 4626
4146 352
4444 1358
4673 3826
2571 2363
4757 2455
3488 1481
2245 3139
269 1749
127 2269
3127 1084
951 3358
1193 1659
2403 1441
1970 23
3203 1342
898 1406
812 1088
2750 3930
3345 1029
3918 4418
1290 4268
2944 3020
4619 4640
2112 1146
4554 3821
4336 3890
731 1207
911 3900
190 2657
1197 2136
3784 325
2314 577
3525 3594
4163 1968
3734 181
3909 2068
2568 1797
232 3001
584 278
999 347
4311 3410
1687 3860
1736 1747
505 1614
4366 2594
1414 303
930 2557
1332 2194
196 1902
4893 2115
199 3072
200 21
3753 1582
2682 2518
2444 1395
42 4438
4622 2917
4315 3317
235 4632
2686 1474
2155 2908
4136 1830
4358 2645
1280 4870
845 3094
1813 2381
2994 513
3790 3993
1224 4048
3780 2898
4389 3397
4349 2091
2103 3914
2056 2161
2266 553
4581 581
1295 2548
707 377
3016 2785
2040 3757
2690 4218
1458 2602
4205 2384
154 4097
1794 4040
3676 278
2083 2214
3268 4324
4238 1166
2623 2103
2464 2256
2095 2087
4258 2072
3510 1558
4313 1410
1225 3118
2049 2670
2136 3285
3521 1782
4588 2736
2830 3350
3625 1481
4643 2418
4552 1715
2260 3072
2759 4423
147 4819
3559 4055
1987 3538
1304 4393
1966 385
4526 1860
105 1126
4460 1784
2494 4488
1194 495
3559 226
2364 4246
4469 825
332 392
1512 4549
300 3997
4185 1962
4867 4358
4246 481
4050 2937
3344 2778
515 3774
3962 2944
3941 4839
4052 1250
4431 1712
4275 209
4143 3602
1348 4908
2065 2069
3051 3161
652 2827
1891 37
1974 1012
886 3590
1248 629
4067 1278
2158 3036
3975 1748
1490 1923
399 1227
4547 950
2845 1156
4936 167
3482 1389
2363 17
1543 3605
1611 1521
2734 3638
2818 4946
3210 2516
1864 3320
1699 1227
4360 920
1953 4959
1776 396
3774 2414
92 3381
4033 4518
4389 1926
3750 2480
3271 3964
407 4372
442 4092
88 1309
2077 2262
950 1393
4704 875
2228 1042
1549 4658
2265 3233
2928 252
2819 3748
4202 1300
2279 2
4794 3400
1052 4444
4348 3074
2032 4987
1967 502
612 1661
2466 4162
1403 4544
783 4849
3360 2294
4749 2999
4612 2681
1209 3110
1992 262
2584 2837
1044 3961
1442 3096
4064 2869
2905 1711
3733 1347
3013 345
1034 1724
1553 3766
2633 4925
933 3809
3974 2386
4413 227
2144 4248
1668 3660
1940 1388
4367 3244
3650 1148
1825 3431
368 4986
2301 3522
3020 4451
4746 3753
4475 2491
46 1031
269 3471
34 4144
673 2249
4775 2965
726 3655
1400 4231
1600 4934
4390 4692
3683 3466
4163 2367
320 3415
4105 1757
2949 2285
3235 1069
2386 4415
2192 3293
175 4699
4191 2871
1479 1291
1324 335
4434 4075
2423 2802
2161 4488
4567 2486
4661 3138
2147 1516
423 2621
261 143
3698 1301
4246 2944
2805 3521
2664 2859
3658 514
2413 4612
4672 622
372 336
1364 203
3397 1403
75 1707
1524 30
2196 3252
39 1824
4952 2638
1852 546
4924 1735
1141 3445
364 2802
4283 3628
1141 428
1623 3419
1766 1464
2906 2804
2107 1235
514 335
370 646
2023 1603
654 293
4446 1198
2687 280
2919 2954
3416 3147
315 2050
3182 3773
1441 1151
4187 1034
1772 548
2046 1529
944 823
3026 677
2661 1921
1022 1494
2536 1257
2430 1926
703 269
2000 1248
1059 4336
4199 2360
3716 4526
3019 1860
4754 2074
3420 56
805 2707
4360 826
3232 4778
342 3784
4246 4553
2850 2709
111 2512
2139 4413
3569 3602
3258 1563
1842 1289
386 1274
125 1396
2862 1953
57 508
2013 4264
537 1468
2567 1609
2969 2481
2954 888
3856 1240
2537 3198
4036 1991
4835 3113
1764 36
1251 1551
1404 3275
2908 3198
365 1485
982 3538
965 464
204 3366
2596 1822
869 1204
2382 1662
1500 1049
2295 2248
667 4647
1659 2438
4183 636
2321 828
2690 2967
3370 307
3369 4619
406 2775
809 3176
353 815
863 1498
1913 4390
1076 4785
2409 1742
3337 1749
3183 2957
4347 4527
232 4875
765 373
1607 2169
3745 1053
4045 3372
1446 1234
1523 3265
1423 3530
1069 542
563 423
3946 1281
105 2205
1362 3730
4154 1085
4723 3826
3383 955
3726 2979
1223 349
4035 3320
1010 127
930 1131
2515 2030
585 2560
2512 3465
2387 2469
1507 3914
4246 4823
2550 3084
4290 512
1186 752
3334 4754
4071 4314
4151 3002
2140 4496
1431 2190
2589 3336
349 932
3738 2810
961 2381
2687 2259
1712 4886
1334 3880
3440 2486
4919 3353
2895 1135
3116 3626
4285 4608
4529 4063
1840 3921
1928 1280
614 3408
3708 1459
506 2117
2029 2043
306 2165
1791 4385
899 4773
2023 4879
1784 372
1098 1429
4642 4661
146 1324
456 2799
1320 2236
1874 1523
1998 2008
356 2676
797 464
2834 1508
4397 3559
3064 4670
4450 4072
2898 4414
3254 1340
1397 1589
2601 1704
2934 2688
4691 3161
356 327
4957 4874
2600 2245
1809 1495
1318 3530
43 4
107 3019
2920 2583
3216 1266
2301 4818
2908 2249
1293 2183
4150 4142
1776 1935
4762 2663
22 2295
4405 1233
3754 4815
1473 4588
1645 2178
4176 3968
2613 472
4682 4810
3814 2482
3031 2105
835 701
2153 2617
2307 1618
4786 384
3944 1076
2980 688
648 2951
3254 3343
4398 944
3147 1388
2360 3329
2938 3454
2447 4845
824 3839
1668 453
4526 7
4332 3823
2950 1072
440 2239
714 303
4059 4575
4427 977
59 2900
3265 1045
1536 2231
4288 708
1973 2434
602 4146
3751 3999
1150 1001
1045 880
3501 2316
2723 307
4213 1248
1739 1556
718 2202
1904 1617
2149 4864
2512 555
617 1011
1655 3733
2866 4330
1085 966
3925 1695
1292 148
4134 4397
1555 2672
4428 3290
1262 3272
1014 1591
4234 3474
4289 2502
234 1847
1099 293
2728 2838
2319 4995
245 3898
1360 777
2704 1895
3352 2858
3765 2169
3075 32
1572 4528
1907 1977
2262 1762
1635 543
413 692
4772 4864
3769 4392
1226 2351
243 2024
4741 4304
3575 3742
4832 621
2025 4801
702 306
2471 52
2602 3614
931 2812
896 1819
3596 1639
1272 3862
4984 9
2894 4379
1679 4634
198 1498
4743 3028
2707 665
4999 2250
4361 2417
449 2340
3414 3472
2086 2111
2205 2348
4120 974
4418 304
4444 448
3741 1526
1398 2147
610 1865
910 84
168 239
860 192
2712 306
3039 1524
1523 2528
1965 3363
3950 3850
2634 3357
3434 4666
1496 1773
3077 2690
2221 324
3213 1575
4773 2480
1440 633
4733 4215
3787 419
758 3576
1390 2076
4297 4288
4466 2324
1982 4585
122 2371
2976 2879
4 3034
2850 3023
3725 4045
2579 3741
3834 3947
4879 4289
3472 2064
3424 3015
70 4435
3883 709
2279 4767
2288 3423
4313 3932
1285 2894
1420 1048
591 2218
944 948
2354 2696
4191 1939
2117 3265
3157 2866
3409 4309
2139 1223
1648 113
1628 1603
1461 2102
1579 775
4493 4037
2777 3032
2599 1707
818 3359
715 420
3004 814
1497 3404
1394 2698
2481 334
2097 3996
3018 2780
2704 979
609 3401
4368 4776
3242 4325
203 1586
1203 3898
3946 2772
3983 2158
1748 2899
4368 3427
1109 1906
3004 3812
1879 799
3309 1608
868 836
3908 1807
4765 2383
3537 1185
1889 1398
3963 4146
3119 3615
4646 568
4563 2412
789 1562
2280 1006
2566 1773
4568 3144
4298 1292
3600 711
1686 2953
4370 1170
1305 3641
303 1892
4091 1169
3613 4354
2810 2436
646 4224
4653 4999
3064 3417
4396 1389
3143 1874
3638 378
351 1265
2732 203
1723 3036
584 254
786 4304
2544 2009
2861 3564
798 3711
2489 686
2378 2704
941 2153
3047 1331
625 4063
4083 785
1557 366
1053 2124
177 1029
3763 4257
464 2849
2511 3205
1008 722
4489 2613
4986 1641
1064 279
3831 2036
1860 2616
2943 2797
1059 4903
2106 2346
2662 3083
821 1254
3515 291
2800 865
81 4715
119 3741
3106 3002
1301 1774
2326 1149
3611 60
1211 4837
3436 3022
3132 2524
2127 563
113 1388
1857 4296
135 119
3146 4553
3058 2239
4597 1376
1918 4516
462 4678
567 2478
4657 3723
2372 4634
3661 1761
1827 2166
3020 1156
3207 2393
2507 3515
4897 1001
4223 2838
3428 4048
419 2753
2708 3751
557 167
2914 2206
2849 552
2434 954
427 4190
4193 923
4147 1314
1935 1295
3359 2309
1002 2515
2517 4097
4102 2777
99 4948
1767 1107
2925 2075
2998 439
293 330
1326 3672
3463 641
4535 1975
848 365
4760 836
2736 3451
143 2310
957 1253
3515 927
1641 4031
2581 4730
3209 1715
632 4083
2436 3294
2452 3550
2642 2779
3882 4071
3402 3416
345 1388
2443 4152
533 1086
1053 1232
101 4684
2297 2113
3265 4344
523 2573
2978 3083
1456 3214
3662 3833
928 65
4529 4133
1410 1902
4315 139
3459 537
4814 1308
1939 577
3492 729
600 2681
4751 4258
1214 2519
1848 1608
2552 2379
4878 4885
2288 3627
4693 170
4574 3627
4024 3573
464 260
3848 3834
2714 3818
4411 2130
1194 2041
1261 2816
1619 2048
2922 3960
876 2720
2934 1331
1108 3004
1371 3718
4739 4212
726 3538
4804 1378
2991 2474
1675 595
3875 942
4734 4677
286 1342
2205 107
667 4829
2820 2855
2195 410
3102 4800
3520 866
3708 4978
1034 381
3211 3464
1146 2992
4758 4527
1435 3382
4759 4253
2024 3550
1910 4609
3446 416
75 736
4353 1859
4380 2193
1478 1547
613 1431
3853 586
1175 3052
2465 3209
3488 4278
2413 10
3423 374
4318 2509
3355 1811
506 2296
883 1831
2146 882
850 838
719 4289
2338 3648
478 4345
2350 3299
3531 3520
2765 2336
1841 2367
4138 361
4929 1197
1683 458
3900 1077
1519 2557
3570 4368
4568 1699
72 3494
3673 3977
1111 2301
2739 598
4399 2090
1547 2176
1937 271
3553 840
3931 3367
4632 2948
4594 2237
3530 247
3918 3313
3035 1206
1797 2048
1117 1012
1924 4252
2515 2087
2949 4703
354 45
3821 4452
2764 3134
4545 4655
3909 4100
2946 2230
16 1297
4882 1268
1074 1110
1917 1933
1244 3674
1288 2619
4755 4984
32 255
123 2345
4265 2959
433 3024
3596 2825
16 4064
2824 2279
2903 3729
1386 1988
4564 143
2045 4595
2608 1161
3136 4836
3646 4913
3667 1401
612 968
328 3326
3473 2905
4491 3734
237 3221
2024 3959
373 2712
3975 592
2425 3177
4806 1156
4516 732
57 4179
4881 797
457 1048
2427 3521
912 579
4317 477
3376 4464
1034 2171
4935 2256
4861 3023
288 2370
616 878
4151 3784
3724 4196
3823 210
283 2132
1653 1202
2558 4717
4575 4982
3155 743
3000 2631
79 4240
384 901
304 1658
4349 2271
3314 3249
2514 2790
3881 2509
1585 2265
4987 324
1223 2411
1950 1467
3405 1916
1614 4582
4525 3209
1078 2677
2181 765
274 1912
2297 2712
1059 452
2090 3914
42 4764
3360 261
3809 501
3874 2637
377 4985
2577 64
902 1581
1088 4460
2285 1777
3097 972
1885 2574
1977 83
4707 2123
334 4853
4775 3842
1429 1706
1060 3637
1647 296
4259 800
1697 4937
2864 174
85 2409
4980 315
3714 1429
3937 3114
3848 544
1509 4432
3615 2243
441 1378
3412 3350
2290 4627
3832 4566
3999 4547
2218 1979
2910 939
2899 72
3993 1743
2006 1376
656 2651
4103 2819
422 4013
60 2015
4505 488
4781 3901
4804 3211
3344 2226
1340 1479
403 2029
2932 2178
1700 3374
2394 1494
4878 3295
986 4919
3042 2376
2440 2786
4611 2703
4744 3932
2145 1838
4082 1674
676 92
2725 4515
3984 4760
3298 4921
1517 4497
697 521
1743 3885
316 3487
4135 540
3417 1570
4098 4778
2905 1952
396 877
2815 1599
3086 467
3921 1724
461 3727
2328 1660
1412 1343
66 1775
3621 2698
3294 843
3431 2355
3253 1071
3297 2549
3770 4819
4103 244
2826 4812
2757 1588
3544 4671
4606 1688
2590 4856
1685 3112
269 2423
4126 55
2517 897
1385 1545
32 4335
4109 1118
2867 894
3677 2640
3997 3929
3509 853
3455 1469
2339 2891
552 1754
161 3654
1427 4163
2478 1971
1800 713
1513 1067
1210 1273
2149 2405
200 1686
3880 1879
1674 2652
3354 3040
3546 2465
2974 434
1033 4463
2067 937
2931 3189
3994 488
3419 4709
4506 2633
1510 3093
3294 3003
499 1712
1086 3594
2141 3340
3801 3832
1895 900
2734 3053
3889 3457
2556 867
1869 4449
2282 3638
871 3476
1179 4643
854 2038
16 881
2142 3842
1636 729
3404 4600
2830 1947
3175 2214
1476 4607
441 800
4421 1543
1382 3061
107 190
1729 4648
2642 1698
4412 773
2598 3943
4039 3746
4733 1222
698 2728
1446 481
777 2739
1544 2352
3101 3198
4945 3496
4892 4242
2089 4886
4618 1002
3019 4
869 3763
1949 718
99 3849
4740 1827
1553 627
4563 2156
1421 311
1176 94
3883 4896
744 1230
86 153
4412 1346
1841 3797
4541 1199
245 171
4144 1295
2516 1773
479 2401
2533 2000
4468 2363
2531 1598
1445 4118
4279 3247
446 4227
3640 2508
1503 3004
1974 4838
1187 833
4891 1960
320 1190
603 2608
2323 1832
1657 81
1352 2111
491 4477
4 4627
2064 2204
1340 4231
476 190
2442 4019
261 3968
2779 472
3415 3619
1628 3157
834 1548
1321 584
3520 1285
2949 4768
4863 1153
826 1870
4764 142
919 4236
2168 4586
1634 4490
429 1484
4606 218
1361 4559
4316 1855
1946 4678
3702 3486
224 576
1213 3686
1789 3764
2393 1543
2252 4449
729 2739
1091 1772
82 2044
2831 2177
4566 3058
2933 448
639 1680
3595 2736
2008 2587
1797 4824
2573 2851
1349 3220
3335 3104
2443 2817
4941 3712
2624 561
2965 1560
951 2729
531 980
2215 1017
1014 747
1908 1495
2147 749
4215 416
4183 1117
2007 4674
2255 4449
801 3470
1375 4289
3853 1474
1863 3861
4804 2528
2186 4384
1691 2864
939 1651
1506 4282
4449 4065
1251 1769
1180 583
4823 1800
433 1602
743 321
114 118
160 2952
3241 4401
2770 4605
2175 1059
2883 2789
2311 726
4018 2134
797 1474
3346 2808
1214 3129
2540 302
215 373
1436 150
1942 2070
3455 1458
433 1168
4950 1922
986 4807
1672 411
1869 3690
1355 3763
4764 2747
192 4496
1593 4138
2616 4520
4731 3137
661 1427
2023 1199
128 1377
2506 2461
1896 2479
2594 3146
4047 2818
756 2365
3564 160
472 569
1696 627
2634 4929
3001 2294
2572 2121
4040 3108
1718 2116
384 2845
1373 4627
1459 436
4397 1453
2667 2057
2071 2188
4448 688
1825 4626
3430 4862
3534 3907
3326 144
1493 2934
2714 3719
464 1061
369 2065
3627 4798
3196 1390
2877 2959
1081 670
3913 1375
454 4525
4361 2107
767 1111
1709 3252
772 3943
1462 102
2614 3415
4159 3572
3772 4750
3859 3286
2585 4667
596 4338
52 482
3800 3665
4809 1911
467 376
523 3557
1568 1416
1518 2687
1010 3
3719 2012
4170 4393
3155 593
1872 2528
3318 2814
1915 103
3901 1735
4565 2070
1471 4784
4829 3000
4027 4657
3777 4884
4750 4487
4229 1037
2245 4386
3803 2960
4835 2189
482 3909
513 2837
2587 4739
4009 3381
2670 1762
3042 4372
2536 1288
1627 3541
3571 2477
1243 4332
2711 383
3108 4043
398 4068
818 1061
4423 4843
3249 4857
3485 4468
4039 1910
2367 4525
355 2667
2185 317
4833 2720
3645 1486
805 2644
532 20
35 474
2713 1531
4800 3929
1726 951
3090 3860
4215 379
3339 3474
4638 4115
250 4869
1837 766
3322 1742
1329 924
379 3448
671 579
3644 3816
1667 1960
421 3729
4455 1789
4722 1532
3561 677
75 4158
3231 2652
1019 1709
2058 4130
2674 3700
1607 2627
3999 1279
2173 88
3685 1386
1688 2217
4315 1593
2978 4349
1483 2371
4102 1181
3395 1420
2481 590
1739 1881
2904 3084
2922 811
1515 103
2502 969
1171 4052
4117 3346
129 3184
2773 4943
3397 1466
4525 527
1658 1276
3835 4722
2139 4913
2619 3056
1211 2396
293 3018
525 3993
1809 4368
669 1754
3583 1505
4897 3070
4951 1036
4431 2821
3750 2862
3644 658
1796 3271
752 844
3719 2109
3841 3437
3202 1931
2653 2134
4887 1255
3329 1855
352 2960
4249 1984
818 442
3312 2993
1926 3105
4743 1557
2364 1632
3459 2988
3588 1393
3974 1485
3826 2690
2552 3279
2412 1468
2893 290
90 3394
3940 3556
1035 2204
1158 1825
2498 3959
2040 3175
4146 2860
1061 1288
1071 3220
1431 349
108 1376
916 4375
4887 2076
2871 4078
896 1277
3402 2555
1774 948
4129 2942
4120 1081
767 215
2466 489
233 793
442 4748
1307 3223
1214 3440
3607 2265
403 1819
1088 2277
1703 4917
4948 52
3169 202
2257 107
2020 2265
1599 1632
2781 4344
4568 4401
4346 3122
1163 2360
1043 3362
1096 2834
1825 2093
1847 2616
763 1205
152 4591
4736 3521
2881 4565
2723 4488
2954 67
1237 2401
900 2347
2728 2941
1459 3332
3986 2915
3072 1284
3320 4402
3773 1466
570 4768
4188 3040
4776 3765
3741 1690
1556 884
2293 3553
2356 2375
507 2044
1604 638
144 4138
962 3204
3485 2164
474 1878
2262 4650
102 4950
1828 4793
2854 3937
2600 4227
1792 2584
4635 2167
3312 4237
2021 4158
4686 2239
2677 4841
1755 949
1911 1087
2616 2529
1071 211
2620 270
4384 1283
3993 507
2925 4939
4275 17
2020 1247
2898 4461
115 2197
2257 4620
3857 4989
187 4292
3385 3664
4157 603
1251 3906
2223 4673
3492 2732
1547 2330
730 767
884 3859
2298 3397
4757 1823
2076 1121
1088 2870
2302 376
3097 611
754 4477
2685 4568
1532 2020
1221 3413
3159 129
2136 2047
1686 2748
3997 4718
1624 4176
1026 1397
194 1881
1206 1210
4361 2650
1 2832
1946 1013
1784 3688
4150 1150
2122 3390
1397 4433
4172 2547
4675 1228
2699 3796
309 2375
3852 2676
1818 4567
600 4282
2486 4053
33 3969
3070 1049
3310 144
3234 4644
809 3303
2709 2065
4032 2645
3666 1718
207 3067
461 4898
4612 2702
2522 4583
2154 3781
2150 4915
122 4824
4321 1843
750 52
740 1360
276 4922
1425 4085
2784 4336
679 2336
3996 1316
3476 2098
2130 1252
1670 2149
3001 1896
3086 4970
2178 1546
2327 304
4246 3803
930 654
2052 1058
1138 3333
1321 3665
642 3153
4272 556
4267 3653
3017 2529
2659 3212
3349 845
1107 561
31 1592
3517 836
129 2139
3988 4879
1569 3800
600 4397
1528 1197
4782 926
3198 4898
1635 4035
2029 411
2277 1333
2396 62
1310 4013
4962 1673
4424 4714
4226 3665
3791 316
1751 763
2822 658
4534 336
2069 3069
2002 3834
2808 3783
1973 144
337 2295
4850 3072
3574 2703
2248 2239
4785 2791
1310 3299
2996 2219
4984 2009
2322 1961
1777 695
107 575
3256 3859
4200 4241
4333 1045
3125 25
3343 972
1194 496
3609 2016
2337 529
3466 974
1083 1528
4163 2148
3187 1560
4925 3949
3031 3018
1290 2118
4860 754
414 3352
1848 1661
4814 3817
1734 1189
3259 2556
1716 2076
1453 3321
581 2383
1680 1281
2514 4692
2858 3804
2945 2097
3465 2572
40 3666
3034 1999
1091 866
2512 4430
1942 398
2310 1580
3838 893
4968 28
3800 2695
3510 432
4911 1070
564 941
4226 2062
2936 488
1371 2675
1637 2516
43 3827
3924 1068
2023 2777
1689 1233
2305 613
112 4240
2711 1736
3164 1852
1443 317
3237 3928
2718 637
899 2705
3781 897
4531 2115
698 2935
4058 4716
167 3274
2887 1733
524 4198
4354 3379
368 2993
2148 4963
4950 2843
3111 1547
3227 1105
1213 2181
4428 1912
304 2799
2794 1462
2307 1170
3535 719
3470 4248
3532 991
4586 2639
3714 645
4837 4458
4445 919
4341 3418
2390 4952
4620 3832
4765 4227
996 4548
2506 4701
3908 1434
1017 3120
4186 4677
4082 2696
158 1205
954 78
4445 3991
3755 4076
4251 3704
293 3169
235 1201
2036 3878
1856 987
1372 1601
3923 2188
3380 1227
2113 2487
4820 19
959 1569
1246 3803
4741 172
3072 2961
3533 110
911 3264
4447 3337
847 240
4640 26
4301 4678
3786 2966
1203 3098
2805 4421
1517 1749
2267 4610
166 580
4159 4553
1281 192
3295 2324
4063 4959
196 3443
354 2397
337 4977
535 4084
1851 1862
1547 1868
923 990
3267 1042
650 4810
3139 375
4368 2028
2211 1973
840 772
3851 3462
1395 527
2303 4436
914 3607
3366 1284
645 2592
3008 4517
3396 1612
781 1983
3165 1728
2720 3406
13 2651
829 1601
4672 360
2782 2466
463 4172
2367 3521
3469 2175
718 1018
2598 2222
4529 4921
4132 2588
4794 220
1157 1849
2907 3014
1190 4017
1207 3193
4178 4808
1184 208
2429 2500
4841 4665
3489 3641
3843 1497
3290 439
4201 68
3897 4825
2724 4253
4703 2277
1559 1920
2195 1158
803 2759
4382 1233
3827 4825
3155 285
3991 1319
1523 1799
3208 1539
1770 1525
303 528
1433 3877
1597 4526
2207 4551
99 4324
3858 3011
1482 4366
2697 3574
3680 2183
1557 581
4001 2858
2441 480
554 3191
2710 1705
2458 1456
1597 3669
2932 198
990 4077
288 4614
3683 409
4213 2919
3548 3460
552 4998
1204 723
1461 376
929 3064
2292 648
3916 3358
4660 301
3696 714
1327 2374
1651 3084
3885 4461
4072 3068
944 1205
3456 2594
1278 3371
3656 2719
188 1947
2342 442
4106 1059
1617 3293
1899 1646
3494 1415
577 923
1172 2066
2426 3317
803 3632
4835 4087
637 3992
447 2332
1293 688
2366 3322
3748 1251
1422 1681
4094 1231
3506 4414
4556 2527
196 3129
479 313
3466 2511
4575 4177
453 1207
2633 2562
3151 631
1734 897
1248 3227
491 4375
3642 1843
992 1799
3400 3131
4027 3615
2573 2083
1523 917
2208 381
2501 2478
4636 120
4959 4325
120 1311
1876 1124
4124 4455
1969 1830
2048 2730
4384 1572
642 1294
478 2289
2199 2652
2763 3235
1421 2750
2976 1963
2500 985
2247 4358
4799 328
4796 1112
4778 1794
1189 4531
1792 2822
418 814
374 3945
2350 983
4534 4703
4181 2646
2682 1779
2103 4619
2781 3557
4406 2677
4696 3068
3689 3264
1792 154
451 706
4235 1969
4003 2402
2824 3678
79 3699
1632 1893
1973 669
3588 4386
470 235
2705 2607
4274 1917
2962 1908
2791 4490
796 2212
4438 2003
2030 3503
4682 3519
2153 4436
4361 4722
4886 4064
2132 1453
4588 3842
912 1078
4163 2518
4573 271
1404 1248
2387 3690
760 4771
4171 894
1700 4750
4371 2865
806 1116
3033 3668
2470 2637
4871 4910
3756 3194
3660 731
3433 4663
374 1139
4274 1014
2921 4161
664 1889
2141 468
470 439
1126 2468
1132 4571
2188 2635
1803 4177
595 3649
813 4110
37 4867
4504 1407
2407 735
4591 2234
2728 2544
2389 4054
4448 2537
2165 4367
1591 3355
2619 2968
3057 3344
503 1052
957 521
344 2605
4994 2607
564 29
3710 1116
1560 1028
1192 4815
3891 3116
4311 4202
3667 3880
3218 1599
1992 2857
3384 4748
4830 2352
4338 1450
341 2629
3082 4746
4119 3835
1993 2743
4286 2765
256 2905
1956 4380
3577 1389
1978 340
1090 1411
1031 704
3635 4280
21 2774
2047 2422
4354 3865
736 1546
1040 1731
4252 1635
2592 1414
1572 1085
2028 3098
1092 664
1137 3220
2918 3960
341 414
1533 1865
2786 2779
2566 977
1241 1211
905 536
1587 2918
450 1019
2335 1310
1714 1754
2498 723
2559 343
2532 4832
2557 2742
3221 3976
250 336
534 4601
3828 3530
2405 796
1294 2881
1406 2584
3771 1472
2314 1603
1734 2590
682 4125
4883 1855
2890 2388
3527 4775
4450 870
1714 1008
3757 4636
4285 3052
1855 1638
3316 3041
3692 4229
3467 1394
268 2892
917 2225
1627 3848
1642 3543
4851 3595
1312 850
1691 3260
3476 2937
2947 1676
1647 2365
444 4350
1981 3729
4297 3111
3579 710
2107 1058
4120 154
1940 1171
3357 3292
45 4354
379 1684
1086 4812
532 4370
3829 708
2275 1838
3381 4094
3908 4388
3550 727
774 494
3173 4468
275 4086
123 4842
2874 2564
2073 1994
1489 1349
2199 129
2872 3380
2806 4329
2624 4384
3083 3566
215 3005
701 2501
4254 279
3099 2399
506 2696
4072 2390
2665 1735
823 1123
3065 3098
2014 1886
3443 448
2363 4432
983 1422
2322 502
735 1038
4636 4249
974 215
1226 4565
4658 2482
4391 2372
4368 4576
1133 4857
3915 525
522 2403
2303 2037
3235 4404
2441 4950
2060 689
2848 4218
3899 3914
1627 1006
3081 875
3259 2480
3303 4582
3515 2350
1284 2991
4511 445
4795 4192
4502 1372
2070 2166
2916 887
1067 1108
2952 2988
3549 1716
368 2335
922 1744
3325 4969
317 1480
3328 4056
265 4004
4621 4026
3435 1834
4047 4111
3520 4605
4438 1807
1345 4574
1951 3401
423 804
1492 4734
4168 1182
3282 4951
3673 182
1491 2995
2624 2184
2006 3042
4971 1430
4345 469
1075 4538
3105 864
204 2018
2070 2141
3846 4572
413 4134
1889 1240
1879 1183
722 3436
3255 4021
1379 153
4241 4179
546 4303
2635 4699
1677 3125
3146 2554
2269 1985
1546 4597
2051 3347
3709 2557
111 160
3060 553
2567 1335
1517 884
2422 1883
3131 3969
4608 3346
3835 1835
1595 4377
1170 649
3061 926
4543 462
197 1733
778 977
670 4282
1466 4814
1459 2455
2403 1853
4552 3054
4713 640
961 2215
1882 1794
2761 856
2376 3340
4514 1576
1527 741
1709 2570
1751 1051
357 2709
2916 4681
2543 2425
1694 1536
2683 258
4119 3937
2677 4704
2376 4979
1767 1921
1103 1343
606 1817
3082 2411
3724 401
813 4368
4099 2503
3120 334
1301 760
4001 1317
713 3934
2251 3771
1969 3344
851 4648
1659 4786
1036 1105
4191 111
3329 3758
2599 1620
3444 2963
3719 140
3518 1668
4697 1216
388 4350
2803 4400
1676 4846
3787 972
3519 683
2327 1053
787 2511
2181 987
4439 4876
875 4088
3180 1927
2993 2571
203 1626
1369 3590
860 1921
2722 1819
2987 3342
3878 1666
3741 4120
1162 3471
663 2882
4201 994
2784 1171
4169 291
3720 798
1289 3014
2177 4143
4777 2634
4706 3239
4392 1699
1980 4757
3533 4332
490 226
4122 3850
4128 3059
1461 1747
2315 2644
4470 595
2707 2266
572 4900
1832 1320
625 3270
3006 1552
4402 4469
3438 3730
3224 2588
2250 4311
1399 205
944 69
2743 2403
2679 2580
1499 3946
1835 1942
1295 1915
3167 1334
4557 3280
1516 4502
423 308
3148 1590
4001 3863
4998 656
1395 3060
753 2257
1547 2526
1966 1844
3040 3289
1877 3651
1209 818
1997 1267
3191 1487
4645 1488
3593 2569
3541 3612
4998 3829
2983 3020
1083 1604
417 2730
2991 1865
2955 4189
747 894
2034 2373
346 3577
667 246
1358 2227
1814 739
1571 4193
1794 2910
1186 3239
4920 992
1442 265
2284 2668
2989 449
3640 3588
4460 4007
2746 168
1238 1698
4894 1148
4418 3916
1647 506
3390 2102
615 920
3968 465
4445 4367
101 2419
701 1268
2679 4826
3895 3959
3697 935
1180 3290
1794 3968
2432 4599
4696 323
2749 1700
1886 3533
2583 1870
1514 257
870 2996
1940 2667
3340 4258
2043 2614
4275 227
273 1191
3484 2372
548 756
723 67
2268 1789
2008 3910
781 1418
1288 4957
2788 2257
4747 277
4538 3907
3514 3591
475 3588
3388 3947
3571 1326
389 3641
4033 701
386 670
988 634
1131 2742
4662 3595
4448 1760
3203 4575
931 47
963 2450
3924 1995
171 4465
4824 2142
374 1259
4256 1509
273 3286
2213 1903
4524 234
1000 330
4096 3262
1869 3789
3174 4027
2590 1390
3071 1259
3729 4756
429 1895
3295 1337
3754 2671
256 2288
4003 2963
2017 3820
4959 2807
4710 136
545 1340
3212 1908
2653 302
2569 520
264 3368
2809 3107
4184 4910
1974 2572
1226 4294
3334 1199
185 1270
2997 1538
3579 704
2146 2659
260 3587
4005 2227
2088 1385
3550 2944
1486 1015
658 1715
3165 2865
0 4282
1411 2640
4339 2600
1793 3476
284 1473
1851 2101
4303 689
512 3094
4085 4537
182 4135
333 3607
2197 4483
1083 3630
136 1232
1209 6
694 352
3469 677
2324 215
1759 2325
4166 4947
1014 4678
2580 3711
534 1483
1942 3918
2923 4507
1334 1555
433 1969
2367 4801
2618 768
1002 490
4641 3214
1640 3978
4490 634
4238 3561
623 4613
4688 2119
2028 155
1510 1806
4373 1629
3823 824
3018 1852
1596 1553
2298 3644
3944 3559
3072 2054
2236 4779
4259 3966
4666 228
2805 1871
41 3156
3979 4354
2261 1391
415 763
1068 3301
3202 1938
3156 1901
2989 729
344 4741
4779 3225
1557 4113
634 4891
4710 332
3997 2258
2083 3202
4470 534
2495 1012
1661 1100
3933 232
3817 3492
1690 4099
3501 923
1019 3137
2475 893
206 1563
3016 1171
1861 4483
774 3063
2823 337
3444 479
4514 4277
4398 4932
579 1023
2686 3316
2963 162
4985 2085
4956 302
4780 483
2471 349
4233 2454
3763 2151
3435 1656
4858 3854
2570 4558
678 1608
4806 3351
1781 1004
697 4919
3218 4272
865 3660
4271 4558
943 4637
4844 4570
4555 3993
3735 1927
2313 4893
1799 3158
65 4060
193 36
4681 2631
4151 3114
4902 4747
3196 1928
1942 368
1861 1265
2790 436
3688 4124
894 4075
1611 1334
3584 757
1834 2904
3352 2561
832 4192
2090 3867
2999 3075
3640 1053
3970 1052
3409 1963
1830 897
301 3102
3951 2839
340 4890
2409 1451
1868 1082
2553 3163
1969 3344
3801 4002
3298 1589
4043 1225
3077 3574
974 1193
3700 615
1579 1781
725 4534
895 4149
1217 444
3595 4416
3540 2121
4466 4483
3322 2682
0 1773
41 2790
1982 1299
3798 3219
3112 1449
1387 3875
3550 4006
3570 4246
3225 2013
3593 3223
1297 1059
911 3894
302 1118
2777 630
158 4626
918 4023
2263 383
4774 3028
3853 4939
4622 3545
1229 2696
4956 3305
4326 2217
1057 328
877 3549
600 2735
778 1519
2035 1181
2104 3845
3731 4711
4318 1081
4258 3888
3970 1316
4814 4740
3022 569
4613 4441
3170 3933
1358 4356
307 1495
1179 97
1758 2128
3572 2317
3993 919
653 2162
4415 2585
3780 4296
3899 4313
3560 2734
1146 3664
4484 2815
3261 2791
4472 1093
722 734
1344 840
1770 500
3149 589
379 4100
617 1739
3405 2690
523 1692
3930 4869
1363 4625
4399 1840
4339 114
2013 3978
1800 1154
978 298
808 454
2759 1749
3642 1302
3633 1197
152 2733
2915 1781
1987 960
2958 1864
47 1466
201 3946
4195 4396
3624 2479
519 2256
1323 4613
1085 226
4801 746
2223 1852
327 3306
4694 2815
4951 3856
898 240
3497 1117
2100 269
4150 1000
1251 398
3567 1792
4563 3576
2238 3094
1286 1085
3502 3403
1244 1529
3282 1749
4430 2097
3288 2019
3231 4255
388 796
4441 1668
1921 291
3647 1285
2012 328
441 2753
4956 3678
2396 657
1073 3645
2255 167
3456 2417
103 3548
955 3131
4975 2433
4137 2386
4777 2751
166 1150
3202 1000
3906 2336
49 1754
693 4276
3099 3739
3429 1527
3306 1421
1629 4054
2789 1641
4814 517
1710 3727
1491 3357
3291 143
3409 917
3070 1675
4924 1761
2659 2223
1566 4100
164 3961
248 2664
249 3794
1169 4238
4892 434
3045 3907
3021 4661
3829 2888
1521 349
3854 193
4430 2076
456 4998
1068 716
577 1326
1650 2198
1274 170
486 2952
105 744
4966 1568
4679 3610
107 4787
4254 1386
4161 4221
4591 1625
4905 3672
2972 3437
2983 4761
1931 2744
2631 1208
4741 1965
3678 267
1010 672
1395 4488
108 177
1359 388
1232 4471
2453 4280
4951 2891
4146 59
461 3388
3913 473
2255 630
4101 1193
2984 1904
2208 3476
64 2442
2454 465
4001 4206
238 4925
992 3486
4999 2016
1574 1020
1320 1168
489 3307
2063 4630
4116 621
3800 2210
4309 2435
1765 3738
1837 1020
1329 3802
3306 690
4588 2421
1678 3852
949 366
4497 2012
967 3200
2898 551
279 405
4392 3545
140 2544
1785 4294
2786 4524
4268 4272
3105 4519
3761 1978
2151 4018
2704 1488
3138 4457
4929 4941
2416 1051
3020 2416
4443 4433
3588 22
2862 3539
4077 782
3943 3679
4935 304
3679 2032
4533 2860
1654 2692
3262 2864
3206 4864
3473 1287
4448 2396
4534 4216
2575 1318
2826 2004
4712 714
3998 4978
1359 4766
764 2699
244 4627
2494 1228
347 3508
528 2031
2923 1405
4273 1797
3652 4600
3835 3478
1148 4212
1957 1040
353 3368
908 1451
4443 1938
735 4764
4204 4380
1617 3426
39 436
3508 4049
1501 1122
4141 508
4499 2045
3899 3438
4216 4455
4629 2857
2943 2939
2622 252
1433 4858
1322 1162
3358 453
3815 3241
3285 2260
1907 1573
3255 2041
1696 1826
4867 1636
4513 3663
815 4084
1789 3816
4697 3346
2704 2685
655 3310
1233 4613
2026 4255
1767 4806
3454 4986
1407 2525
3313 3288
868 3860
4766 3481
521 1431
1763 4296
2834 309
719 2403
1630 1439
3255 3965
4926 1635
1206 3641
2458 1720
4907 127
188 4985
2488 2100
1707 2251
2370 4786
716 1764
1694 2760
65 1646
3856 2888
1801 460
4713 1432
470 1996
3702 2191
2765 418
4835 927
4074 2902
4288 2711
2224 2970
4859 1908
4412 521
4103 1083
714 3112
799 586
2065 2554
3061 1950
146 2706
3017 3469
2390 3957
203 2142
1672 530
2938 223
2878 2861
4736 4192
3733 764
811 2717
2755 2974
1087 442
3153 4396
1668 2970
4068 2558
4040 741
2458 4350
4220 1096
4418 4650
3724 3004
905 932
882 2160
1333 2161
4332 345
3206 1902
4068 4816
1781 2036
2075 4371
2159 1681
4800 4934
2343 3220
1526 4303
4444 3282
1732 4467
1417 1898
1285 323
4439 1594
497 1540
1535 836
3434 1545
967 4702
2274 951
3214 1254
699 576
250 2471
1478 1584
1440 904
2724 538
505 1504
4666 2914
4637 4261
4879 3338
4562 3179
672 2471
2121 2521
1020 1939
391 3181
2064 2013
2508 2824
4565 4181
353 3499
4302 1460
753 286
851 2016
4975 1826
3445 1564
3288 185
3124 3050
1772 1261
4441 3248
1932 504
4378 4921
4713 4509
3130 3582
3819 1996
4081 1212
826 919
2756 1058
1017 573
273 3644
2905 4185
4851 4006
2216 277
1454 1492
3670 1933
1214 3922
1619 1285
2495 697
4008 2110
4393 2801
4085 4178
1125 1159
388 3592
2474 3230
4047 2831
4867 1884
526 4848
4069 2399
3745 1446
1437 4821
1710 118
4398 2557
3478 3766
1534 187
3354 4592
4451 498
1647 4702
2622 4454
1581 2605
1432 1787
3947 1135
989 2778
3507 790
2893 301
4599 977
3312 2091
2373 1324
2844 2546
1597 3716
341 676
3061 4539
4614 3809
1453 2942
4398 3530
4831 2166
4984 4238
4021 3134
3678 4015
4962 639
4030 581
3005 3284
2995 4522
3857 4751
1985 36
2397 3977
3922 2087
4918 3615
4014 1977
241 2762
2366 4874
2621 1047
3224 2809
2996 2532
3639 2374
4719 124
307 1679
2583 1700
132 1798
4265 1762
3190 805
4721 2545
1941 3815
1159 1030
2814 1877
3661 1200
1829 1645
2998 2185
4552 60
805 3773
1764 2234
875 3495
1702 3637
1270 2638
2042 1307
2968 2169
4140 1016
4373 2347
87 3018
2191 4919
1938 1533
3848 1957
997 3486
777 606
677 2360
3850 700
4293 4129
1688 2646
4791 1188
2138 2531
3250 1673
2687 1018
3084 2151
3786 2375
938 3094
1948 1170
3812 3323
3165 318
3634 1300
2959 1583
129 1454
3044 4850
4486 308
679 2727
2940 4061
4689 3544
1115 3439
1849 3131
390 2103
2439 4339
3892 1083
4697 3120
761 1296
528 2894
2177 1566
3732 962
3110 425
4636 3524
1497 2841
2745 2046
4538 195
1731 3180
3829 1364
2489 3779
2026 1469
393 169
4821 4348
902 1688
3277 2563
1334 550
421 3191
3723 4340
1430 4601
3500 3963
2501 1527
2885 4500
341 4447
3438 2196
2113 2608
4211 4467
4615 29
2218 3306
56 331
1548 4381
4434 2538
4662 786
3934 4840
4758 3620
3781 3991
1901 4977
1774 4667
2185 4273
1316 2390
3630 3688
778 2501
125 3511
2873 990
954 3581
2070 4252
3151 2299
2171 46
426 3794
2985 64
4380 3286
2629 191
1571 4530
3812 560
2339 2193
4525 4746
981 4788
44 472
28 2449
4514 1820
1376 1025
4904 4255
1101 4710
355 4657
1622 1888
1636 3403
4560 3851
3903 4158
1845 3048
4323 3359
4333 1266
2040 664
2951 2537
76 821
3816 1285
3271 1937
4703 1146
3985 1751
1710 3792
983 1295
1798 1954
4087 1797
1328 4610
1279 1036
2642 2261
2987 1679
2109 4571
759 2608
432 2455
861 23
173 4939
445 3952
4005 3245
3758 2733
3234 1900
1015 3712
3845 1589
4948 778
1377 4353
4060 123
3781 1957
4889 252
3426 283
4862 1133
4959 734
3661 875
1474 4698
965 3595
2373 4551
3172 3366
3827 552
809 2915
3967 4380
2577 2260
1328 4365
246 673
203 1886
3093 4374
117 4370
2787 2655
3602 2239
2298 3659
788 2092
4540 2894
871 2309
2937 4410
4891 3472
4137 4033
1447 3358
1665 4350
2322 411
2123 1348
502 1887
3883 3791
4194 4961
4653 356
3854 3401
3908 194
1301 580
3578 544
1899 3914
2597 4777
1332 2732
3764 553
1309 2100
4972 960
4559 4982
448 1134
3512 2330
863 575
1247 3024
3012 4842
1318 4102
1086 3179
0 2505
2186 262
3433 3335
4205 2280
4737 1112
1351 3169
3563 22
818 3934
367 3361
2222 4536
2166 1571
3273 1859
49 2359
1782 1629
2653 3408
228 3208
756 4879
2924 4007
146 882
4458 576
4978 3718
2555 3562
2373 2573
250 4359
4280 1623
1381 3534
3501 3910
3689 4191
654 658
1798 419
619 2270
1024 4207
4645 357
1732 3330
3276 600
509 3311
1012 741
2136 3352
2195 3596
3729 1186
614 1142
1771 373
2667 2670
2194 550
76 1094
3038 4244
2345 4761
3373 3567
3264 247
4203 1031
2285 2560
4988 4573
3181 2956
2528 4502
728 3024
176 3202
2665 2146
1361 4467
1830 76
4074 1136
4405 4482
697 1829
4027 1025
1868 4738
115 1534
2801 2110
2188 1278
88 3834
1111 2707
4005 811
2418 4980
1354 1623
3151 351
3784 4297
3365 284
2280 931
3998 2295
2511 4589
735 2315
4828 1696
1072 4254
3038 160
3182 1770
1464 896
2359 1311
1293 1981
1175 1235
3844 2292
4469 4122
1035 925
1271 1460
1896 2455
2033 4370
1419 2514
3102 2160
2054 3094
4835 1035
4758 2901
2432 2134
1414 2669
1807 3573
35 3996
691 4383
3923 1443
4853 825
3932 4394
496 4051
4133 1332
4525 4536
4760 787
2682 701
929 3933
429 3728
2656 226
1572 1734
2818 4991
559 4173
425 4513
2680 1175
592 4425
1727 2443
3378 653
3049 4505
3336 1288
4901 1883
3360 2923
3523 3167
2234 1303
4948 1830
556 3859
570 1147
4094 3054
3813 1879
1520 3528
4648 3346
4937 1592
516 2853
1127 4911
788 3487
1047 4068
3541 1795
2602 470
165 389
1220 451
2467 4115
1434 1721
2750 3119
2622 529
2993 413
4809 4967
2183 4099
4690 1625
2584 3296
155 4459
4810 1738
3540 3120
3802 1807
3255 1028
1954 632
4780 1691
1255 1094
2998 4409
863 210
1167 3687
2384 2817
3438 2238
1441 4820
3388 2152
559 1450
3210 3892
3254 1784
222 4622
3593 2020
2038 1496
617 2128
199 268
3429 1434
1575 4584
2573 445
1425 2931
4019 4705
4029 4712
1201 4691
2135 1998
3953 4935
3304 1175
2954 878
4214 3142
1742 761
3207 3897
3609 4009
2671 4800
1507 3810
1396 1939
191 2155
1375 4502
3386 4724
4536 2139
444 7
356 3182
2813 959
4645 3125
2966 3175
636 4401
2823 1427
2784 2132
1128 1980
3187 601
1176 2323
4063 521
644 4530
4696 119
1473 4461
1525 1466
3081 3526
552 3609
207 2749
501 1632
253 567
1068 2750
1932 3811
1720 329
1253 4481
4340 4962
3963 769
1464 2337
3297 4169
4368 2083
2152 1082
482 2558
3668 2977
1386 3893
168 944
3361 4247
784 4882
3612 4583
1596 1346
2836 2004
1543 2414
2625 147
3644 4141
2718 1667
4176 1066
4290 2116
3499 940
387 924
2335 4057
4071 2552
3473 1591
4241 4200
1180 1186
926 78
3556 160
2843 4709
3163 1084
4743 1036
773 4961
2917 3615
1830 4277
1242 3436
968 862
383 2729
40 4746
57 1601
1589 2317
3905 1446
4294 721
3663 661
3917 2710
1781 1093
4541 2125
2761 1814
4099 3629
874 457
3476 1607
4851 2068
3032 1977
3750 4104
1351 1550
3527 4823
76 1197
2892 1397
4298 2582
3400 82
3110 3643
2530 4768
3047 3386
4664 4077
805 1139
1761 1592
4365 4179
931 2718
2357 3823
1022 2557
327 2165
4601 3407
3825 4605
2904 2454
674 977
4502 2769
982 3024
2296 2816
3043 1152
4112 2930
4049 1247
3537 3207
2824 441
3957 1789
1493 156
4823 2943
3480 495
2782 1190
2826 1507
3003 1876
2860 1416
2274 4165
161 3008
1038 2685
3774 2660
2711 2899
1944 450
4847 4253
3322 423
3566 454
304 4170
4162 1339
2995 2413
3020 3437
2649 4665
2651 33
3474 4627
2317 4613
4695 24
2881 3685
1709 3758
1469 778
1622 2933
3827 287
2963 1595
4600 2233
1155 4095
4796 1876
2944 2324
4532 3111
3008 4020
76 2777
2720 2892
4530 591
3181 3037
3970 2866
1721 501
4552 1922
0 1102
948 2433
4975 4915
1780 3403
4178 3511
2016 3126
4710 1045
1118 2343
642 3491
4287 1823
2465 3812
4847 4487
1475 4256
46 1527
2716 4081
137 2032
2722 663
994 3945
239 1679
4693 937
1366 2093
190 643
758 3074
3284 4535
2628 1245
4505 2730
3410 2625
3293 19
1539 107
2832 1057
2456 1153
1750 1101
3712 3174
3339 3076
2115 3754
2378 1364
3587 173
4728 1669
3816 4556
1080 3456
3028 422
20 2659
4956 3719
4569 1863
3863 1404
4127 107
4258 719
2758 2342
2899 1414
1150 4080
1257 1522
597 3225
1031 1034
991 3241
738 436
3453 4951
877 3471
1116 734
751 4452
4863 2715
237 3059
3080 3688
1195 803
4616 256
2 4684
4069 1335
3232 1441
2642 977
3588 4242
3975 3507
2314 3301
754 1659
4685 676
1215 4856
2219 3703
1493 4932
581 2988
188 4243
994 4340
916 823
1880 3382
1465 3769
4721 694
1667 982
950 4549
2901 1866
3250 895
964 2490
4606 838
4680 3578
4401 1106
2968 475
1964 3971
1645 2310
3385 4093
3955 4375
1076 250
1208 1891
1128 4310
3396 2906
4401 2925
2146 3971
210 4006
472 4521
4597 1673
273 3619
740 198
261 4441
3339 3860
1984 2502
1693 2945
2152 1353
3508 3107
1727 4726
922 1902
3264 310
1217 2425
4995 3220
399 4577
2033 219
1586 2465
4058 4865
2564 1600
2679 662
2352 3944
127 3874
3693 1820
2341 1421
2558 4077
596 3118
4439 3486
3914 1326
3685 3215
763 4269
1759 3451
3605 4813
2191 565
3920 1952
1632 3093
3977 1999
2549 1366
3507 659
4008 3600
659 43
3803 3402
4165 2839
1320 4347
664 789
2902 2253
483 1514
2648 525
3990 2378
4700 2704
695 3928
2152 636
261 227
1311 352
259 3319
3114 3242
11 96
2689 2095
4825 409
4038 3526
2509 4834
3368 2396
2748 780
3723 4455
3074 4719
2674 2879
455 1940
3171 4177
4160 2690
2410 1385
3853 4778
3438 4124
3230 2048
63 1186
690 1827
4149 615
3603 2192
975 4303
4763 2265
818 2420
4145 834
4668 1343
513 1422
3075 4857
861 1362
4622 457
1641 4271
2894 4986
413 612
1895 4082
2744 4392
3246 938
4825 242
3845 2691
1958 3407
1778 4269
689 796
4114 2681
3785 3466
2043 3744
2919 3264
78 2923
405 492
2527 3538
4953 1925
2559 2902
1347 3319
4742 4193
591 870
344 1521
3252 4259
3576 2457
2663 567
4042 1896
2255 1977
3075 3059
1531 4193
1257 4591
3327 4154
3002 3768
995 279
4175 381
832 1039
3946 558
3232 4870
596 438
4897 74
2924 669
1665 4299
2117 924
2469 3584
3014 680
3527 4527
4464 4774
295 178
1395 2708
389 49
1776 3319
4803 4296
2873 2714
3028 146
1421 2728
4637 4153
1083 3850
3984 1911
2346 3328
4257 4400
1162 811
56 1460
51 4065
2336 1928
3971 2028
3556 3304
734 4057
1271 4198
4495 2750
185 4064
1024 3328
2562 3292
2566 2772
4544 4538
4011 284
223 2271
812 3501
2850 4836
4606 3290
4604 1049
3684 4490
1202 179
1031 3177
2470 2138
4038 305
4910 2288
2777 2753
3286 1441
1113 914
4398 4234
671 4434
2513 2002
1047 1861
4064 4666
1345 2485
1995 403
3419 258
843 554
3890 4774
833 2010
793 1922
3513 4013
2437 3610
1259 3802
4691 4479
2521 739
3848 438
3395 426
1190 2186
823 4346
2446 4428
4386 3933
516 845
4588 3291
3067 2360
137 1472
4605 3161
4930 4155
4121 2872
1099 2338
4854 3637
3478 2896
2947 2894
294 326
1411 1914
3237 2785
293 4758
2150 2425
1432 2372
695 4303
4916 3227
3245 3354
979 3574
3886 3610
533 2735
4102 4320
3114 939
2118 3515
4494 2739
3932 4352
3439 1603
4724 2310
3901 4545
1920 4956
3791 682
4867 590
3939 29
1304 1393
3279 4598
329 4195
4746 47
3991 3081
3393 4608
3304 4890
229 3267
3553 4682
1455 1137
198 1240
1743 588
1811 3092
4601 1789
4753 547
2991 4685
1106 4818
1504 1092
2996 765
1509 2337
1883 2195
1098 2524
3273 2915
2885 3121
4356 1067
477 2121
4516 78
4554 1793
893 3397
4152 4543
3505 3715
108 2200
4945 1309
3985 906
4666 1119
2870 3299
3625 4217
3846 3699
2139 242
3572 227
1955 3775
2702 1751
2650 2463
3185 957
2493 1912
4807 598
731 2408
768 649
2788 1356
204 1880
1176 4235
2095 4773
4497 521
4268 4915
2358 4536
2433 2702
2288 1796
757 4652
978 1990
4957 1154
1840 3754
4023 4732
3329 1251
2407 3596
4715 2181
2278 2914
2334 32
1468 4994
813 3608
2096 4988
1844 287
4707 1177
1115 1345
201 4860
4369 4393
3941 4956
117 4005
1680 995
3889 4524
2903 3196
4837 3701
3322 2934
2158 4917
3872 934
2901 4354
4224 2503
3582 838
371 3091
3662 4958
2827 3019
1589 3834
4980 4767
1400 4328
3798 2026
3791 1734
2013 3973
4233 4816
946 3738
2852 1334
1619 1086
4338 3477
4743 365
33 261
1463 1089
1082 1
1444 2190
4694 3649
1185 4989
4478 4619
3635 3180
3620 120
712 950
3477 3411
2428 3315
2512 3046
4503 1739
3884 3120
747 2191
4262 1548
660 1959
223 4919
3509 2300
2780 1374
3323 3183
4216 3392
1215 1049
4490 2772
1153 2990
2905 2298
3051 1861
4012 2454
344 1955
621 3429
4639 339
3720 2679
4501 1104
4586 2887
1759 1420
4962 913
4088 2239
462 2248
4734 2033
4558 3823
1123 1415
2839 4350
4433 4110
2120 322
1982 2046
4639 4036
1073 1867
3054 745
1009 1380
4458 510
1794 4523
2817 3101
366 1630
3 1351
4244 398
1842 127
4566 414
1897 4955
3779 1029
1588 693
307 3056
3051 907
3949 3938
4062 2217
2398 351
791 1117
2758 4042
420 350
1579 4289
1040 3974
4140 1717
396 1814
588 981
2621 1354
929 1439
4253 541
2753 1742
997 2482
1747 4025
705 4218
4875 1528
744 2061
4345 1753
2175 4708
2100 4478
3830 1234
2320 4261
2643 1172
2968 2053
4844 2487
4448 2895
3957 2245
2840 4673
4091 509
3132 4046
1464 1509
1437 4000
2699 1640
1567 1064
1073 2977
2979 2611
3477 2187
1034 2377
3416 938
229 4946
4212 2344
3872 946
4361 1995
3427 4752
1987 1017
3325 877
1903 3775
2850 3807
4382 2
2185 931
3007 3089
1379 1799
2988 915
2079 4456
3176 1507
460 3505
3361 2008
2098 1101
4069 2005
1946 4804
2841 4887
639 1796
398 2263
928 2549
4375 1952
1949 2381
3792 3095
4165 2107
3680 1123
377 1189
2633 2334
3385 3845
3163 3661
2876 107
3932 2164
2779 3347
1342 4342
3018 4571
4352 4419
2379 286
4652 2368
3072 1241
2075 4825
1761 1281
203 4544
1807 34
3538 3380
2108 1253
1503 4835
470 3174
353 3058
825 1326
3149 2948
3738 282
2845 1534
520 2429
1155 46
4842 703
1848 1027
3270 2896
4163 2892
2543 3003
354 133
2581 4881
338 4532
1138 3572
4882 4218
373 1473
2020 1788
4635 3402
73 2006
3006 3590
436 3647
3562 4685
3208 4381
4012 533
3891 4210
2086 2401
4652 81
1854 3272
2298 4999
47 2753
1629 1318
3513 2147
3140 1929
4736 3327
3775 3652
503 3659
4814 4427
4972 1401
655 1260
3681 4685
4773 403
1717 3299
4747 2199
1354 3362
1998 3230
738 3689
4619 3426
4446 368
1794 907
4119 285
4648 3834
4321 3473
1688 1240
2290 3223
3738 4351
3293 4
1893 1712
1589 3377
1753 3764
2519 4325
3240 2305
618 2808
247 2875
4606 1495
2084 751
774 4071
4153 1408
4627 2057
3237 291
1628 1629
1095 782
68 249
4979 3235
836 985
285 3185
1444 4925
3555 3156
3527 490
952 186
1912 1073
4232 1482
2765 2525
2114 4445
2050 3417
4612 25
378 3363
2913 4299
467 2953
2739 4397
4304 1700
4044 4698
3281 1496
4654 2066
1647 2738
1242 2906
4693 2081
450 340
4851 188
2980 3513
3220 2736
4613 689
2889 1756
4655 1063
2543 3028
2705 365
884 1954
1914 181
503 2246
2890 1594
4033 2452
2838 2459
3642 2862
1867 3446
2832 210
974 4026
3417 778
2557 407
2861 3415
2705 1272
2328 1657
1541 3140
2671 1304
833 292
1885 3286
2017 3908
311 644
3372 262
3045 2247
2771 4633
1728 471
552 243
989 4645
1114 3242
981 3867
940 3952
3977 4835
691 1044
3966 3444
2996 4387
3685 1469
3793 2593
4435 275
1851 3737
551 4542
3422 2171
2294 1528
3861 821
2024 2705
2302 715
2757 4359
4483 818
2360 940
2447 280
1153 2100
2907 830
2938 2690
817 3033
2980 886
2019 4128
344 3297
305 2461
4597 4836
1210 4154
1283 3327
3014 686
3380 3193
2896 616
1940 3559
4295 2081
730 4132
2050 4776
1587 2430
3722 1161
955 1493
922 120
170 4751
2126 4774
3417 1288
354 4844
3882 4801
4424 3985
1221 2410
3025 4340
4495 1972
1613 4664
1174 4502
3689 678
3477 3682
545 1780
2501 3560
4007 2830
3586 2021
1500 1485
3387 1876
2099 2955
3046 1216
679 2982
2148 4370
761 3960
2190 3539
2966 1303
2512 1257
3064 4498
480 3564
4084 1463
4273 621
3710 2951
763 3560
1136 3651
682 4978
4971 4093
1214 4141
822 3130
3101 4190
3373 4450
2281 4366
2229 124
1278 718
4215 370
1858 3769
1905 356
4570 1306
3661 1718
1296 1405
4220 4775
1155 3177
4356 1398
2918 745
194 1981
585 1789
3016 1320
3104 1811
1571 129
4556 1022
4192 1690
4596 1547
3124 298
2836 4575
4075 2663
2144 1490
902 2228
3868 3178
250 4214
1033 1545
3517 3651
2819 4885
4119 1610
340 4466
32 4825
3445 734
3474 4178
1895 989
1469 2640
12 3530
2869 2917
1486 278
195 1575
1907 3723
899 2125
1471 55
3351 4421
2105 3919
3080 357
398 955
751 1278
1118 96
286 740
896 335
1578 1866
194 498
4548 1327
3971 2178
544 62
4337 4851
1105 3244
1412 2
1309 3005
3976 3106
2488 2540
4677 243
720 2175
4377 521
4162 522
3098 4190
4181 377
2210 4320
3371 4094
189 3530
1004 2403
3978 1916
3488 603
578 3947
3427 1022
4879 1102
4685 1052
804 4010
3116 2468
2632 166
374 3628
1578 4846
1425 3731
3823 4693
2001 3984
2667 399
836 3955
2988 4499
3380 331
1770 2775
2006 676
1036 3621
3575 4786
3989 1374
1820 3245
1751 4503
2265 3208
324 1969
1791 4221
1529 3245
631 3800
946 3337
3479 2049
1856 1543
3821 1840
403 4656
4738 630
4408 748
4019 2525
827 341
1958 4889
4450 4037
3763 2342
4520 3124
2694 1175
2026 318
3056 4689
769 3407
2900 4244
2267 3886
4619 1691
5 1315
1354 2602
1240 4629
4034 2917
1735 3280
1838 4215
128 3153
2618 342
1623 483
3422 4772
2160 76
2427 2542
294 1540
3729 1312
136 3149
1682 3454
2661 3474
1754 4193
4247 4237
447 1142
3234 3223
3589 3730
3979 1144
416 342
2415 283
3007 3872
2556 2937
2425 3846
4315 4220
4967 1519
1043 372
3647 732
4820 72
419 4498
1974 3267
3644 1536
3189 829
3812 826
2432 3968
3848 3681
4427 2578
3342 963
1942 1279
828 2582
563 4402
1820 948
2958 899
3552 3396
2449 2
4868 2780
2048 251
1740 541
776 4218
3807 3769
3945 2422
1382 75
3218 2912
233 4224
1037 3774
3553 1992
896 3158
717 4464
4119 2967
4876 4494
4670 2613
2885 3041
3164 28
4807 808
3379 1155
1562 2225
4180 3179
2779 1508
3595 4939
283 3415
3440 3634
24 836
846 2274
2379 2861
2745 327
4739 2278
2140 3168
4458 3132
902 1668
3480 912
771 761
4595 4955
418 297
3353 4995
4795 3318
4860 3503
1018 92
191 4898
607 3381
1296 2099
3439 1871
3393 2937
2427 3393
4094 4213
1116 3775
345 3948
3927 573
1967 33
2921 3261
1023 4437
3241 4410
3462 2862
272 1112
3618 1034
2797 1166
3267 3437
3741 236
940 2650
2916 3178
1069 1242
953 1959
3275 1219
2840 1616
589 4390
3143 4187
642 3606
1628 1234
1353 4572
4794 3427
2875 470
2573 3688
587 4275
95 384
4943 2279
2232 3483
1564 331
767 2367
4583 4253
1569 2013
2536 4881
2632 870
4621 1955
3674 785
913 1759
2006 201
1917 904
2007 2950
1518 1247
4591 2484
2904 16
442 3560
4867 3533
737 3728
3430 4848
4612 1359
3832 4254
4806 4298
3500 4371
658 3143
3399 2263
2033 2871
1253 1311
1725 4198
2075 2513
595 2052
4190 1467
2791 3776
3938 197
426 3670
63 1009
1037 79
1663 2928
4767 3488
4549 2932
4561 2487
3907 3759
2810 73
1893 3766
270 3627
2724 3582
3194 3838
3840 3791
50 3069
2097 3719
1018 1396
3434 4115
4 3055
2698 2997
3606 3214
3092 835
1507 1662
1779 3200
416 3311
565 3565
4334 3605
878 1286
1322 2534
233 2472
3757 4433
3516 2955
748 4520
2266 2674
2392 111
2696 2738
637 3154
703 668
3271 1556
751 945
412 1486
1056 2026
1189 813
4408 4942
132 1377
3224 3485
3796 2572
3836 4597
1975 812
2573 4304
2212 1534
1753 4278
4595 1679
1321 4047
211 1001
3511 1336
1984 24
4429 441
4380 3495
3435 2852
954 1214
3764 4243
632 4826
2422 423
2771 2394
3866 4598
177 3887
3833 3636
2120 4827
3101 1904
1143 369
3404 4469
2369 4475
2300 62
3045 1347
1793 3818
4687 3276
4176 85
1928 1046
685 1916
4943 1581
2636 281
2022 4601
793 51
2306 4587
4160 4181
4731 2684
4036 1382
1647 4691
4341 1262
3283 2738
2482 2329
776 4881
185 1777
1529 1855
4989 4698
4455 3411
3605 138
3533 76
4955 641
2971 3856
2952 4194
3848 2878
3213 4495
2909 65
3636 2580
3529 3384
4083 1650
2851 4308
1510 575
1796 4801
1762 1652
2411 4774
1793 4268
4958 269
4033 4421
1568 287
1714 1752
1594 1884
2713 569
1160 4756
3651 495
2202 673
2813 1110
4721 1416
544 2586
1310 4733
2917 4735
3448 1420
2211 268
3350 4412
2962 3674
3719 3392
2898 4100
2444 4969
1260 3500
3646 4239
3915 632
2272 4857
4914 4495
1763 4985
748 4504
995 485
1777 1232
332 2235
2294 4488
2162 2978
2245 2499
3579 1586
2213 1937
588 3943
2904 4183
1928 3518
2383 3471
4063 2890
733 4856
635 1740
3170 3851
1059 2073
4074 3445
4566 4925
3691 2028
2355 1380
169 3247
121 3229
96 1128
386 24
1699 4752
1055 977
4476 3375
1243 4968
1000 1221
3191 296
1302 1711
2497 599
2889 99
4770 3457
2328 549
1402 3461
1284 1727
1067 4717
1072 1111
1094 3783
2405 1664
591 212
3404 4486
4768 2581
2467 1382
4887 3982
3835 4943
4844 864
2643 3304
2011 4249
3718 649
4887 3209
780 2588
312 401
4733 1283
4301 2932
315 1798
3368 4959
1465 3084
2897 1301
4371 19
1116 3126
2723 1587
3836 3363
4802 1654
2185 3503
4689 67
3946 1760
4582 1205
2561 1530
2964 3737
4241 2507
555 4070
3682 1287
437 3939
985 4726
2350 2210
1055 4422
1611 4560
620 4096
4886 3558
4622 1739
3286 4111
465 4313
4735 2317
145 2993
4416 314
3400 1384
2429 3981
3216 3332
1893 1555
232 3788
4319 903
2217 3596
4492 1905
2448 4179
2329 323
3239 1970
2903 4414
3393 3746
3712 1733
4799 891
3262 3046
2222 1306
3635 474
4152 3985
961 4076
3777 1152
3261 1694
3950 83
4135 4064
4206 3595
1012 227
2479 254
4393 3186
395 3331
3835 1861
1098 1735
2646 4414
3930 3697
2385 1989
1036 2318
397 3876
1182 2838
1495 1956
3402 663
4510 627
1629 2976
2549 2356
2736 3214
2265 1478
2371 888
3812 515
3141 1017
4592 4687
1586 1023
1260 4865
235 1549
3250 4191
1052 1148
4683 3428
2887 4849
4218 4803
3474 4713
393 3788
3132 370
3445 1720
2197 958
1363 1587
903 2052
752 3298
1122 4010
560 1069
2393 1220
1096 901
2828 1395
2340 656
453 593
2114 2683
3570 2144
585 4242
3059 4794
4344 2003
3427 3203
4102 3190
1044 2020
1014 3602
900 3875
344 3435
4808 3614
1793 2090
4013 4737
989 4393
255 2402
1783 1406
3829 783
4890 3739
4785 117
3249 367
859 1246
481 4491
2275 1666
216 318
3883 2653
2852 2745
276 927
4844 2569
2348 2972
2976 2804
648 1347
502 3859
907 3459
1087 3654
262 1567
4734 284
2479 3009
2852 3989
3648 484
1230 3372
4058 4308
2284 1939
1155 3362
4014 82
3621 4052
3325 1457
3025 3632
3039 2071
3883 4054
3259 1361
2078 1429
3285 365
4059 2119
4493 3603
4712 4749
1167 78
2105 1429
2759 858
1784 2692
619 2077
3505 335
889 3182
3493 1421
3208 4878
2406 4114
4031 1459
4367 492
2681 3339
1596 1609
1262 2220
827 938
371 1766
3025 602
169 3466
2914 3498
2121 2070
3780 1538
4213 2780
1051 3229
4831 388
3402 960
850 3310
3534 2316
2231 3110
3800 2642
443 909
619 3550
2663 4275
4073 1085
2548 902
2296 942
3559 350
3218 2952
1608 3484
3646 1585
469 3519
1838 2496
2654 402
3162 4663
3764 148
1 2875
3357 4785
797 2540
4762 119
3216 3
4050 1192
927 4134
3800 3565
3454 1785
530 1667
2720 1652
4319 946
90 2693
1925 3226
3687 1067
1762 2006
512 1409
3629 3252
1275 2938
3865 235
4370 3300
3895 3610
584 194
183 3891
3934 2425
3627 1613
514 1225
4342 2617
3293 1386
3592 4074
3936 1331
828 4467
4630 2533
518 1266
383 4736
3619 3628
1249 1586
144 4342
462 78
1561 426
3165 4650
4192 3196
979 1333
4462 185
3145 2697
3325 2800
4279 182
2963 968
4952 3132
3122 2216
4391 3554
4620 3890
565 4283
3674 3648
3608 585
267 1681
771 3258
3626 2039
1351 4975
2367 382
1040 3596
4875 3115
4374 1943
1818 1686
3790 640
1815 1289
2708 490
44 763
4648 891
125 2748
340 3391
3783 3026
3549 78
3257 3229
4888 1581
2730 1309
4960 3327
3034 1785
521 3262
2217 2476
1792 3869
2047 3505
350 4016
1029 4088
4081 2313
4875 4277
3636 1735
954 613
4610 477
2930 1789
3868 4547
1667 4242
278 988
2578 1394
2446 4991
1094 4264
2165 256
2235 3499
4481 956
1264 3787
4613 4986
797 4435
3946 1403
3480 2834
1065 2141
1511 4046
4304 4588
2805 1436
190 3830
1725 934
2389 3438
2640 1560
3655 4846
372 4082
1701 2151
1091 89
2579 3711
492 854
2126 3227
156 513
2006 2175
27 1596
1253 300
3435 2345
2589 4331
2347 3366
4258 1528
1407 1368
830 1272
2826 884
4941 4802
4179 522
3302 3030
2641 3314
2338 1241
249 1808
1011 584
3796 1460
4 2022
4294 2208
3410 2189
4107 1486
60 510
3536 1922
3886 799
90 3316
1454 3452
883 2063
2676 3440
133 883
2272 731
2102 235
2548 2769
233 2837
121 3204
2160 3102
4003 1810
2183 4207
628 2561
1445 3270
3426 273
4011 3467
3469 3282
4655 915
1898 4405
3092 660
1218 975
2434 1035
916 2683
886 2221
654 3389
1454 1755
686 573
1917 4895
3394 2078
149 2268
3311 2921
1980 2687
248 4699
1872 3307
1699 3590
2416 732
2975 4487
123 1704
2509 2075
2040 3899
3722 4469
4425 3290
1117 4328
290 4013
2507 799
1737 1818
4763 2825
2342 3275
4776 2446
3248 4451
3257 3525
3120 3387
2595 3191
1348 4602
4739 1786
2249 2626
1505 4368
3124 3214
2644 3814
4336 2387
1693 3803
2594 1262
3363 84
4519 641
3952 2466
463 4794
381 1811
4058 2538
3582 25
63 2412
3189 3612
3683 33
2043 3021
1577 4674
2025 2808
4249 2910
1776 4664
4175 1460
3374 702
386 2801
2783 902
1160 4167
3172 2678
2426 3652
1918 3976
1428 1364
1854 1379
1050 3497
2853 4189
3673 4135
1216 1837
640 210
2664 4999
4041 1356
2117 2838
1826 2621
3014 409
2608 2553
4700 2420
3723 2875
1140 1122
4389 1777
1262 1238
2902 1270
4964 1544
3063 415
2513 2719
3323 2461
3690 2804
4833 3233
2596 3440
3348 4968
509 2606
3530 1509
3090 3782
833 1980
2468 1999
611 4911
443 3187
2957 961
3846 4204
4949 2552
2643 1977
122 3321
4000 125
4659 4241
2090 4967
405 702
4114 4975
1019 1597
1145 2517
2737 4623
1453 1515
2930 135
1108 385
3764 3937
2114 3145
4423 480
416 3197
4865 1879
3971 1554
4577 173
827 4614
4213 4343
2544 3564
4094 3799
4794 2116
4968 911
2212 1970
1744 3190
4863 2492
3900 919
3264 1779
3680 1719
407 2669
3747 3952
1978 3826
2852 931
2112 3234
2633 2860
3588 3880
2959 2635
2058 4779
843 1443
3564 524
3544 3212
4809 4592
3044 4158
4466 258
2573 1566
4650 1459
164 4032
3766 3833
4806 638
4866 901
4689 962
358 2807
3724 3170
1601 2425
1413 3721
1017 4782
1272 1185
1978 1834
4930 1130
4389 2756
1605 757
3069 2946
3685 1195
4010 455
1046 2447
984 2890
1902 4147
1672 1199
2298 909
4826 588
1799 2768
1902 3738
4310 1578
683 1376
2069 803
1327 4832
3039 571
3523 4216
3501 1689
1847 462
106 4348
3946 3572
3879 2948
4642 2680
139 926
3680 2287
4755 4845
2221 4984
537 1399
3926 543
2776 2926
4682 2246
121 4487
2316 3487
2834 3559
2803 2770
1087 2924
1090 4756
3222 4872
4648 347
1412 2741
1573 4468
171 3965
1122 4068
3282 2976
4633 4689
706 3244
3150 2537
1667 1916
2203 3978
4916 4208
2513 4638
2849 4457
4500 3346
1049 590
2286 2535
4751 4319
1648 1658
4702 4882
3683 4329
3509 1977
4701 4442
2868 726
326 755
2653 2520
2087 450
1142 3014
3970 4954
4504 556
2782 633
350 4714
3135 815
832 1787
4723 13
2651 1469
4318 805
1006 3804
1520 1203
2172 2927
3745 1217
634 2268
1414 1058
731 3284
1935 3838
337 3402
327 747
4579 491
1494 2272
383 4751
2094 4208
2705 1796
4430 4248
4258 2277
1886 4880
4361 251
1717 3785
4876 3344
4158 49
1746 1385
1633 4596
4963 2480
635 3406
3839 516
4293 1467
4064 4032
1228 1310
4209 264
4996 2659
2971 147
70 2592
446 280
2264 3960
3194 2623
2243 2995
4971 2777
2350 1708
4360 4990
1515 812
967 4037
305 4024
4407 728
1999 3277
3721 2308
1755 1352
1839 1298
4725 2552
1148 1953
1677 4366
3258 258
3183 4199
3665 416
3886 1956
3286 2615
1069 2135
1039 1688
4631 1349
4387 572
4717 2914
3933 4648
469 3891
3722 4204
2898 630
4754 967
2577 4945
1096 3665
1980 3341
329 959
2920 2705
530 3232
923 1325
2459 3002
4689 3268
2864 4888
2391 1115
732 3999
3132 2523
4732 4263
4646 3284
3894 763
1389 2692
1136 4262
1350 3010
528 212
3123 1248
2737 1173
815 4525
2263 2080
4640 1308
3602 2894
2502 3569
896 128
3030 4577
2 3038
305 1429
3201 4328
779 3041
336 863
3209 1489
2427 1963
4239 290
2011 3585
954 4021
828 806
3145 297
1440 412
4261 2628
2623 2642
3518 1476
908 2588
1962 222
3221 4834
3621 2369
2324 4149
4189 369
4522 1210
4409 1080
1843 2019
3574 2864
2610 1758
497 1616
1598 200
4033 1892
1479 4266
2020 3173
548 374
184 2825
3878 1517
1453 3413
4790 658
3109 2408
414 4216
2726 1377
4300 1084
4869 66
1849 1956
1668 3526
2488 77
1310 4445
2344 235
4711 3388
4894 3422
1232 4496
2551 4451
1329 3652
4708 4115
2054 2842
1631 4332
3713 3619
2 581
4332 282
2895 2660
1850 4253
225 712
3735 4857
2654 3030
3477 654
2204 1898
35 4096
4466 1651
778 3228
1899 3130
2636 1580
3448 4289
2247 2582
953 4944
4345 4321
4451 1507
1800 4705
696 4038
4897 2815
868 1336
3638 3737
3934 3100
4012 313
1379 361
2451 2119
4767 3552
2398 139
4015 1190
1697 3791
3114 1729
4130 4163
1035 184
26 4492
3436 447
1798 407
2894 1371
537 2489
3723 2548
2318 648
1573 2096
982 2181
4581 3331
3083 3014
4647 2304
706 995
4949 2920
2136 1279
2225 1348
2229 152
1832 4874
4409 3481
701 462
2016 1019
4007 3298
77 3046
1534 748
220 4927
327 136
65 751
3579 3016
3569 352
204 449
3234 1665
2007 2710
2250 3017
1609 2981
3815 3453
3173 3029
4049 2316
1050 1459
61 2055
2754 3079
80 4309
2932 1421
3050 47
4504 3642
3811 4729
4413 80
4642 728
2730 2077
1196 2206
1389 706
1434 3074
1543 958
1252 2446
4690 1300
1093 1407
617 2710
3195 3358
2615 3964
1639 1485
2132 4617
2973 1840
650 2178
3087 995
3404 4954
1296 4485
3017 4355
1590 3313
2608 2290
395 4373
2218 4977
2818 3459
2035 4709
1603 3289
1790 4794
4611 2051
3663 716
4224 2902
3774 4133
2492 2739
57 2039
3602 307
3681 2841
3375 4350
2181 1900
3961 2119
4641 3534
4519 2503
3421 1429
2076 3032
2369 2539
2571 2092
1765 3246
2425 2299
4000 3739
3405 675
4726 4219
2679 3543
3501 1286
1314 407
4558 4343
1181 94
3931 3033
1129 2609
2316 1258
4487 3522
3769 826
2906 4356
4788 3280
119 2055
1064 2562
1922 20
3941 2755
4557 1135
3053 3280
817 2402
3302 526
3198 732
233 854
2835 1617
592 4576
723 835
1746 1359
921 4083
1895 495
4668 872
2832 4887
3995 2690
3884 867
1217 364
663 3711
4462 3969
3404 3912
4579 1289
4920 2665
4833 4065
3549 1634
2011 1906
3975 1166
3768 4114
3642 3089
1018 2004
1721 3125
957 4959
1945 4278
2374 4985
2084 4010
217 2735
4219 1576
734 1040
2712 2000
838 3116
533 2604
3367 3861
4810 4395
2152 2300
3764 4616
276 3737
2492 1912
2476 1915
3760 1145
1454 1138
113 1479
4442 3016
1537 3144
3722 1025
3784 1811
4996 3895
369 4907
3433 27
4360 3133
4596 3664
888 399
4951 1288
271 191
2569 3964
191 1031
2071 4736
790 4361
1818 3808
697 2850
897 780
4429 1709
2049 103
2804 2587
2138 187
1739 3084
3133 2041
2367 716
2162 79
1429 1660
2565 1360
3397 1605
3141 2530
1386 3438
1104 4875
4279 4082
3689 4880
3624 3543
2663 4308
3753 4180
1211 4831
342 198
2134 3527
971 273
4482 765
4398 1513
4961 2083
1519 2389
3327 3096
4044 342
3132 1571
4510 1504
2498 1575
4210 3135
3028 2321
847 1193
3153 3733
2635 4472
1978 4946
4399 855
4216 142
2501 168
4390 14
651 4885
814 1195
2975 4298
546 1033
1319 2766
13 4889
2524 1918
4301 3633
716 3251
579 980
1532 1655
2881 3742
4586 4943
4181 1831
4145 1214
752 4608
3832 2407
4326 2843
4852 2560
2029 2328
1614 4839
4564 1378
2453 1011
2240 593
3886 4891
884 4757
120 1186
2713 1767
1603 7
3135 95
1523 2192
2707 210
329 4804
2495 4173
4976 1893
3918 4077
48 3624
490 1862
1575 4564
1527 820
3731 1183
4014 4905
2410 1236
1747 1256
926 3841
2906 2738
4488 3478
485 618
2755 1741
4056 1170
4013 387
1094 3443
882 3247
747 688
1851 778
1125 2360
4931 1654
2560 1946
1870 4922
1566 4115
141 566
207 2287
3458 4964
4209 3398
4728 3698
4305 3436
626 3930
232 522
3306 330
2131 4525
774 4636
2091 489
640 110
1309 4873
4104 4000
4314 933
3224 2151
1586 4062
3523 776
4668 1475
1315 488
4850 1938
4793 3854
4219 1362
4852 1402
433 3109
2393 602
273 3129
3677 3352
3597 572
3330 4962
4713 178
3461 1548
2910 959
3319 2623
2191 1571
2532 2538
1585 1695
2189 1438
1817 895
259 2827
3406 1418
2557 606
1478 4867
4465 1270
922 4090
4787 3407
4961 2257
3116 1819
1441 1611
3568 4554
2175 2842
862 1123
2366 1384
3685 2826
1497 1272
1199 1157
1493 3355
4452 2642
3219 1138
3247 4893
4707 691
4137 681
1025 4307
4854 3774
494 3300
4754 1535
2182 585
2148 3482
752 2741
3075 2360
4249 4887
2615 2111
2533 4222
3134 2535
2103 2244
863 18
3753 175
1654 3724
3631 3283
1802 3492
3473 3049
2762 1768
1560 1332
1002 1142
2682 693
3984 4090
1160 3682
547 1805
4862 1185
4407 3626
2618 1601
3140 3943
540 1939
3634 2599
339 381
3875 4614
3897 1914
4751 1480
1125 1605
992 2882
680 4069
983 632
2342 4444
1065 1733
1229 4152
358 3726
2490 3822
4154 2753
1240 2874
1771 227
4022 4422
3496 3187
1569 2011
2145 2850
1759 1011
3770 3927
1974 726
4785 2590
2433 2491
2376 3071
156 4328
1240 767
3853 4172
2905 1358
1487 528
1292 1154
1997 588
3308 3159
2344 756
2804 1084
3939 855
1913 4229
2233 814
51 2937
3294 3593
859 1891
620 3644
656 4813
1066 1982
4109 2529
1341 2017
2331 1105
3682 310
4623 1790
4321 4142
1579 2024
598 4127
1196 4062
3863 908
1332 1764
1941 281
528 4019
4755 2757
4016 2450
4367 1980
1102 68
174 331
3858 3216
78 273
4807 1137
4515 2044
4158 584
4509 1785
380 1584
3290 4113
2287 3298
2728 2976
1216 3418
4657 1720
785 915
2902 4606
2488 1772
1830 2720
442 1372
3914 3820
4547 1362
1801 2770
1150 1403
3983 4100
3232 4336
3283 4251
1823 4131
4372 2540
2948 3400
4972 1361
1203 384
3626 4340
702 397
4708 2392
4496 4089
2679 728
1050 3714
2727 552
4773 1417
1873 713
1630 282
207 4158
2175 4268
3342 1571
3836 3236
3051 3895
2455 2338
1977 4475
706 4297
1169 4145
3566 1553
3431 399
1456 333
333 4643
3256 2281
1959 1909
3318 3009
4238 865
228 2491
3920 108
4081 281
4791 1834
4652 2287
386 4083
399 3022
874 4730
4669 2218
3872 241
1220 3870
575 883
1745 3904
2512 412
1825 4910
2509 1784
2841 2816
3515 2947
3030 4828
574 674
3664 2663
2203 3714
4978 4583
3483 3715
479 4770
2382 2032
4974 806
1690 3936
3776 1876
158 3240
4482 3272
1039 752
4818 1058
28 2180
64 123
2520 4189
4096 4066
2032 2946
2416 2360
4732 3332
2678 3672
3202 3301
3990 1397
981 2574
3028 3573
2592 1872
3879 4484
3084 1245
1456 55
482 3140
2230 391
3273 3911
3961 3592
3817 3530
4193 4110
1782 747
2897 4631
3892 339
815 199
3111 738
4049 3634
3803 3545
246 1994
1268 1868
3589 2820
172 2122
381 1872
1891 1589
3 4437
1352 2860
2123 2454
4538 2372
3066 4104
2683 3168
1585 4568
3354 427
844 2393
2267 1480
4678 3232
2191 2309
1618 3369
4384 3962
2994 1790
2665 3080
1552 3700
1125 2417
4841 315
1488 4236
64 602
2842 3327
2814 1379
3774 3033
28 2003
3010 3822
1245 227
1954 4861
854 2930
4526 4255
907 3498
1459 3487
4495 121
352 4267
3316 2922
1910 1766
1724 1589
4965 4148
1763 3957
1616 493
2898 3548
45 1686
3633 1390
4448 2150
595 4505
21 3503
675 3224
1402 4880
2692 1910
4873 1373
1268 1482
3662 42
2655 4025
1325 2976
4543 4404
1310 526
3133 2193
3519 1647
4909 3808
2710 2781
1284 387
2173 4959
4695 844
3602 4982
890 3468
2565 174
2421 4925
3080 886
4448 3044
3424 1914
2705 4287
4013 622
1201 3508
407 1268
5 3723
807 1614
2706 4120
398 487
2318 2046
3151 3361
1397 3372
1276 2798
3358 2093
2014 3671
3553 4126
346 1788
1426 3143
3179 4478
3083 2446
4676 4228
950 1277
1690 3774
2085 1666
2905 2643
2490 4529
2741 2832
3018 4754
2299 4526
1213 3204
3886 3716
74 134
3606 2535
1378 3572
1574 326
2450 3338
3457 547
3510 2606
3482 2366
318 4375
4851 1151
4343 4669
911 5
1191 4125
3780 52
3288 2298
1113 4362
1808 105
2996 1479
4081 3168
2754 2979
1380 4673
1148 891
2634 3405
2907 1881
4377 3396
2860 1637
1281 606
3338 82
2872 4801
557 4000
4067 2129
3447 2004
2514 2370
2488 4240
936 3448
3079 1149
2775 2408
4311 3549
1713 2439
3692 1460
98 2593
3233 1653
632 4468
3141 2603
370 2917
2958 4186
1810 4436
3646 4539
4230 517
4500 3334
486 483
1794 3364
2581 21
4753 3661
2686 3779
1444 140
2343 3495
2274 468
1654 2822
2137 1181
2256 106
4987 4525
516 1636
3298 946
1714 4712
848 265
2234 1542
1659 3625
923 1569
567 4853
1940 3165
2384 3940
1853 2142
573 1470
1182 341
193 108
4054 2322
2470 3810
2232 4296
3227 1310
1768 4465
2969 2554
3164 4458
4903 4820
4567 1546
459 2191
4772 3997
3717 2119
4059 2810
1313 621
856 1590
4564 1410
3401 4443
942 281
954 4386
3859 4617
4301 1780
2232 355
4871 2193
1025 4923
3454 4047
442 2783
4769 3799
3925 3614
2338 2812
2187 4908
2921 380
4910 88
2284 3490
3130 4263
3360 3716
3664 4346
3587 1628
4663 4707
2809 3156
1727 2602
987 461
1190 4690
3838 649
4480 2207
3817 3461
2475 2781
4143 11
1117 3863
4090 664
2280 1963
924 1368
1310 782
4093 2205
2064 1287
3146 2675
120 2302
2144 2452
987 2203
512 4143
4090 2839
2658 2885
4851 2178
826 1443
1471 4640
879 4023
4480 4759
3465 4011
3060 4151
4529 1538
3668 1784
2596 4276
3507 2866
792 4839
4208 3657
2826 95
3399 4064
3670 4316
4437 3234
1761 3187
271 761
36 4640
2234 1957
2609 948
3333 181
158 389
2499 1931
3126 1503
3410 619
2254 3049
3111 1308
2047 4408
2206 1295
1179 2988
1212 618
163 1945
751 2411
403 2489
1287 4848
3260 1280
4600 4095
3426 2920
1184 1954
2000 4264
4951 1703
85 2572
3827 4417
346 49
4338 4753
2306 3284
2318 3748
3426 4894
2389 3965
182 2852
3329 1117
883 1523
601 2856
4204 2863
2043 950
3444 3145
4312 1592
3607 1523
1307 2438
4519 243
3387 3302
2383 1271
2525 2954
1355 3284
708 4753
4397 4749
3999 1743
81 2309
3381 4040
4656 3253
669 67
2992 120
1056 1349
3508 1401
1606 2185
3986 810
2850 4717
1193 3780
579 1874
2730 2017
3283 156
2273 3612
3862 3704
3113 4362
1020 2166
2252 799
2159 1259
2960 3178
4776 3295
1348 4233
1001 2426
315 885
1209 3282
4683 516
4830 3946
2318 1634
1266 3270
4601 4565
3206 516
3402 2924
711 663
3421 2820
2968 812
4183 3629
684 153
4431 454
518 2599
3204 2696
4340 1955
1587 980
3299 195
4494 159
66 123
4162 1515
2820 1609
3123 4315
2073 435
2443 1229
769 3815
909 1368
2270 1686
372 1207
4487 2358
4921 4382
3039 1786
47 3152
1787 1920
3638 581
3244 1754
632 2323
3412 3884
1488 3798
2611 430
2283 3873
1953 4697
4461 693
3294 2519
4934 3516
3126 2310
971 1968
3245 4851
1943 3851
2917 4739
2305 1858
4978 1269
3750 3029
3271 2169
4646 3563
4966 518
3528 1982
1589 4892
4599 846
3747 4267
3570 4153
1311 1458
4038 340
3366 1123
3287 1476
4302 3165
2307 4945
938 1232
4751 3444
4503 50
1402 3979
3058 597
4581 4289
1234 935
2431 1087
4285 3877
3845 2843
582 1110
826 1903
84 2307
3009 3811
1236 2896
949 667
3742 4029
3875 958
16 4883
2268 281
382 1585
4081 282
1067 1362
3818 2839
235 873
3969 3346
4209 2592
2672 1485
687 2184
1004 1343
1975 4736
4135 159
3933 4738
4820 3239
1166 1695
4584 4929
1019 3043
2 2153
2911 3813
3330 4812
2963 708
3410 3180
2725 944
2909 3882
2217 4063
1998 875
102 1009
4534 4519
1184 749
3875 284
2519 4475
1381 3528
224 2368
839 4567
1578 1848
4338 4543
4841 1902
2023 2799
3601 4297
1643 4590
4729 1086
321 2200
4 2306
203 179
3710 3605
3499 310
337 1228
547 4883
483 3395
2692 2670
2920 4381
3774 2826
1740 705
3610 2028
3347 4221
3216 3231
2172 4202
1332 2092
25 3983
3026 3021
4777 4001
368 453
2294 4428
4945 41
4851 4152
16 3387
1280 695
4245 2228
4013 3001
2452 4013
3487 3443
2113 3661
3897 1115
379 1002
4630 1027
3642 4488
4534 4217
4675 2401
2513 3778
2055 4390
863 2651
2718 1283
2550 1267
4202 1443
3652 1847
3661 4017
1171 620
433 1913
1222 610
361 2189
2093 3118
3874 4428
175 4667
4983 1339
729 1647
4749 3091
672 2600
3641 2944
3333 1021
3591 2584
4350 2070
1859 4040
4442 3670
629 2421
4784 483
3428 3781
2221 1275
4559 4239
4949 4963
3323 366
2197 164
2931 4460
2011 4995
1176 1069
4034 3680
987 1962
2713 4671
3136 3426
4817 1271
544 4118
125 4001
2666 958
842 1884
3390 429
887 2404
4562 362
2408 329
4265 3951
3478 3372
3783 1088
4347 2075
4063 3490
1910 1361
3310 3028
3047 1675
4374 2224
3059 4234
4212 315
4887 438
2187 1071
3294 4272
3747 849
1260 684
1181 576
4232 107
4023 2059
3136 1608
1877 1903
3262 3443
4387 1903
2109 2090
4226 571
1843 3580
2262 4739
816 1611
2447 1786
2646 4625
1554 4488
1073 1690
4132 983
3880 3104
259 2589
2714 687
2425 1016
1117 4771
4870 3341
3668 2401
3774 4567
774 1080
337 1862
2879 4366
3345 2301
369 3832
2002 2396
604 4947
796 2904
2022 3274
1359 2725
1744 4655
2077 4475
4454 1873
900 1548
4675 1123
2968 1540
345 2265
2047 1787
910 2396
181 2709
2223 4503
4617 3918
2584 2959
2075 1613
937 1430
1792 4802
3108 71
4968 842
2361 2569
1967 2318
3509 378
3383 2528
118 3523
212 4982
1469 750
1673 3621
2072 3511
1808 2991
1733 2389
4 3199
2013 1524
1159 2622
3554 2745
1885 2674
3298 2516
1295 3265
493 4502
3498 4667
1755 4278
1382 970
2342 4672
2462 4213
3435 758
4381 575
2814 2788
3764 2459
754 2417
1919 527
3555 1986
3325 4475
1686 3663
1508 1553
835 4109
3279 2144
3953 3264
4406 3105
1315 3744
1256 873
1322 3004
3304 4399
2294 4729
4629 2707
4197 3225
4577 710
447 1430
3459 1343
1465 565
1115 4434
1962 2581
1558 900
3153 3482
1017 1924
2758 1221
3886 4324
3361 497
912 792
4272 4853
342 2097
2795 1513
814 1620
950 982
3800 1448
2465 2810
1355 4309
3998 987
2956 1332
768 1048
2175 2919
2183 3959
641 3579
2034 4343
3080 3283
1498 1575
4924 963
790 4131
2319 998
3420 1957
1217 2773
752 3181
314 4719
2242 4218
1639 3732
4008 4449
1357 92
1119 2931
70 1127
1565 3257
2845 3023
4374 201
555 559
2244 2722
918 1356
3899 2600
2605 2216
3745 2508
902 1908
1 2850
678 223
4698 3111
459 48
3108 4729
3037 2224
1793 2579
1888 4454
50 3452
4168 1067
4513 2908
4714 3167
4914 3392
2764 545
2314 1976
1892 2076
4967 3184
3661 1383
3422 219
3840 653
802 1346
2837 130
3476 4591
3787 2747
4313 3880
2680 3487
807 4083
3968 3740
2414 1934
3235 2177
3075 4015
318 1053
4547 4205
1217 2607
1504 3664
2919 1901
1642 453
2988 3041
664 4495
179 3845
213 3702
1393 2159
943 1650
2157 346
2878 2268
821 1943
1594 795
2085 2223
2489 4544
2292 3082
3423 1876
2027 4222
3778 2677
1982 3027
300 3726
3026 4694
4670 179
3783 2479
239 4855
877 4580
23 4422
2329 3883
1140 3328
2225 4828
3994 4161
1073 3429
507 2090
4533 1297
2046 341
3351 3021
2899 2199
373 505
176 4286
4150 3383
4418 1901
4017 2445
1273 773
4971 4830
1477 2393
1730 2391
2960 346
3368 3783
4399 2396
3032 2734
3720 3977
3884 1285
4934 4842
387 3927
3656 3270
597 1886
3944 4549
140 350
3490 3207
2909 9
2126 3839
1913 1648
24 3241
3396 4846
3226 94
3634 1801
4532 1132
3701 1513
4296 827
522 3802
2155 4727
2691 3073
1322 2641
4054 2802
4433 673
4475 3965
4968 577
285 3755
1401 2076
3389 3985
2838 1929
404 2291
2944 1647
149 786
1353 1969
765 3592
3157 3911
840 1487
975 792
1236 2534
4494 4146
2048 545
168 4104
1717 1166
2726 2562
4461 4001
4898 1155
1156 2809
2725 4524
4146 805
3027 4894
4841 316
2399 4214
4871 2997
1188 4080
2696 1027
3937 4725
4376 2565
4751 806
899 961
3520 1145
2195 4929
3599 4672
807 11
4197 1688
4857 964
3083 3703
272 679
4724 1710
4117 93
4328 612
3563 1203
1516 2330
1198 370
1398 4974
3406 4366
2252 967
4360 2375
3276 870
757 1954
1402 2525
2900 4248
1124 677
2386 1339
405 1285
1663 1097
814 3447
2455 688
4172 293
2167 607
1081 4760
2450 3977
4274 1132
4819 1735
4435 431
45 4161
2586 1178
4901 3245
758 4506
1679 3845
250 2587
2659 3097
2070 277
4939 4802
2227 3569
1919 482
4482 66
3671 748
3550 236
4209 126
2747 3100
4339 2302
1265 2311
2129 970
2426 2467
3698 4086
1340 4650
266 1134
4121 319
3930 1993
1884 1087
4533 2436
1548 830
4607 4826
800 956
1551 2334
1423 2468
3860 3055
4070 146
906 585
2323 3954
157 2585
867 4780
1103 1395
565 4110
1687 3826
4684 2588
2960 918
1684 3375
4588 1297
1860 3511
491 2433
2706 3674
1935 4759
4403 3169
1823 2169
1642 3237
2342 4594
11 4688
4624 4928
4233 4508
3945 1893
4917 2790
2825 2275
150 4116
1155 326
2721 84
866 2693
3967 1451
3383 3982
3684 1111
2581 4866
763 2003
3760 816
3046 365
1566 3155
3888 3668
2352 4217
4222 924
1960 3913
510 3189
4656 1761
2420 620
857 4161
3179 3901
752 4540
1319 1377
2788 2524
490 3153
4884 1474
2330 4533
1653 1324
916 823
780 1433
4190 1223
818 1747
3950 2157
1790 4530
461 4635
1277 402
3815 4824
4376 244
4375 2989
1921 4141
4144 1401
2571 2453
4198 1833
1223 3287
3209 458
4523 824
4689 1593
3151 183
3193 1645
3333 1377
1512 4099
4263 3498
2630 257
3609 3369
2375 929
1668 2166
2843 3205
725 3760
1820 1491
4811 117
3065 2370
2609 2439
2633 4907
3484 3913
187 1136
3574 3796
4351 1987
3860 3473
4233 1959
3544 760
3806 3755
1190 166
1414 4862
1941 2148
1394 1685
3252 3182
527 2171
849 3803
555 1405
1606 3069
4205 1064
2963 1204
1389 1774
3533 106
4690 2140
807 509
917 443
2524 609
2206 2111
1632 2151
156 1827
4983 3939
3788 569
2789 1083
3698 3510
450 3934
1437 4405
363 4745
43 4120
4614 1131
1731 1704
1485 317
2265 1798
2026 3425
3675 3762
1437 1060
370 715
4255 4860
1155 3599
299 620
1774 1239
490 1170
4322 1503
3208 2188
528 3828
1546 897
4387 1480
625 4386
4120 2561
1804 4158
337 2850
4630 377
4452 2675
461 154
2605 3837
930 460
2415 47
2558 680
2786 1890
1976 4223
4440 1925
1443 542
3538 3353
1328 600
1972 4216
4847 2007
1862 2111
2506 2033
3319 3312
235 4202
476 3232
2012 4206
866 4951
1213 641
1870 2792
1761 838
2490 3497
4861 1002
1927 4285
1735 635
1191 1228
2439 3887
4057 2494
1349 3381
2543 2978
4160 4779
134 2905
3636 950
4864 3613
4182 2849
3951 2977
1196 1043
4605 3705
1024 3018
2259 582
4210 60
2204 2215
2878 3109
1993 1405
3567 257
3493 2428
1156 2085
4120 3842
4278 39
156 1621
4178 4330
1277 2410
1690 3274
2246 764
316 4457
2741 1129
1265 152
1263 2748
327 2338
1057 3131
36 4425
3463 4788
2360 1577
2600 2320
1696 3280
1379 4518
962 372
4000 1036
1079 2507
785 1479
2440 3767
2542 624
2120 3678
1097 3993
2744 4992
945 518
4068 2078
99 1325
699 1596
4890 3588
1228 1021
2672 4623
430 4659
4100 1143
4379 2399
4255 3180
4145 130
3645 4004
2485 3031
3129 1257
3646 458
4920 4673
3496 1077
1710 2763
3560 1336
2515 579
2494 2899
4794 2732
17 1046
1935 4646
3827 3019
4865 3206
2984 2874
1088 699
341 416
1154 1390
4858 733
3468 2233
3307 3027
4445 2588
4110 1541
1226 3462
3112 4991
3232 3743
521 114
4334 4281
1404 4692
4090 365
2307 205
2588 917
576 2735
2275 3932
3527 4987
1426 2685
1772 1140
3952 1964
326 1430
730 577
2668 860
2708 3453
394 3552
4118 4860
3574 1955
517 3674
3074 1916
382 2578
1807 2457
2015 2773
2880 2835
1854 1930
1277 2604
595 766
1124 2262
1230 4034
1797 1341
1468 737
1073 2371
4844 1871
956 61
4437 2134
2762 266
4364 14
449 3396
3648 4907
235 943
2203 850
1447 3411
1839 4742
4909 3679
4341 2367
3496 644
4774 4636
3319 245
1264 4490
3207 4685
9 3508
3285 4214
2070 3019
1302 3859
538 2214
2082 4078
1658 4823
940 1818
497 1952
2780 504
450 4706
4368 1577
1490 2120
1663 391
4436 3423
1078 3051
3908 1236
180 4568
1670 4781
1055 3026
4175 118
4403 3953
648 2658
624 1726
3638 3944
4184 4655
1704 3420
2434 3877
3763 182
4266 885
3995 3649
400 3129
3619 390
2749 1546
3036 1461
318 1300
823 754
371 2878
2663 1442
4631 4089
1991 3412
4679 3725
3801 551
3142 2146
4108 3161
2344 4192
2432 4480
843 3631
2941 3113
4152 4360
2516 2099
1066 617
3399 3050
2874 2832
2774 858
1886 1984
707 3076
3225 181
269 3688
1101 672
2859 241
2192 4185
1735 2366
2670 4371
1942 2576
2176 3746
4311 3960
1463 868
2166 2829
3844 3881
1475 4615
1008 3184
3725 1505
2046 4969
605 3005
3932 3204
4527 638
1506 528
1398 2654
2126 4229
955 3448
1775 1073
2970 2145
4634 3012
770 1513
710 180
4642 2204
422 4504
928 1737
217 3659
3724 2158
2548 4205
1734 1255
3441 3648
4976 3110
797 698
1683 3101
2599 4732
3132 752
2922 3766
1514 1229
4775 4814
2092 4246
3404 2112
2295 4635
1995 181
3154 345
3637 1632
2866 705
4919 881
2825 2747
4417 4806
2060 3050
1615 601
498 528
2268 3548
3529 934
850 3694
2066 4563
2272 3847
4385 1378
95 4808
4950 2744
2114 1185
4041 4285
1586 4283
4891 2011
1551 2880
4100 3407
1421 3679
1240 281
1543 3765
1080 2118
129 2419
419 931
2451 1723
3566 4096
2459 2138
495 1762
4388 4564
1762 1019
4598 630
3897 2115
2236 1768
3301 1906
4155 4574
3121 908
1129 1378
2450 23
1624 2425
1615 1878
4756 221
3445 61
1683 2680
1723 4117
2747 4442
4298 4501
2997 4297
4138 4109
1260 2014
3161 939
3407 1177
1029 2627
303 4762
1684 4918
184 1679
3285 4587
2154 2759
2155 4760
2023 4788
4124 4020
3272 2149
2436 1173
960 2680
2892 1375
2661 4038
836 888
3012 4814
619 2981
3595 1986
4997 2616
3161 4605
2957 3689
2495 3748
1469 3578
4959 3741
4170 3736
1777 623
4342 3951
2390 3874
2126 2953
2770 2515
2553 644
644 476
673 1583
1842 3544
3384 4514
2499 4774
1498 847
2534 2936
3353 1123
3452 4394
242 1027
3903 857
2799 2652
4659 1664
1410 2845
3168 1045
4508 4190
4224 357
2176 48
4087 4650
1430 4451
4114 179
3323 1339
2230 2018
1738 275
985 731
1665 342
1338 3039
4453 847
2008 2733
4671 2680
4478 212
4217 469
4624 3719
1975 450
789 1226
1389 506
3429 3958
4536 4916
26 3779
1958 1959
1233 2645
231 4848
3020 2120
2456 1541
3295 3768
184 3054
2650 4600
2414 4282
2028 4200
2350 2724
3771 4493
3119 595
1235 1343
2537 19
2560 492
4732 3613
621 486
2477 3623
227 4164
4649 2015
1012 1041
1993 1352
3503 2604
1862 4284
3117 591
1544 4251
3505 2720
2210 1058
2500 1279
1172 1679
104 4239
2819 2431
2816 1658
3190 4380
4744 3130
2719 792
4693 1351
3971 4419
4694 500
2943 497
347 1809
3165 4618
2895 1851
4777 998
4229 3425
3275 3977
3057 3247
4458 2072
1206 3598
4125 1097
4979 1906
1068 3204
2431 945
834 3017
1952 2176
2411 3828
4205 1454
4019 4304
3977 837
4567 3361
284 1671
3879 518
1024 543
2410 4793
3038 2631
3790 1395
131 4161
3306 4681
1231 2127
1248 561
4192 2568
275 289
4325 2829
4587 1779
1205 2018
463 655
3987 1477
3713 3059
3329 995
3845 610
392 1935
3509 3836
2963 4725
584 453
4495 205
2873 2516
4407 2788
4267 4696
3848 1755
4927 4260
3909 4725
2570 503
2063 4520
2475 4267
2082 1793
1892 3961
2220 550
3225 3057
3629 454
4666 2524
2536 4135
4422 4881
2707 1488
3392 2373
4073 4988
3417 1645
3911 1817
4534 1135
2669 4291
3218 4433
2546 486
1634 816
3587 4282
1002 4598
4948 1122
1023 3695
1747 3003
2671 2787
4782 4708
4367 1686
824 4100
4869 2773
835 544
2040 409
1453 2641
1563 1736
1857 606
3837 4379
3759 3148
4483 3316
2172 447
63 2946
154 3419
896 3426
1767 2594
3369 4249
1549 2412
565 4627
1435 1359
1943 2191
4425 4020
4646 4542
161 1898
3184 3695
4371 635
4919 2814
4882 538
1519 3693
4556 1013
3957 3785
4427 1513
491 1234
1261 529
714 3999
1768 2815
1794 2533
1621 2041
2482 455
3599 3189
1583 3781
1294 799
178 4108
1473 2897
421 1343
1636 147
2606 1648
2516 2577
4690 2748
1364 2750
3646 4266
2754 964
509 1101
2818 1407
1126 3112
1332 2559
897 2720
2172 1632
4105 4091
3882 1956
736 3889
1295 136
1352 3901
4561 2899
4455 4134
1465 1390
1948 2114
3372 1906
2465 3801
3032 680
1450 1836
4486 762
4567 4864
131 1220
2191 703
3897 1627
1607 973
2557 2891
4282 472
3540 1225
37 475
2717 2024
1281 834
192 2914
3006 1426
2682 3677
3302 2489
298 2996
949 3353
1122 1040
3669 4618
1196 2290
3579 2098
1515 997
1394 107
920 2934
3935 370
1994 1561
834 2036
82 1565
4763 986
4412 154
189 2016
4416 3793
4073 2469
2348 4355
1722 86
3954 4855
3712 3186
1192 2770
2754 2947
1785 1241
3799 1203
4213 263
4932 2021
196 2802
3341 3049
3013 3420
448 3901
941 2946
2822 74
3274 3134
664 2563
1505 1451
4219 3409
3063 1692
3659 2923
2066 2129
1355 106
3437 4906
4042 2019
3921 3554
3964 3202
102 1506
673 1386
2518 2287
2253 114
2080 528
3222 3502
4426 2443
3119 3996
2225 72
1424 189
342 135
3598 4058
3046 4065
4047 2657
120 1212
423 1943
3649 713
2224 4813
2217 3971
3209 720
4732 1191
4866 190
4682 757
1229 3609
4714 429
2319 3510
2171 2182
3178 1936
4115 2911
633 4662
1428 4604
2572 1972
3163 1863
3272 1304
1785 1906
2930 275
4368 3336
4678 4184
2891 2650
1398 682
2608 2673
3712 3521
1924 3861
3498 3363
2193 1401
3981 2510
2231 2383
2174 3868
1191 1635
4064 1750
4466 370
3669 1897
1439 1163
3238 17
311 230
4190 4279
4967 1722
3680 283
608 2164
633 2802
974 2436
247 2256
3699 1946
964 211
390 2935
2753 4996
767 472
1478 2688
3876 4790
339 977
3613 1170
195 878
582 4419
2184 1992
1610 3898
1080 3358
1202 4019
3586 1395
3750 4926
2810 2491
1906 640
2299 571
237 676
3155 1463
3553 3254
3675 221
3432 3294
141 4573
759 1502
1945 1771
881 238
2738 2704
2647 1852
4462 327
1009 2003
2813 394
4636 4815
2535 1340
133 743
787 3906
4128 4343
2892 127
2320 1848
602 3592
413 4064
86 248
4279 4853
2964 1554
2853 1029
2919 3837
52 4763
2617 2356
1323 3270
745 3027
3439 1887
2358 4783
1933 1592
4157 4615
105 505
11 1076
1873 1602
3373 148
1658 2210
2395 3261
2799 2884
2735 3506
4529 395
913 581
4476 1503
1636 4269
3117 4885
2528 1907
3826 2511
2234 2866
1624 4530
318 4250
4882 2176
41 908
810 471
1213 1980
128 2092
3752 1199
1155 3209
3546 1874
825 332
2463 4388
2614 4082
2781 4614
2875 1370
4795 531
561 4001
2197 1270
665 4455
3041 3482
3631 4013
314 536
3493 3974
2117 3536
2431 3503
4254 3567
1517 4381
1735 1376
1042 3257
1471 2207
1659 4403
2646 97
4045 1166
4693 609
2568 928
833 4190
2421 2175
2702 1996
442 3668
3058 4530
1523 14
2715 2255
1585 2308
4051 2933
1508 43
2060 4031
4455 606
2297 156
1252 2621
1938 4717
1869 3004
3495 136
2382 3057
4400 1982
48 3678
4981 4052
544 3952
3863 3184
787 1909
3782 3516
553 3125
1607 2153
808 1710
3910 2607
882 3140
1104 456
1182 1362
561 2485
1759 3527
481 3409
1638 2812
3666 1409
2002 4787
4911 4561
373 2387
2558 4802
1319 4586
484 1083
2081 3112
2946 3762
3614 4154
783 650
4257 4445
1388 843
4360 3953
298 138
4690 103
1836 2888
2258 2552
3660 3506
1764 1102
4261 689
478 1424
2646 4849
1897 2925
3279 3585
4160 489
771 149
2655 1455
1901 4957
711 519
993 1918
4989 1462
248 3566
4420 1502
211 4485
2834 1185
4359 3897
3472 4134
829 3284
4828 2530
2746 2569
1048 2598
100 533
3779 495
611 1336
3735 2859
3177 297
3469 40
1366 1443
1074 4929
3764 2169
2154 2925
4535 4463
4917 3292
1314 422
2668 4020
1925 2147
1714 1902
4884 4132
4469 3189
2028 4065
2573 1456
1673 4628
3297 2869
1318 1487
2024 449
3158 502
694 4836
710 3602
4451 1871
4121 3312
4034 1104
4569 1715
158 4335
566 3475
2406 3742
2621 1920
1902 890
1866 991
4810 1205
1606 280
1183 4691
3317 3808
748 3915
2039 2276
208 4209
151 4620
4397 10
2418 4301
3230 2784
4637 1464
3484 3609
4679 2630
2077 1278
3348 3510
283 3245
4730 3835
1423 2035
4452 3156
2528 1503
1541 2753
2860 3637
344 2285
430 4339
1278 4194
4029 4155
2388 4535
2773 2094
3910 1372
3899 1133
2529 1550
2200 445
4206 327
4209 1733
3812 1953
3383 4596
4771 614
391 3887
2177 2426
1248 992
3665 4255
880 4642
2957 399
2644 895
2312 1788
3543 1787
1291 1806
2267 3555
604 2596
4273 2593
643 4703
726 3488
4483 1780
4956 973
2939 4439
4204 4207
1240 2068
46 1224
1414 3760
2733 4381
2121 2256
44 74
2100 4132
2200 4567
3327 4697
4011 2968
4172 2395
1308 636
2582 1300
4774 2691
276 3335
1385 2627
1730 1852
1740 1931
2554 3262
1450 501
4608 851
2997 1644
2663 2751
3722 855
422 3392
903 2644
2803 4345
4154 2699
3071 518
1314 1506
3821 514
4627 2247
2058 3134
1010 202
852 789
2564 2329
2132 246
1254 3663
114 1521
3191 1610
1129 880
1975 182
2176 3408
2555 2907
3674 2568
1859 1264
2198 3269
913 4197
3356 1504
2567 4595
1029 3927
1943 3782
3231 3000
1537 4262
4532 4191
4682 709
3074 4934
948 1290
1340 4348
4800 3159
100 161
1398 29
1003 4145
3039 4029
3195 2215
3889 481
4082 2476
3086 3185
749 2855
1340 4162
94 691
1305 1323
2159 2072
4861 4151
4329 4172
736 1565
2750 4735
3832 904
1915 2073
317 4314
1737 4063
2018 4485
2301 3573
696 1943
3165 2767
1525 1129
3499 3302
3176 241
4536 1814
4210 1582
4749 218
1411 759
4039 2111
2821 3990
4549 1130
3919 1278
4972 1300
4598 2077
4632 3596
1801 4611
4289 4370
1936 1859
4332 1858
955 1296
223 2394
1343 1669
1932 1270
372 1441
698 1631
2115 4336
3395 2380
3277 783
313 4932
2685 4296
1260 2549
4845 4326
4583 2557
2244 862
4037 4442
4495 1079
848 345
2947 4879
808 3032
3615 2803
1417 318
4185 1178
2800 1825
1059 2093
2553 4322
1470 378
1498 2582
509 2604
4167 1981
2941 1357
4481 1260
691 861
2555 702
4661 2096
1018 1347
3620 306
1223 150
2414 4818
3597 4009
4490 3464
1722 4194
3861 340
3748 435
2671 1784
2650 669
1851 1038
2061 4582
2544 3494
3370 1173
4765 1394
675 1074
4728 4190
715 3173
1933 2714
3255 2721
2855 4682
1334 2920
3798 1938
3987 2165
3209 2631
4803 1172
551 1942
3915 4920
1118 4793
1751 1055
3279 1566
2417 59
1301 3484
735 3630
2399 1431
4870 1235
3453 620
255 213
4554 2165
2120 2865
4765 4871
4106 4837
1418 998
4929 664
4802 3781
3656 181
4789 389
2408 1927
150 4822
406 3784
4091 838
4359 4204
4637 3633
4028 688
1906 1251
512 1354
1638 4850
1919 2955
2055 840
3265 2044
28 4537
2885 3549
900 4111
4326 3475
2416 912
3947 61
1787 2252
3217 688
458 2976
766 2672
3962 1092
4079 2514
996 2933
723 216
3677 4665
1159 996
4112 848
749 4775
4285 901
3595 440
867 3747
3835 548
1521 4891
3491 995
1529 1538
3943 1927
2564 3047
1712 4230
4417 1140
2950 1367
932 3892
2465 3412
3435 4473
4880 3952
4868 523
3019 910
3713 1658
267 1889
3890 3282
917 2523
4793 980
4452 3912
3988 3717
2159 3163
2306 4154
3416 1099
1687 1001
4640 1031
3947 1020
79 3526
2904 4519
3002 2736
2019 1913
662 2344
1834 2622
4243 3077
2450 3884
4615 938
2717 3210
407 3756
889 3948
840 4294
4193 2000
1391 4868
4960 1843
3563 63
2168 2352
1525 4847
1505 4196
1752 267
2049 1491
418 2458
1990 3984
955 4438
4299 1835
513 2495
3402 4527
3524 335
2240 2243
3194 4337
4565 957
3468 3250
4396 3840
1443 3437
2894 660
1261 4270
1304 2761
2945 43
4637 716
1550 629
4404 2287
2128 3844
501 1065
4379 1704
1985 430
4801 1816
957 3356
30 3673
3905 1737
1077 75
3158 4085
2479 1546
3905 4998
2174 740
1512 4797
159 537
3444 3414
1728 4280
4608 4025
2107 166
1973 4580
1056 245
3727 3005
3497 3572
1912 2760
4326 462
3595 2283
806 1554
2353 768
891 3308
1158 246
3707 465
4430 195
228 2602
3647 1342
4246 1269
159 1279
1678 840
3221 2547
23 2077
3462 3633
2313 1889
4642 1599
156 3586
3006 1988
2360 905
3843 3306
132 2061
952 3845
4764 4234
1879 2578
2835 2340
3709 2939
3069 1658
376 4451
734 2170
3993 4471
2306 4323
4182 4797
618 1170
2017 3350
918 133
669 1701
241 3815
184 3061
2531 1353
2226 3167
2327 2869
4123 524
889 4315
597 1846
3835 1433
1807 3752
2075 4372
2044 4456
764 4294
4079 3333
2181 4368
4146 1213
1202 3919
1845 3136
1103 2475
4419 2647
1170 2234
4617 687
2669 1248
3360 3815
3416 2147
3201 2820
580 462
715 2885
1634 4848
3300 4081
2073 2144
1298 4145
956 2769
3985 2787
4088 3897
3510 3360
3689 1475
884 3011
4760 2974
4320 1023
62 758
1814 2214
3043 3548
4758 3138
3937 2269
3288 4193
409 2145
3706 2286
4064 1059
1070 1228
590 3838
473 260
2855 2153
2565 2092
3747 3889
4634 2108
771 4131
3532 4511
4942 3455
2279 3875
1442 3219
4046 4883
2784 1264
3445 3526
4973 2462
4508 2462
912 4498
4334 3137
2702 4165
2286 3231
1557 1931
3103 3685
2314 672
2604 2186
1348 4116
85 2049
216 4662
518 231
2873 2883
3558 3963
2478 4697
2239 194
2534 3434
4285 1316
828 3430
2404 4179
3896 4904
1626 4088
1712 1162
4353 4265
661 2895
2000 1277
3143 3957
4276 221
1489 4124
2600 1558
1832 3615
2104 1459
1939 2686
4934 1887
4728 4387
3538 4938
2553 798
2735 1706
504 3955
2044 3603
4320 4529
3894 4699
107 3948
2429 3462
1831 3321
1197 4721
4869 3159
762 3322
4557 3506
509 1537
3911 3921
550 4517
2056 46
1010 2602
4112 527
1175 3123
1462 2080
4566 3028
4555 4362
4009 5
1099 2261
3662 470
335 2011
4973 2489
1879 3109
3995 3896
4606 4688
1347 4976
3108 2604
3805 4682
1402 3327
4139 4526
1655 1547
1972 1905
413 4772
1304 155
2104 1684
1230 4311
4310 1767
608 2074
2767 2662
2182 3751
1162 799
4915 3832
2499 4249
1287 4493
1138 3244
2860 712
1948 2472
494 1461
3085 2612
2673 3293
1717 1033
2698 4614
3234 3212
3110 1753
456 4470
3534 2096
2503 3067
2450 496
1967 755
4983 3920
4257 1527
1702 4968
3096 2490
987 4742
1966 4758
3136 1440
3136 1656
1241 146
1370 2597
4896 1578
2830 3655
4731 3692
971 2297
2622 1251
752 365
2757 254
3990 3184
438 4143
654 4491
2402 541
2014 1841
50 4651
2572 589
2165 1747
4374 3966
4451 30
890 4543
2512 1483
517 2402
2263 219
4450 3743
169 4584
1578 1156
3530 2284
2797 1485
1772 2235
2709 1007
1336 1303
226 4245
1927 2461
1874 2252
626 4163
2404 3691
2753 2181
1667 2503
1413 3406
4134 3298
533 659
3548 4292
352 80
217 3895
2816 1290
1112 3921
1714 104
1633 329
2322 4284
2179 993
599 450
3333 4241
1836 2453
1690 1883
4980 4401
3798 1429
543 2519
2447 4331
1441 3728
1295 4435
2727 107
4635 4330
4846 2488
4160 698
166 4701
465 2491
192 4105
13 726
2276 1254
3923 2130
3642 1367
2155 3388
861 52
4402 3535
2019 3753
2855 226
2742 470
4448 4631
3282 1187
1252 4241
4369 1216
4431 2492
3933 4280
4052 2438
176 2409
1919 1123
1569 4160
3074 4110
4577 2373
3609 1931
171 3446
1844 1279
4528 4184
2234 3413
4990 3443
4640 2353
2734 1452
2199 688
4312 3811
1468 3444
3210 87
3844 4888
3801 3808
785 2323
2256 3574
181 2280
1912 336
4922 4454
2510 796
3771 1287
3518 1227
4754 3050
1805 3212
3653 326
877 223
64 1648
1292 1569
1885 2715
2998 417
4792 1728
4914 3990
4154 3330
916 290
622 1252
2503 1559
2691 99
3129 2189
188 332
925 3393
1226 544
1246 915
4130 1029
3152 3664
3711 3716
2647 2926
917 914
1871 2064
4909 4312
1241 3693
2175 856
629 4837
1199 1155
4014 278
663 3394
3615 1553
3871 1685
2591 4026
2132 4445
3232 940
3690 4225
4820 4795
2466 1890
3404 3871
3817 4545
3703 554
3269 13
1738 758
970 2159
2181 4821
1668 2439
289 3505
3867 2779
3679 4693
58 511
772 2098
106 4414
1674 3948
2328 134
1531 857
1445 76
1294 1226
2078 1204
1430 2519
2107 2825
1194 2382
3731 4204
147 4580
1060 3698
1329 3866
699 4078
2753 4202
4350 4765
959 1811
4312 123
4516 2709
474 500
299 4204
1390 1018
82 2398
4025 4831
3457 234
2822 1118
1222 2966
4764 992
3024 135
663 376
2005 2348
3108 2144
1969 2560
1843 441
2178 670
1820 1882
4542 4891
2930 2681
4218 3879
562 4425
4012 3801
3001 1814
4398 1331
4221 4025
3911 668
115 3028
1550 2560
3616 4565
4443 2229
2553 3344
40 3468
2160 3227
2012 1522
709 439
3014 1588
1945 4524
507 1431
2857 2512
1101 3716
4429 803
65 2510
1328 784
3359 2649
4723 4717
2586 428
4940 3920
1836 1131
4056 4563
3863 1005
4501 1136
3485 3559
2386 1008
4374 4237
4566 1745
754 630
706 2655
3368 366
252 1739
3301 1724
2737 2046
1178 2349
135 579
2654 3982
4268 264
2561 2976
1874 889
1790 2917
4287 3772
3759 4783
3356 2919
4974 3908
2763 4597
4916 2402
3840 1953
4640 504
4609 19
2761 4609
4481 3313
1594 4205
857 1908
2917 3555
2451 4195
2500 2542
6 2799
3284 449
4010 4277
2525 2125
3201 2531
3383 1407
3304 3104
640 1303
2040 1164
2059 100
955 949
3928 2549
107 2082
1648 459
3295 3490
664 1114
2634 4653
1234 1418
127 4461
3999 1431
2628 1726
1718 3271
976 3458
1920 4083
4399 138
4138 3327
4453 190
187 1701
3144 2810
1991 2507
1920 493
444 3621
3976 2474
3531 782
2676 1919
898 1417
760 2967
3560 3780
3479 3140
2782 2351
2260 1453
4756 347
2915 3319
3108 4490
3414 1475
4342 4258
644 2305
1233 1490
2938 2855
1612 1467
2041 1930
1629 570
2130 1315
937 2251
3989 2515
3158 214
3802 3029
322 1784
4778 2281
1882 3041
1078 2009
4589 1419
1305 2272
734 3969
2329 2937
4414 3822
3656 3983
1839 493
282 464
734 595
487 400
3887 3599
2294 172
620 3791
1931 4122
1922 2994
449 2111
3068 1271
4718 3070
1640 2256
1488 2440
4109 1158
3985 1690
1002 1666
700 3629
4132 696
4727 4917
1346 94
716 3765
4174 3882
1614 2064
4072 680
1563 3364
4327 1734
2965 2054
3430 320
693 1461
3871 1975
918 4770
3726 4214
1025 388
2236 4673
3382 4737
2307 2620
863 4013
2348 4344
1574 1319
2794 3771
4336 3721
3736 1585
2914 1966
1088 3320
2094 3314
1433 1688
1949 1029
2925 1654
3715 118
341 2198
1593 106
796 205
365 2549
4994 4051
4249 4345
3740 1687
1039 1447
4635 1859
2097 4301
3849 1824
3611 4722
2807 4920
2161 4745
852 1102
3600 197
253 2196
636 1955
2513 3861
4492 4509
3632 20
3434 1808
4044 652
4058 181
4148 4255
4538 1824
2967 311
1267 847
782 674
68 3929
3119 3552
1441 662
2648 1794
2860 882
1811 1736
98 2675
1590 729
3932 46
4051 2105
692 2661
1621 1238
354 1668
957 3606
720 3073
1173 2460
1922 1078
2368 1083
4707 1666
970 1022
1750 2583
2098 1758
978 3426
836 205
517 3609
1476 1876
1116 2674
1717 183
2995 1154
167 3147
4029 3105
2499 4991
2325 3434
640 2750
3232 2997
2258 2962
45 1241
4267 1228
2206 671
395 464
3201 1008
4838 4270
3712 1226
1507 868
2285 877
3804 4900
2493 419
2444 2415
4425 3444
441 4922
334 209
2622 611
4263 4976
3185 4253
3677 2106
2306 756
3725 1852
1619 1204
2629 4457
3597 2204
2586 3652
837 72
2454 1908
3516 2449
508 3037
1387 4862
4281 1067
2803 4756
697 3310
2328 4946
3193 847
2858 3224
340 1038
1505 4901
827 4793
1528 2886
671 4773
454 3314
2425 1948
4252 4939
4955 3886
289 2567
4160 2862
2811 699
2305 2218
3828 1218
4737 4189
1778 391
2114 2356
2221 1328
3415 3857
3877 1189
2522 3703
40 1102
3390 3080
251 2762
884 2311
1825 40
2794 1677
472 609
1000 2011
825 311
2486 4745
3954 3603
1893 2761
2034 3861
12 573
3817 4596
4017 4013
1343 3893
4853 4884
1018 140
1531 4041
4997 1221
152 1053
1784 4790
3907 71
4245 3347
659 3513
1733 4051
3281 4572
4114 620
4802 3223
4959 2430
2455 575
3613 3313
3707 2251
3745 525
4312 3081
155 3071
1407 419
405 617
994 135
752 1273
2384 4819
4375 4856
2530 3343
3710 3041
3869 3994
361 514
2305 2134
958 3703
4793 29
1256 3843
4448 1977
1172 2257
2320 4920
787 4642
4067 4171
1398 66
3000 1253
1411 2001
958 4441
4261 4933
1912 4874
1725 3141
3824 1764
2336 4527
866 1568
4064 94
2964 3161
915 3012
2949 1755
2343 2894
3302 3887
2812 2315
2166 1469
4364 1024
4899 4500
1392 4476
2568 658
3166 4938
3105 4059
4326 4409
1381 2407
2696 3133
3055 2084
3834 1254
1847 1486
4465 564
186 2777
4765 3847
2514 610
4965 4322
483 3659
3987 2708
3156 282
260 3287
541 2633
863 2968
1419 3191
1241 4810
2129 3967
3420 3139
2660 599
4389 3918
3944 2165
3298 4407
3013 4511
2545 3877
520 29
4945 4601
4592 3106
3158 2720
1072 1421
3430 3969
624 613
3602 4934
2535 2905
4802 3448
3553 4762
3470 3611
2500 2473
1822 2085
1019 913
3840 4816
2701 1766
3868 4106
1102 3062
4758 4261
3065 3103
2640 1550
2181 1280
2600 2944
4348 4265
3891 4795
1050 1763
294 2394
3830 3108
211 4769
4457 2972
1518 4117
2532 2613
336 3538
1098 620
1947 4745
860 2095
986 4055
4069 4988
4018 4281
3662 510
648 2428
3509 299
299 3719
135 4668
1016 1891
2836 609
1410 3470
4659 4893
4417 3630
890 2010
3822 2015
3098 305
1125 313
4852 1550
4833 4171
3787 4679
1229 3318
2879 3679
4338 3815
306 4900
3089 4204
10 3957
4062 1974
4632 2980
3785 599
4429 2931
524 4429
3681 1035
3675 695
1240 2257
2555 193
1400 2521
2108 27
1825 2735
2443 602
4545 3943
941 3271
649 3793
2961 2923
957 4815
4314 3961
831 2520
4128 2234
3648 2754
3417 4655
3394 347
2168 3100
3952 1172
4938 171
336 2159
735 1607
3629 259
3626 2429
3983 199
537 663
3290 69
909 1143
3362 667
3198 1835
4416 545
1113 1516
1952 1567
4332 3025
3849 149
325 4763
3394 3608
702 2724
2722 567
3183 4337
3093 290
1011 2955
812 2535
3668 4129
4762 3146
1473 1755
4547 3159
2474 2908
4625 2930
2949 3766
4631 1309
2647 1762
2749 3299
1867 731
839 1583
2260 3449
200 229
792 1707
763 4297
4437 2999
592 2926
1673 2739
3635 2041
3476 3908
4148 453
312 285
3461 501
3094 4794
4485 4452
1393 3359
3609 4400
4491 3506
927 254
4742 3645
766 3711
1357 2239
3984 1967
2372 2100
3860 1780
604 1440
4294 4496
1488 2300
3138 1261
3873 3368
1772 2678
3425 277
3649 1064
3052 4865
1230 4465
448 1773
4786 3267
100 1076
302 270
1650 1022
1294 3121
4212 1842
3333 2153
2129 3894
664 4404
1880 1309
599 1873
2502 4679
987 2542
2499 2698
1823 3650
1993 1451
3381 2547
4747 3552
3277 1746
905 696
3583 210
2199 504
1132 3196
809 1322
2059 70
615 4606
1300 4561
3101 450
2081 1909
1016 3425
3308 3052
2661 2118
3405 1077
3726 1282
1483 4211
1204 4794
2373 503
2718 4062
965 1002
3938 3918
1013 474
2240 1484
1807 1583
963 1975
3247 3210
3158 115
443 3634
791 1183
4863 4871
2587 3850
3768 4540
3369 3123
3098 1643
3676 1936
3592 728
2157 1258
4218 4769
1365 3978
2914 541
3126 325
1245 1471
1332 4571
4371 4280
1745 4391
3260 2492
2811 896
4762 1547
3450 4401
1083 3428
769 2805
1186 1516
3736 822
841 2246
59 4665
2807 4033
2163 3443
3266 2359
3568 2941
2466 3478
4978 4854
960 3110
688 4638
864 2716
3936 1707
3236 3006
153 3745
47 3840
3845 1060
807 4420
3127 4952
3858 2850
3448 2540
334 963
1036 2538
399 553
4961 4376
1506 3712
1120 81
485 2076
2741 808
2423 2019
1789 82
272 771
4355 2464
3486 575
4702 1999
3846 2989
2838 1181
1055 4115
3596 1303
3057 1082
3704 2311
687 3316
2858 4443
3632 127
1650 3647
1281 3263
976 3102
2477 4493
2918 1809
3343 2653
3507 3806
2961 1016
1720 4939
214 3198
1603 1506
4251 4995
3986 4452
776 1724
4319 2852
2611 4506
1076 4025
1286 2238
2274 2820
1502 1774
4404 2698
394 951
1962 1725
4861 212
1363 613
3330 1933
4181 4944
4378 1545
2411 3022
2040 1622
628 583
81 3978
4324 3858
2846 2467
357 2127
1313 3644
2087 486
1279 4333
3088 4330
168 4805
3492 1202
4641 521
1319 3121
4681 2209
4453 2806
618 3528
2963 2176
4836 4473
515 1717
1747 4207
3716 3393
898 1912
4276 4912
2697 4290
4645 3148
4779 4298
1444 1601
2514 4452
548 418
4755 2576
3417 4098
2309 3954
1855 1878
3684 3220
3949 1278
1459 551
254 895
895 2108
3754 4701
1984 476
2505 4541
294 1389
2517 3079
53 4226
1572 251
628 1417
511 1265
754 3765
2685 4149
1011 443
2832 2702
3500 4968
2038 3897
2111 1238
1415 243
296 1794
2995 92
4988 3597
2526 1569
2904 1317
3228 4553
2456 2760
874 3280
1462 1093
4126 771
2602 2498
4394 4144
2562 4678
1239 594
834 2971
2996 2781
3674 140
2222 935
1761 797
151 1743
3717 3223
3457 600
2220 2373
2121 2413
4020 807
3810 3206
1650 1635
3505 2529
2756 284
3299 3328
3720 3295
1491 2913
603 4938
1561 1857
2739 4447
907 4079
1861 1275
856 1410
3901 343
4154 2598
2397 588
3114 2278
1658 596
2620 1823
1436 528
347 4017
2635 1961
4191 2215
973 1660
2407 4864
2108 4149
2337 3858
447 3029
1665 2415
1781 923
740 4410
2230 4248
4090 76
770 4564
1669 4270
3058 84
1584 92
983 4240
3307 208
3576 3874
4194 647
3484 4910
2026 4327
3228 543
4689 3718
1137 3631
2373 2172
1682 453
4659 3296
4147 987
3644 919
1903 805
1117 3240
1597 4088
3161 438
4107 3045
2753 630
3613 3236
849 2811
626 959
3706 1629
4479 1918
2970 2063
1442 1598
2832 2858
2061 4361
4416 4884
1061 3473
2154 3969
4571 341
1933 1110
2939 663
1788 4136
1855 1652
4948 1002
4392 1450
4270 4451
1165 2854
1901 2652
1073 374
286 4606
3908 3668
4332 4048
2041 809
4466 885
3705 1989
4696 4047
186 3781
954 46
620 3065
207 1293
2132 2334
3305 199
3642 2724
920 4377
3706 4191
3203 361
2105 177
4713 2575
897 3212
3473 3750
1992 406
2631 1236
4652 877
878 851
4052 2599
2700 4073
2626 1142
4256 4572
1630 4821
759 2031
3301 1437
2854 3406
3547 3540
2837 1583
674 3202
2068 217
806 1552
974 3287
4377 1606
457 3255
695 1082
1474 2196
4310 4950
2827 2115
3878 4386
4715 4721
4695 3137
1923 4151
4163 2214
2159 4317
4954 3666
4293 1923
4257 2551
2854 2013
3766 1107
3653 3694
1986 1083
3299 4911
2449 2246
3614 548
3981 1173
2898 3495
1886 2714
3066 2008
3595 3693
3866 1457
1917 1095
1334 1462
4912 4820
2895 3862
4336 530
1989 1316
1238 1391
2263 2264
240 4065
1179 3092
602 2633
4227 3479
702 2715
362 4384
4582 1204
3190 683
4862 1947
1578 1048
4185 1642
3016 3336
1039 3473
711 774
1521 2420
704 2408
3016 119
4275 3918
4697 217
1401 4939
1723 348
2887 958
4590 3637
1686 1200
723 3032
1525 287
1691 3382
1817 873
4301 2520
2713 1717
146 1820
301 435
1998 4518
4744 4726
1256 3555
4845 3224
2939 2364
4194 847
3248 4868
1467 3567
4943 3654
3337 4515
3879 46
4212 3455
661 4014
936 1376
1218 4017
4954 1929
1807 469
2327 2510
1642 4672
2879 1871
3443 164
2239 4131
2454 3119
1312 4263
2512 3577
3153 1123
3925 4772
2798 736
256 986
1423 2111
394 3998
1701 1224
1276 3361
1932 1466
4886 2555
2289 4279
2428 4132
3123 85
201 2250
3991 3120
2904 2666
1806 2774
4577 2396
3150 4523
2322 4328
1310 3562
708 4972
2409 3082
1753 3925
1928 2620
3299 3598
4390 3064
4821 4052
3841 4050
4552 3151
1363 4464
504 473
2142 1391
3667 2376
1511 1261
779 4076
2059 687
2324 3642
4927 952
4394 902
1800 1901
1122 1822
4055 4028
3786 92
3634 2139
2166 4896
4822 2885
274 477
3062 925
4427 1802
509 4974
3826 3509
2987 2905
3746 3048
1570 3259
4618 3368
1606 1433
778 1896
207 3973
4459 3791
572 736
2761 3077
3356 3761
1339 472
125 4025
3592 4284
1476 3992
2547 1671
1085 3793
3371 1066
1648 1760
3188 1705
1548 4736
2088 3558
754 443
3791 3779
1466 932
749 2187
1955 2634
3048 1639
2962 880
2634 1162
1848 3984
4080 4173
1074 4258
2547 1420
4707 1539
3231 4166
1379 4575
4536 2203
1426 286
595 4315
177 2337
664 2144
1167 3592
2682 3325
1324 1404
4037 1379
4457 4557
3953 4003
2879 1420
2722 311
1709 3750
1686 3080
2348 434
4117 377
2419 2084
2229 3269
1855 1170
1423 1587
2430 3099
261 4673
2807 1222
2194 2546
4750 2117
2114 4374
51 2796
3409 1848
1926 1798
1829 2378
922 4074
805 2038
604 2098
3084 3936
4336 3235
3351 4862
4171 4591
464 2047
850 1801
2537 4144
2429 1537
916 3941
103 2710
4088 2548
2696 4601
3141 1134
3916 2656
2891 3518
2397 926
3459 222
2874 4601
2619 3853
2738 2361
4295 1741
2431 1703
1274 4153
3223 1797
2400 2838
4986 2901
4790 3794
4056 4799
3598 1734
1059 3379
619 2174
3031 3767
4992 1438
4467 4184
4510 1972
4134 4565
1541 480
1021 862
4342 3368
4858 922
829 1710
2782 472
2881 2973
481 2595
1227 4180
845 2560
653 4306
4570 4689
2349 3510
3915 4897
1412 3186
591 4603
1552 2894
1141 3200
3177 2794
4202 37
1152 415
4606 3934
4198 2660
3256 1496
1840 2189
33 264
2434 4888
752 1665
4488 2190
1114 31
406 3455
3507 3630
4180 4607
1494 358
3627 2155
3527 3341
2113 1625
2538 3499
1035 1703
4293 4586
3654 804
4947 4406
4295 4043
1646 2670
3522 3585
2977 501
1060 3256
4635 3883
2635 460
4425 70
2228 1329
1964 4929
601 1963
4958 4092
817 1347
808 4244
4516 4320
2247 82
3113 1206
3737 1879
4792 984
301 4083
4794 3361
4800 247
1255 2049
2854 1251
3187 1093
4527 3734
311 3680
1386 2337
3373 3644
3411 2741
3124 2522
4438 4529
1717 2576
621 4803
3663 3758
3080 4273
1167 1312
3964 1900
4282 1676
4476 2859
2733 210
4705 4625
4815 2307
1701 4256
2979 2929
4682 3014
4965 140
3580 4914
2082 3735
3488 1897
2769 724
4345 3913
49 977
3067 4961
3941 4824
1804 4881
1057 3426
746 1256
1598 1040
852 210
3193 642
2777 4462
4578 4669
1716 3551
745 828
707 1360
1373 1963
1630 2673
3121 1719
1669 3160
2876 4754
185 1853
547 546
1366 651
2793 4539
1665 1793
4538 1672
1944 4049
3652 2075
1229 665
4517 4696
2226 2598
4687 1859
1471 3310
3132 3681
4718 18
4936 3736
1619 2185
4846 3562
4114 3146
1870 4799
1622 2501
4817 2205
902 1785
3060 4459
3015 2591
1608 4134
3991 4576
176 2542
4693 2477
2879 540
4511 3210
3888 2603
4044 4136
4260 1508
3744 2502
4157 208
2389 2060
3515 322
1301 4720
4874 3176
1706 3360
2261 3695
1321 1245
1814 1372
3305 3618
3472 3102
1796 4695
2734 3295
1424 4679
971 227
1170 2206
1647 3449
1763 39
1684 2496
4886 1735
3418 1740
1258 32
4778 4568
571 1249
1870 4937
1433 2981
2791 65
4237 3932
1080 4958
280 1783
1162 3506
1977 269
1428 1011
2502 2577
4026 4361
3836 3762
1204 3284
3890 3115
519 620
1503 2039
4599 3757
3222 3065
2004 4238
801 4466
4797 743
2697 707
1744 2193
2144 4937
4033 1701
3013 3942
3460 2065
2946 953
2883 2176
3490 2854
1543 4907
618 3472
1436 265
4722 2130
134 2180
529 3099
4881 348
384 1690
3054 431
1208 4042
1019 1202
4480 1570
4909 335
1504 876
734 760
4724 3647
3400 3981
562 4777
2161 4054
4049 2254
954 316
3178 1992
2456 587
1234 2002
380 1390
4384 88
417 3703
3830 3337
3543 670
988 782
623 3253
978 4534
3356 3740
2628 1973
741 1112
1852 3770
2065 3915
3339 1753
1903 2769
2589 590
3407 1474
3448 3676
3426 4710
4831 2717
4166 1319
2541 317
308 3706
1937 2269
211 4188
4313 1534
2080 3357
3533 2073
3434 4540
2448 3288
4592 235
3004 3476
680 2325
3394 3187
1657 1044
1322 4861
3099 4802
1933 3365
4344 3609
3729 4336
2953 1200
222 581
4265 2030
2207 1459
4108 2590
2943 2981
4056 1800
4560 3841
2246 3227
3574 1283
4050 600
304 4366
2192 1131
3926 4352
2363 1806
3513 944
1375 4254
4792 4148
1561 3803
4747 2715
101 4534
1865 4770
3226 1665
4710 1593
2719 2161
561 1578
4013 3334
2701 2271
3436 2138
3718 4002
2156 292
3200 1131
3386 135
1684 2594
3140 770
1276 4259
4094 4488
4997 3012
1046 918
259 2280
3521 1957
1234 3836
3381 493
2241 2883
1005 4376
4410 4440
2807 2974
445 4167
577 2390
790 847
1698 2264
1413 2323
1746 1274
3149 623
2489 2721
1088 3083
1395 2797
1340 4477
4614 256
3707 4971
2317 40
1064 3375
1478 130
1647 458
3626 83
1807 4298
2681 2435
187 2651
503 4000
156 10
501 2600
4038 4743
1494 2144
306 3171
4837 647
3151 887
1506 3571
155 3437
2342 3278
1148 3788
1154 4885
631 4839
1509 4016
1407 1448
355 2271
984 861
4894 1072
125 2058
3496 3417
4180 4310
1856 588
575 3462
2010 1205
1591 2410
447 3027
3089 4916
3931 1010
2012 2943
3203 1646
526 548
2096 1135
3840 2654
3979 1761
2747 2392
685 2263
1016 3541
1282 1747
2721 4550
2400 3394
4890 1742
4073 1854
4912 3464
4306 452
3382 4397
4134 3686
2005 1466
4580 4111
354 4712
643 423
2233 3221
371 4743
210 73
4209 3386
4987 3493
2453 1088
1708 3497
936 4595
350 3036
2468 481
1815 2613
4249 3519
1374 4662
1532 2785
3666 341
4682 3637
3063 1560
2491 1421
2940 147
2936 2868
1535 789
4193 4718
2375 2334
4503 4067
4655 4618
2399 466
4363 3615
4989 3519
778 1207
643 4261
169 4980
563 771
1754 3421
2726 2288
2901 1318
3938 2778
1847 2681
1427 3491
4144 616
1168 1946
2897 966
4044 1884
4814 1458
2114 809
4600 4623
1200 1834
4691 2038
3738 1665
1461 1261
702 1530
4653 4552
3342 1331
813 2567
4641 20
3429 1565
4986 2763
3734 753
1510 1311
1553 3797
1408 4061
4508 1662
2096 3607
650 2061
4733 2420
4897 598
4350 1197
4372 2177
4777 169
3329 4266
867 3687
2315 1904
2488 4741
1921 1323
1710 1833
4955 1424
2572 2870
454 907
3515 1718
917 1010
3929 4570
2649 2608
511 3928
4673 3083
2146 938
3000 3649
3468 1671
2419 1111
4320 454
4841 4004
3088 1332
1545 3252
4011 4137
1743 4463
424 413
2169 259
2367 4668
4495 148
839 3463
39 496
1787 2182
2968 3117
1200 977
1587 1853
2122 3888
661 3053
1044 3503
1316 1665
3382 2275
4151 3627
719 743
4256 2372
4361 2899
4671 1048
3737 2314
3088 1769
1677 1870
1182 3645
3287 4566
4481 1862
592 4357
3591 1866
4205 1648
3987 3525
3567 433
608 2564
1406 1632
4428 191
3740 4268
2626 4653
1647 4361
1802 4936
2067 802
4509 3574
2424 3669
1486 3651
1638 762
4961 4722
1452 2169
2750 4055
1611 2852
2728 788
3889 1475
3763 2416
71 3288
994 4684
910 2898
428 2459
4183 4508
1539 1474
3876 991
1862 3999
1187 3550
481 316
235 2265
1633 1526
1561 3100
4048 3800
4475 465
2451 2921
3844 1685
2934 4815
2555 3245
539 2593
3068 2033
1779 4106
898 3526
3538 955
4190 3526
944 2692
1005 3984
2596 340
4003 4701
1089 4429
2361 3405
1486 2499
2659 3318
4392 622
4114 3189
2218 3195
4923 4608
302 1548
3577 3649
1720 2130
1864 76
34 1144
1036 2765
3139 1002
2277 2996
1181 110
4304 1155
3688 3960
461 818
3154 2157
1266 449
796 2422
1573 1708
2954 1959
4985 4044
4060 1669
2563 4446
4707 3112
1034 4172
1941 4856
2278 4168
1080 1206
3351 4389
973 236
2240 1945
1073 2878
2330 3629
152 1564
235 741
804 3714
4097 4986
4115 772
1362 4453
770 1309
1558 3333
1074 1492
1559 1641
923 4515
1961 2235
1040 3249
1986 90
4713 2434
4659 1467
4540 2304
3201 4140
2897 497
4391 4580
2373 420
795 4518
4705 1203
3648 694
3804 2373
1420 4079
30 1808
3887 1454
4087 4528
1953 1573
1608 1176
2821 4116
4236 799
2839 1282
2227 2140
2901 3144
1752 4113
3980 4620
490 3581
1851 3530
758 3339
3658 4083
4341 840
1460 4152
4766 3011
1920 2292
3505 3920
663 4484
3486 1951
1845 2565
1775 4477
130 28
4196 4336
3795 4801
2324 2723
3045 398
4554 3751
2368 3883
2769 4307
892 1982
1045 3594
4788 1152
4825 2798
4073 2881
2514 2010
1167 2639
1184 1038
10 4143
857 608
3879 2509
329 1719
326 1523
4367 3981
780 1328
595 3909
2006 3443
2934 492
4174 2461
621 349
2071 1683
2351 4308
2974 3583
594 2615
1496 2533
757 3142
4840 4112
3252 4533
1344 3175
1326 862
3544 181
4639 3016
2038 594
3096 1290
3818 4397
3996 2208
2838 980
1737 4592
554 999
2112 2992
1857 2480
2607 1365
2794 4322
3609 71
4186 1180
3159 4739
4669 4485
2525 4390
2655 1928
686 2219
1340 47
3584 4843
892 2054
4762 2578
2821 2339
2795 874
1571 153
4695 3672
2527 1286
4776 4889
4219 1798
2153 1951
2560 2785
3310 4893
1472 3017
2284 4593
1726 1047
2880 542
4504 3688
147 3741
882 3105
3140 1199
4941 616
4628 4554
4325 4424
750 1825
4241 1372
553 616
4540 3010
3737 3565
2569 2470
3949 226
1932 3312
2883 3674
401 1102
4258 397
2622 3625
4122 4492
587 886
1958 1349
1695 3596
3857 2364
2910 4563
2827 2382
4129 4037
792 2958
2075 3933
4341 1959
4882 2323
4979 1854
3525 3993
4538 2628
1354 456
3224 375
3819 691
643 4593
4159 3233
4844 4521
4832 3100
1884 4140
644 1149
3396 3488
2066 2805
322 4558
2768 2126
4869 1309
428 3187
2012 3184
414 4444
186 1939
2218 788
372 1541
1945 671
1624 2320
4908 75
3510 72
1940 2599
3151 508
1295 3531
3441 3655
2677 3015
4124 3332
277 3422
120 2312
193 3903
1349 1462
2450 1538
1760 447
1637 1842
4617 2648
1102 3097
4296 2636
4360 668
1900 1031
4359 3601
2930 2044
458 245
102 189
1542 3458
2235 1023
1106 4458
2215 4081
1468 1495
4774 4021
699 2750
4004 1132
1731 4292
3632 4866
2313 4972
3364 1419
3047 2895
2791 4382
4601 4165
1646 3244
3546 862
162 3648
206 3137
4825 1121
1166 3397
4676 2744
159 4362
2341 2334
1053 2584
2527 79
4831 4713
2851 359
2984 507
3827 2716
2044 2337
2226 1556
242 4900
678 2938
1600 3822
2243 3213
4 2196
1843 2742
4641 1934
1595 737
2134 1181
297 397
3776 1950
1571 359
152 1901
530 1895
2047 2789
99 1867
1019 2822
1306 4578
2679 4841
2901 4637
160 4322
861 2978
1638 4097
2344 244
3316 2132
3067 2183
1198 3540
331 4278
4409 106
1925 2390
156 2689
1900 909
4353 2278
4592 4263
1097 4908
1756 1319
2020 1767
2260 1733
838 3486
1297 1948
1556 571
3803 2203
3968 1135
2885 1096
2871 1937
1217 867
667 3794
3587 4506
2224 4513
4375 2391
274 2892
2964 655
3628 1450
1343 316
175 2081
4819 3995
4451 3855
3248 865
3124 926
737 2871
1445 82
4297 1134
1146 1436
324 3374
2485 2560
3050 2696
3991 3897
769 4389
2052 417
2109 1032
3985 1478
2559 1699
2127 3395
642 4422
1585 1759
1175 120
415 4501
1822 4439
1972 4359
3839 4996
1358 294
1773 901
4481 4583
0 1218
1432 3300
2244 3797
2002 4140
4786 1333
1914 3129
656 4492
1692 2218
283 4942
201 606
4611 4972
2726 3563
1733 1107
2901 121
2169 4081
751 3027
2776 3551
4506 2407
3871 3944
2798 2487
3787 2494
1648 4947
4595 1747
1436 3051
3880 1926
2052 954
1090 311
90 929
4795 4708
3378 2213
716 3663
779 4975
4326 422
4108 2181
763 545
1301 3444
4033 220
4986 3008
4564 1701
385 3571
2426 4389
3095 2932
4545 4310
623 4544
3867 1971
3100 1144
965 1919
4277 3096
2866 302
2262 434
4131 1387
1013 4494
2508 62
2048 3060
3920 2381
4197 3854
3589 4519
1621 3831
1847 2741
183 4026
1604 1471
2430 2083
3725 3245
1418 3340
3303 1050
2944 4160
3088 3140
4564 2295
3871 4908
3017 1029
2373 886
2601 3651
1880 551
1424 1701
3868 3174
2162 1162
4531 1147
3161 200
1418 2831
1635 416
4467 4665
184 1268
2987 2890
2469 2606
339 1209
4617 897
2257 1549
1559 4817
3975 1619
1472 2525
1589 205
1623 4164
2509 3060
2802 1408
22 828
2167 3422
2214 205
2378 4496
4687 23
2623 1944
2657 3663
82 3742
824 276
837 272
2750 3497
2309 1610
1955 4639
1053 1125
1429 379
3771 3933
2582 951
1900 3477
823 812
3864 177
1696 4913
4880 1913
3270 3980
60 3808
4306 1062
3469 3247
2005 1698
3169 4995
3343 382
4477 4904
2869 635
4706 3282
4518 4504
2691 2390
786 2813
2695 1129
1685 3159
2056 3534
2907 3575
1480 2228
148 1613
27 1286
3054 273
3501 1532
2340 4631
2036 3450
4101 1722
1300 833
4957 2820
2235 3785
3475 4734
1784 3883
1987 3840
1311 363
1178 2478
1067 4328
3673 42
4749 4059
719 3860
2137 3573
3092 3652
1455 2014
645 2360
464 659
982 3983
2768 938
4215 4881
3361 1038
4554 708
294 3424
1924 2751
221 1714
1858 1924
4378 500
2490 4369
413 4444
2267 1582
306 150
3339 1422
1495 1621
1774 4924
1694 230
4323 644
1278 2443
606 3733
2591 4718
4862 4908
1191 2079
2449 2601
1028 1274
993 2652
1570 1735
1391 3530
4920 278
3671 4079
4055 3747
2802 1008
790 4896
4307 2574
662 1799
4042 3105
3999 460
3369 2509
986 2823
15 1624
3552 3374
412 2682
1604 1118
1172 3067
2645 2250
2231 2520
1370 4767
4483 174
2657 1710
4455 2158
4888 2171
1919 3673
2001 2260
3779 4422
998 482
4284 2690
3874 3166
4793 4510
2601 601
1976 1871
3473 2554
2875 120
2286 2118
4177 4944
3952 3211
783 2378
2992 2963
1515 1559
1203 10
3474 3107
3386 862
2214 4832
1323 2476
1691 2886
1257 2888
2419 4690
2191 150
3041 3201
3087 758
1900 1352
2414 4705
3752 845
2889 3912
2701 4614
3600 2627
3888 2503
1863 48
830 4645
3573 958
1273 2054
723 748
2084 3029
2012 4533
4414 3791
1600 930
615 3894
1647 3989
449 1973
4536 1045
4665 3405
2365 4508
4978 4052
3145 2061
3222 1197
3709 3932
3488 4723
2679 233
2590 1812
4179 3143
1594 3526
1633 1120
2128 2122
3248 913
2450 2416
643 4480
194 3080
3456 1087
724 4626
4566 923
1458 3367
314 1129
1528 3212
4043 1034
2597 597
1577 3854
4638 238
92 4519
3048 574
3409 1885
3100 4765
3569 430
1096 3726
4961 1884
2261 1687
3795 2061
1444 1499
529 2121
3194 1327
2115 4903
4344 2522
3784 4358
4074 3943
555 341
1001 2262
1841 4005
536 2184
743 653
3300 3172
3644 2230
2373 52
1062 4922
3522 4998
175 4968
4428 1597
3987 639
4756 3424
1253 728
4854 1133
1159 706
2635 3862
2166 616
596 3979
2571 4630
790 1221
2655 229
2518 3074
1170 2924
2158 1307
1986 1808
2046 1832
3565 4804
3434 761
4265 1719
3446 720
3220 3676
2513 2499
758 2449
327 1302
1740 1652
4449 2384
3095 4974
3484 2822
1750 270
2640 3695
4434 2814
3975 4533
1112 1857
1559 1288
2890 3020
2941 532
732 566
4638 4594
4932 4937
775 2433
4042 2775
3201 2567
3097 2361
1490 3675
846 4980
71 4984
1564 3396
3981 3965
3628 3040
4587 3584
1112 3700
362 4153
256 81
1522 2431
3754 3362
2590 1234
4362 1021
840 3806
540 2105
576 4539
3434 667
1606 1734
1085 4109
835 3085
3720 4040
2363 2825
4278 4852
4851 2562
2560 2328
634 4685
663 3679
4575 2847
783 2481
317 355
1777 3835
2713 3206
4879 1070
1922 322
1329 1228
3140 662
4093 4409
661 3886
1663 2761
214 1723
131 2151
2640 4767
2588 422
2408 3523
352 972
1189 4888
1 3415
3856 4598
4791 4342
3775 329
2787 2243
2723 3654
1280 1752
3227 4963
3982 3584
413 4695
3207 3307
1544 2037
1070 2222
48 3007
523 4145
531 4411
3048 2331
3165 3295
1239 1597
4411 1459
4081 1644
1742 1449
3417 932
3295 1637
1339 2140
2907 1331
1911 1672
2936 4418
4927 4405
728 2171
363 4131
1115 2882
3585 1423
231 4080
3450 1748
3621 4506
582 1547
1581 68
3537 501
4253 487
2917 4346
3028 2425
4009 2464
1143 246
198 1467
3422 2374
3046 3455
1470 2332
1752 1944
486 3187
2977 1804
409 1981
2229 4889
4377 585
915 1193
1483 1678
2184 3589
2833 4118
2626 1981
990 3227
2030 1956
538 853
1731 1062
814 1052
2059 2805
4607 435
655 4418
2839 2444
575 2581
3475 2033
1368 3294
2273 2332
2168 3713
1985 482
769 1789
4907 2199
1278 1725
2163 2577
3572 4850
2152 289
359 2435
158 2709
977 2206
4648 2182
2574 4356
4301 2736
3987 1272
1290 2314
3934 4686
2575 235
381 4757
3747 3127
1968 2581
1721 2879
3794 2907
3970 3915
681 1777
2806 4925
2344 4884
2891 3826
387 4754
27 3706
855 1084
1736 1427
1620 1583
3304 1252
3067 2032
1139 3419
1251 474
57 2255
4947 2081
43 4612
4522 4843
3182 2428
585 4899
1217 4189
4012 3010
282 3489
3253 4056
1786 1260
660 1042
2926 897
1864 2490
3717 688
108 1207
4527 4777
3321 3221
2147 186
1301 2163
2803 367
394 415
742 4829
1574 119
1577 883
3130 3754
2755 4811
4546 2949
810 4382
2858 51
400 4942
1955 1884
2577 799
1031 1266
54 2647
1506 1732
1711 4741
4893 278
1890 4476
2685 1192
823 827
564 3278
3859 4415
1692 4956
1651 613
4065 3398
696 412
605 4444
1238 4873
4163 2726
768 1791
2252 2964
4432 1568
1833 3480
1288 3694
2761 4619
1834 3357
1587 4717
139 4485
4443 809
2541 940
72 46
824 3810
2348 294
1022 1441
514 3760
2360 2447
3623 3392
3533 4485
2000 921
2620 4468
3585 3187
2892 2696
119 2426
62 1278
2716 2264
471 442
4481 1113
3795 71
1401 2198
2295 4712
3901 2164
4509 34
4926 1692
511 2458
241 4028
4060 4071
1926 3378
522 1817
1641 2021
4134 2184
3142 108
1515 1382
3783 2626
1201 4244
3110 558
84 2957
1795 4201
3859 1308
2557 2205
2996 2316
1212 4707
2572 864
916 3429
1951 4235
1071 1916
659 2784
4476 2952
2723 2261
2817 93
2702 2763
3313 500
1795 2208
282 3520
69 1815
2577 4681
4051 1818
4655 4376
1348 566
2961 3611
3952 3542
277 2822
1598 4944
671 794
2506 3901
2493 96
4769 3319
3170 3433
1445 61
639 3798
490 4743
1792 2912
1765 1759
2165 3963
4837 3695
4605 4210
4878 2234
3016 4071
3293 83
3109 707
718 1565
2539 3139
1897 4293
1001 3476
3960 4401
77 4411
2227 2057
3836 2152
3562 4255
3745 1078
1944 519
4607 738
1169 1177
1305 3133
4215 3026
3058 3479
1549 807
2306 3001
2337 3925
2784 1480
2665 3375
1550 1134
2032 2412
3692 1711
85 3094
3818 1008
494 3623
231 493
3212 2436
4565 908
2353 1837
4101 2206
3109 3704
4497 282
4131 2238
692 3645
2116 1899
2833 4903
4138 1460
4358 2916
3483 2631
2272 4923
113 110
4874 1626
2767 3009
2507 4202
4600 2247
4655 517
1350 2058
3510 4097
3331 3246
1494 4780
3593 4975
3925 1780
456 481
631 4665
1800 97
859 1088
1695 3615
1025 840
660 153
157 3828
217 1403
1887 4702
2777 3958
167 4393
612 611
2376 1197
2613 1553
287 164
4131 3370
2142 3909
1867 4844
4101 615
2619 1514
1596 1325
901 1164
1738 1953
4049 205
1912 813
3296 4260
152 4332
2657 1571
4155 1945
503 3066
2144 4739
2405 2060
1992 203
3693 3721
1177 4363
3368 214
1462 3488
899 423
391 437
3570 1259
1269 4775
3626 909
4373 1858
1185 978
398 1523
1510 2916
4812 423
506 1495
3667 2373
3856 4252
3746 469
1509 1906
742 3935
4989 91
473 2630
4165 2084
970 2466
2211 911
3060 4781
915 4417
1958 351
4862 3658
1172 141
209 3447
1556 3442
3020 1860
566 209
2037 1299
3521 3473
3322 2096
2579 2268
4859 3725
3547 2013
984 2456
1165 2204
2236 784
4876 2588
3102 2024
3034 3421
3434 502
758 2137
3296 1845
4370 1591
3243 3099
4761 3203
1211 1351
3285 3499
3974 1876
2679 2519
1835 960
2782 573
1466 1737
1876 2485
4732 4582
1744 4386
1142 3570
4240 1231
1138 4870
1772 4044
4716 1644
2096 2003
2001 3690
1178 1857
2955 1983
2546 3293
4943 1293
2025 381
83 377
1716 175
3626 3059
1469 3674
1102 423
4459 2045
4938 2243
586 2941
1633 204
1583 2803
4076 327
549 4144
2368 206
4243 2376
3751 344
1257 4211
815 4610
4612 1528
1761 1630
1724 3758
1260 3910
2412 830
2142 4545
3363 3500
4754 2456
1743 1104
2480 1115
2677 1345
4396 2688
3398 3747
2599 439
2581 2786
3423 4413
1296 4091
3176 2557
4139 3361
578 704
2286 1251
2954 4856
4292 1200
4083 2139
2319 4319
2357 1459
3247 4165
1695 3297
4763 2084
1795 4839
4022 379
2990 2724
4463 2808
1376 1634
3515 1689
809 936
3781 4042
3223 936
3554 4231
4898 4202
2505 772
3071 105
4928 2132
4902 3658
4967 2141
485 1294
660 2350
667 3389
1344 3760
2799 863
3403 3141
4858 3916
4425 190
4995 3516
593 287
1543 3414
1131 4897
3337 1299
3756 4569
1723 254
540 4360
4213 3963
2596 241
1927 973
4332 648
4269 4815
4031 2386
2828 3453
792 4282
2297 3302
2667 2072
4410 1473
3399 2739
322 1661
2581 1959
4633 4721
2112 4914
2772 341
1174 2948
2706 2768
3451 2794
1305 1352
2010 3682
1078 4541
3542 4017
2374 3120
4154 4773
4790 2930
1767 621
2539 3819
2616 4967
332 1701
1465 4623
1101 2744
3310 797
79 2113
1915 973
329 4410
2197 2023
3244 1922
2433 4663
3028 4108
338 4102
4128 2218
89 397
4992 1948
3820 4389
4095 1473
4874 3991
2092 2563
4087 3014
4469 3315
2337 1748
1136 2049
4291 3332
4254 1401
4981 4311
1541 9
1804 1962
3410 574
4961 4201
595 11
3485 2327
622 3584
4055 1999
3553 3143
27 3706
838 2914
3238 820
298 455
1541 3253
2516 4468
2434 1197
2259 1513
2278 268
3818 3576
4180 3351
4865 1918
1049 1066
2516 4352
2373 2989
2275 1436
3867 103
2242 1150
4068 2212
4077 4114
977 4769
1772 4192
1315 3024
354 2337
226 1376
2091 2035
3268 2954
2132 4517
1617 3828
2721 1725
2300 381
1185 1948
49 2785
3580 892
2798 1829
967 2448
2951 2151
3573 919
717 1970
2999 3470
562 4111
729 4125
3571 3076
2992 4767
56 2330
2998 2288
616 1901
989 1558
4873 2221
1150 3529
2954 919
4298 416
3624 1034
3342 2218
3118 1626
4519 4392
667 528
559 2513
3765 2909
645 2560
2299 3493
3488 2005
1914 4478
2423 828
1540 3738
120 3295
3533 4911
2441 4771
1559 2911
3855 3006
3404 3001
943 3182
4510 642
4207 1022
3941 4488
787 2239
2 1182
118 2628
2224 3164
4039 2567
3711 4508
4536 3677
469 2001
3390 225
2321 578
407 3273
2022 1406
4986 2917
3993 4281
3467 1777
3310 1167
1555 4973
1435 735
4748 1558
4841 3762
2660 2332
1425 3287
2674 733
3866 2432
1388 3756
361 957
1868 1939
2268 4698
1861 1650
4151 4099
1892 1647
4217 1955
3425 3809
1473 2962
3173 1028
2191 561
2791 1630
1561 2127
1999 3993
656 2667
4128 4561
2120 4167
4377 1666
2600 1446
1010 1271
2744 1147
1753 4656
471 278
2913 4447
3531 832
2631 4081
1582 3017
1362 3024
4573 2303
335 4226
4015 725
4217 2302
3327 1601
2626 1958
2455 2141
2010 1621
228 2370
3596 1486
2837 1777
2051 3879
2703 4709
4266 4975
1744 4042
2576 4127
2116 3409
50 4794
3414 2336
4672 4187
2745 360
3135 939
4140 3975
2129 1962
4205 318
4609 1136
170 4969
1428 3560
1200 2911
4645 4652
2969 2191
781 4789
3551 3334
1192 1458
515 827
4516 3375
3390 1751
4143 2738
322 4347
2068 3486
3977 1729
3729 4002
3188 130
4874 3367
190 3387
3664 2154
4582 1856
848 2556
2710 198
3792 3222
73 28
66 3527
4399 4661
4828 467
4656 4729
4754 900
4160 1595
886 4000
4409 2376
2502 209
561 4943
2924 3890
3184 1946
3498 1862
4129 3522
4089 2826
1306 1066
1209 542
4899 828
3383 3237
2098 2383
694 1148
4158 1643
1062 3399
2707 4630
160 1171
1606 3441
3344 4486
660 2143
1884 1339
814 755
3686 2646
2839 4858
302 1265
3777 1772
593 3149
1386 588
4644 960
1126 2292
4071 3484
3658 2405
4040 2942
4794 4879
3779 1263
4301 2344
2357 2423
2330 2765
4129 4883
3452 392
1509 2994
240 592
3124 1668
3680 493
2011 3350
1855 103
2303 3469
1191 4418
3625 4977
2771 3065
4330 1011
3674 3975
3804 3289
1434 3300
2842 4217
393 3591
4961 872
1964 1086
3889 711
3142 4637
2572 2763
1633 4224
2839 478
4958 0
3356 3513
3277 1527
1502 1963
2627 483
3592 2163
4652 2026
2442 1580
3021 1270
3379 4971
132 3791
1120 3234
113 1707
4521 4722
3731 414
4726 192
3957 2958
527 2729
3998 3286
1678 2435
2331 773
131 2706
1780 4355
3686 1101
4599 2384
1079 4018
249 3178
1672 2784
4880 2873
1795 762
219 1843
2414 844
2302 230
1028 3134
2638 4685
1747 1409
4726 476
198 3378
4829 4185
233 4600
4381 367
4878 129
1972 2602
3879 1285
1663 2250
3926 4450
1221 1446
3171 348
3915 1737
2285 875
1856 568
1417 2995
3235 2612
2450 3166
4265 4448
753 181
2622 785
2161 4776
1916 3292
4330 4975
4922 287
1573 4286
458 1877
1246 3037
232 1507
2092 1939
2149 845
169 1842
564 1365
2719 2933
4446 1507
3785 2691
174 3896
3338 462
3791 404
3514 3062
3057 79
2342 778
1972 4573
4044 1697
2294 4091
1773 1393
1056 3335
316 1925
363 535
1889 4220
4154 3556
1227 3099
4122 554
1571 2168
2250 4101
3220 1360
3790 316
4603 798
2703 3669
3140 2051
4870 3445
4559 3908
3349 1064
1664 292
3629 3182
2219 532
2987 2593
1951 4825
2074 45
3187 361
3792 4191
2441 2842
1950 4102
3475 3871
1595 788
4262 4052
3858 627
4109 4678
860 1701
1568 4916
2550 2488
2446 4620
4585 4137
2523 1171
141 3683
1496 4727
4748 1989
1439 2374
4403 4784
3680 1400
305 1811
4493 3672
3575 53
303 2754
3609 4580
1964 4925
4455 2118
1389 2519
2517 860
799 3899
3233 658
1654 2074
1486 3868
1108 2936
508 4558
862 3269
1226 656
236 1910
1969 4435
4893 358
2385 4869
4994 661
4967 4870
1089 4956
3217 2068
4166 1986
3343 3207
2249 224
4578 4215
4733 95
4618 2431
391 885
4438 318
4541 1095
912 1085
14 2312
3536 2295
894 4043
3739 1632
689 506
3937 3179
2827 3087
1499 1770
3204 3178
3031 565
550 2998
3906 71
1565 1751
1188 1603
607 922
64 3129
912 2797
1214 2610
3097 3498
2452 1011
1776 3838
4777 1198
1996 253
3083 1240
987 2883
2036 2902
3563 2280
2093 844
1711 4582
418 1428
3879 1171
2447 1886
576 1755
4537 3113
1540 207
4742 854
2079 3673
3409 1945
957 3125
2096 4423
681 979
1634 2479
2811 4979
1787 1702
2470 2753
4238 658
3899 2570
3657 1393
3208 3367
561 4912
4075 3655
1177 935
3083 3687
3049 152
2801 4749
3221 3007
3139 986
2581 2811
4965 2500
4604 3617
3706 1048
985 997
3899 679
3658 2583
4860 246
3026 649
3190 191
4605 322
4921 1030
1920 2089
3522 732
2966 4929
155 2878
1216 2887
4998 4656
1752 482
1916 196
1736 4397
2510 3665
2745 3405
3401 1758
2641 4133
2735 4114
2028 843
2928 1876
1762 1175
4037 4968
504 4379
2425 3632
3396 3703
819 271
2728 225
2842 3797
1598 4236
2531 2683
3766 2701
719 4527
4349 3039
2261 2721
67 4786
1894 1804
2564 3897
444 410
341 4969
3503 3533
2397 808
2658 2070
3164 4018
3839 2042
273 1016
1968 3827
3121 1667
1819 4839
2691 2161
3499 3938
386 2713
3401 2459
296 2180
4863 4544
2446 1069
4301 1073
733 1322
4656 3349
4250 2181
3939 3414
4687 1103
49 4202
716 816
2032 1178
3426 1534
3995 454
1370 1540
4230 633
498 1129
4264 582
2442 2755
1121 480
3687 3644
2351 1212
819 2301
4620 2308
1464 4643
2231 235
3106 1283
4266 3319
661 432
4548 2716
4968 152
1504 3806
13 2348
2329 1142
2043 902
602 1624
1419 4339
4475 4952
2365 3911
3141 4299
152 3067
738 4644
4402 2055
1330 1190
2198 4062
3526 795
2363 4381
1749 4215
4811 3974
1775 2666
2476 4016
1168 1294
4508 2107
4486 4222
2963 3501
3880 4888
4093 3092
1531 2491
4372 4594
3404 4776
3883 1887
4352 3113
3288 39
101 2816
1364 840
1297 3382
3693 2928
2629 3478
2448 3067
4285 1310
849 2622
701 3908
1655 1123
3624 2999
1200 1835
50 3335
2481 298
2621 330
3384 988
2147 1333
4085 3092
3719 2913
3987 4424
3946 4657
4826 2948
1378 2022
2251 2836
208 3887
1590 4260
2313 3004
872 2719
939 2012
1153 1057
1728 3871
4809 445
1429 597
945 3267
3719 2594
4142 2030
3623 3162
1636 1002
501 1987
2119 1672
3222 445
1181 1141
2061 1569
1616 3996
1934 1918
1014 4204
1861 914
3572 201
3606 2415
3868 4849
1876 2400
368 3714
1250 1531
1655 3791
570 181
1835 731
2876 554
4881 755
3091 4093
2895 796
3125 315
4546 2677
995 263
763 4630
4926 1551
974 3446
2169 132
4097 2714
2764 316
2882 479
3086 3073
606 101
204 1990
1242 1351
1223 2069
35 4486
3343 789
3520 4137
565 393
3948 3427
4929 4333
3655 3519
2935 4886
2125 2843
4146 211
4725 161
2741 2400
4025 4842
3736 323
995 1558
3862 3858
2437 4956
4711 2009
2367 611
4685 4417
1382 4606
1111 2126
3878 2543
1478 4827
3677 2211
718 4352
2038 4529
1068 2996
3416 4920
1471 2552
1612 2646
4237 339
2145 3972
656 4343
3178 3773
1071 2860
3148 2138
4358 4006
4690 4859
1748 3843
2975 786
4756 4210
3180 194
3907 2556
1759 1214
3808 2038
1371 3433
1198 2174
2740 4074
3337 387
3478 2264
3899 3220
1363 1884
1621 3074
4367 696
441 547
3970 3032
4028 1991
2006 4012
2881 4259
471 304
584 2690
4383 896
623 2060
2097 648
4765 1897
91 4483
3912 352
3169 3166
3954 4643
4521 3063
2411 2518
1952 3409
4534 2549
3267 2325
2545 1975
1033 866
576 3530
4804 1625
1739 795
2130 2065
3148 4110
2975 3968
663 1730
1248 753
1058 1459
4794 1951
1062 4521
3709 3531
982 2366
2131 1907
2499 182
4124 3718
1688 2522
4650 4765
3866 579
267 1426
2990 2695
986 4781
1216 476
4740 2393
2617 2994
4106 2724
3446 2856
4744 2427
2569 1678
3270 4163
611 4895
4446 3985
1124 1474
3017 1656
3688 27
3024 2988
4190 4626
897 3370
557 1713
4389 1938
4022 2783
2836 3136
1073 3234
2139 4302
2631 1147
517 2514
4055 3310
2961 2194
899 387
620 2907
1803 3137
92 272
221 2199
1720 1221
3361 416
4030 246
2496 4317
2833 324
4665 2809
2243 2226
3942 1925
1600 289
4663 1856
404 4336
4521 3998
3458 3159
3001 4993
565 3323
554 4822
2891 1298
1958 3987
4237 3842
4019 1550
1630 4314
360 4786
4029 4873
1472 1294
917 705
626 3754
4088 1313
3846 2019
351 1011
861 3085
898 76
811 2799
3071 4780
818 4099
1088 696
2851 1069
4483 4706
1569 1988
1982 2244
4965 3187
3941 2427
1787 2473
4420 614
3332 3811
2643 555
1790 3115
1224 4273
3550 2225
1639 1536
3674 2467
2121 741
4800 966
297 4796
1049 2930
948 480
244 2979
2916 279
2158 4084
2356 4142
292 1218
2593 1746
387 4909
2277 4345
2726 855
1562 4554
293 2804
3323 2809
4887 4947
531 2787
938 4139
4196 983
2149 3618
1186 1513
4671 3590
227 2441
3538 58
851 3083
4077 241
3194 1541
618 3691
2780 2025
619 1232
1460 1129
1137 2089
983 4975
2997 4244
4751 746
972 2611
4920 2820
3163 956
983 110
3286 787
4183 3782
3331 2323
2073 975
101 4307
1544 4930
4836 4377
1294 533
1020 267
4063 4585
3617 2464
4606 4704
550 1816
2519 935
3517 4115
1898 4921
1308 1734
3372 4338
3174 4229
3606 2920
4572 1470
644 2852
3555 1263
4677 4661
2980 1016
1130 3679
3621 1739
241 1977
1185 4958
263 3301
4277 915
3718 846
2327 721
551 3811
336 3512
1961 698
2822 881
3125 423
1802 4387
4868 4573
3406 3126
631 1099
1335 4480
3907 404
996 3983
464 268
3614 3362
3490 710
2799 912
3622 4906
3081 4216
2214 2751
2303 288
4964 3605
1076 1264
4093 4541
4596 1024
576 2272
73 4208
4090 419
1815 1918
1408 912
587 1227
1094 2657
3846 4809
3274 1796
624 998
1613 467
1106 4804
4340 2853
2944 3623
4621 4436
4968 4061
2061 553
1051 3495
2688 272
651 4190
3251 635
823 1586
759 4634
1617 3989
3705 4258
4949 4795
3189 3066
93 4923
265 456
2540 1239
2183 3023
829 4821
2020 2695
1411 2848
3702 3652
2017 1491
4452 4559
597 3267
2631 1777
2472 891
3260 1246
2382 4388
2527 2204
3257 3990
1461 298
3113 2636
4122 1661
2265 1254
3456 83
1677 4875
4743 2174
1161 3067
2 2415
3634 4755
1369 979
3567 3583
731 1428
3142 1329
2435 2279
2573 3680
182 3563
2531 943
4870 3152
2681 1507
4003 2707
2776 1244
3765 3068
4607 2368
1793 3678
3990 1366
2846 1155
4233 1366
492 3352
2029 650
4702 1944
975 1576
3269 3727
685 1320
901 1904
2163 1859
3279 3583
3769 3458
4898 290
1804 3427
201 4898
4583 2703
1420 4208
448 3629
3397 4944
4142 4669
4473 1173
4188 3880
4051 2218
1250 1755
2089 1497
4706 841
478 1966
1373 781
4233 737
2192 353
2186 2654
387 3533
4438 1019
3075 620
261 889
4655 2229
4235 2099
2073 3987
1732 2704
3310 4200
3217 2062
2228 4801
209 1210
1630 998
2068 4771
1116 4319
1330 2486
4998 814
804 4836
1932 3122
803 617
3316 670
4331 3644
2956 1113
834 2217
1212 1368
3181 836
407 4479
4080 2057
265 3275
1469 2046
4694 844
757 4371
2410 4635
4178 2009
461 2411
3282 2042
1090 4320
4897 880
3003 3215
1465 563
2134 3979
4670 3920
1678 3698
1827 3313
1684 1449
4336 2410
1013 2277
1044 3972
3149 817
2308 4564
2175 3266
3513 4383
3218 2477
2946 1119
6 4768
1100 2573
3520 3129
4695 2201
3907 3749
440 3212
3402 1294
1019 4922
4435 3329
2553 882
2563 4065
3887 3097
1607 3240
2877 727
3229 4866
4835 3861
325 4650
308 4933
2888 17
2837 1784
3838 3080
2468 3658
1656 3287
2796 2481
1508 3353
4054 931
4014 3456
2842 3792
4048 2421
997 3083
3485 4709
2695 510
1949 1425
3429 464
3940 1275
1868 3099
2788 2796
4793 1997
4645 77
267 938
4045 110
1252 1356
3849 1508
3968 3741
2242 3133
4265 2633
3840 3302
599 1228
2454 3442
4536 3160
1617 4116
3203 1956
2754 4648
4887 712
561 3166
4741 2646
2980 932
3152 78
4602 3207
4782 4866
150 2045
3060 550
4563 1413
1984 2983
60 3131
2360 4049
2230 4879
4612 4041
1824 4376
1728 439
3652 707
1876 3727
4729 1414
3622 4607
4997 4502
4436 4905
1770 1506
2200 4118
1770 4017
2625 522
4851 4431
4146 3582
1839 2513
2642 3541
4517 2775
3117 2830
3654 908
1113 4080
4291 3029
2055 4899
2513 3582
1058 2074
4795 1949
4046 1666
4684 4879
929 3576
1175 1109
3643 2048
1334 2901
3354 78
3683 4109
4387 3311
1135 375
2770 2370
551 4480
2352 1221
54 3348
3903 4782
1916 3289
761 2262
680 2995
4819 4849
2407 3029
1826 1898
4822 3061
191 475
4440 2312
1803 4363
1877 3241
190 519
1845 1042
1086 1251
2033 4307
3323 1580
4607 364
3399 333
2705 482
1910 2836
3425 1970
4805 1925
1656 480
4744 1821
3354 1039
186 3332
1212 2545
2257 565
4362 4890
2643 2737
3773 1053
2409 149
3226 34
1857 4693
1568 2197
565 14
4158 2980
4516 809
2127 1410
1356 1107
4102 4538
1736 2249
38 3901
4467 148
3668 1851
2992 1053
3213 4451
2842 4442
2725 3839
1553 4026
4466 3328
2257 80
4666 1141
2014 2841
3831 3921
4039 236
4075 1313
2620 3184
3089 1328
697 967
2550 1237
2086 2441
92 1407
1197 460
1219 3968
3368 4337
3708 3258
4886 4723
367 2839
2617 1078
1081 1739
4321 4058
2630 1143
4436 4359
2209 469
3279 1670
4205 2747
4587 3059
1507 3723
397 3893
3141 115
879 3864
3464 3892
4404 2004
1449 489
2153 2710
4678 2525
3622 3286
1330 3840
4515 4500
2536 3543
2645 468
2104 838
2416 2232
881 843
4614 733
4500 4033
3885 4908
1209 3997
2247 3675
4101 365
1289 4397
4548 4956
387 2460
3141 1955
2614 4861
2099 4977
3523 2021
4753 3862
3083 1668
2057 2405
1753 3630
686 4158
812 1072
4813 4587
3210 264
4707 1324
871 1459
2703 852
464 230
3308 603
1089 949
4516 3144
1682 239
3759 2602
378 4745
4540 3568
1263 2148
2410 4814
4974 4
234 4953
4397 2812
8 545
2766 4887
1977 3981
938 3652
3852 1739
363 78
180 879
4282 4123
2930 3414
1045 2699
4107 2091
1040 244
4670 4122
1411 3208
4201 1704
3129 725
4269 2700
4916 2997
4003 361
2633 1466
4419 1077
2175 2349
4385 1426
2588 2063
343 703
3081 2785
3794 2599
3230 2621
2824 1371
1060 4323
2933 3452
234 2318
4162 4548
4665 2416
768 4008
4101 4960
1061 71
3496 3839
4427 772
3990 3688
1862 2833
3250 1918
2894 1066
677 725
4959 41
3648 1964
3329 1158
3296 1670
3824 2440
4967 3502
48 748
1213 1865
2587 793
4514 4205
1966 3268
2201 1055
4428 4375
2060 2247
4247 2873
2423 2767
3867 2141
4852 1099
1127 4385
2983 1831
1826 841
180 559
3730 405
4356 736
1514 422
3623 1274
793 3693
1991 2436
4720 98
899 1113
3298 3493
3885 3073
4442 3891
1080 425
1244 1322
230 332
4257 2150
3812 4585
1366 3507
642 838
102 52
74 2675
1639 1166
2288 109
642 3442
444 294
827 3496
1738 4143
4662 2729
2721 1775
571 4333
4506 1605
1792 4061
2137 4737
3937 1873
2308 208
524 963
4866 761
146 3697
317 4387
1124 4845
1433 3145
1742 2994
4550 2537
576 842
1903 1381
340 3916
2914 4481
4382 4712
2301 4239
4857 755
1581 576
4167 248
2116 3209
3327 3459
1189 1370
4579 631
3236 2561
2288 3075
1963 3677
4584 927
2320 1350
4688 4455
4527 85
3583 3286
1019 4988
4507 3035
4857 3145
4081 1917
3218 1002
2408 3165
2316 713
3360 2392
4156 3793
2120 3966
4803 212
2266 454
4189 3710
548 710
121 568
723 56
2926 1287
2629 2139
4025 4752
3285 379
4923 2874
3273 1965
3455 2702
3126 4782
4465 3232
9 2453
1599 2191
391 4704
1378 2889
3365 305
95 3429
2663 227
1000 4284
410 139
3571 4253
4175 365
953 2136
878 2321
1965 1106
3785 920
3455 2668
2136 819
4640 2537
823 4151
928 4045
1848 746
3091 544
1461 3218
1614 4771
677 1765
1211 107
2440 637
1942 1777
3518 731
2381 2186
3781 3482
3897 2513
1795 779
4250 3529
2855 4631
2779 3950
1805 4903
1361 2483
430 4753
4688 3252
3675 228
2856 4695
672 3439
2956 2343
4807 3177
758 2421
1295 3868
1761 1795
630 148
4763 2349
3174 3007
4874 3777
4764 4237
3894 517
3735 3948
3237 2666
3911 4718
1107 88
3260 1983
3725 2539
3998 170
2271 900
2991 3732
1128 965
1536 1948
751 2448
3261 2785
4493 285
372 463
4103 3412
3768 4411
2637 1262
1076 3170
2437 4142
379 3096
764 2370
1801 4628
2606 3593
4165 3195
1494 923
2502 2176
4687 1416
2422 433
3331 3903
4429 2051
2679 4764
3211 1142
520 1497
1810 190
173 3841
792 1036
4749 2963
4201 1081
3309 4342
4793 1705
4792 1127
4184 3100
4517 4075
4793 4843
4078 4603
2999 4234
3819 2557
1002 1470
3402 3709
4256 1265
1652 2393
92 3886
268 1237
4517 4202
3685 1164
452 1377
1319 1435
3426 2445
1020 3564
4857 3034
1659 3140
4817 1244
4 2406
4674 207
934 4137
907 1080
1538 2415
2388 3686
791 3964
3578 3721
1266 2419
3365 4466
2042 1114
612 659
218 1365
1859 3806
4419 382
3073 544
3520 4853
102 3726
746 2242
742 2413
1621 2066
4411 3208
3962 4554
685 2567
1597 3907
1866 4326
1680 1272
850 2622
979 771
698 2308
4813 1918
4695 744
745 2478
2450 1699
839 652
3222 2494
4435 729
299 3692
3312 2289
4144 1277
4281 1321
3282 3588
3975 628
1004 4309
729 1223
3838 4497
1875 3346
4305 1299
1928 4350
2057 1411
1158 2986
1492 370
4363 2234
2421 3063
1100 1865
3987 2965
2225 4057
2484 3482
1409 4688
4896 805
2195 4323
4367 4510
4225 3573
3476 4563
4552 2251
770 4555
4840 4538
817 3775
2076 1620
2235 1162
13 1265
1517 1242
1594 731
2112 977
1242 839
216 2569
2162 794
2383 1355
2905 3994
2155 1188
2457 1074
154 3843
2356 1821
3414 2376
112 513
2088 2548
2056 4908
2461 559
4208 3902
578 2894
1836 2046
3051 2720
87 1647
1371 3310
2461 2721
2433 149
2335 3998
3149 3966
4271 155
3385 587
1276 3546
2433 2282
3933 4623
4110 4522
913 305
3935 3365
3384 3584
2575 2555
4904 705
4491 3200
1953 1107
1807 3133
4646 395
2062 2015
4003 2348
900 236
4194 606
1494 2422
4735 2195
2923 1829
716 2022
1801 3775
2903 3614
3571 2702
2897 3757
1321 346
4181 554
2817 178
4502 2410
2584 3941
2510 3453
3553 1749
1628 3409
3855 4533
1867 4239
3030 2965
4555 549
4103 4481
184 3241
2166 3564
749 2578
1373 254
2040 3711
18 3376
3487 184
2029 3041
1059 2204
3913 2903
798 135
1759 1071
3349 897
1066 2854
3636 3007
4477 3023
3629 3689
1573 751
3037 3410
1159 795
3018 2313
1775 666
2882 886
4069 213
4354 2932
2260 4784
3702 4904
777 3590
4904 4196
1058 1249
3374 2595
1342 2966
1058 1370
3275 2205
1654 2665
1987 3753
1192 1681
2988 2909
484 3443
1694 3706
1644 427
803 3719
1569 3179
1956 421
4696 4527
3891 3316
2133 953
175 4295
2877 4040
2895 1945
3572 925
2742 1842
1449 2439
142 1808
3432 3983
3312 879
3613 3369
2305 3391
3277 1650
2124 3047
2286 682
4326 3396
999 2143
1476 2542
128 461
277 4932
1714 2656
3187 1093
1963 2513
4088 4266
3967 3803
2974 4470
667 196
506 2531
2419 1061
1087 3255
1075 1892
3105 3086
903 1019
1505 4024
3935 2871
2885 953
3548 738
2064 2094
3894 1145
4969 2204
1742 1455
4880 3062
658 1264
3197 2348
1126 199
623 3245
3246 4015
435 1182
4248 652
4928 674
1655 2724
663 34
3297 3185
3616 2958
2095 4062
2088 2877
4711 1345
2058 2585
4782 2606
1892 1577
4299 1241
177 3753
3447 924
3789 3502
4490 2142
2731 1461
1538 613
3982 4368
283 857
1411 1190
14 4823
3282 2756
2104 2670
2573 2355
1943 4880
4095 2137
2016 2605
2861 4377
6 2441
687 839
2619 1743
4123 494
2290 2758
3913 3352
1659 3055
1423 4770
3661 4043
731 4554
1843 3229
3062 4207
3577 3606
1080 2397
4644 1226
2355 4009
4546 578
1540 1713
630 3535
934 2349
2503 4209
4734 256
4710 545
3935 3464
4198 228
1262 3748
1611 2377
2199 1495
2387 2088
321 2816
1115 2637
3999 2856
2936 4351
3303 3237
4948 1918
4572 1219
4083 1880
2916 89
1488 2603
2499 4908
1336 291
4654 477
247 4975
2700 3726
617 2481
4808 2534
3031 4355
4452 3191
4008 4438
769 4143
4176 2435
3914 1315
1961 2324
2668 614
4814 768
709 131
2788 869
3303 335
4187 4483
4084 2364
3833 2188
1923 3230
3504 3506
230 4717
4000 221
1242 3105
3162 2688
346 4022
2506 3713
4246 3002
4465 232
2184 4974
1125 3293
2933 3541
2119 3147
921 2658
2227 1940
2863 199
4882 481
730 3554
3407 4349
187 2061
178 1694
610 4271
3967 3445
1622 2421
201 3290
814 1690
3139 107
1816 1520
4458 2631
3891 1590
2359 840
628 3399
3460 4698
1216 3068
946 2274
1310 2802
4328 2004
2415 1721
3506 915
1666 2649
1443 2184
551 4923
4351 4805
141 4929
2199 4222
4412 724
1814 740
1107 2702
3905 270
1110 3381
1386 844
57 4237
1452 1245
4928 150
4168 4886
1875 1605
1478 3085
1571 2599
828 2673
1098 2476
4861 776
188 197
3164 78
4140 4956
4420 813
1801 4418
2539 4237
4445 287
2490 3762
4795 3368
4210 821
1910 357
1752 3219
729 1085
3513 3442
1039 4269
1897 498
4623 1214
756 2239
1532 981
4705 3744
475 50
1336 3924
1522 3144
2925 2740
4510 3367
1172 837
1924 3143
1081 3057
2017 4568
2881 4884
626 2322
344 4090
2371 3677
4032 2026
1659 220
3165 4981
4821 4815
495 3818
4502 4332
4308 2594
2425 2583
2217 3706
3989 2170
661 2106
3006 1476
3351 4655
845 1540
2862 4061
1192 2765
2237 2255
114 1525
2836 610
4187 2490
4336 1761
205 4328
87 1759
4555 4687
2166 1814
2907 4044
2909 3544
3521 103
1804 3149
1981 442
2192 183
3385 4939
3503 967
3076 2466
2971 1080
3454 2199
2862 245
2787 214
4306 4123
3688 1362
3359 3251
3688 1512
2820 4667
2937 2955
105 2812
3647 4846
4723 3182
4303 1272
2016 2190
4658 1993
671 3870
82 3710
4288 2404
3091 3061
3531 2644
21 490
718 1006
3462 1861
2469 3908
4255 244
1389 112
4193 2004
1877 4946
684 282
4740 4656
1608 3620
3985 3565
4874 2838
3194 1004
558 4693
2751 1966
4918 1178
2291 2099
3632 1549
530 2121
3915 1546
3802 2381
3445 206
1140 2446
4171 317
158 1939
650 3720
1236 4034
4523 3008
340 2832
2108 2834
4549 4065
2801 4207
686 3473
3000 2582
1876 1781
3526 4878
3217 368
3276 3744
1549 3721
3117 1501
4800 2478
468 525
4885 3130
4627 1707
4526 845
2153 3516
2521 3180
4995 3845
1655 1430
707 2262
2814 2902
2448 4839
4752 3838
3871 369
4168 308
3092 2461
2763 2971
2049 1096
1647 3528
3859 3398
1026 4508
4232 2216
739 4851
4693 1353
2199 538
1683 2863
4196 2055
3802 1734
4108 540
1619 3797
2877 2969
3251 1996
3407 1260
1816 2229
4058 2755
1185 271
4101 1031
3526 4705
168 350
1632 2099
2099 688
4228 4405
235 3001
4776 2998
1070 1746
1816 4440
2776 1048
4947 1067
3385 4820
4136 3700
406 2662
4811 1900
4102 1144
4731 625
1597 1282
1439 2002
486 600
3573 3582
3042 3108
4035 3984
676 2909
4192 415
1204 3940
3591 2367
4294 4875
1899 2875
202 3630
2780 4632
2388 2739
3172 536
3045 4185
1424 2835
3072 4682
1123 4491
1275 4461
3070 786
1807 3312
1504 3586
908 3205
2261 4035
4620 3674
2590 3348
1669 4251
1147 72
4118 3287
3866 4621
2538 4631
4499 4620
3528 3762
1382 1119
2614 1073
2469 1396
1640 4961
1933 4108
1619 3792
4850 3752
724 3536
1217 3600
3699 741
2507 135
3956 667
2206 4815
3385 1209
2788 811
4519 4585
2874 1013
978 4104
2356 3833
2069 3235
553 2705
1842 3404
580 4029
1521 96
4486 461
853 1592
4936 286
468 1153
662 1034
204 4124
1040 8
2793 3298
1570 2259
3475 1418
1147 4358
3580 1465
850 3171
2264 4943
4592 4071
402 3832
3377 3480
1700 2558
4926 911
1208 906
1154 363
2387 3509
2267 755
3769 4166
1080 2204
752 4645
1581 3731
4112 2164
4043 3824
3193 1575
2336 2297
693 2082
4125 4415
1681 3872
3477 3651
1056 2475
714 3256
2570 4248
1766 651
1005 1831
2554 358
1126 3003
2268 4690
3506 1584
4948 2855
165 2400
2133 1516
3219 103
1028 4197
4220 4672
1870 2875
3318 2946
46 2042
664 3127
478 527
917 2870
3961 4259
681 1616
2501 1982
1566 3610
2221 2751
4724 4971
1680 3790
955 3771
4633 3887
4724 2783
1550 4099
941 4530
1161 3633
2293 2640
1259 894
2798 4477
680 4200
4246 4319
2992 2083
1564 2558
1783 3819
339 4618
4732 3551
2795 2574
2370 479
912 4393
1691 1927
4301 2091
4234 252
3325 4262
3672 961
4483 3295
1793 375
3822 1953
4246 1543
822 2781
3927 1139
2648 3147
1615 1968
2239 1108
1388 1885
4959 3263
3733 3726
689 2624
1786 2943
4903 394
2320 412
4229 3969
2245 1095
755 955
3283 4313
2599 1397
2471 3840
270 3291
1816 4912
559 416
2486 3082
2662 3910
4904 3756
1860 2513
3950 185
3940 4547
75 2788
1947 4552
3653 1610
4214 2464
478 4064
3947 4959
1761 1298
3647 4676
1196 748
1201 3098
2189 2945
1636 3594
1433 3881
3383 2088
1909 1770
4421 2512
3254 3
619 3252
2391 41
1857 1270
3999 3033
2040 4945
2939 4043
4083 1003
1864 2772
4328 2550
640 928
925 323
553 47
2597 1293
4446 3195
1805 1716
4184 4935
1741 4533
1594 3112
1390 2827
2969 1046
4998 4355
145 4432
3663 3657
4330 4200
4410 852
1845 1462
3287 3779
4685 2574
3293 4204
604 2516
2259 1652
1333 1567
4984 700
3892 1495
4183 3299
343 2612
3440 325
477 2632
2946 2446
1747 1204
307 3134
2809 4542
1405 397
2769 4991
1347 2278
364 841
3269 1035
4131 1586
3291 236
3199 1080
832 909
3569 4863
679 215
159 4583
3232 2520
1943 1482
1109 3330
4015 336
3794 2133
1911 1916
640 2080
1625 503
4001 3447
958 3040
685 3899
4095 1329
3177 75
4470 2624
3436 87
551 2199
1574 2119
4761 2437
1648 2284
1938 4513
1398 2497
3276 638
1163 3803
2921 3052
4247 1029
1060 940
4319 1406
1047 1984
2910 1738
72 3879
2271 1064
734 3626
3738 2652
839 4675
4935 2040
2125 849
724 3054
2709 2355
1588 4350
3467 1485
3714 2034
4403 920
2120 174
3608 3187
2088 4347
1727 3671
3079 1354
4376 3251
66 1682
1084 2596
2457 2921
800 846
3005 3652
3641 1936
4257 2897
2325 415
978 1358
1018 452
1329 4134
3507 3811
1445 4232
2175 3418
4153 39
3631 4388
3043 3901
136 4143
4804 793
2562 1613
4399 2579
1493 1122
416 3112
4897 4934
1221 19
954 264
3345 3194
769 3601
870 3862
3335 1556
1970 4460
1625 3566
1020 49
2877 701
3121 2664
3567 114
415 3790
222 2587
2410 3336
938 1556
4873 4883
1064 3083
1664 819
1758 3262
195 4434
1880 580
3656 814
809 2351
874 4668
1092 270
3990 198
4814 123
442 2183
608 247
2615 2956
1810 4906
107 3002
189 3381
4047 4906
4969 1046
2087 3910
600 3200
439 3623
3549 2509
218 3710
4995 2070
1536 3763
2372 2990
12 4246
3359 2474
3937 1625
3877 2653
1336 766
4635 1502
1891 578
4425 2416
4056 850
312 607
3523 4472
4792 3558
1402 2045
3555 1996
3812 4124
1809 1055
3348 4185
1693 2615
1446 4262
1805 4821
183 2369
1976 2329
1146 3389
1282 4521
784 2608
827 3076
3549 1165
1369 2619
2901 188
3262 151
3818 1456
1819 3034
2784 479
3600 440
2764 4109
592 4440
4871 4813
2471 3920
3476 630
3323 2456
3156 3942
4664 4263
1664 1719
206 4196
4362 4782
3481 813
844 3531
4596 1260
3057 54
1714 3395
873 3732
1071 1568
1917 4243
1581 343
2526 824
4029 3182
4186 263
4304 1883
3476 4013
2120 1867
4195 3550
1130 593
3086 1862
2022 4725
1556 841
3868 2128
3859 2292
2082 3472
1324 2412
1555 3435
1631 4212
415 1334
13 2046
289 4049
4321 2572
3390 1757
3500 4179
2382 2676
3946 4403
2972 4000
404 1022
153 2862
4256 2362
415 3914
4245 2358
1917 4038
4359 3019
1473 3846
4985 223
1384 3873
1878 323
1718 1855
426 2689
4511 291
2504 4721
674 2766
2626 1106
3388 2620
802 1034
458 4293
245 1980
106 4906
4054 4432
2786 2057
3745 829
573 923
1955 1887
1037 3187
1853 1089
2534 4165
2571 1863
1511 1847
1332 120
1387 438
996 565
3486 1542
2486 4814
527 4320
2235 415
2654 1433
4547 3901
1313 178
910 1179
2405 3554
1877 1948
2626 167
4968 629
3102 953
1723 4785
4404 854
3648 3518
1565 4129
247 223
4078 3108
3230 2600
1914 1201
3459 153
1630 441
2759 2390
1735 1902
1520 1459
1688 3670
1713 2092
1609 3053
2218 2397
2341 4233
835 4092
1502 699
2076 3886
2927 4687
1927 84
1289 3298
193 4336
2019 3445
3415 1416
2510 3844
847 2624
3827 479
1625 1548
3116 3835
804 4552
2779 1454
4417 3550
834 913
2951 3861
1397 606
2778 847
3718 4972
870 1967
1476 438
488 962
2475 4161
2249 1704
2116 2650
3115 3772
3601 923
2734 3237
990 706
644 2381
4555 2421
2593 61
2294 1424
2604 3231
98 4954
1925 404
3513 4827
2152 3129
3711 3904
3384 1495
365 1610
2983 2103
3491 2365
1639 1590
1955 1322
2859 3812
407 4858
4218 237
2892 2996
1825 417
1845 947
48 4929
3417 4080
2241 2914
3792 4415
2344 450
4726 1585
1723 324
1338 3085
2674 2843
2829 2032
2901 1642
4060 570
2055 4361
336 331
4197 3281
1782 3444
4896 1964
269 1611
4985 4932
4143 2634
110 3783
717 129
4421 1207
1171 37
833 3612
3721 3819
2721 429
4574 3375
986 1065
2773 998
3016 1026
4345 1391
3267 1238
3131 3448
4867 433
4010 3072
3941 4787
4607 885
3688 2867
3741 1676
1281 4689
2799 2663
669 92
1293 2696
1798 2720
3174 4336
4368 4924
1542 3438
4322 4470
1903 140
1784 627
564 1735
1284 606
771 1960
509 3002
3926 4233
2887 4214
2423 3671
3941 2155
3454 4376
2457 150
3233 179
3477 1911
2912 3495
4090 232
2299 2954
1720 3969
1242 173
1404 1670
2599 2279
2906 2207
4830 2947
3091 3282
4753 2393
1921 4978
1806 1685
102 2162
4129 1724
3074 914
2586 160
1052 2935
2581 2396
3429 156
2781 29
4285 219
3347 1043
3033 4430
4733 861
7 460
2937 4378
4382 4336
3226 660
1822 3207
868 1702
12 892
1115 2586
1615 3054
3436 4786
2094 2391
310 4970
4604 4714
2379 4833
2553 154
4917 4107
511 754
511 3518
4350 4191
2363 813
3551 3231
3353 3491
1038 2334
3933 1525
2700 1151
218 3298
2488 3965
97 4367
3939 2844
2402 2612
1866 806
114 2121
2701 4428
1292 2185
4315 1706
3445 527
1374 3865
3486 2272
1310 245
1178 829
4885 3168
3522 4
4001 1311
3775 1749
4117 421
1350 2765
1988 204
3042 4010
2748 4807
3798 40
1048 3276
4990 0
4688 3848
2021 3498
2960 4370
1759 4639
2483 3582
3326 3909
920 3856
2720 2364
2453 2323
4388 4797
2872 3992
1325 2480
4937 4176
1720 1972
4817 980
2847 4060
2068 539
1547 113
896 191
2628 2889
2000 4247
4236 454
2281 1842
844 1916
760 3602
1251 4560
3731 679
1619 3935
2671 3926
2727 4249
4067 2279
3073 1082
772 4383
2034 2421
1742 2763
1999 2540
3201 1945
1916 4659
414 3315
4411 3724
659 1433
838 2263
739 3356
2196 4603
2598 500
718 935
4008 2638
2110 139
2658 3064
1892 4087
1524 4613
1296 1200
75 4067
1195 3733
2467 565
2536 2277
1082 2593
1165 4216
3382 1004
2453 2780
966 3169
2084 4069
5 4385
4150 605
3690 1156
20 2523
4069 3471
306 113
4437 1986
706 3534
1825 4661
4122 4235
3824 3335
4034 3686
3696 4539
2640 3023
3041 4486
3284 141
215 2364
2168 1072
1937 1958
3430 3409
913 1284
4113 222
4542 4690
4035 817
2108 1027
75 1907
1197 2072
4707 3727
1786 1853
3347 3900
344 4492
1849 4675
1821 4651
4255 4811
2934 1437
1951 893
4028 112
2684 3461
2187 4058
4754 638
3695 650
4770 1068
2002 37
4117 2639
628 2401
2433 3025
312 158
4512 3957
3139 1822
194 1425
59 3581
443 1318
3238 282
1856 3946
2043 2697
3339 3333
1824 1599
4382 2205
477 1282
3148 2506
152 912
1954 2968
1674 1777
3536 1239
603 1032
656 1602
4720 2531
1236 852
905 1308
3530 993
936 1551
2752 3618
3871 4722
1370 1887
3637 2673
4168 2561
3684 4484
435 2162
390 3650
4621 1748
4669 3144
1440 4280
1014 1122
2236 1660
1354 3290
4949 2172
4562 582
817 1712
2611 2311
4598 4429
4298 363
208 3598
3844 4051
699 1342
3824 3202
545 630
1182 1258
2198 4206
883 831
124 2454
3170 3036
4298 4167
8 886
4722 4347
2643 3943
3650 4736
3667 2954
4092 1492
3106 3091
3460 4237
2867 3651
1355 2539
1741 3522
1786 3597
2895 2722
2460 971
4970 3345
4459 1003
785 1621
65 665
942 3137
2923 1321
2083 405
4924 1677
3984 4329
1480 3724
2712 3323
3099 3214
691 2125
2556 3731
3587 2742
1431 711
3560 1027
3596 3483
3732 3758
2240 1409
823 376
1841 1675
4557 4607
4614 1351
836 847
1553 2424
1041 2673
38 3054
3425 3850
4765 940
3617 4986
3530 891
3769 2035
1538 1997
2648 4532
438 1241
3906 4492
4265 2940
1251 3248
1362 1004
2579 3015
2550 3300
4519 3041
3108 1852
4793 4216
1609 817
3459 509
2135 227
1960 720
4673 3493
2268 56
4441 4443
691 1026
3972 2150
2012 3729
991 653
3060 789
2045 3600
4144 695
4343 3671
4810 3586
1855 3057
3700 4781
1627 3429
1927 231
4596 2197
4273 2135
4693 1717
876 3025
3235 3163
2294 3020
1158 4164
3748 2434
862 4477
1129 1820
3008 1417
2183 2884
4154 3139
3586 4908
3214 3303
4337 3656
3682 4552
1967 2166
2688 2657
2999 4389
1343 1183
302 1986
3410 4791
11 921
4240 4004
653 3516
2376 1856
3301 3535
591 3593
4556 1625
3664 4274
2731 735
3220 957
767 3786
4911 4537
4812 3611
4930 851
3665 4381
3974 4017
2797 2225
1008 1036
3412 1359
549 1025
3492 897
3736 1731
1980 1220
190 3736
3170 1301
4309 1846
3357 3797
126 2781
2865 2097
4573 788
1335 2499
145 3920
3792 2746
2609 3667
4239 4289
875 1421
4103 3214
604 1052
4764 1896
3389 4953
192 2299
1192 3549
4909 4632
3093 1248
3374 2314
1952 709
1639 4049
2291 644
3314 2905
688 3013
2459 173
422 3837
3733 441
4546 197
1434 514
3062 1407
185 2875
2684 796
2748 3040
4288 4033
480 3304
619 893
4072 3678
3815 3861
965 95
204 3275
2592 2493
4188 1847
547 3499
4289 3650
191 4838
4892 1469
1052 3165
2446 1289
3057 2303
1948 4135
267 606
1720 1597
2602 4543
4066 1461
4807 3289
2054 3287
3434 4806
2724 3781
2120 4797
3017 1139
807 4422
3627 955
3151 178
3573 3487
373 1092
1784 4387
3943 514
3259 2711
1402 2847
2101 31
2988 1976
3601 1975
4789 3704
707 1728
318 2997
3875 3269
4633 836
3325 1511
3704 3160
2999 889
311 2735
3866 1016
2544 2666
1658 4143
2254 2267
4676 4964
2299 2681
3777 1264
3736 544
441 2295
4830 894
3067 63
3672 561
4241 4563
4699 4444
3430 4723
2720 1766
4726 4822
2645 346
1127 3588
3288 3215
4345 2671
1719 538
54 4723
4917 1545
3654 4239
591 268
1505 1868
4936 3096
1175 3822
4496 1955
4622 1857
424 1979
4669 1033
177 1709
4464 228
4658 2370
4357 2237
1652 4873
202 3436
819 1341
1665 2497
1109 2279
4830 1224
315 1585
2608 3851
710 4235
2853 4222
2656 1584
165 3922
1693 4586
125 3933
4439 1112
1092 4114
713 1367
4512 2014
1019 3574
1893 695
518 3620
1245 266
3041 43
4938 2032
2796 2955
944 1836
3242 393
527 2492
57 4372
1027 3972
1148 735
3212 3590
1151 224
4157 1307
4528 2839
168 2473
3789 1634
151 1343
2835 1774
1583 376
806 2442
1208 989
3717 2624
3427 3954
3579 1680
365 267
1107 1186
3924 2879
207 1001
3085 3002
4003 3027
381 3135
3914 824
910 3884
104 1816
4304 2638
2489 2531
1079 4255
2375 4794
3844 3153
861 4247
856 3981
316 473
2900 788
3077 4953
1137 3318
1668 2514
4571 446
4136 3785
557 3325
3060 4062
4292 926
4042 3651
2007 4609
1940 76
662 3092
3108 835
3026 286
276 1777
3246 659
4798 1160
928 2795
3679 2566
215 3353
1093 2912
1163 2264
3158 4008
1871 3287
850 2157
2803 169
4189 4786
4300 4895
3618 2347
3840 2395
2048 4303
4532 1088
4404 3396
833 2638
4848 1216
3525 4648
4685 962
2881 2294
4390 1232
2576 1530
1216 4271
1318 1543
1171 1390
540 2155
4560 774
1975 4678
3680 3956
2549 4954
1414 2905
3666 3341
3386 2594
758 4832
4172 3628
172 496
2588 312
3130 4969
1515 4285
2612 3885
2293 3613
652 31
472 999
3632 2235
3995 592
4736 1218
3635 2984
4528 132
2061 4010
638 478
1762 4823
1908 90
631 1155
4054 2789
1218 2155
4585 2905
3269 919
4325 189
357 4545
759 2427
3879 4993
1511 1368
2367 1395
2522 4456
3370 4899
2557 2513
1739 1833
3083 4489
533 2991
2904 1247
2870 3010
3425 3292
2421 4542
1283 172
4735 2277
2326 817
1230 3738
2869 1775
4881 1461
676 1278
4289 2869
339 2132
1602 923
3325 1631
6 3848
4994 544
3553 4202
4987 26
4085 2782
1217 3532
3767 4102
690 4837
1982 922
3576 4781
1043 4659
2553 2970
3993 4120
2117 1808
1957 1852
64 4109
4086 1738
1425 471
2445 2608
2610 2612
2831 2776
3239 644
368 1163
3279 3052
4825 1743
4363 405
2117 3734
943 3242
1635 4130
3032 2507
905 2249
1497 2763
3629 2781
96 3781
1935 1128
1316 4069
2440 478
470 3444
4521 1802
2005 4405
1111 4443
1132 968
605 1388
53 4895
1356 1482
1500 1046
2369 475
219 1024
789 2227
4449 1174
1723 3533
1157 2797
4419 3354
2193 4739
172 4506
2131 2013
3799 3423
2415 3778
4088 952
22 1679
4704 2478
3539 3336
3218 4668
3568 4141
2713 619
3386 3035
2750 758
3124 3513
3331 741
884 289
742 2858
2289 2718
1159 1513
3843 211
4510 3771
4428 2875
3441 4961
4536 1784
1454 3510
1409 485
2925 3148
4700 2459
1549 1190
4287 319
1894 3416
3433 2512
4586 1713
4479 2919
2531 870
1600 2489
4039 1000
4787 3361
2049 1121
1065 1223
374 2922
2270 1165
2827 426
1653 3709
957 1912
3874 1352
1463 1269
2036 872
2971 4034
1096 3778
2870 3531
1152 4905
2762 721
2477 159
759 428
763 4932
4456 119
4193 1679
4507 1579
278 4159
2549 1585
2710 3857
4614 2093
1377 2383
1691 1320
2309 2432
1473 3906
3138 1214
933 4145
1988 392
2351 4947
2125 4248
1927 3063
1170 904
1870 3992
2907 1507
4831 3540
3328 181
2165 3491
4673 1824
4989 3408
4749 836
2325 1447
3767 272
1532 2156
1925 4943
1923 1252
3642 1592
3278 2715
1758 3191
3727 3911
2037 580
1952 4031
2126 4713
2269 3333
4288 4119
4436 1843
2916 3710
4549 1466
3599 557
2886 1054
2211 3124
2152 1935
699 4465
2124 1040
4056 4713
1987 4058
4256 89
4108 4123
2595 4715
1077 465
4928 2354
3279 3060
3254 2908
645 4807
2490 4935
2870 217
1893 2741
1980 2393
4165 646
2778 4533
393 1828
4895 1797
1112 4746
3300 3473
3346 952
4562 2829
1282 3435
4422 1268
4759 647
937 4422
1755 4207
243 2004
2981 863
4022 4543
1512 1166
2529 1789
3342 1742
3658 3668
698 2627
1342 2522
2381 4182
1441 3205
3489 1412
3041 2858
100 1550
4228 2238
2829 2892
1497 2924
2472 3105
2454 1233
3331 4284
4993 135
1167 8
1399 3506
4220 193
4503 4045
4868 3479
2846 3235
3369 3665
1953 1370
4811 2223
990 4564
2334 1771
2969 3243
3384 3524
4479 1787
3936 2984
352 2604
3047 2905
1903 3915
2028 1522
64 265
988 3219
4487 1693
1525 1356
800 3102
4054 2546
1768 221
216 444
2434 1027
620 4590
1742 249
4855 3534
242 3496
2745 1982
2897 2376
4980 1395
1232 3136
1918 3482
103 4771
4334 1408
842 3894
2974 4450
98 267
3805 4643
2970 3635
4561 2250
772 4463
293 2276
624 1527
1451 1118
4070 1049
1535 3653
4391 930
1531 1290
2610 4164
3389 2315
4043 459
1113 1307
838 4579
4171 2088
1071 1255
3718 2697
4120 4102
2761 312
1847 2268
4732 4610
1455 1410
2992 1567
746 2157
3851 4850
420 4860
3728 3881
4085 4496
4876 4857
405 2065
4398 4550
919 259
2870 2418
2984 4356
3320 3285
3985 3903
4780 133
2972 3694
3114 3732
3228 2940
642 4180
3576 2015
1334 134
337 2788
430 235
3288 3946
708 3481
4848 136
2490 4143
4828 1354
1338 2888
4703 1586
1698 2632
2482 3749
4431 1872
3947 221
102 1851
2970 3959
2964 2606
4982 1242
1068 3017
3372 2333
427 1093
2062 3950
1632 4235
199 210
1219 4802
316 4286
4147 88
3339 1441
1117 2226
3438 4804
2264 2979
392 4371
4999 4559
2747 381
503 3184
621 1964
4972 1407
891 4179
2962 2388
2227 1011
38 2530
3630 369
693 3785
255 4470
1435 1964
4663 1591
2614 3059
743 4952
23 758
3226 4858
1592 3315
4329 3260
4361 1191
865 2036
531 1546
4672 437
640 1906
3582 3738
2973 4973
498 3328
2802 4374
208 1241
2691 2198
2823 4500
4115 155
4471 3232
3283 2388
1682 1717
4496 2430
1600 1012
1701 3206
179 4551
4686 45
353 1034
4021 2670
3297 3489
973 2336
3611 4093
1505 171
840 2322
227 4125
1565 3703
942 1315
4938 4177
2396 652
4694 4645
3214 3037
3239 3261
3867 1814
3702 4285
1315 3490
3706 4165
3626 1904
2197 3254
1551 2850
4565 3796
3935 3260
2517 1386
1459 2933
2310 4651
291 2280
2308 894
4134 1399
2984 3515
4786 1143
1667 660
3084 4063
3194 1863
1376 422
4847 4536
192 3643
4766 3767
229 4025
495 1843
4876 171
4110 2867
3121 2643
3446 39
1097 4679
3864 2600
1272 3369
4935 2944
4540 4960
3614 1821
3889 2083
4503 3375
3299 2738
2791 4912
1042 2141
3580 653
3980 2812
2305 343
4990 2739
4239 4381
2996 3650
2616 4952
4751 4019
1956 1320
3756 1444
1458 1267
4749 3599
2877 1585
1800 3787
622 996
3575 1137
1017 3599
4873 3365
3512 1813
2050 2329
901 4044
4542 4298
977 4336
1724 223
4993 88
4967 1804
23 3059
3071 1511
83 2701
2110 567
1621 364
4667 420
683 785
3527 2295
2674 4166
290 2665
3409 3750
4785 1441
4424 960
4838 3891
2878 286
3511 1047
2920 4041
4156 3090
4313 1296
2890 3651
1904 543
3349 3414
3450 2320
4555 3709
2055 3564
1573 3475
1768 3853
184 3916
775 4605
4329 2909
4024 4184
4482 2775
4038 577
4761 4400
3749 3787
646 3756
4022 629
1225 3522
2575 1586
4076 2022
4312 3230
3560 2544
2199 32
4537 1166
2908 2384
521 2297
4751 3479
1897 3689
4192 4054
578 2757
973 4754
894 4198
3957 4034
689 3490
1076 2616
766 600
1827 2326
182 3996
3310 1898
4255 499
2705 2823
199 3559
1606 3108
3259 123
831 4069
2635 1722
4219 3553
4669 2692
2998 4097
2749 3327
20 1687
3597 2066
503 4641
559 894
3894 372
3912 3099
3438 1565
2013 1122
2450 4010
2030 723
686 1896
1084 207
2608 4811
4508 2531
2905 347
2394 1362
4001 2950
4140 1583
1127 4221
4383 2809
4235 1667
644 1649
745 2915
511 1088
3592 1378
2335 2168
3932 675
4638 1505
809 3183
4594 3498
895 1090
2543 358
3462 4585
320 1340
3067 4541
586 2651
157 4751
992 1741
4724 3467
3142 870
757 3033
4768 96
3508 4066
3169 2242
1245 3770
1704 1191
4948 2028
4563 703
1787 2921
471 2038
3456 4405
2849 604
2907 175
1894 1822
579 3117
1932 4148
3556 2147
3546 905
362 1199
1643 2575
4371 1556
1861 836
938 1958
4296 958
800 2556
1178 1252
3202 1460
3141 3017
1822 2131
1459 277
3237 2860
654 65
4990 392
1775 3049
262 3066
867 3354
3440 2229
2243 2984
754 1531
1897 4916
3863 15
3644 4061
4807 4545
1155 3499
2313 4800
3202 4513
2036 536
1955 4278
1680 4631
2932 4965
1748 4565
4415 2078
4700 711
2631 1535
4534 4719
2284 1184
4818 2564
2912 1458
1913 1326
2415 1219
3973 3628
1565 1448
4189 636
3489 1427
2470 1195
3848 2389
720 2498
1705 4770
1195 1080
2603 4204
1921 1647
1540 1935
2597 1361
640 565
1692 3249
1190 1598
3765 3679
3333 3546
3064 2325
3843 2803
2016 1136
4393 1463
455 4189
4814 1373
4599 813
478 4281
2833 872
3573 3090
4454 942
874 143
3269 4780
2625 4562
229 933
4926 1235
3254 849
4158 811
4046 3476
3332 4594
1567 2985
2949 4734
3799 1091
3922 3017
1932 4886
405 4554
4926 723
3491 1024
4218 1003
3812 1123
731 4381
3537 4747
2487 3777
3914 3746
1872 2159
3061 4259
1627 3342
2007 551
2411 765
2242 3542
2689 1097
3175 4189
1852 1930
1375 4944
3926 62
4958 2541
2324 1431
2453 2334
2212 2637
3242 193
2173 4110
4197 2683
1636 1687
2874 1181
2265 4516
4110 2840
493 4885
1432 3209
612 1301
4900 3647
2079 1506
2651 2053
1164 3028
471 4286
1847 2526
1487 3136
2779 3355
4680 1238
2370 208
1110 1185
2700 4079
2954 4863
3459 4137
2036 2220
4303 1980
4900 4723
2459 3858
216 1321
153 3384
1645 979
1138 1882
959 2887
4509 3757
1582 2703
1543 4630
4644 4291
2362 1436
4374 2424
1338 1337
1 749
4001 2060
2001 200
723 4441
4227 426
4151 3173
4084 3667
343 1525
2873 3686
3308 3433
4269 4342
4476 2618
4751 2020
1899 4585
407 820
4212 943
2606 1549
2050 960
1864 4105
2132 987
1510 3648
4941 3589
592 2901
4725 163
2893 670
2457 973
33 1361
4109 2657
3342 2101
2384 3434
3280 699
2206 3641
608 3950
993 158
4280 2309
3929 3774
2546 1663
1186 720
2202 4718
3231 902
1179 4925
3719 494
465 3658
2538 4690
257 4311
1257 930
4882 2655
4501 1738
2158 2664
3701 2151
1530 4127
4020 1750
2406 648
3768 1503
1349 4751
4027 1613
1876 4759
867 572
777 191
1394 77
3952 3424
886 1246
469 1912
4215 4809
415 2446
3314 4523
1610 829
383 4905
4094 2522
606 403
4664 1225
2235 2757
4031 3689
3056 9
1960 4662
4615 3118
3483 155
873 2972
993 4090
1429 4708
721 3949
4269 915
4167 1782
2879 456
505 753
4145 1637
4086 4717
3302 1027
3469 4791
652 4087
1700 978
4623 4361
1558 4174
2612 2037
883 2357
1818 819
4286 1635
4506 532
1848 4997
323 3978
2128 2314
1176 0
1042 2726
4523 3442
4118 2045
3760 170
3593 1941
17 4416
1346 1371
1130 450
3215 2395
1658 3521
1713 2282
4733 250
1886 479
105 713
3570 3282
4947 145
4948 4206
4538 488
680 4810
2593 2150
3808 4609
2803 3086
3442 971
4742 4567
3123 3073
392 1746
908 4065
3055 4102
3257 3016
921 2655
1405 519
1696 2948
2114 3098
4907 486
50 4693
1222 3331
3360 2594
3889 4656
4494 2357
4895 4488
3552 744
3092 783
3507 2099
4605 1217
2834 1569
2926 370
4854 4182
3395 4338
4329 3610
2998 891
4614 1991
1812 2194
1255 305
265 3806
2502 2693
4784 1862
3534 4330
2961 1976
1580 3431
2986 4324
4837 2201
2889 4883
1960 184
4332 3075
1202 4337
231 4404
3464 2101
4754 3167
4554 4177
3265 1552
2997 3319
1280 920
1851 2757
3034 4194
1489 4210
290 2600
1206 3866
2080 1555
1646 1950
4927 1453
526 4502
2053 2599
689 3140
864 3678
780 2524
2314 2169
3129 3167
2588 283
4414 4534
3914 4399
4283 3952
1868 3064
2976 1434
1069 40
3850 1288
2360 2476
1146 2309
1401 3661
3569 3510
4379 1378
2534 803
87 2572
1987 4405
3079 3162
4043 1158
2059 3783
2978 2666
1287 3148
4055 4134
1808 3296
1137 1687
3832 3784
1918 1089
462 4702
2465 4617
426 164
3041 2420
2025 3364
379 842
1605 4699
3177 3119
1901 4961
2040 2729
1414 4118
4856 1822
733 4164
4022 1396
984 865
3878 3772
2346 1084
750 4040
1670 3617
2099 496
2527 3176
4725 3262
3947 4989
691 1065
1341 113
878 2907
394 3111
1320 669
2841 2757
1091 1983
1678 3979
4442 3091
3163 3062
1493 2108
3938 118
1023 1201
3429 4721
4485 4244
2909 2432
1959 759
4546 111
1507 1048
3622 2354
1180 3605
4704 1422
903 815
4641 1464
3633 2782
2017 2001
4811 4917
2313 3315
2527 1356
1068 2833
3524 3792
617 4538
4037 2571
2740 2032
2713 2132
3349 2851
4636 4006
2603 1647
4428 2712
2288 4635
3604 1985
1831 226
135 4249
2562 2777
2659 2349
1419 2964
2438 2632
4101 2249
2265 2115
1057 4776
840 2946
3318 4406
1868 3942
4826 4344
3410 41
2018 2328
2631 4114
3259 4242
4658 2577
2757 1387
1333 1017
3506 779
962 1119
2679 1061
4045 378
2759 4838
2380 1456
3743 3134
2048 1541
56 3590
1540 4199
2350 4587
1823 2094
2543 14
3925 4215
1053 929
2098 2983
4032 3265
3836 1028
4001 2378
3571 3283
4013 361
894 439
4692 2638
2885 4390
2895 1361
1578 4210
1413 44
3830 2208
2494 821
2000 2035
4554 1020
1337 2431
6 969
1577 683
3880 4371
1176 3141
3257 4845
2800 1222
4152 3616
2280 2645
1777 609
3936 81
883 2275
822 1537
3339 1741
900 480
2667 2007
3104 4123
4405 2284
2426 3532
3729 663
4859 298
3438 3065
4462 2126
2660 726
919 4853
3620 1511
2683 2096
2862 109
4006 2068
4449 466
3674 3338
4347 362
2613 867
3379 3994
4866 4910
4314 1434
1059 3784
3228 356
1160 3671
451 434
3541 1372
4687 2607
1774 4243
4772 4654
4016 76
4018 4426
2423 2516
2727 3528
4617 2978
4154 2584
4485 840
2854 1471
3811 784
1596 861
685 4653
1758 573
891 3753
1861 3771
443 4434
1292 1817
2549 987
2399 3085
3583 4387
1112 252
2073 1804
710 15
4378 221
4074 1637
3066 1430
2185 1277
2679 4912
580 1381
2579 3736
4984 3295
2073 909
3693 4124
4091 3274
4640 4006
3726 627
770 2906
3329 1821
3831 2546
3064 3112
4884 1005
3887 1917
3796 250
2679 3004
2667 4651
4563 3628
2197 387
4891 1147
3109 1943
3391 3079
867 2621
898 1707
3847 3417
1074 371
2381 536
4125 2656
4355 116
4619 3806
1995 132
1747 2595
4423 1902
3691 1827
2707 180
2756 4097
4654 67
4410 4155
1408 1031
742 3409
4055 3070
3967 598
346 276
3066 652
263 3747
1843 4109
2922 292
2420 1032
600 2804
1692 4002
3877 151
4938 585
2667 2851
2810 2072
632 3374
3607 3562
1951 4871
186 3069
588 2191
2748 234
3684 4483
168 314
1569 1879
60 4470
2210 757
3015 3968
4184 743
4095 4208
3627 2412
4006 3692
4271 4371
730 1380
1795 783
3217 3059
2931 4403
3711 4798
2532 1211
1053 4827
3677 892
2058 1348
3252 2173
3324 2875
3061 2375
246 1315
1056 1983
806 4544
1119 4877
4019 1069
2053 4440
568 2126
872 4629
1805 1694
2090 1039
4896 1673
3394 1455
568 4646
1276 654
2763 2807
4015 1398
1757 1842
1699 1588
1644 2129
895 2887
709 4498
4295 602
4191 3298
4441 3583
4001 4958
4616 1474
3136 3603
166 779
3399 552
2970 3876
236 1330
4933 3874
2495 2056
1680 3808
2451 1090
4120 2605
2694 1216
1527 2864
4195 3662
1638 4250
3581 2191
1024 102
326 3065
4164 884
4032 4359
2965 2113
2978 1676
191 3665
4289 39
1023 3797
1843 3290
820 626
3574 3116
739 829
1471 4643
2398 1090
4008 3854
3226 1274
4997 109
1594 112
1532 2872
1279 911
3222 4440
1535 4799
4415 1009
4915 2575
1737 3603
512 4040
2113 3180
1904 3159
3522 3891
1346 1157
4203 3786
1714 4110
1039 1218
1120 3593
67 2217
3177 1462
3336 2548
1468 780
451 20
3994 4486
897 278
1180 2503
3611 671
925 1465
348 4865
2835 2924
3962 1221
3454 315
3165 1428
4199 2236
207 1683
1374 2375
406 4265
2458 2377
920 1900
3359 405
3266 3
1455 78
3976 1483
426 3132
3800 3462
2738 1324
4854 79
3439 1574
3263 3589
106 370
2494 1931
1834 985
1445 1709
2945 1216
1375 4202
4739 1412
2812 1742
4040 1734
4635 371
965 626
2426 27
1209 4243
4609 1082
4434 3865
2887 3544
3801 4757
2311 107
4355 3613
1257 3465
3688 2400
1475 3000
4060 4684
4485 4166
4927 2809
435 3105
2650 4262
237 2223
3835 1494
4474 2255
142 3764
3088 1159
985 3176
3519 4298
3082 4301
4827 3419
3183 3069
2732 678
3279 1946
4818 3978
4390 3856
1453 2692
4462 4999
858 838
3456 2588
2652 3916
3306 3801
2947 3166
4340 706
3594 379
2314 2363
3719 402
468 1821
818 2954
396 3178
22 932
1922 4987
637 3543
2479 2190
3334 2594
2737 823
1242 1771
4065 200
459 143
3672 2529
3874 1825
3451 936
2029 1010
3313 4485
4521 2655
2222 1312
4567 1153
155 435
1071 4502
4595 737
4680 723
483 4825
1850 947
3664 2727
2525 4226
78 2582
77 4199
2282 1065
3113 3858
4796 364
3653 959
909 1735
4242 2546
3737 3054
4157 4805
3246 872
3177 4765
959 4210
2871 2337
2007 2867
3972 2156
3402 2646
4267 219
609 4105
391 2115
1270 2716
149 1539
3418 1155
3648 3556
2128 352
1579 3769
2574 4056
489 1762
3254 305
3978 4005
3117 804
1425 3881
2039 2195
1678 3446
1242 2754
4915 3380
2407 2196
4008 969
2707 3099
1173 4455
4240 2674
1715 1956
4762 2157
901 2584
1180 4620
110 1161
1756 62
380 3410
3153 1855
1142 337
800 2884
67 333
4489 1678
93 3351
2657 4205
2895 3970
4598 4403
2193 31
2954 4227
3796 4716
896 4029
2961 3788
3422 1572
2264 4882
3867 128
268 559
4389 1094
4224 4032
3040 184
1940 1413
3694 3023
3235 1907
3101 2006
2357 3661
3965 4911
723 1667
1769 2212
1869 4826
4466 980
3938 1579
3170 3058
2985 3357
2286 571
1813 1703
668 3620
457 3701
880 420
4954 561
3551 1600
1600 3540
2162 4916
2840 2555
2856 3269
1193 1855
3619 468
2414 612
1681 4756
1168 4324
2470 1514
377 1640
2053 4583
2401 497
2234 2146
3452 1410
3799 703
1333 2091
127 1914
3825 1200
1373 3724
3010 2863
3814 728
2998 3053
3227 3024
4513 86
2398 1832
2021 809
4665 1369
732 258
4558 1714
4920 2665
1152 2725
200 420
4367 4650
2743 1521
1313 339
1232 2292
1681 435
2516 4151
1405 1596
3866 1756
1707 488
2818 1286
2726 1641
1531 4176
4554 2892
4882 1581
169 2304
97 4508
2907 5
912 2139
3321 4351
3960 641
3474 3291
2537 3757
3663 3190
1002 328
4469 2199
1388 3401
2743 4283
4653 4248
2944 4683
728 615
2249 4524
1808 3943
3569 2672
936 3671
4673 1753
1522 3102
2039 813
1241 3168
1965 1035
2225 4595
3690 4453
2480 892
734 2828
1796 1347
2505 1512
3882 3144
3221 605
2347 2889
3703 4754
3391 3926
334 3328
858 4497
4990 4975
3934 4323
4004 4581
4391 3841
1280 3075
2120 3641
767 1925
3237 650
4366 945
4389 2011
1082 3758
1894 3679
2207 4108
4731 2787
2406 4447
2484 8
319 2894
2727 1268
994 2960
1034 1471
4949 2143
1982 89
4368 4985
71 249
1112 2629
2201 1759
1862 4823
1661 1286
4501 1008
4982 2450
183 619
4500 4878
1386 2933
2250 659
4875 593
4606 3504
2719 51
1176 852
3207 2446
2881 2148
2834 4150
4330 4858
1367 1057
180 3747
718 982
577 2158
4051 3721
3073 2204
1683 368
2279 3498
2299 4500
4548 3701
2415 2404
1806 3852
4598 4970
852 586
3314 2780
3026 3148
449 2041
2527 1010
188 2975
267 3645
833 4913
1399 79
4882 284
4774 3717
649 2482
4780 1730
3167 3705
3936 3568
2164 3487
516 2173
939 4335
1464 3439
290 4981
4918 2745
1106 4274
2699 1636
660 4980
4945 132
4233 4114
2054 4449
2752 4641
2449 2162
927 1751
889 2640
296 1820
4696 2588
1689 522
1327 1775
193 3806
3820 2513
686 3906
924 1159
2758 3362
4627 3577
3816 4259
1242 1798
4626 495
614 4522
4489 4899
3608 1242
2032 2670
356 3674
4479 2627
1891 2597
1865 2139
3240 712
578 3312
2786 888
2988 407
2841 4348
154 4427
2500 1131
379 3564
3627 3218
2214 3897
3 3087
1205 7
3028 2868
1667 3588
1389 2479
3727 1404
470 1087
4174 3214
910 1876
2669 4195
864 177
4681 4116
1054 2015
1944 1118
368 723
2873 1281
2698 2415
3121 182
1401 146
654 3243
3928 279
4642 762
2877 2555
2677 4140
1885 3241
1060 1890
2944 3740
3488 2053
3345 1537
96 2433
364 774
71 4396
3297 3161
4173 3068
4129 3213
3211 4353
1113 3846
277 3774
4844 1803
184 3817
2490 4956
3230 466
1402 3728
3677 2826
427 3013
4750 2225
4849 1552
4548 807
2576 136
3605 3889
4626 3771
408 1418
992 737
1885 1751
2375 4039
4300 4537
4189 35
928 2955
201 4983
4185 2212
1819 842
4584 2439
3574 4505
948 241
2140 2778
1113 1978
2512 680
2252 2140
477 4380
4814 2808
1786 3607
4277 486
310 1600
724 3087
1436 579
4598 747
3644 4096
4473 1715
1249 3539
1411 1349
2531 3829
1501 4726
4654 3887
1929 1961
4684 3949
2781 4016
513 3419
1058 2884
3966 4634
1495 2681
1892 4120
342 4400
1236 1362
3867 4760
4913 2949
4916 4300
1741 4089
4657 590
2964 666
4729 2794
3156 3932
2420 3191
91 3676
198 891
1175 1245
3011 1748
3596 4631
2535 2104
2038 722
4052 4348
3296 2332
2773 4161
3735 2264
3048 3229
3825 292
2847 3994
2892 1834
1315 2831
1276 4511
4386 2237
3958 1683
876 381
17 2816
3421 3072
3204 2105
2099 1051
3095 396
2247 196
2768 4513
4878 4536
3919 2308
4110 1436
838 3966
3517 3628
4083 4025
757 3297
2804 4920
3335 3108
3132 2310
4229 266
1469 1867
4063 511
3640 3752
3556 3901
356 1855
541 4425
4078 740
3282 1980
2878 3275
4374 3994
3100 1858
20 2539
522 1492
3428 169
384 2300
2261 4917
219 936
3623 3625
300 1051
2005 4024
1004 1711
1925 4390
519 3205
264 3946
904 266
726 1495
3801 1129
2407 587
3798 4119
1251 1523
1784 520
2988 3966
180 4994
3522 3093
1567 764
4753 4472
259 1684
1733 1108
1575 1675
557 4027
68 3253
1679 4442
1464 2793
4370 3405
1207 257
1622 1678
729 3089
3357 416
988 3295
3453 2988
4416 2391
2188 784
4149 374
2654 1478
4385 500
1026 4530
2680 3998
576 808
877 3072
1638 2608
1842 2255
1783 289
3692 307
247 4810
404 800
1045 1474
4259 3537
618 1912
69 3591
4904 870
2501 3589
4737 4565
671 3138
1289 2374
4351 391
711 496
1378 4580
4406 2422
2136 2976
1103 4178
1337 4911
1215 935
1411 236
1947 2904
4994 545
3329 3005
2531 564
2900 3623
3533 3527
3849 4353
4836 685
3653 1658
2643 2773
1673 2595
1461 2076
4861 109
4294 152
2654 1698
4900 1219
4675 4188
2427 699
3962 327
3775 501
4764 34
1757 2312
4239 3417
3821 601
260 1504
3110 3920
2019 1094
3469 4762
1058 941
767 3020
623 1343
3886 2114
3226 4489
4961 4824
690 4561
3382 4458
265 3471
4573 1584
2704 4588
3746 3341
1764 2450
2954 4782
2988 1700
1833 979
2102 1095
2114 3445
4149 3511
4711 4202
3381 3550
1257 4577
3856 1805
658 2350
1901 671
827 1215
1069 4013
2789 640
4740 3549
2579 2921
4763 4520
3359 3955
2238 4193
202 2409
4079 1103
3527 4077
1208 4201
3811 3375
3120 2382
1978 4569
2912 2806
863 3883
2503 1633
4726 1585
2089 1407
3689 4339
2161 2589
1487 3891
4539 1812
1714 2314
889 4859
1052 3172
185 1594
4586 2482
2302 2486
703 4798
2414 1032
915 3407
36 3828
3111 2890
4372 36
2717 2256
1223 1718
3181 3584
1840 907
4671 1091
2637 2381
3253 3780
3078 2357
1921 4007
166 3612
3646 4280
2316 1229
4783 2637
527 4097
1080 460
1698 2054
615 981
316 308
4508 2679
2436 1378
801 1148
3221 4566
2206 4689
3715 4710
2366 1414
4939 4873
1334 2945
4409 1151
235 1046
4860 1632
2064 3021
192 428
3740 3856
2060 4575
1502 4340
1088 398
2232 1988
751 1791
3529 2919
4771 1106
190 3627
1561 681
1074 2655
4278 2929
4599 194
4240 1522
703 3389
4330 1820
4245 4852
1297 2516
1618 1563
489 686
2195 3363
4542 244
2794 1758
2223 4833
763 3191
3717 4304
399 670
2031 751
2894 1798
1906 840
2320 3993
3609 2348
83 1401
1167 2193
3435 4126
307 2717
4197 424
3354 1910
654 4997
4583 3698
4187 4028
880 4303
1593 2744
4840 123
2677 4795
3990 1419
2379 3710
3151 1333
3136 3711
2204 3664
4535 1719
144 2284
2154 531
4022 2702
4435 3395
3649 2678
4385 137
788 3836
4178 3099
1925 3103
336 4747
518 1823
1451 1606
1787 2890
1548 3410
4370 1589
3788 4122
3337 3916
1907 3840
1285 290
1849 1198
1631 46
1484 4805
4584 4502
3166 4723
745 1352
2003 4333
956 434
931 3450
3549 3718
3173 2061
2865 4581
3410 4574
1529 4197
4334 1011
4740 1379
1565 932
1504 4660
2695 4888
3478 2783
2206 82
2974 4440
492 1515
1887 2819
2674 4465
263 776
1745 2848
519 3135
4889 2880
3375 191
4598 276
506 2209
2465 4529
4817 3863
4095 3509
4312 630
501 3622
4159 2040
1511 3903
2452 41
1064 3913
2979 1318
4851 1639
1437 1963
3289 4723
117 1858
3413 2883
359 4390
4235 4650
2845 795
1698 4848
2248 2832
1224 4208
942 4385
4492 2902
4744 2722
4911 2089
3032 2882
4091 966
2421 1598
4418 2866
2785 3285
674 4132
3860 897
3254 2361
3780 386
32 1795
4604 4849
1715 2386
2229 3863
4975 71
4663 3326
3574 1307
4537 3277
4500 159
1200 4382
593 3529
4301 1435
595 2549
2270 8
419 4689
3682 635
2762 3896
992 868
167 261
3404 1684
4010 3158
3555 4333
1777 4904
61 2443
3107 2114
3458 1576
3467 663
3300 3119
246 4497
718 589
4302 4475
4560 2990
423 2987
4108 603
1525 1436
653 4784
8 2585
4448 3207
1905 3580
1986 1653
1280 1162
2354 4389
4578 414
809 3277
274 56
3760 4428
4096 3664
212 4965
2347 4795
4302 1069
2980 356
778 3040
3760 2122
1407 1512
2399 1393
296 3348
754 2014
946 3290
3577 2569
2427 2944
943 353
1305 1407
4149 223
4592 4487
4938 967
459 3801
1772 2303
2201 464
2370 2189
4067 2290
4762 2747
2526 3727
1998 4139
4789 264
481 3108
1056 1079
1264 1161
3222 2874
2421 148
1468 205
1970 1247
2269 4587
1645 2300
2442 625
2543 61
4118 3499
1409 4527
4186 4906
1975 4301
3898 2700
1263 1223
713 3700
4904 3203
2270 231
4706 1183
137 700
3284 4453
4087 565
2714 3428
1596 3188
2525 1133
1091 117
109 2414
1968 2651
669 2846
2891 1177
1452 3180
4133 4161
4049 2431
1469 4019
4387 3446
546 4207
2517 2334
886 4754
3611 2865
282 1395
4298 3028
3473 2921
4956 1305
2718 2787
3121 1663
4263 3418
4188 3037
4228 2625
3 2478
323 2809
3552 1626
2921 2773
283 3676
3855 2789
2520 3838
4256 817
3660 4295
27 3917
2343 1933
4272 2969
280 3730
4848 378
1565 3143
4948 1319
2675 1292
1227 3617
734 2936
4290 1698
4930 954
1174 2024
4080 3664
3858 356
1506 3141
3733 3757
2490 3832
3486 4871
4376 306
4179 1442
4885 1108
4954 4748
2602 4437
3811 246
2091 1270
475 4646
1101 3459
1862 4406
4991 375
736 1346
1276 1773
4811 3748
877 3303
2924 1641
2933 1683
4253 4381
805 1012
1641 880
3270 2384
223 2208
2882 1762
2709 1707
1196 627
1187 456
2251 799
2317 2518
3494 74
1251 1655
1965 3105
4465 2202
3086 1978
4082 2716
4407 4588
1659 2436
3554 4964
2896 2190
2190 908
1516 384
4738 370
2062 1950
1472 3134
4046 1641
3689 3527
840 4737
4378 1172
2344 1452
1038 1328
465 4137
1155 682
3261 2743
55 334
3886 4007
3980 1113
1005 1012
674 1283
1223 3208
1992 3577
2402 4539
4566 2156
156 2679
3319 1474
3286 1745
2922 2024
1056 481
3371 4465
3125 3403
4078 4646
3365 2333
3610 3368
793 650
2810 4755
1933 500
911 139
2623 396
2972 3868
2057 4205
1181 1373
3469 485
4231 2113
4158 92
1672 2302
1994 995
2974 4960
2895 1057
1179 4676
3336 1348
3454 1650
2256 4310
2117 1591
1404 899
740 2334
742 2819
1054 3044
1564 1095
987 2603
2493 1008
247 2512
4991 1701
3511 3538
1823 4292
1236 4437
2163 285
536 2232
4190 2018
985 407
1817 4184
3559 4398
726 3315
390 4856
1626 4883
2573 929
708 1993
2197 913
2713 2326
2181 2130
3074 443
2855 4332
2258 3924
3611 2021
3910 3526
4448 1904
3307 3197
3120 3161
2723 4678
639 1615
3114 4168
4868 836
3285 1272
3033 1703
3347 3409
302 85
4630 3305
246 1033
2146 1501
1135 2373
3549 4240
2359 1920
2871 1939
1020 1224
1599 4278
3072 1926
1149 399
2768 1675
1272 1848
3044 2808
1883 3626
4701 1394
4198 1209
1592 228
2554 4614
1309 2148
2705 2156
385 4766
306 3433
468 787
2621 3839
4158 4655
2253 967
3690 841
1761 2156
3098 1608
2196 4001
4364 691
841 1107
648 2092
4834 993
2877 2768
3694 3712
2924 875
1317 796
4978 317
1457 2394
3058 1678
2531 4153
2045 3644
4155 2628
4665 4311
3799 827
4715 4025
965 2021
4025 2003
154 1944
2226 3933
4931 4206
4039 2784
87 1896
492 1725
1402 3494
1330 2258
2081 4900
3605 113
3327 3819
1796 508
1119 4237
2990 3559
3623 339
3136 4588
3364 714
3476 2497
3293 474
934 3033
4277 1812
2057 1289
547 1819
3362 2607
961 161
3184 3374
1939 4078
379 1346
2151 4797
1544 2916
4801 4504
1347 3542
2581 3711
3910 2192
3135 4575
3058 2454
695 3352
1171 2004
4502 4733
3938 1696
4766 4558
1594 817
3648 1021
2974 4227
97 4957
491 774
2780 2070
2236 3017
3966 1167
3144 1192
1252 3409
4495 1388
3339 1162
285 2765
379 2339
702 3048
4346 4384
3247 430
3631 3394
3014 2581
2290 2843
731 4055
2420 200
2797 2205
3665 101
2660 2712
2178 3342
3630 4775
2611 1637
1570 276
2051 1786
3302 3246
4554 4053
1623 4284
567 51
2358 1765
3821 1362
3538 2014
560 1422
4125 111
4955 2522
1439 3877
1300 3626
353 3429
171 2775
4804 2742
449 2878
4694 4189
3883 1473
336 1325
2211 4534
1255 2211
2604 1140
4146 2315
3800 3222
2187 3780
4098 3756
2527 2544
2801 3980
1809 1549
1540 2706
2075 3803
3433 1166
969 844
2794 4864
3106 3509
3970 2250
2021 3279
2329 3540
4729 4891
1488 1932
1978 1919
4258 4005
1006 4998
4206 1612
1164 2719
1569 1713
2936 345
255 4294
1701 684
137 4478
3158 371
1204 3291
1978 2686
4548 1446
22 4008
4224 1809
3 2812
4266 3977
1613 2017
2391 1198
2580 911
2968 1067
3392 471
3395 2313
1196 4263
1605 4660
3792 2203
317 153
1935 4000
1919 993
4160 3875
3650 1315
2806 1475
1210 2022
2205 3258
2799 3213
2313 561
2577 3092
3547 3703
3185 177
2817 1785
3408 4411
2597 3717
4181 2413
253 146
3725 3983
4385 3752
4801 765
635 2769
3760 3222
829 2092
4238 945
1694 164
3372 813
1753 806
3512 2543
287 1206
500 3833
4378 3049
4796 4183
2588 2241
4735 375
1242 2300
1575 4511
1427 3821
4576 1073
442 840
2906 4015
4555 316
1657 4678
1955 1998
1095 2631
3028 2667
408 2391
3406 1447
63 1353
848 3436
4712 2731
918 3001
4538 3459
3451 1264
992 4837
3032 2861
3766 4943
2900 4922
4702 4751
1372 3099
3270 4215
3519 3656
1698 4106
754 72
433 4133
452 2981
241 3554
2771 656
1513 1425
126 4543
191 3725
958 1061
3559 3360
3689 579
1236 2292
3426 2429
2148 4934
2809 1646
4453 1135
3130 681
4905 1240
2849 3030
469 2497
3639 2050
3552 1659
4524 4252
1500 1424
3393 4919
3675 4093
3695 966
549 1991
3719 3630
2802 1269
932 303
1013 634
521 4743
3211 2287
825 4349
2584 3488
2809 1912
973 2656
2238 2774
1997 984
4637 57
1082 1232
1162 2580
2046 3430
2400 29
648 4329
1227 1589
2344 3606
86 1254
732 821
1136 4490
4798 4022
4087 1759
3476 1686
4145 565
2599 2149
1028 2020
1766 3329
1715 3519
4755 1767
3542 2334
1538 4827
680 3433
3534 752
1036 3718
4072 498
3882 866
1322 3843
2602 4275
270 1278
474 63
4379 2024
3928 901
1577 686
895 2310
2076 1102
2785 4572
3642 4282
1236 4253
4806 1105
1509 30
628 928
325 3378
1842 4099
2450 4356
1518 2295
1396 4107
4771 3093
67 4508
267 3995
606 4555
4947 1840
1952 3803
4649 2334
4500 3022
1110 1516
2577 129
2409 3705
3424 599
2407 969
511 1703
3995 1146
4888 565
3833 3734
1218 1114
3192 3133
2574 3551
3100 4045
4131 1166
3948 2613
2264 460
917 261
1235 2750
395 4862
2366 1111
3528 580
510 2825
4534 4825
946 3458
3454 1405
600 4400
3396 1177
3163 668
1124 779
4114 206
181 1591
443 1943
921 1881
3962 2794
1917 88
219 4843
2711 3742
430 327
1600 1040
3426 1530
2866 3779
1299 574
3605 2627
3605 2430
4885 4484
554 1969
4839 2103
2484 1688
4196 3291
2243 4101
709 1175
4033 2668
4661 3168
3989 237
1554 3669
2543 4392
215 3165
3742 1819
1578 4158
2717 2721
1287 1478
2256 4261
1864 3486
1185 3032
1660 1164
3555 2755
581 951
3268 3801
41 1390
3382 2309
2522 1446
1268 225
4294 4335
4955 3613
1286 1319
815 1278
2594 2075
1783 1605
1073 185
3585 4896
2278 4357
1666 3204
4886 2479
3288 3758
4549 3786
1107 85
257 3594
2184 2735
4620 1480
117 2163
4079 2912
2257 1210
525 2486
542 4693
1359 604
875 3332
4962 1757
2933 3413
4605 4021
998 2209
187 1606
4612 4600
3025 1046
2949 4473
4684 4420
4051 2442
1667 1291
2727 197
2027 948
859 547
3821 3199
3276 4775
1138 4603
1669 3885
4150 3370
655 115
1563 3954
2857 205
4847 335
295 1107
1618 2403
863 4555
3987 2877
994 4742
1601 3982
4686 4090
2364 1120
4559 3004
4010 2096
978 2757
1052 3974
4645 333
971 4019
1651 415
4966 2105
4557 423
1276 2316
1372 276
118 4181
2243 4933
1883 4840
2750 2778
1454 4631
2618 1060
4058 1845
88 309
3919 3892
2118 432
2494 2882
1606 3178
2920 1020
1501 1693
448 1933
1931 1584
352 3621
4375 4773
2695 1198
1719 2631
2332 3680
2181 562
2473 2225
2966 2454
2322 1395
1409 1088
2286 107
3887 4779
4482 2262
3183 2828
4146 1411
923 3226
4921 3714
4442 3820
1939 4709
405 3086
1833 743
1836 1621
2843 3025
1620 3761
1665 3513
3176 3805
3932 930
954 4216
1815 4738
4323 1660
2117 4578
3634 4771
4489 4040
4201 4975
2862 748
390 744
995 3385
1908 1462
3403 4355
1354 3412
2684 2378
3132 3347
3505 4266
2805 1426
3460 4686
3014 4108
4160 3787
3738 660
3574 761
1843 4168
3441 3928
4061 3119
3193 3703
4993 707
1918 493
2373 4896
1292 2374
905 791
2480 2970
524 122
253 3900
257 4846
156 1272
4781 4155
3617 4889
3455 1305
3169 3251
4510 1909
2212 3973
2400 3035
3562 4002
713 3176
3516 4428
2765 4898
3806 4968
4486 1630
4064 2730
3832 4356
1077 4166
2642 1011
4983 1161
3242 4303
2652 2338
77 1019
2644 1934
4250 2583
4167 1221
4565 3145
1493 2372
1643 1732
4840 4653
886 4655
3660 1062
3310 713
4829 3628
4239 1123
4645 4263
3225 259
2589 1891
4252 2146
4743 3528
844 2301
3735 4789
4592 846
1383 4807
435 1519
3756 4777
3872 2237
33 1705
3464 2195
3749 3629
3417 3828
2975 1015
3674 132
4124 2980
2842 1985
2284 4323
1952 926
269 4384
3164 1748
3245 1053
17 1802
975 4718
2527 353
2362 4676
954 1325
821 3470
4674 1427
3323 3792
1725 3577
3120 1683
1124 2895
694 1581
1699 4614
4742 4472
2999 2455
338 204
2383 3761
62 2294
331 2058
4431 3932
1837 1007
3519 3240
1505 4731
4041 3498
3017 4206
674 3782
2968 4483
2052 1695
2243 1477
3628 1075
2078 3233
1680 2638
565 1865
3844 492
3431 2915
4321 813
2639 2239
2232 3808
1553 4842
449 4703
922 16
1897 4208
3835 1393
3691 4706
3522 2067
1651 3322
639 388
3277 2659
3448 4512
2853 2736
4059 3795
2223 2622
2667 2912
3245 4097
1478 4745
4075 4221
2846 3146
1065 2884
4115 786
907 1548
1546 885
2945 4895
2912 841
21 3572
1936 554
1113 1950
17 4850
764 4654
3915 2079
1928 2972
3261 1730
2933 404
611 1577
4775 1489
1697 2865
2174 857
4757 4400
246 1071
1116 2430
2034 4094
3154 3136
2415 4586
2744 4764
1561 2805
3354 3606
1846 370
944 354
2750 2473
3938 844
1356 2277
17 2836
4869 3126
2126 4367
2124 4521
3947 2008
3405 3775
2954 4367
2679 3567
3092 4315
3438 1219
3021 1775
3112 665
3110 1654
779 4301
344 2159
3216 2975
1651 4839
578 3767
4231 3107
2794 4359
4435 3011
65 3035
4505 3129
1900 1654
1561 4020
4769 3570
3065 3132
3461 2554
1196 1162
1004 562
565 962
3106 2099
2943 3470
3673 2836
3910 4138
3973 208
4104 4889
2266 1720
370 3865
4983 4921
2683 4631
3700 4444
2851 1470
2685 1176
3839 2708
1082 45
2517 2966
2736 643
2317 3147
2140 2800
74 2802
2219 4757
4525 2451
584 3845
1896 1827
4093 2788
2855 4453
4852 777
278 4738
2633 4202
2285 348
268 3386
4035 1000
4930 1878
4983 3493
525 1729
224 3440
1612 4672
4287 2051
2726 1350
901 2934
1062 3234
2078 1744
3100 147
3594 744
1624 1428
1443 2374
2614 4810
2938 4630
99 554
3749 3735
796 435
3837 3036
4539 4254
2414 3753
1111 3830
1815 871
1758 1648
107 3076
1894 3190
4989 1631
3948 4981
4484 964
3610 4505
545 3298
509 2296
4910 1889
3208 358
2447 479
3065 406
2600 1947
2235 4440
1808 3656
2824 724
935 1095
3121 4194
3332 3361
4535 827
817 2628
3888 1502
2119 1170
173 4480
4446 2943
3071 1448
3418 573
3253 1907
728 331
1357 3370
1359 1781
499 1329
3775 952
3213 3
3630 2728
4782 4067
1201 4226
3850 3777
4024 3591
3517 1233
3538 3764
2689 4026
1016 1114
4496 3831
393 751
3366 3592
4291 4746
4395 436
27 3187
1926 1208
3188 3282
3739 278
1777 1664
644 807
1155 2477
4736 2368
2390 2712
3761 4342
2345 1666
1615 335
588 1118
2091 240
3003 4370
4381 3456
4824 3318
4785 1457
968 3250
3537 2712
2440 35
319 1965
1917 1432
3571 2176
441 14
4600 1413
2632 2936
4487 326
3427 1716
474 3434
3508 796
2202 4575
3434 1181
2894 526
2522 3889
4820 3316
617 1429
1783 2673
516 194
4234 4802
109 2095
2271 1102
857 2667
640 3139
2555 2570
1399 1454
3128 3525
2380 4041
1055 179
3578 2563
492 3102
1431 2052
3709 3083
4435 3717
635 3800
2526 2669
4102 4556
999 1557
4312 148
2524 3828
2055 2473
4219 1388
3258 691
2848 2562
4138 1491
4817 262
3068 1074
1547 4925
159 1622
3180 2193
888 561
654 2401
1883 2592
1064 97
3530 4627
690 2210
3527 720
743 4333
4461 62
4753 3634
257 23
1788 1447
1763 2409
3285 2231
4218 2108
3386 2845
4882 492
4395 1119
1443 1026
3498 1705
849 549
4101 3852
4512 3816
3528 1711
3690 4371
2803 1623
2791 1720
546 4039
3445 3877
2855 867
3088 1131
4260 1205
2185 3717
1469 3772
2928 1826
2246 3309
1144 4683
3698 2313
3590 2321
3411 986
3097 1723
3799 1376
3067 2013
1718 1235
1576 3572
1713 4216
1087 4142
11 2998
1618 1828
2439 2358
843 529
2713 2590
3237 641
1766 821
355 700
2288 4805
3542 1175
2859 2695
270 3029
4575 4955
3511 3679
4621 171
245 3238
1538 3703
1211 1005
1929 3466
2410 351
582 917
121 2443
3168 129
3341 504
1762 4182
4912 265
1805 1558
289 87
2071 4885
1411 3675
678 285
2067 671
2638 4526
2968 319
2084 918
2616 3890
726 4114
3095 1647
4256 478
2386 1670
1161 3813
3339 4313
1355 4600
2152 1397
3941 4813
4989 1074
2385 1006
186 4138
3449 1823
846 4398
1309 682
4327 2144
946 3963
4580 505
2308 4207
4057 1942
652 3011
2416 162
3127 1308
2356 1991
2472 3555
927 1864
2310 2928
2479 2590
1286 386
1037 379
2103 3422
921 591
2733 4258
1077 46
2445 520
245 1036
1791 237
4326 224
2098 4820
532 4395
62 2935
1813 2661
395 2312
176 55
2028 2873
4290 3981
2913 1499
2827 2791
757 2792
2483 2552
416 870
754 635
1223 1994
3686 3729
1215 2332
3327 4497
3333 2306
1169 4470
3389 1869
1112 2715
2550 2351
595 3231
1787 3772
1543 4595
3147 3186
3283 792
1736 1145
4652 661
1566 200
2553 2065
2224 979
4623 1858
4436 3146
3895 2949
4139 3745
1655 4349
3171 1396
1747 2977
1884 4642
1643 1468
1770 3489
2710 3046
1053 91
4094 4572
2609 530
2714 4549
1231 3292
2251 1658
1799 64
4088 3251
2847 248
2556 2772
1613 2242
1756 2569
4035 302
2494 2061
1111 4731
1723 171
4479 3124
1676 2931
207 1933
928 1833
169 1829
1161 509
1838 3796
8 3238
2921 196
3432 2386
478 662
144 4217
4320 3647
897 411
4852 4277
2977 4579
2934 155
4335 3773
4314 4549
1187 3921
741 2469
452 2097
4548 1131
4879 3543
1893 3122
145 1918
439 4752
808 2046
2437 2421
4146 2775
2959 2504
3647 2953
4682 2488
3479 791
1010 2767
1077 243
4737 2187
4505 2296
4523 4440
3221 214
3221 4312
3630 778
2176 575
4649 4629
4969 2058
2162 3920
2916 76
509 4623
1036 906
4329 2451
3350 4485
3942 4750
3567 230
1230 4220
3501 2059
138 2854
4002 409
488 928
549 2144
1622 2731
30 2478
1391 129
1055 3474
922 655
1249 3294
3510 1172
4238 4140
3197 58
3407 4866
1455 3028
2430 3061
1657 1180
4259 755
2076 4749
3352 2663
3879 1719
3517 2959
4135 1665
2515 1195
4375 736
2391 2314
545 3564
2726 4463
2379 826
2293 3629
349 1749
1033 1706
2669 4835
3947 2393
2678 39
4595 2501
2249 3537
2230 3641
339 928
575 1373
3699 1778
4403 3165
1207 889
1441 391
1453 1533
3786 1090
815 4810
712 3316
2704 3910
2117 741
1792 355
4603 1034
276 2253
3350 1747
4605 3549
4038 629
2927 4511
2924 4437
3473 4243
374 2431
3473 4319
180 4684
1494 881
4126 2421
921 4961
4442 4051
1723 2717
2993 807
380 2218
4705 365
3373 285
3069 1417
4410 567
646 2760
3934 4255
2405 4255
3709 3560
3122 677
2797 575
3259 544
1815 770
3448 2404
4133 675
2908 805
4789 3482
847 4771
3907 2823
2650 4935
4665 921
4773 3283
4356 2982
4019 760
3905 2736
3599 2987
3957 3787
2215 450
3050 4185
3028 387
2021 4176
2374 3662
3008 2967
1580 120
4828 4395
2746 3149
2901 4441
1999 3208
2917 1683
1325 4301
2616 2539
2745 665
742 3995
979 170
4785 4053
4677 2036
2005 424
3725 4223
980 1789
1787 3385
3031 2879
2291 862
636 1731
2336 972
4287 2634
202 612
256 4723
3063 3160
4993 2061
4934 1040
3594 2287
4713 2165
226 2940
4182 1075
2362 79
591 379
2003 3494
541 4086
2182 101
1126 1287
3511 2791
3803 3160
4782 865
1775 3776
148 821
3064 789
70 2381
3336 1417
1438 476
4171 3965
3045 51
1283 3006
4850 610
4138 570
1191 2677
2355 4064
2617 3879
106 4048
3889 3684
3574 1353
3620 3581
4044 3225
37 3260
32 4201
3796 266
4976 4630
1669 1123
4105 4021
1876 196
4572 4444
869 1541
645 3226
872 1984
610 439
1837 2989
3265 1562
2603 2071
3198 2744
794 1927
2332 668
516 825
64 388
1941 2513
156 2482
1118 2723
956 4250
3805 903
3767 26
2851 2442
4941 4010
2969 4361
4268 1436
2456 3843
660 977
3068 1876
4653 778
3552 62
3192 1413
181 332
684 1439
1892 3462
3640 1006
1304 3463
2407 2716
2291 4875
2212 2427
1748 4738
4021 3044
2900 4921
4086 4990
3698 681
1897 3319
518 2409
2186 4835
4975 171
3803 144
4788 1249
3086 1619
539 1668
2324 2143
2362 4837
803 449
1663 2822
226 4736
45 4717
1297 4854
4451 1948
4854 827
2368 3924
199 2624
2613 3526
1777 4008
909 2596
3145 2729
2406 4304
3766 3653
4605 4103
3642 355
3267 2830
191 3156
4087 2437
819 1749
976 111
4265 1905
2970 2356
3155 1337
3169 4292
41 4726
4184 2574
724 616
4931 3420
867 4404
2815 4845
4829 4074
3598 1499
3279 3121
98 3623
3433 632
945 1358
522 846
2454 897
4953 495
232 3560
4588 577
884 3876
963 4000
4200 709
3066 95
3207 1427
4387 3004
4126 858
3235 3108
446 4930
3571 4217
3856 4567
2975 230
1631 555
3043 1467
4641 1528
1796 3676
3983 687
3785 2602
4663 1650
1283 1584
3020 1429
4865 4131
358 3278
1148 1241
1750 807
3177 3742
4103 380
3879 608
4021 3358
3215 4187
387 1868
2791 2288
443 2369
4769 1790
3821 3059
4649 2855
4881 5
2068 4572
4900 3773
3359 116
2004 3882
2310 4567
977 1849
1787 2969
3644 1769
3712 3601
4487 4603
658 3380
3989 161
2353 2613
4314 4165
3957 2164
3853 3558
901 3624
1901 941
2542 3010
4974 4546
3201 3188
770 410
1179 4109
1856 4755
1587 1251
1747 1870
493 1263
2076 4995
1320 1447
643 3298
2140 3904
2896 4821
3897 291
3221 56
4600 4745
1389 522
3528 4093
4666 3228
1636 1737
3543 806
1161 2214
3027 2552
736 4297
2547 4424
802 2902
420 4639
70 1706
3408 1716
4854 1359
517 938
482 4279
4718 4580
3692 4485
1755 2746
2162 3746
3151 3348
3916 3014
4957 3030
2428 283
1466 718
31 91
1149 4364
1959 1202
719 3380
1748 828
4550 802
3041 2003
519 3582
2631 6
4470 3996
4284 4783
1408 2701
1643 4215
3649 352
4700 3310
4195 2865
4032 919
2008 1507
653 347
4296 4421
532 895
3956 4741
1945 4886
2236 3233
3333 388
1343 4878
4810 4308
2176 3930
990 83
1611 3027
2378 3938
93 1091
1578 4052
3980 4168
2580 1382
2938 656
3274 3210
3272 4678
4301 1206
1586 3711
4396 3457
2869 2178
2904 2991
368 2539
2180 2927
2196 1979
4160 4987
2557 1522
558 2687
650 4800
3770 2378
3010 886
4933 3125
3079 273
3861 2927
3687 2815
2604 3812
1708 777
4636 4964
902 4060
2723 2811
1806 1425
833 4980
4028 4867
4801 4340
384 1720
756 807
4181 811
3313 3699
158 763
745 2950
1386 4179
4381 1433
4610 4230
1611 2533
1530 3394
3566 4980
573 470
2841 1900
4509 4873
3924 3103
19 4340
3931 3073
2283 2751
4871 897
3076 2146
1320 1946
4244 1425
3765 4083
4556 3108
4718 2906
1627 4131
2102 3834
2470 710
3913 4879
2650 2521
2209 2001
4239 3560
451 4557
3058 906
2089 1923
2070 3075
3324 2875
3135 2121
2325 4473
4702 3937
4296 2433
4818 3429
3875 837
1360 2834
1528 1210
4516 4992
1442 4625
3579 2438
1702 2584
1089 3885
148 4123
694 2237
81 206
1866 4941
1039 1900
820 4722
3043 2750
4209 239
686 1050
1884 4995
116 3792
1573 3251
1151 3782
4196 3982
4212 2144
356 2429
1353 1617
1554 3143
3036 3470
788 2938
863 612
2164 3880
821 4109
1279 574
4923 4883
3286 3251
4214 3894
1817 2956
3712 858
769 2652
1963 2222
512 2730
42 967
1279 3934
1395 2896
2536 194
1158 213
1886 3808
1829 657
221 1737
2352 2093
3535 3914
4825 4650
3056 3728
3349 953
4299 3091
3809 975
2139 1952
2072 624
2673 3911
4976 1231
4273 4596
4558 4762
3481 3210
1466 783
1025 4054
3159 4235
1560 4699
927 3276
320 3913
4597 4768
895 1909
3617 1168
1584 67
4329 4654
3365 1332
2640 1752
2296 4863
2831 99
912 706
628 1054
3676 1217
613 4710
1027 1324
1584 8
420 4482
2008 1677
260 2680
2961 1300
3161 894
3513 888
2080 3821
1899 1179
403 310
1502 2214
3474 2639
2372 886
4526 3076
3693 1799
3556 3176
4742 3006
2916 650
185 1873
2360 150
4647 1070
4321 4046
1205 4081
221 1421
785 1255
174 4712
532 3058
32 3401
1811 4663
1630 2805
3593 4108
4073 1395
3639 2174
4590 616
1507 635
718 2552
4149 3031
3351 4177
2696 4464
668 1731
4181 349
2901 4078
2749 2964
56 2627
2524 559
3387 4891
3453 3710
1696 4641
2262 4165
2511 417
2613 4893
2987 843
3669 4109
4180 276
2888 53
3430 4216
4245 3025
3250 3379
2660 4067
4509 1927
1908 4060
2629 2314
3966 4059
1769 4994
595 3593
1027 632
867 665
3953 1477
372 4195
4621 3925
1904 4129
2219 2396
1124 3504
1336 3485
742 4031
950 941
1902 4762
96 2540
4002 3739
248 9
2689 2945
2917 3872
3829 1709
3393 2946
2389 1197
3473 2952
198 3593
4808 4389
3185 4536
3954 32
3073 2244
4759 1008
749 3859
3043 936
1062 4363
1973 1948
4446 2031
3215 1622
4887 4247
197 4941
2198 3655
4448 3689
4679 3959
526 1752
4551 3317
4890 2409
1212 4460
4994 2472
3609 4979
4758 1194
1001 2372
1963 4811
253 3934
2915 1735
485 1400
4488 3819
4951 2250
4277 1800
2995 674
566 3964
778 2217
1046 1589
4919 2081
765 2131
4180 1005
1644 3991
3971 3444
3592 2145
281 279
4093 4608
3674 2027
270 3168
2751 4776
1103 2782
110 3624
1590 2659
2271 4099
4761 640
1158 2217
3962 2260
3999 2704
2353 3918
1471 3877
2175 3609
4816 381
3527 1001
25 4151
3452 3011
800 985
228 2249
1933 3507
1877 3352
854 1340
804 2052
2338 1275
2376 2246
4980 3888
3108 1342
3937 1453
529 159
812 3404
1017 3647
3211 4405
2777 1579
949 1364
3748 4673
939 3658
3874 1943
4418 4636
3740 260
2338 41
699 3960
2317 600
3999 3692
3682 1037
535 3101
361 4612
4819 4169
4565 3496
2341 3121
2368 1067
3180 3899
4416 2808
3510 315
3406 2486
2532 2246
2832 4694
3381 2499
2545 2454
164 139
2795 4532
4028 4683
1381 3431
645 2773
714 91
3749 4033
2992 4526
2496 1619
4485 1603
3682 2277
3915 3811
820 705
3324 4079
242 2923
2514 1678
1754 1727
971 4836
1474 2539
4020 2007
2703 3814
2066 1719
958 1468
1575 1623
2300 1000
316 3838
237 873
3506 1456
1519 139
41 169
4552 464
2176 2827
2576 4131
3245 3731
3768 760
392 1695
1565 2886
2124 1458
23 1725
422 2352
3332 3918
1007 1886
3185 4336
4081 1102
212 535
3770 4978
3762 698
681 1841
3899 829
4237 2885
2418 4791
441 475
1812 3002
4432 1415
3930 4379
2707 2485
2302 4793
1792 517
2539 158
2101 3478
405 2633
4534 288
4684 1900
3390 1600
1778 1393
589 3011
4847 2637
4183 2924
4062 1223
3580 252
521 4231
1104 838
677 3111
2721 107
830 4297
3403 4785
3307 3190
2543 3648
1189 2046
1331 3128
197 1014
3861 3802
2260 702
975 970
316 172
671 1724
2887 1472
3368 257
2267 883
3481 1196
331 3961
3803 4517
817 85
43 3481
4932 1721
2685 4432
1416 811
3751 1665
3019 1192
3319 4900
1660 4160
4116 3737
3721 673
2864 2046
1194 4133
1366 4711
4653 2435
3363 4275
4975 2087
4191 3929
1794 130
4040 374
3215 2373
2440 2880
3075 4420
894 1759
1460 1519
2358 4204
2580 961
1292 2535
4088 1348
3346 3641
3444 2384
3361 889
161 785
2508 1968
4295 4592
1995 3788
261 3423
2019 1898
42 4142
3881 472
1586 788
1957 3646
1507 1647
2938 1537
2962 1847
3145 2560
3233 900
3915 1662
2472 3836
227 2738
4144 4581
2832 1131
2990 3147
199 356
1274 4626
2595 2847
4978 3644
959 1372
4851 4670
4192 3343
222 3286
4344 1262
2366 1486
486 4906
360 1639
2935 248
1473 2142
2545 4300
468 4015
3199 1984
3064 2655
960 4356
292 3717
1245 3355
4745 1188
2193 988
4684 4302
117 4865
4819 3278
4373 2040
3847 887
2568 2613
3230 796
2622 2747
3242 976
2397 4024
2981 3082
1003 3453
3202 2697
1941 1681
813 2752
33 3217
4056 1164
2533 87
233 3209
2702 1911
765 1527
2588 1641
757 541
431 2269
2614 2831
1176 3521
3810 3012
3406 4030
8 467
3870 4560
3244 1289
1485 794
4760 126
2447 3940
1985 4355
4101 1171
3911 4581
867 3696
2385 2147
2295 2852
940 351
4542 3455
367 4067
3178 3434
4250 3500
2416 2700
2974 4185
4873 3097
595 3108
4938 3477
3802 3825
3009 1000
2038 2391
2873 427
1574 943
1064 1055
3148 4347
1989 4742
401 3901
1740 2683
4203 928
2009 4281
95 2397
680 931
3620 1893
1081 776
4608 4772
3953 4603
2720 2448
248 2206
2908 4055
1764 1230
1884 3787
3821 4342
2607 3102
3487 3594
4756 2053
2265 1821
3251 4227
3189 1587
3409 3477
4006 1181
147 1924
2810 3342
1971 2924
970 2503
2963 4105
507 3478
4968 853
2052 984
3846 4736
3430 662
1928 2319
2717 1865
3341 2816
4688 2139
1351 3284
647 2322
775 909
1454 474
4656 2608
2675 4889
2461 2560
4930 2068
1332 4564
900 4103
514 3057
285 4649
2765 2986
792 419
2123 4343
3798 2771
4680 1169
539 4494
3845 1649
2530 4618
4483 4504
4126 712
3402 3875
757 4490
2325 1523
3059 4244
338 2501
1798 4026
2065 2695
4922 3242
4008 2838
1508 2661
4748 4697
473 1099
2867 2198
3753 1092
2907 3606
4046 1796
4381 4451
3619 1994
941 4565
2310 3358
4158 2087
69 2264
2559 2476
1494 1143
744 1478
3040 1659
2607 4036
1516 2035
4056 1847
1986 2489
4168 4296
2869 1606
4936 4779
1040 1188
2180 2059
2350 1200
1606 4851
506 3088
1271 3090
2540 653
2783 91
1151 2483
4106 1124
4260 4006
387 4591
4405 3478
1283 3109
3861 4278
2747 4630
2528 3425
4803 1777
3802 1440
4817 2136
3963 4985
367 4198
2908 3920
3415 1241
4857 3824
4276 3632
1150 3671
139 4282
1915 4870
2647 1977
3533 3882
3608 4589
3695 3985
4938 3282
1496 1233
180 851
4005 4128
3379 2929
2163 4673
4144 2000
531 2756
2766 3194
3532 66
179 1112
2438 219
2757 315
4424 2323
3292 2417
1785 1441
4680 1280
4427 2656
1872 207
3324 2717
794 694
997 4156
3098 563
2146 679
1252 3556
752 994
2705 2117
966 1157
1726 2411
4072 3449
3247 1069
2360 2933
1407 2321
4490 4351
2782 4339
520 4084
923 2255
260 2715
2482 1505
4605 2852
2804 4241
4789 3143
325 2715
2808 2715
3721 0
2540 2347
3184 1010
939 3165
4687 3186
3434 337
4929 2363
2239 4587
2116 2893
1578 1789
321 4638
3056 4228
3353 4517
897 3200
4466 3058
3711 4350
3129 4
3062 4210
444 2053
1469 4042
3233 2045
1217 2644
4232 2758
3001 4284
4042 4815
706 3675
4657 3233
1480 603
4490 4009
4588 2104
3890 4762
122 2411
4790 2788
4051 2160
3562 2541
1845 4242
2740 754
35 469
4501 1943
1246 1796
3727 397
1095 4134
4028 328
3370 1342
3390 1530
668 4281
144 3547
4966 1214
4565 855
3132 2669
2167 2823
3760 4330
4319 21
500 2448
150 820
3687 2051
3559 1804
1144 2823
4197 2722
1918 137
3169 4067
2252 4126
3311 2107
3767 546
1299 4010
3455 261
4452 4680
4145 2877
2943 1476
4754 3274
2530 722
69 4632
2377 1894
3759 1015
3764 2816
3432 2912
3997 2487
2577 1248
996 4538
3999 12
1273 2706
1640 2835
3988 3139
4396 747
1119 2609
3432 1385
2932 3275
4712 859
3125 3067
789 2120
6 1477
2757 351
4835 3923
1192 4832
3984 4998
3825 2990
1287 3517
3797 4228
1242 4390
4621 4155
1731 1269
2292 1998
2178 4580
4403 3613
482 4654
633 3533
1201 4657
2224 48
1699 3495
1230 4918
3848 2944
3102 4130
4714 1701
3587 559
1031 4683
2918 2637
3463 922
2224 2852
4406 136
563 2488
504 534
3821 4444
1093 1278
2705 4001
3335 3634
3318 2822
527 3633
682 1764
2858 3144
3874 3365
2053 549
1802 4268
1454 3530
36 854
340 4917
3446 1921
330 486
2036 2510
779 2433
491 785
1811 718
2623 948
1764 557
1120 3259
1381 3160
4047 4856
2726 4597
4490 3040
3356 4232
1805 2346
1835 2425
1315 1216
24 124
515 3645
4495 4341
3203 835
2624 2439
1325 2623
4991 2361
3936 156
1227 4412
3811 3897
2360 1290
3704 1244
1714 4570
4594 776
1677 2733
1515 819
317 4339
3757 4732
4311 4615
1371 1794
1252 4586
456 4101
1646 1494
3580 1936
1258 1936
1048 2695
2007 1468
2253 2538
1084 2760
4960 2521
4330 4355
3417 680
622 32
3007 4682
3578 913
2230 3568
4964 4696
519 4517
4408 4747
4237 1894
1968 2631
1071 197
3333 3172
531 2236
803 834
23 1268
1297 2282
1395 2740
2583 3928
1689 1732
1271 1937
1096 2576
4521 2413
2673 3790
1668 562
3041 3075
2520 3078
2767 230
1599 465
2506 1635
3742 3245
2796 3875
1117 3338
621 629
4820 4862
3245 2920
3959 2317
1676 1375
2641 4241
4185 325
1870 3988
2383 4676
4552 2556
391 3911
2516 1964
4933 1822
3087 3598
1920 747
1144 2924
3661 1611
534 4401
2250 4160
2477 1559
1008 1168
2164 4779
2610 4909
431 3509
2219 1099
2836 786
3830 854
1932 109
1046 3934
4373 3885
1997 1643
930 3236
1178 4643
628 3924
4459 4614
2903 2016
3400 647
4181 2149
681 1604
2046 2961
1502 3811
4988 2663
1198 4508
818 2720
2335 147
3464 368
2462 1867
4885 1274
1821 409
4273 3468
4912 1703
819 4393
4394 993
3488 3087
3813 416
3396 972
4806 3522
1455 1944
2833 2335
1166 548
2936 2589
2608 9
2198 1015
1646 2734
4304 623
4219 1753
535 2280
709 4650
1966 2081
2586 2047
967 2096
1433 2592
4807 4849
3459 1714
2807 2258
2117 402
4474 3590
4507 4633
3435 4906
2364 1700
4967 4045
987 2909
2164 801
1543 4868
4457 3544
273 3005
4159 1476
1607 2306
3694 1288
2640 3209
19 1838
4383 297
4679 4710
4894 1270
452 2742
4356 2074
897 1100
237 2358
1562 2116
3211 1629
4324 1610
538 3125
4143 181
4022 1930
3902 1896
1744 3344
4939 2302
4005 758
3454 4276
1998 1025
368 2804
2572 2178
1752 1631
421 1246
646 1090
4555 1524
4379 3874
4353 305
1052 4773
958 2485
2407 2619
367 4417
3887 4777
4953 3539
1033 383
1196 3299
4080 2128
450 3131
3538 1579
928 3807
1247 2931
4889 3366
1068 1204
3625 1377
2673 2545
3759 4610
2905 1815
2902 1538
3376 3707
2658 4125
4474 3796
329 2412
797 3672
4785 4284
4535 4790
3025 4950
4565 2652
986 3422
1016 550
4336 303
696 1310
2713 4770
982 4660
375 604
4938 4480
2214 4651
1438 2940
4198 3664
325 4353
159 2115
188 1988
2026 1706
744 659
4053 362
4409 1199
1923 1569
1464 2022
1101 1884
4109 4671
522 4596
3828 2365
2796 4638
1762 426
226 3029
2477 3480
4055 2093
4124 729
4472 4575
4470 1948
3002 1130
2705 1230
3805 1177
1153 3024
3657 3973
4324 130
3549 3078
861 237
1661 2307
4155 4569
828 1204
3526 4210
1029 3858
1213 2903
1233 2754
4607 2457
1042 3840
2975 2656
2232 1859
3135 3479
3794 1269
1784 3530
4576 1712
4228 602
1233 2659
4079 2650
435 4852
3203 3223
4019 1580
1291 1067
4764 4634
3348 4168
3011 3842
4858 4769
4493 4719
4948 2166
4340 3490
2765 4567
4809 1929
1597 1612
2659 1021
51 103
543 4593
1273 3965
3836 885
2977 3446
2204 1960
3412 2803
351 460
2942 4621
3440 2225
3550 88
3107 2504
3853 3376
1571 2142
2874 418
301 3768
2854 1654
480 3523
501 3681
2902 311
867 3538
4587 368
1686 3869
1234 4149
2128 307
913 2908
2487 2151
2109 2636
3752 3735
776 3070
4199 3691
358 1893
1223 3366
2280 1831
2155 3425
4398 4938
4479 3465
1818 1626
1739 1898
1422 2962
4390 4683
2824 3128
4720 4197
3 2716
4936 174
2466 608
3464 4471
1960 2746
3678 4532
2274 4393
2512 3245
536 4920
1356 4863
4468 2897
2280 211
3296 647
412 4195
3764 2305
3041 3173
3798 1213
2990 2710
3382 1995
101 78
4208 254
2142 4981
2000 879
2030 172
4985 4267
563 4357
4380 1375
2467 941
3956 366
964 3315
844 2827
532 1651
1460 4742
146 240
3166 4830
4474 2233
4110 64
3963 3300
4928 2436
2499 3330
1916 3997
146 4287
3992 4823
303 1208
3105 2128
2934 283
2581 2771
3939 1153
848 100
4955 3139
585 3225
1696 3700
4917 409
3108 1129
1985 2594
3930 549
3913 587
2715 669
384 1419
394 2318
500 4900
4617 4292
3689 416
3691 3680
1300 635
2781 4911
3 2615
638 480
851 1364
981 3123
448 3920
3749 4139
352 1310
1626 3634
1139 2929
1807 3419
2669 3246
439 4522
2849 3367
3218 3486
1502 415
2794 1196
1409 2663
4070 568
3094 3721
751 76
4163 2564
4882 3313
141 4936
4370 562
3018 3278
2997 4988
1197 4888
4845 2583
2465 4261
1936 3151
860 1623
4099 4335
2249 2954
1639 2363
3983 4060
3306 4938
1802 3280
1975 169
336 2240
4905 87
2318 2771
2777 1760
4734 304
319 2702
2968 3246
4770 2046
2261 2779
2315 3171
2708 4647
2750 2284
92 2159
1876 2379
2627 4609
4664 1757
459 2403
4385 246
438 1726
4629 4211
2626 2173
1355 3979
1038 2302
1336 4990
226 3389
1840 1590
4015 3168
3152 999
4146 556
263 1892
753 874
2618 2879
1808 2709
1910 4089
4763 4087
1223 3940
1647 3221
1062 319
1200 4637
3519 1057
4238 1775
537 3891
3811 1638
3528 1592
4745 3230
3073 1174
2105 4403
1609 3550
281 2768
1471 4539
610 3402
722 4279
1101 1181
1999 1294
3323 1232
4106 981
4423 879
2019 4601
3559 2175
2027 4523
4343 4887
4533 1315
4111 4511
2400 2461
3024 4797
666 3812
297 893
1937 1376
4886 2051
516 1323
979 2411
819 4589
996 3153
2995 3771
2879 3122
2153 1826
1365 3838
2565 3658
2657 2592
1025 1700
1711 3684
4078 1955
2408 2537
1942 4112
344 4324
3199 3697
1730 119
1206 3587
2327 460
4805 1446
1830 3567
1045 3374
1379 4769
1479 4438
4306 471
3352 2735
1659 1116
1403 477
1221 515
1696 434
2734 3554
3521 2685
1187 1551
4049 3465
543 2959
965 1944
1002 4901
1673 455
4359 3798
2806 1982
2653 3407
2707 4766
2018 3699
3012 1427
1298 1739
2277 1394
594 3663
737 2935
1401 3158
2046 2879
3253 821
3469 1457
1578 4216
3865 4157
4826 1775
3539 54
148 2763
3560 1776
3344 9
553 4679
1494 3527
4765 1383
3363 3509
1692 1160
2404 4882
1262 3859
4764 3140
2310 4311
4428 3630
3956 857
3351 3585
3557 1018
1073 3653
2917 4343
4951 643
389 4502
4472 4602
4554 1194
2164 3002
672 2579
4799 3123
1936 3752
4940 643
3369 567
2157 1876
4253 3979
3872 2765
1049 2663
2529 3531
688 1648
2628 2172
529 4026
4752 4885
2076 184
4726 1597
4340 137
1397 431
2306 1442
2521 2180
3450 1466
4968 2488
3489 3161
4224 2611
3549 847
3442 1829
3405 2937
3832 717
1594 1377
1840 4802
4109 3919
2845 4427
2545 4798
2810 4431
509 3571
1197 280
1327 3293
914 2494
802 4046
3003 3394
4220 1288
4691 4600
4163 1488
104 3278
2801 2416
4643 1230
1022 4326
1986 925
4587 3781
4631 3225
2704 2337
3745 237
315 705
4706 1257
306 1791
2374 4198
1499 4627
3282 229
1287 1908
2451 2436
3634 1008
3090 2349
2187 2459
1531 1396
4881 4685
3823 3611
3618 1724
1034 899
2953 2744
1436 3071
2233 661
2038 3331
3301 1818
3142 4084
3622 4551
2169 868
3705 685
3907 3312
4703 4750
1439 1804
434 3083
3134 2414
4491 4335
2706 2244
4371 3309
2084 4745
1300 1530
477 4039
2161 2702
1406 1801
4572 875
4381 2495
4640 2755
4611 1009
2202 4451
2066 1900
1540 1650
3782 2689
225 3062
3690 4303
4595 1600
3420 3956
2080 2773
882 3118
3827 1489
3838 2875
794 4602
461 93
469 432
4223 2892
3119 4479
4738 3375
4286 3469
1205 4145
1552 4613
4877 3035
703 4708
2093 2290
2967 4130
4159 1756
2267 4319
4136 562
4967 2427
1346 2000
4042 3663
3467 2250
1143 2325
4067 1918
1062 3621
1267 2750
299 2565
4686 1827
3356 2324
1182 1556
1260 2339
4412 2534
1159 4748
106 3955
4025 3775
2380 314
1329 2172
2534 3697
1392 4225
3461 3168
2794 3054
3156 4657
179 4662
4213 4391
168 788
147 1114
378 143
3585 651
4350 1201
684 1217
347 1762
3227 2145
3236 2639
13 587
3203 3899
2620 4949
3271 3386
1104 2825
2550 1942
4421 948
1163 963
1525 4774
3932 2826
1471 1604
4826 672
805 225
2998 4704
621 997
1641 504
2344 3514
4832 953
3728 300
1062 1530
3244 882
4109 1601
929 351
4389 1448
914 2558
1950 4873
1596 4547
1829 1411
4423 2226
3779 3279
2272 1999
374 3681
4828 3087
2569 1878
3291 2585
336 1567
1374 3923
91 4060
4130 561
563 4450
2080 3839
1785 1387
959 243
4259 173
4485 4615
2255 3881
3614 553
1257 2707
2003 3703
1985 2751
361 4884
3426 253
310 1999
3975 4708
2263 852
3274 2220
1644 3564
3830 837
1069 4368
2731 3241
4098 2476
1784 771
4092 4586
1538 1149
3609 970
3137 4125
2306 3868
3011 2859
3241 1610
1958 2642
4442 2666
1233 3404
2461 1087
4966 4863
2720 2348
578 1823
3326 4033
804 1815
2061 531
1576 743
3766 4978
2952 225
3859 4886
1058 2587
4733 2820
2885 2736
1527 2719
766 2752
3561 1837
669 2002
4595 4804
159 3288
3923 3604
1201 3113
4290 4942
2035 1866
3928 3238
1027 674
4152 2504
4436 4167
4737 3848
976 1929
4090 4257
4604 2952
3625 3279
4744 3626
1063 2583
4860 3670
902 3714
1972 2622
34 4882
1424 1467
3205 816
4826 4992
2245 2816
4095 2145
4383 3574
70 3778
3236 2725
1459 601
997 1619
1870 4317
4964 1367
717 1424
2319 661
340 4111
3697 2465
4004 4863
4620 1630
3955 4032
2046 669
1195 1429
3611 4376
151 1050
4325 793
610 905
1930 4603
2609 1584
2539 2897
664 3561
739 942
693 3260
1364 1956
4682 508
863 2633
4848 4028
3359 611
794 1108
3876 3116
3678 4812
866 4704
1750 618
211 4421
4836 2953
1402 2134
1759 1485
3575 1020
374 3323
564 2084
19 4361
3705 3301
3732 3762
1738 1037
2259 1972
4521 952
1332 1551
246 1239
2860 3194
3069 1767
1033 3967
3558 131
3755 300
4802 2510
2398 1516
4466 2227
2016 324
2942 1056
222 2063
2907 1192
785 2497
3705 2159
2784 832
497 640
1985 1300
1464 605
2574 207
1673 4130
1303 3833
1222 2450
2719 2733
3363 4242
1340 4665
1103 4394
4569 4310
2151 2764
4085 1223
3415 4440
3917 1672
4453 4906
4460 4562
3057 2571
4829 4847
3502 3845
3286 2892
2207 211
1586 1138
2335 3132
4847 4743
4049 1792
3728 1283
1635 4196
3196 1662
3131 1374
967 1053
3183 2757
3613 175
2993 2496
4859 4489
3380 2583
3192 2372
4918 1055
3940 779
2388 1366
1469 2318
2073 1184
4075 2853
3950 1560
1911 4621
3613 623
1481 585
399 3766
504 2807
2527 2794
1310 1412
2350 1072
4422 2402
4954 132
106 2828
3128 2196
3177 2698
1557 977
1007 2693
2522 4697
2357 1709
4502 3
2319 3411
2294 125
3285 4412
1939 1818
1242 753
1169 1114
1582 565
3291 1838
2868 2763
984 4113
536 4235
4589 2046
2106 4485
3417 4614
3492 3905
4146 4004
3753 4015
3641 271
3341 4799
50 222
123 4395
1177 3817
1553 1230
2624 1631
2983 3851
2317 1218
1470 328
3613 410
1251 1689
3012 3644
2871 448
4596 1106
1480 752
4745 2240
1097 2327
773 2837
911 4298
3044 1228
1432 1231
4540 4699
4717 328
1755 4651
3354 1221
761 2375
4811 2343
3208 1950
3113 1601
2857 75
423 864
2042 3984
4050 3193
661 1850
266 3392
2668 1232
1681 2680
1090 4471
4368 680
2142 2644
3098 4159
4984 115
695 2112
4128 1010
3537 2483
2095 4367
943 1021
4336 49
4556 1178
4951 1221
846 694
6 3615
1669 4263
3103 3585
4693 4402
3391 2264
3044 4519
2759 500
1860 3275
224 1426
1796 157
69 1300
1387 4944
3152 3424
2612 1551
680 2819
1935 974
892 1526
1474 1736
2805 1038
631 4819
776 4311
3689 3381
1629 2165
2979 1321
1461 1622
2895 4823
3018 3715
3660 2351
4728 1220
3137 2468
3923 3640
1299 3440
2214 3676
1602 729
4459 1012
3219 1197
745 603
4491 4698
2562 3865
16 1797
4263 285
1390 2533
2874 2443
192 1071
3689 1633
2454 4046
4295 3289
285 3916
3961 1733
2973 970
1058 2618
4535 2926
4192 4926
4811 3892
4662 4618
2109 969
2337 2520
847 3646
2556 4490
448 4018
4165 3966
3205 23
508 248
2524 3764
1969 3195
4699 3883
2792 132
2918 2149
49 3435
3850 2604
3787 4597
839 1766
1069 1864
2757 561
633 265
2622 2151
1272 2942
3878 4333
1574 452
618 2459
376 4178
4167 3348
3072 3473
4670 2165
1908 10
1472 2592
3247 2713
4399 1984
944 4581
3360 2055
3146 2290
4673 4343
1149 3614
3868 1332
1520 4456
4330 912
4161 4935
1631 2178
1424 3182
2169 742
3487 918
2274 1484
2053 4128
735 2807
2374 1375
3531 1197
497 230
2376 1224
4893 2931
1440 797
788 1839
4181 185
3439 1748
1435 23
1266 3801
4682 4108
1532 1657
3215 4197
1878 3604
4061 4033
4118 1383
85 83
2254 1218
3552 4890
2169 2732
4792 2303
4931 1481
1378 3856
1735 3141
1189 4736
1890 4754
4678 2790
132 1423
548 2947
906 3793
2184 2678
498 1381
2833 1835
2846 194
3701 3070
4457 354
4435 3295
1306 2102
3807 4585
4488 2968
4264 1952
2316 2926
4906 3028
4207 4484
4173 958
331 2628
707 3390
4675 4269
186 1070
1078 2191
2618 297
171 2713
4925 1657
2414 4656
2254 179
1745 417
3558 4007
1135 3744
4569 2737
2186 1966
3528 4748
3274 317
3097 4714
2010 1078
23 3369
2569 2489
3297 550
1167 153
1918 3468
4388 41
4057 2459
1022 3558
2965 1707
4955 2274
2972 1976
3235 2816
4589 246
4988 3379
2493 797
3411 283
2947 2609
2376 2835
4707 1136
1470 4720
4757 4549
4383 416
2963 4551
3787 4135
1031 456
460 2303
1772 3265
4045 4928
1448 1352
2043 359
2303 4190
3095 2201
105 4118
945 4264
3491 3322
4231 1326
1999 238
1036 1624
3029 2071
1300 3138
1865 1196
4718 3016
539 1602
3588 620
207 1967
2963 2822
4216 1918
2521 2247
548 1156
3527 4720
3704 1382
1930 1653
2010 2384
4811 4262
481 3885
1998 831
4412 4486
2341 739
861 3465
1634 1961
3269 2587
494 2857
2884 2620
2227 3961
4227 154
1424 1453
4905 2635
3622 4691
4568 2044
3888 262
1120 4316
438 3527
440 1694
2317 942
2670 1976
1305 2866
539 2613
924 3363
2401 4520
358 1154
4068 825
4532 4600
1074 4583
4185 2681
4514 1949
880 3495
852 4060
4952 2842
1406 1469
4720 667
1377 4978
955 4513
596 196
4155 1034
292 721
2791 3242
3547 4508
1914 2096
19 692
2636 3722
2738 2193
811 1311
694 2191
3470 1674
4976 4427
3022 3412
1557 2506
2223 4995
2180 3120
3541 509
2209 1458
3247 3883
772 3048
2247 426
2102 3308
3146 3506
1338 1632
2691 2540
4624 3329
662 2533
4270 4731
142 424
3869 1285
4446 2417
4883 4186
3348 485
2730 3444
82 408
2006 983
2588 2786
3829 4029
992 1743
1690 2502
2061 1998
4272 2673
3476 4556
54 1104
1807 2531
3997 1743
4465 833
3500 885
3822 3877
3886 2928
742 2337
4196 22
3467 4080
3162 478
1181 2408
706 2237
4855 1836
2084 2735
2465 4198
819 4291
1861 394
4923 212
3103 1833
3806 2114
3437 171
2545 579
2919 601
1377 1549
4137 3641
4086 2523
995 390
2880 3472
2007 2617
1820 3784
4067 4454
4148 1297
4413 2037
4896 2962
234 3088
1816 2841
3434 34
3479 2550
2971 1973
576 1931
2295 4846
4784 3634
4498 1969
3994 3980
2798 1004
1945 300
2461 4589
3752 908
3366 3702
1920 1550
1754 2696
2294 624
4136 3720
2275 75
2784 4921
1696 4871
2566 2354
3577 2526
4223 1990
1147 2089
2560 738
2260 215
1602 4006
673 2868
3193 2572
694 2389
2348 2496
1061 1244
2671 2637
3032 238
4316 4671
1992 4085
4459 2679
2214 1683
2859 3746
4970 602
3908 4817
1224 460
3806 1836
2872 1205
1954 4885
4565 2948
2790 2596
810 1177
447 915
1647 2239
2276 229
3709 3745
3640 1016
342 3250
1402 3268
2063 4942
4811 3248
1021 4231
1837 2848
3215 3508
4661 55
2146 2795
964 1470
2769 4703
3594 930
142 1558
4247 4488
4114 1450
4176 2048
1758 1432
978 1143
2247 3283
1080 4763
2774 2303
4336 2123
4702 1005
1989 261
4221 1158
3221 3359
2810 4314
197 152
2898 942
340 3269
1378 3144
2997 4806
91 4394
4886 961
4766 3094
784 2157
1059 3094
3672 3316
3470 4225
400 4855
2127 3006
1667 1229
3305 4464
1920 2745
2874 4365
4241 3537
2386 96
2630 3900
3469 911
1834 3108
4445 4729
4341 632
3672 985
3485 3117
984 3715
1582 3715
3432 1758
2447 1164
4650 1038
2455 2829
2515 3873
3400 1328
590 2330
1118 4052
3217 2386
4017 1280
4282 4226
3076 491
2814 468
1896 648
3163 523
2968 3617
1827 4088
4467 648
1126 250
4857 1805
757 4190
748 3201
1408 885
4734 4595
2020 182
835 3294
4725 3409
4104 2646
2782 827
3119 911
861 4154
957 4846
4134 123
3628 3414
3071 3244
2924 155
982 351
4119 1126
2525 89
2008 463
2393 2128
3212 408
4365 1226
3868 1374
1801 2892
4160 1129
2974 3001
439 4907
529 690
4426 3442
2181 4686
4729 379
1843 1093
1646 2895
3949 3799
3505 4893
2729 3814
2156 356
1490 2053
262 4994
4238 4388
4209 3357
2316 84
4074 596
4200 3353
844 3260
2650 1963
4208 3363
3627 2493
4312 2114
4112 3689
4317 2229
838 4637
3578 3738
3666 3411
171 3883
3221 2458
1271 4320
3841 2953
678 3711
1909 2771
339 3085
3265 872
2295 4462
447 4655
668 3663
126 2507
2310 3034
2752 4861
1845 1109
1922 210
1169 304
2153 2883
3919 3941
2463 4339
2635 2611
3638 1139
3977 3155
4690 255
2657 609
2642 691
2435 846
1674 4098
2320 1648
2140 4124
478 3003
4405 2400
2636 2765
2216 3800
2193 3080
611 2452
1791 2075
4865 2458
1071 3477
517 2294
830 3531
3106 2558
2036 2912
551 2774
2727 4552
4490 1122
3256 3006
797 1746
11 4332
2673 4160
2118 1219
3718 3449
329 4586
2537 1033
554 2114
267 4149
2075 4124
1488 3623
1791 4645
1578 3531
705 4287
2381 1419
3674 4759
1733 4130
3344 455
2240 1395
3477 4952
4282 2003
4086 1895
840 500
1946 1644
856 2671
187 2820
208 4035
3006 1922
72 2711
4824 4179
23 1937
1794 4443
2487 370
3419 4084
1767 2344
3815 4791
1786 4848
1862 1495
517 3110
294 4358
4770 2474
2669 881
3659 2719
4819 3963
3851 1803
1760 3727
4884 2693
1981 688
4885 4447
4728 4029
2607 248
1138 3298
1965 1122
3207 3118
2242 886
301 402
2540 661
1377 3918
1442 161
1740 1008
1283 2052
3594 4223
3123 1475
4855 2255
4841 1203
2928 614
3817 4917
2968 1118
2884 4028
4182 4370
4706 4524
2701 571
2729 2614
2423 143
944 1442
3898 1000
2440 3150
778 1665
440 4135
369 3030
3347 1742
3008 4626
4730 2712
3595 38
1372 4579
2548 2316
2603 4172
606 4246
3848 2896
1705 3411
390 1310
2407 2132
2312 3227
4256 3162
494 2069
3991 4119
4255 1410
112 6
1543 3817
4154 2780
4382 2560
1647 4627
3580 1454
1745 3424
4798 3854
3148 2727
2583 229
4549 3824
2292 4322
4879 4082
1043 1547
886 3107
1647 4927
3289 4962
2542 2469
1992 3044
3671 2751
1311 4297
4322 2985
4635 3042
383 1099
3242 1903
3018 4017
1762 4640
2876 4551
2492 4605
1644 4660
3919 804
481 4247
3710 4463
37 1755
1261 773
3126 324
3194 817
2873 4664
3401 627
4113 4854
4958 1119
1355 4025
3911 1565
1296 3092
4628 3795
4497 4271
4232 4807
267 4775
1639 95
2552 4358
4202 1915
2919 2537
4566 1741
65 1137
1418 4748
3170 4060
507 2788
4259 701
4712 4125
3037 158
608 548
4131 1090
3133 2680
3898 117
1683 3012
697 733
1522 682
391 3114
2656 686
3443 3082
2365 3541
3148 3994
3756 2712
1031 2317
2190 2646
3263 2180
2005 2988
2326 2769
1773 3545
1836 3736
2158 4302
795 3087
2713 2330
4646 4282
4647 802
3511 1210
2388 4624
1086 555
740 737
1738 2673
3084 3166
146 1224
436 2970
4893 4823
4765 4781
3016 2356
3558 4765
2655 4779
50 2416
4977 1730
4491 2590
4942 3753
1140 0
2085 3739
2287 3217
2696 4835
3804 3492
2605 3826
177 1849
1463 3981
494 4479
4439 4886
3850 2146
1463 3028
1285 3012
4383 1345
1649 3995
770 1270
2338 79
4852 3607
3715 1595
1524 2461
4214 309
3727 3511
1082 918
4638 3746
50 1537
1483 1556
3752 1384
4549 4509
4298 4547
4682 2575
4460 2781
2923 1103
914 1044
2926 2484
4267 4514
3108 3697
2319 2539
697 4657
3723 2721
2547 2514
1055 4992
2137 3562
1369 4294
1352 2809
4390 3386
1185 2160
3692 4640
2503 2360
530 457
2701 3858
1992 2274
2759 2130
1478 4270
4425 1406
4918 4486
3199 2975
4485 742
2473 4517
946 29
4695 212
2796 2352
2517 1278
2976 599
1252 269
3812 728
1520 3269
976 1102
778 2147
4405 4379
1761 4440
489 3220
2161 1006
4774 2893
2428 4807
4038 2350
4434 1466
4511 48
3162 226
1733 4677
1728 424
3052 3202
1988 418
3173 965
1605 1799
152 3578
4133 4139
1607 802
3763 4962
2359 527
4152 3349
4556 3336
54 3076
2752 186
3319 4828
1609 4999
1462 1203
4962 393
531 3052
2624 2442
1342 3665
1016 4749
4774 3449
2567 4762
3659 2308
3807 3450
3660 4199
276 521
3248 2913
2208 4441
4215 2535
2704 685
3699 2500
2436 4751
1584 4215
4783 2431
636 3839
4425 986
1803 1254
1985 1023
3311 1109
3654 3224
3957 4785
3225 3953
456 1488
3140 2576
2076 4863
957 1677
1659 2532
651 756
1830 1128
1204 2882
4193 1759
3354 3108
454 3651
1073 771
1354 781
3321 972
3929 2399
3272 4566
1503 1609
944 3360
4510 2501
4429 568
3786 391
2671 2196
4700 2069
4009 415
1039 547
2596 3734
3975 202
4667 811
4718 2799
1670 3859
274 4435
722 3182
48 73
4052 2800
790 2852
947 2778
1460 4353
3609 2479
4191 3873
2042 2992
1866 2386
3955 4699
284 2338
560 4886
3833 2788
627 2783
1886 4145
1303 3442
2169 733
3086 3818
1457 2783
4175 1319
4094 154
1245 1337
3033 1372
2317 4247
1197 3830
2554 4197
3467 536
3455 1927
4572 1544
4529 1743
1879 1091
2282 1194
1738 4850
3523 4442
3281 4400
2634 1587
132 175
1104 3291
4383 4575
4467 2809
1024 3437
1095 1063
2244 731
3667 4886
550 4045
2385 1520
4552 2432
3971 2234
1323 1817
4243 3529
1880 4517
3521 1929
4783 2146
4476 657
3516 309
4835 3924
2395 4734
3607 3694
4933 785
3446 1401
2578 3031
244 1359
1952 1932
1758 3345
213 297
723 2970
3113 2354
818 3909
4025 2162
2911 1244
878 4081
19 1122
598 2533
4295 891
509 875
4631 3990
4419 3812
1550 3784
942 3144
3135 1284
4258 1233
2729 4127
4566 1807
668 4588
82 3835
1436 341
2239 4976
1000 3170
2928 319
961 2578
3991 4829
331 2950
569 473
1023 3152
2861 2662
3295 2576
3951 4872
3604 3315
3937 2731
1228 2042
164 2392
4928 2219
1397 2576
3389 1694
748 749
3134 3931
4465 587
3648 2003
698 4121
3515 848
3227 4898
3227 3382
4491 3552
3160 1800
4922 1101
499 3710
3274 3273
4994 3382
1739 2417
4803 4570
3080 397
3988 3523
2083 2856
935 186
2438 2686
843 4859
2937 4031
2612 3083
1219 2350
4130 4731
3147 469
3720 4819
3656 2555
3216 1092
172 3757
4089 3813
2037 3127
442 1052
1018 2125
2118 4960
2641 2171
2641 478
4196 210
3437 2670
3376 1150
770 1387
14 2831
377 4772
2879 2799
2867 2733
4540 1945
372 1908
4026 503
3409 2989
3852 441
3821 279
1698 3258
3034 170
1136 4450
1208 101
2755 181
3659 243
1993 2266
4005 2625
4669 4855
2995 744
44 1143
4596 4214
939 1927
802 4859
3129 4122
1730 4662
2173 2966
312 4791
4333 3926
557 3034
2304 678
2529 1839
642 3414
4836 2089
266 1068
350 2336
2243 1607
1495 3245
3775 4144
2243 73
492 704
1164 2319
1749 4107
3782 122
984 3927
4237 1473
1714 30
3976 829
72 3124
3315 4122
356 3789
2882 2234
4852 2005
308 1996
4442 4139
3632 2855
3211 2145
4885 3547
4539 3309
3849 1759
1060 3458
4241 2484
4202 826
369 2340
4980 807
198 912
2323 56
4164 4697
901 1673
164 543
1968 3448
968 3420
2172 1232
970 2581
83 1773
3308 2365
2610 4492
2112 848
1976 2010
2820 1543
4313 1693
2839 4407
2310 1648
4832 1375
4505 327
2917 3357
1942 1326
2780 1355
3353 4845
1691 962
1817 2038
2849 1368
1164 3621
2167 4167
410 2397
3196 646
1505 3563
640 3856
3661 1888
171 219
3183 499
4810 3684
4303 2474
4777 2987
1843 3733
4046 2068
1743 1621
3439 4869
2512 362
1927 2971
1759 4088
4563 3585
2876 2961
4322 1083
4139 1199
2022 1247
3166 4557
4135 4155
4263 4087
68 804
1169 3469
1648 4861
4469 1926
4638 861
1323 4011
4097 864
3841 3290
1910 4452
3299 1868
2225 545
3486 955
1061 3431
1233 1463
4961 831
2098 3990
3391 3581
3476 1404
3203 493
4704 1838
2124 4046
725 1825
548 17
1718 121
156 3948
1823 2542
4399 3170
2838 1025
3189 3715
4051 4114
1858 2059
2030 4843
1156 2488
1612 1627
2610 3123
1299 1897
3634 1247
2895 3930
3498 3310
5 3356
1910 4364
4906 408
4994 3498
4364 1846
2363 2708
263 2743
963 123
3586 1540
4341 2981
4529 1098
2217 4340
4894 1907
91 2854
3390 2037
3943 1134
2623 3756
2062 139
2591 4264
4289 1675
4998 1233
4457 2952
4467 4519
699 3415
4159 3647
51 4821
114 4916
3248 1774
1021 2856
3957 690
1607 3085
3742 2104
2006 3821
277 2243
4281 2963
883 1832
3292 4208
1892 1983
856 2611
2770 1642
1111 807
201 1369
4194 1864
4611 2315
2247 3808
3909 728
1807 111
993 1517
2666 1470
3846 867
2249 4745
1985 313
1247 4119
1203 914
4627 1487
3206 3394
3362 2642
4491 2389
2126 1608
1601 4109
63 1913
2390 347
1833 1694
3804 2299
2662 1097
3866 1358
1783 1927
2510 1506
3876 547
3185 458
706 4550
2316 416
1289 2723
541 1395
2801 1076
1393 3249
631 4683
3279 599
495 4199
3343 920
4239 1606
2010 3074
576 2223
2513 1993
226 3276
529 4041
2788 4816
4388 4079
216 3512
958 124
4851 2457
4991 2217
665 769
4904 2654
4833 1714
51 3309
2342 4099
2979 4065
2500 127
1331 927
812 1372
2580 4888
1074 1837
4845 1197
3649 4774
3877 1035
4957 2598
2430 3104
3764 4065
4994 4707
1697 2183
590 4630
421 690
2466 2512
2718 998
2031 3688
4712 3156
2043 927
3428 1911
493 3782
4812 972
1021 3161
2407 2231
3143 4394
1441 1315
3523 4869
4815 4060
240 4955
2331 1911
3357 3667
3870 608
3091 3068
3560 3889
344 4338
1956 3583
2215 4086
1985 2187
1445 2384
1662 3343
383 258
2327 4552
4976 3340
4214 1262
3175 152
2682 4982
825 4637
4514 695
1399 1275
2406 276
4686 4657
2233 1363
4503 2874
1322 4000
3666 2407
4896 3388
3677 3688
2233 4358
14 3419
4489 145
2912 503
298 3642
4010 3491
1477 2784
1369 482
2006 590
104 535
3643 4636
3812 660
765 195
2527 884
1215 2122
3206 1092
1893 81
2326 3548
668 1249
199 1935
1658 2061
638 4005
2787 4601
576 2814
3143 2900
1795 3331
3384 3504
578 4784
4092 3176
71 1540
831 2468
1585 1670
755 790
3937 741
4666 3546
4929 4963
390 4311
78 2747
2556 843
2353 2699
229 2728
4038 1707
1355 3144
193 3675
574 1996
3534 1874
1747 2815
3967 341
197 249
279 399
1593 938
1275 3524
1249 3861
2683 3655
2460 3910
1500 791
2245 4162
1410 3877
2915 3450
3461 876
2508 4255
1483 3308
923 3106
1166 1077
172 266
4794 4295
1567 2957
1132 608
2543 1
4357 4344
4810 1222
1752 3325
3072 4699
4145 4850
1371 4467
3259 4994
1473 4438
317 3834
2065 2661
4902 3673
3334 282
160 2132
2303 3046
4741 3054
515 4534
376 899
931 3767
3590 2869
4572 4975
3586 398
1745 1187
1155 724
4970 3811
4956 1806
682 4089
4895 4267
2275 2425
3139 1790
4337 909
4640 2658
1990 1258
516 4957
3278 4468
2438 1099
4723 3502
2673 2842
2224 571
3242 2901
1207 2835
2661 97
356 1379
1829 1623
465 2640
4916 885
3809 4125
3764 3194
2311 4734
956 3616
759 2604
4046 2316
1859 272
2982 106
3233 2111
2608 4657
3187 2454
1875 4880
3494 3075
4052 4825
333 3775
921 1560
4606 4967
1831 3057
1659 2519
1539 4704
1876 1990
4623 3696
3527 2051
1085 2863
40 4141
487 3443
4036 2668
2351 4863
557 2223
1489 729
1682 972
1209 2322
3852 1097
1268 1584
556 4457
4432 704
350 2567
2010 1445
585 4006
1000 3138
1996 2171
4118 1753
3908 4106
502 3553
4826 2090
4857 3747
1178 3898
2598 927
1995 3484
2683 3574
4096 3695
4592 3945
4361 2630
112 379
108 3009
3006 3661
622 1389
3623 962
3779 2406
3119 1629
1189 3294
4328 988
1576 4586
478 4877
4768 4680
751 2117
233 1254
1410 309
174 4171
1284 412
1226 3104
1851 2211
3343 602
797 1002
1660 1509
1383 4073
2387 3094
2745 4711
1430 1809
4472 2331
2300 4951
3004 1426
4116 2847
1782 1178
1457 2147
280 2751
1227 822
1963 4602
493 3479
2099 2542
691 1215
1498 4289
496 3097
1688 1074
4527 2914
1348 339
294 1375
2076 4983
3558 3316
1934 2870
2701 3462
4290 3326
2309 2813
2019 934
1489 2754
4815 319
3955 3553
4674 2238
2763 3625
4876 762
2778 3517
3692 2738
3144 1992
1313 1861
2751 3092
1371 2344
2952 2864
1432 4393
814 344
3239 3571
1004 1645
3210 1450
4421 920
2862 1868
3256 2975
4750 2726
4132 1514
4326 2197
2944 534
1324 2997
2280 3280
4929 2154
4675 3970
3291 2461
1827 2371
4729 4438
743 1251
1815 2882
2031 3643
1079 3418
1819 1612
2072 1537
3989 2103
2061 38
2297 1184
4213 2464
2542 537
3537 2361
3406 51
81 3980
795 788
4282 2384
4010 909
4548 1451
4112 4954
2463 2014
2320 1451
2155 214
3510 2372
2526 4904
3821 3807
1819 716
4383 2195
1792 3284
3267 747
3199 427
4957 2834
1614 1685
2250 643
2926 347
112 935
2005 920
2069 2367
1147 2755
71 2680
309 3648
4382 1600
360 1389
3729 2170
1218 775
2670 1077
1475 3443
4171 4110
2006 3945
3712 340
3847 4290
2938 2687
764 351
1725 4238
648 1911
3429 3023
4038 429
1827 2723
1981 2157
3080 2260
3489 986
1282 468
2046 623
1507 2634
4275 1328
3626 436
2642 4302
1476 4625
3916 2899
3404 2181
3831 1485
2127 3387
1351 4949
1580 2237
1548 356
3631 3565
1260 2242
4355 4004
2049 3315
2384 1410
322 2398
4712 3672
1395 3296
1734 3433
669 4847
2147 4958
3933 2403
4807 2525
2843 2084
869 1832
687 2794
4423 2267
695 1021
1131 973
2033 441
311 3247
3206 1829
1552 22
1434 924
2176 4378
2920 4338
3956 2995
3160 3678
1889 3758
4456 2751
2030 2751
1748 4886
3292 4437
4162 2688
3314 4067
4732 1214
4755 4162
2694 2836
4523 2154
1466 3894
115 1785
2531 4147
3842 1848
4737 1162
2882 2455
4829 2840
2636 2209
1820 381
3641 4337
1025 3641
2323 4782
4380 4673
873 748
1313 987
4702 517
4399 2095
471 2574
3175 1809
4272 734
3107 997
114 1929
4607 4793
699 502
3837 352
808 2955
3302 4761
495 3807
1787 464
3711 215
851 3872
1296 3916
3693 1488
2928 509
2345 2875
2060 1514
2602 4885
2738 2631
422 1862
42 2861
2614 1093
125 4485
1912 4141
2151 4382
2204 410
1322 4677
1969 4833
988 3087
186 2119
1614 591
1454 871
1437 1066
955 2900
2389 3210
1774 4178
4162 64
1744 3368
3778 1115
1068 1574
1842 2670
3137 1801
1655 1365
1085 3122
1183 3037
2058 4138
3356 3573
4814 3341
386 2720
1872 2636
1527 3514
4191 3740
2492 3979
3271 3554
2060 27
1941 4006
339 3817
4586 436
4578 276
3360 1830
2645 977
713 3146
2187 1102
2857 3323
3966 4311
3637 4867
138 3482
4779 4666
1065 4698
3416 1307
3615 2513
4079 1557
4871 1349
4194 49
2442 3505
4285 3563
3326 2629
4078 3020
4728 3521
1263 1685
63 3125
3240 1001
816 990
3766 2590
604 3507
4593 3910
2063 3669
3858 312
194 4957
3250 3035
1804 3684
2238 4083
4936 4758
954 2573
100 4111
2188 75
3779 3625
2456 4097
1909 81
603 2894
4063 369
2260 768
4728 663
4616 3649
4833 1832
2097 4022
1624 3957
469 1666
1596 291
2504 1514
1503 2196
2038 2886
88 3415
4197 2724
533 3156
3110 121
2645 1582
2332 4064
1462 4498
714 1077
3847 3163
1053 2011
920 4539
3456 4080
4162 230
1378 4665
236 2675
3609 3278
2627 2650
1382 1645
1316 263
1754 4054
1236 2078
1864 3962
6 4806
2340 1733
1195 1769
1636 3818
4851 3634
1154 2118
1203 3087
330 847
0 1195
4584 2951
1448 2286
330 150
2173 866
1013 3405
4958 4865
2462 2126
406 2156
102 515
4583 1509
3368 1363
4105 2583
2439 4702
4535 4733
3994 2767
4211 4736
3368 2433
2713 3298
224 640
4503 4608
18 3623
1300 3337
4674 2036
3122 3564
1071 2880
4285 1032
2629 4519
3310 2741
3620 1854
1679 337
879 4357
3879 3393
1462 2677
2648 3048
2120 2631
1556 2348
684 2957
1019 323
2197 2617
393 3543
3530 3813
644 4481
65 28
3191 3536
2808 4513
4901 927
269 3823
602 3653
2000 2668
3943 935
1168 802
1650 4041
1396 1695
2209 3799
1042 4034
4462 1072
176 1475
774 2780
4982 1190
101 4577
2414 1587
3516 3103
2421 1999
3956 4813
1557 3398
2099 4452
3296 2677
1498 3013
4252 3838
2407 1373
4920 1853
1515 1730
454 3291
4678 3071
4523 1566
1606 2012
4874 4063
4141 3621
263 1121
3271 29
4172 3452
3332 3527
2759 1901
3694 1637
4105 2380
2530 4907
270 1983
2956 4295
3425 2947
290 2517
4191 4873
2251 4894
2051 1935
2495 1281
1990 4275
1363 1442
201 3372
3732 2823
3648 4370
3930 4384
3955 163
683 2567
2392 1893
3558 466
2507 78
3058 2909
3990 4329
341 1566
200 922
18 3589
1609 325
3129 671
1391 148
1739 4275
306 536
3962 1960
4381 3465
3486 3638
2892 1416
1905 3120
3044 2429
2315 183
2334 2786
334 712
2021 850
3596 531
2964 1765
2582 2389
3021 3534
3223 1113
3245 2732
1939 3081
3101 3859
1059 1735
2410 3194
346 2134
1336 2254
932 2839
3676 4298
2735 1578
2350 759
2341 2508
2611 141
4903 4747
2690 4289
1900 2275
1558 2996
1601 240
2603 742
3173 1499
2656 902
156 1933
1300 350
577 1236
1511 641
2186 2070
3192 2044
4767 4890
4583 4326
404 4114
887 1132
1240 3607
2628 4653
3416 3949
1333 1857
3659 4177
2700 3814
804 2656
4461 737
3270 226
268 4845
134 3586
3982 755
4589 2963
3873 1295
1694 697
1497 4871
3577 4233
2321 439
3110 4930
1651 3030
73 508
1974 1820
4942 1178
2134 576
4848 2114
4002 2927
794 2732
3442 1443
4795 2166
2438 2007
2005 3557
1211 1340
3997 1387
4656 160
4668 1302
3540 2104
4282 3332
1878 3776
2412 4054
4209 626
3482 3650
2647 469
1559 1530
4694 2256
3293 1834
396 1187
4363 3223
1014 3807
4971 4837
1872 4721
4404 2493
38 4022
4426 4220
1906 2198
4229 2971
1474 1353
790 2380
2725 2761
1130 1023
536 398
1245 1605
3717 3419
4216 4275
4736 4296
2497 2999
379 2331
4580 993
356 4258
80 936
3137 2451
3482 4025
924 3455
4413 4130
451 4070
3941 873
3385 307
468 2041
2833 3045
667 2850
803 4935
3856 3482
435 4936
815 4388
2040 3858
2263 2079
3494 4335
2560 396
3718 247
4111 3487
1044 3115
798 4968
4642 3085
1355 702
1726 247
565 496
2684 3928
3117 904
473 4897
3331 275
2275 4997
3411 2192
1970 4672
2557 3475
745 3442
2156 4846
4555 924
2964 3728
3126 238
173 1565
2489 2470
919 397
1950 912
4248 4158
665 3296
1012 3220
2235 2985
1217 1264
3545 321
928 1829
1276 2045
4517 3895
4552 1255
4124 2113
1928 1404
41 1015
3768 960
174 1356
2496 4477
3145 4406
404 1704
3534 1684
581 462
4091 3594
1474 505
3435 2028
2787 2588
2036 4180
3091 2701
305 2362
4205 4318
463 2316
697 3518
4368 1604
4266 723
4188 3537
4507 709
2022 76
499 2909
2176 2701
13 4854
1118 3729
2152 1754
1693 54
499 4839
3700 2222
2700 2090
4461 3077
1820 319
2774 4155
996 3576
1386 1809
930 2940
2267 4600
2539 3902
1737 4649
464 4660
4687 282
1404 3160
236 577
467 135
2176 817
756 3219
1960 163
4833 1014
174 815
2883 2281
1333 952
3941 3215
1559 2452
4613 2539
3023 3
1850 151
3396 2767
2838 4095
346 534
1066 3092
1159 1320
3594 4570
2530 2162
3525 3687
2908 1458
2274 3668
1733 1734
2549 4222
202 960
4803 1349
4747 3338
2120 2588
3205 669
4266 1032
1240 3705
407 2280
503 2745
408 942
3234 2045
564 4280
1215 4651
1664 1419
2952 4290
2721 1329
3079 885
3734 3964
345 704
578 3633
1280 1288
1601 523
4068 1006
4931 2417
1429 1375
543 3517
2412 2161
3272 1637
586 3188
1096 227
1889 1174
1001 3212
284 507
4117 4723
2595 4288
1465 2656
1884 3355
3235 489
4964 2074
4378 1249
2529 699
3161 364
4378 2783
4446 3944
2981 874
1076 758
2625 2314
2643 4544
77 4919
1665 406
2208 466
4411 2630
319 4127
638 3551
1700 793
1521 751
4725 4597
949 292
4054 2934
4448 4063
3951 2181
2629 3816
2132 1124
120 879
173 2152
708 3921
2635 763
341 2258
569 3885
1977 397
3064 1545
3196 1749
4827 3713
2731 1290
4319 3275
1002 2544
4127 196
1400 12
3448 4237
4321 2765
3564 4766
4056 4533
302 1201
1019 3834
3069 3211
3564 3638
4593 3839
3139 3011
1867 270
1008 2497
2537 2404
256 3484
1435 2153
3360 2898
3591 3544
4210 562
4631 166
2676 4365
4267 2309
2758 4862
1984 132
4104 2760
2179 4137
2337 3039
1791 4942
4477 168
4694 4238
1957 4263
2062 1038
3923 4712
4160 4591
2839 3268
3743 4093
1842 193
3246 481
3007 1576
553 2142
740 803
362 2697
2252 1686
3933 220
1478 726
266 2476
4520 1053
92 3391
673 2279
4162 3084
2701 4111
537 4218
1057 1341
4409 55
3809 2716
954 616
3070 4218
3752 259
1348 2418
2732 3020
78 3094
4017 1236
590 953
758 2284
1181 4618
4157 35
4796 4508
1807 4246
616 806
1279 4938
4563 1169
3785 3216
879 822
4225 1915
1162 2964
521 4101
3860 3215
262 2239
1858 598
3527 459
3386 618
4032 3235
640 774
4878 3233
3305 3972
3879 2314
2932 1211
567 2609
2719 2636
4680 4295
1934 1523
172 2398
665 1546
2565 4842
3979 1293
3657 920
4440 4275
4783 991
2806 3211
3390 3342
2767 886
3353 1537
4209 968
2263 4673
2579 1069
742 1920
675 3820
2346 711
1015 2213
4670 3363
3779 2893
1027 2094
4198 4895
2753 156
3717 1874
519 1449
1232 3383
867 1577
2547 572
833 639
1292 3973
687 3987
3378 4546
2718 4669
961 417
3705 2737
4046 3756
1173 2222
1030 3459
1886 259
104 1922
2783 4841
4273 2098
2200 2324
2029 3039
1273 17
2832 3026
3988 3843
950 3184
507 4177
126 1120
2548 3462
4001 2834
47 2469
4766 4237
2274 102
1542 2751
3026 2930
1038 636
1324 565
1623 248
4194 1185
4856 1429
3745 551
4311 1311
3003 702
2043 2007
799 4246
1852 4136
33 2897
3945 1161
1381 4918
1819 2694
2983 2025
4321 404
477 859
2320 509
1685 1058
4922 19
2282 1998
3642 2440
3709 916
253 4596
1424 1274
3470 2103
708 953
1768 2282
4200 3573
1157 438
421 988
3177 2395
1372 775
4376 4548
2146 1365
4534 3309
1074 39
971 1494
1573 830
681 37
1712 1591
434 3704
3260 1059
1455 2315
2619 4613
3604 3401
1427 1885
252 1059
2251 1487
1043 3231
1167 1993
1655 1215
4501 4200
3133 4689
3471 4221
1659 3439
2608 854
4974 2207
4461 3238
2804 4205
1776 3569
3000 3341
1430 3947
2615 3857
656 4010
108 830
4615 2319
3911 1436
381 1160
754 3342
338 1604
4190 569
555 4655
395 1582
4376 3724
95 1325
1940 3302
4421 1574
3364 1368
4252 4984
1718 522
4437 3784
1664 223
1964 3016
3308 1016
4415 1877
840 3073
509 2994
1028 3166
4318 1636
3798 2252
768 4463
4136 1956
2286 1472
2766 1676
2611 4490
4200 3345
2232 3377
869 1934
2268 2289
1224 3912
2088 918
4984 431
1640 3583
4199 3270
1114 4858
2465 876
2291 4
1020 2137
2327 796
216 1358
1454 1379
3295 204
1245 4290
187 1985
3450 3943
3027 3340
1513 2896
1879 152
1665 4185
2702 1558
1761 4105
1425 55
1921 23
4887 4095
2909 4068
4652 1767
2378 4697
2668 1183
1171 1111
587 4172
3722 2683
989 4438
607 4576
3005 3328
4672 3609
3699 3630
4174 1221
2333 441
1534 3805
445 2542
2520 2580
3137 4174
2376 3255
2731 99
754 2907
2316 2453
1596 2174
4349 3679
343 2051
3719 3965
1098 3581
4252 3780
3840 4328
2455 224
3973 599
685 4834
598 4436
4162 4934
1972 2517
1017 1442
4672 2455
4715 2288
1795 2357
4732 19
1436 822
2530 3666
4004 4634
4400 1571
4858 3067
2077 4624
3665 4611
4826 474
3721 3118
4335 396
736 3534
931 56
4054 4266
4235 3186
1064 4855
1966 685
4418 4086
1401 798
4574 847
4846 1118
1888 3501
2159 2759
4124 3215
331 2439
525 4228
3693 4978
4118 324
2636 3821
2855 3191
1137 660
408 336
64 2079
3055 2843
2637 2090
2514 3566
1166 3877
4843 1251
1111 2738
1170 2836
2062 4048
2910 2370
422 4043
4355 1332
1558 2729
966 3450
2685 2547
2000 4767
1200 700
3782 3737
4063 808
1773 3617
4891 1300
1818 4309
3753 3601
2593 246
4040 1154
4870 927
1982 2340
2041 396
3171 4427
1716 3898
2298 2023
3866 1476
4854 3310
3996 2655
3639 79
1538 4022
2521 4898
3886 664
4653 2281
1511 4100
3938 3443
3543 860
797 2722
646 22
4232 3504
3517 1497
256 2814
3857 3732
2960 2147
976 3861
1079 555
243 3205
1465 1256
4602 139
618 4405
1139 3532
142 4528
3013 1178
1762 4954
3871 4940
3656 2720
1408 3666
463 1098
1536 4982
539 2823
2584 3013
2554 4253
1900 2661
3978 1129
1476 1474
1564 1930
1849 4400
3106 4609
1908 1508
3200 3475
4110 3929
3483 911
1801 2202
2259 3226
4790 1734
1422 944
1120 1033
3400 725
4891 1888
3548 4293
3717 774
1188 138
4970 2596
3084 2843
1535 1308
4276 4239
4918 2342
3832 4433
1207 3490
3065 1895
814 2002
1855 4307
4541 1621
2507 3053
1004 1928
3815 3706
4337 2470
1623 4093
3129 3583
4522 797
718 602
1160 3933
4597 2719
3006 1871
3385 2202
38 1458
2160 4618
3270 385
4874 2783
614 4395
3269 3591
238 3254
1068 3213
4517 4141
2006 3111
1673 2475
1478 3695
870 2887
4761 1429
1654 3043
904 975
1353 355
2930 2295
3743 1480
3187 3897
3239 2642
3783 3700
4214 3665
2167 1281
3522 2359
2292 4481
2013 2482
3413 1656
1274 3450
582 4675
3841 1297
3516 1735
2663 2105
4726 2783
1801 4672
1463 4528
1845 1972
388 456
337 3860
1003 2099
2000 2915
4854 4287
4610 2916
1306 4429
4420 3207
4386 588
4078 1013
3878 3522
1656 3037
3482 3317
2178 3967
4242 3498
1652 1703
2660 2238
4371 3146
105 4104
1875 2224
3486 1116
1605 3782
805 1465
3832 3896
4994 1380
4739 3070
3002 2949
2631 3529
906 1230
939 2146
3978 734
1003 3278
933 2050
108 4499
3850 4777
1047 4905
4189 779
4296 3948
4989 677
238 1465
4555 1226
4034 1427
3050 429
3194 12
829 1135
201 1760
3081 4386
2243 1210
3908 1522
3714 1820
1048 1624
4195 1987
2712 1574
3035 233
4896 380
2809 4530
4540 4800
4124 3994
1790 1364
1464 488
612 1271
4360 416
454 2284
2756 3067
1652 4873
4322 425
1959 3870
3105 2744
3166 2783
4156 4721
2589 2208
1326 2420
2358 2679
2236 1870
1421 2646
1022 3727
2213 1390
4877 520
3088 2906
110 858
2230 2400
3908 4564
3010 373
2871 3215
2447 4201
2732 4606
4246 2860
2811 614
927 3697
3850 2132
143 4807
2569 2728
522 4273
4396 4080
988 2181
1519 1436
1664 4500
74 1158
2691 2117
3836 3385
925 3270
3240 127
4361 3889
219 2263
4998 3978
2156 358
1807 4338
4056 1695
2796 462
2419 527
4745 2995
3791 3538
3081 1439
1735 1445
637 2080
309 2391
2137 3399
2814 2882
4992 2285
4830 892
1542 4743
2175 1942
490 1685
403 2268
687 3113
3297 2381
3875 1280
793 1437
4714 2798
519 1792
2552 2551
4674 708
948 1085
1042 528
190 4949
1100 329
4608 4813
2114 1259
1151 2050
1970 4756
22 3034
1247 2501
1526 2012
1275 3736
3244 1852
4473 146
3219 2681
2706 3800
635 511
674 3074
3565 2755
2250 1163
2453 281
4844 2794
3306 3284
4864 4020
2712 1687
424 3262
4349 1243
701 4786
1418 4520
1041 1708
3599 27
1262 3007
3425 88
3798 3759
3080 1164
2668 2500
815 4434
2093 3556
958 3284
1522 986
2931 1210
1024 1344
780 249
3970 1124
989 3119
719 2181
4498 951
3187 3826
4829 3912
4654 1228
4101 1212
2092 1934
1010 2139
208 1537
4238 2908
3686 1342
3660 3940
103 1019
4475 1710
726 1309
2684 4199
686 1101
4251 1627
1118 4103
1460 2969
4026 2731
3613 2923
2211 1969
1727 3403
1498 3126
3766 3792
1645 335
1435 1299
2967 3412
3244 3828
594 546
1959 4200
3959 4327
380 1032
1639 986
3515 4853
4489 2798
2005 1472
4120 4270
2913 3668
441 4860
3057 2098
4012 2995
1002 1177
3008 2630
570 2264
2381 1125
445 1551
3150 319
4330 3954
1699 532
365 3668
3524 4661
1243 2560
282 2598
441 1336
127 1511
1807 1937
820 1266
2644 2896
32 1851
4172 383
4045 1650
4232 1602
1685 2824
393 3569
103 3867
2193 3931
381 4519
3329 4030
4265 1030
2895 2091
1281 1119
638 2280
2056 4652
1335 1352
3662 595
4390 282
2066 2565
4423 634
1151 3253
129 2370
3041 901
2447 757
4510 3736
2051 3759
4149 1846
3338 2105
1825 4691
2300 3433
104 3776
3641 1807
2097 3404
232 4334
1756 2901
4345 2395
2771 1341
882 863
4619 4914
3233 4533
2723 883
1202 1027
4851 1381
4042 3014
3538 2132
3760 4486
1049 1832
3893 1478
560 3325
2069 4417
3864 345
1333 3455
2620 1544
1832 458
3362 1573
3461 1692
1660 3048
1163 2640
3261 90
4277 4622
1062 4692
1881 2093
4615 369
4803 566
3973 3503
1597 4006
2879 4972
2725 602
2462 1586
3662 4782
1536 4438
1860 509
2166 304
1586 2448
4352 2649
105 4651
3631 4026
3877 1787
4244 1231
2644 3103
3963 4746
1566 4704
4097 2422
1776 4310
3639 3932
2106 2876
825 2375
3320 1798
4568 4052
3961 3850
4215 2996
2958 2430
4354 997
4191 2068
4973 518
1972 1341
287 2584
1309 3281
4095 118
2800 3870
2745 2063
4282 4164
2392 2674
4637 1030
2526 2548
1542 396
1328 54
3233 1728
4566 29
2549 1059
2067 1640
388 60
4062 4658
3985 2293
1187 1533
4055 2171
4559 3654
1918 1128
269 1744
636 3780
1652 2109
1598 4758
4041 4822
2268 1295
1857 2659
2615 798
2276 1255
4116 2879
4031 1333
4423 3712
3477 4550
4128 3942
2640 3011
1689 4284
4509 2264
1747 2748
3936 4467
4850 1821
3379 3186
3117 79
2073 2116
2484 4655
2817 1497
67 2742
1081 59
2440 258
1108 837
522 910
3016 350
4133 1672
4364 3390
2241 2015
1729 1981
2116 3123
2248 2414
91 1648
4153 1071
3818 3975
2779 1352
1553 4741
4906 2448
4735 1497
2998 2070
692 101
3563 4346
219 4549
4409 2321
1407 1455
3277 1294
3012 1667
3168 2943
1037 1503
2509 437
1320 2899
2243 1851
4237 2660
3675 1434
2276 3026
2649 1225
4367 4620
792 181
1762 1822
4676 3771
1825 4854
4753 2596
3661 2355
56 39
4680 364
3625 3520
3769 2189
1210 2618
2200 1925
3028 962
3357 327
3955 1621
1183 3562
2268 3959
3113 168
970 43
1920 2106
1801 3202
1993 3720
557 3913
1201 3508
2182 2394
2945 3078
3281 3477
1768 3333
1718 2645
771 4650
2187 1400
2414 2208
4978 3578
887 3019
2547 2407
2674 491
891 381
2190 1337
2927 1500
355 2380
2392 3060
1140 932
625 1863
1814 3863
469 736
1489 4354
4058 745
1893 2587
162 1264
124 4569
4774 2367
4275 418
2603 220
892 321
3714 2306
4732 1967
2077 3165
4508 1585
3707 4069
1171 4318
2379 2539
1820 1515
1326 1650
2985 1950
2469 4351
576 3005
3494 4855
1060 3007
718 2769
3897 2252
2533 4736
2757 4293
2909 87
1553 4264
2006 1164
4872 2234
4889 742
2082 2423
606 3180
2506 331
3135 4695
1173 2374
185 1260
2294 3364
2600 3215
4079 254
2664 2719
3530 4102
645 51
4132 2401
495 1314
1670 3100
4126 4089
3208 4281
734 2023
1400 3035
2791 3975
3470 2533
2387 4097
4198 4160
2075 670
1901 3159
3891 1875
3484 4796
2902 4765
3447 1063
957 2176
4729 561
916 4111
1742 3280
4624 2567
1659 3290
2079 989
2389 2592
1043 2208
4933 2530
953 75
3231 2555
1383 538
1999 2103
3874 59
4887 1367
2153 2302
4837 1346
745 3580
779 2988
2891 4354
2207 4558
4889 3161
1740 1778
3166 1306
4217 1839
1548 4536
4121 4842
3302 593
4325 3142
1649 1850
4522 3356
102 940
2907 1106
475 2425
2063 2598
4323 4335
2096 2761
1598 1341
2752 2717
4254 226
929 4057
3572 1901
1053 1605
865 1900
3013 4251
1774 4317
563 3759
1396 1763
1793 2705
1998 1782
1255 908
1881 2479
495 4371
1620 1195
898 4044
3114 4687
2479 4938
3174 81
4248 326
3370 178
3646 438
3729 1730
3505 1247
1898 1120
3027 1513
2022 4490
991 2538
2070 2344
2162 2720
4245 3706
4036 4013
1815 2829
2333 3426
1799 1528
3267 1217
1801 2452
1207 1307
3122 1219
3100 2278
1177 927
1944 2109
561 4419
3312 2774
4611 4065
3056 1219
2510 1201
3302 4967
1209 500
3721 4858
4842 4942
697 3436
827 2277
2475 1421
2374 2747
3739 1823
1574 86
1423 4266
1688 2846
3932 1599
297 1732
265 1858
3711 4108
2170 906
1582 2421
2359 3867
1191 2728
3257 4197
1985 3487
4587 3782
1712 4485
659 4105
524 1117
3368 100
197 1717
827 3981
1051 2286
4442 764
1854 1680
4873 4388
1468 1239
3317 1604
2790 2500
1663 1092
1799 133
4287 385
3485 2317
2738 4795
2702 3310
2523 4431
1100 2169
1161 3625
3242 3461
1687 4550
2062 412
1099 4760
151 2048
353 3999
4506 559
2701 2982
4397 1453
139 3829
4725 3387
3915 1078
3354 1729
2105 938
2239 2516
1933 718
504 3729
2686 3371
120 2759
1342 735
2011 3442
3245 346
459 796
701 249
3471 3219
1975 3216
4287 3177
1029 1274
926 662
2966 3604
4884 4605
909 941
810 419
1198 997
4581 2576
1158 1895
2251 658
1279 2661
4911 4862
349 1390
823 618
3074 1054
3466 2141
4234 2492
3196 3302
451 326
367 3545
2399 3281
3811 4317
915 351
4348 2608
1021 2256
4208 464
356 3052
495 4943
2151 4095
4810 359
4843 4027
4107 2355
3653 1056
3565 712
916 1351
4506 1451
4461 2537
3226 4187
4844 1115
522 50
2662 1112
1279 389
4166 2136
3300 495
1517 4180
1630 1177
4348 4088
2902 1217
2062 1036
2780 3465
520 4736
1913 2555
2604 2886
4175 964
1183 2023
4869 4248
1610 606
290 3793
2211 1791
2464 3400
3469 4921
1360 1639
1616 2576
3919 3997
2032 1406
4310 4972
1331 3940
657 3444
239 2204
891 1208
411 531
2549 1308
3604 1784
41 3931
4439 1393
2150 2944
636 1768
4664 4937
3669 3902
1824 1619
4437 206
2963 2953
3524 2631
2393 633
1868 417
767 4954
3661 3445
3021 1576
2245 4385
2639 4931
2303 2340
1039 2103
3348 661
1584 1713
4395 50
2902 271
537 1304
1200 1951
1944 778
3331 378
3814 1893
4366 3700
193 3677
4829 4085
4608 3574
3162 2972
2375 1651
2099 778
2442 2278
4888 4236
1336 4364
426 2537
2902 4008
1829 973
4938 2464
1349 685
3724 2980
327 3986
4756 2602
2357 4475
1059 1633
2018 4804
2072 1221
2587 280
4062 2759
265 4628
1285 4561
306 3915
4285 1539
3502 3933
361 3578
4426 1569
1336 1212
882 1036
3091 2591
2162 4983
3984 4488
4123 4872
4202 4722
4892 4831
149 3447
468 3044
1302 447
2677 988
3934 2034
1682 2298
2168 3449
3384 4220
1233 2003
552 1446
4661 1301
4003 582
3270 2068
4592 4424
323 4485
4963 1985
2872 2150
5 1304
1754 750
4938 976
2728 715
4796 1671
3489 1989
3266 3662
4051 1308
684 1891
4620 1182
46 1350
205 3781
934 4404
2478 2277
2258 2535
1461 935
1947 1016
1661 408
2028 3551
1359 2410
2315 1653
2958 4592
4264 1987
1303 1859
3129 4928
618 2343
2768 2919
1458 817
3564 2255
811 3564
956 3890
1771 2019
3795 3262
804 4490
116 210
3097 2192
1985 528
640 4302
4742 874
4370 2212
4322 4321
1025 2362
3993 365
3981 2087
4224 3718
3861 860
438 2694
390 4287
4334 1606
4429 1265
1779 1268
1890 409
82 4588
590 2046
574 631
3629 2774
4775 4846
2693 4184
4237 2347
4872 2930
3015 4900
3180 1333
4911 423
165 2432
1985 3412
4499 3576
4662 4166
3867 2674
3069 959
2873 1027
3391 1518
4872 1636
4047 1225
4691 2893
4946 1267
487 2885
596 4734
301 2481
1975 436
4012 2653
3392 203
1466 2705
4725 3607
3003 2051
3571 3229
4559 2038
782 499
4779 3242
3774 1387
1941 34
2969 1803
4180 4313
2387 2205
4462 2067
3274 4505
2216 2691
684 1418
4608 1062
1335 1251
3210 4903
133 4175
3135 3509
2886 1171
1626 4009
387 1842
1804 3608
1954 4248
4283 1239
2115 106
1963 1377
4255 2086
4228 1836
4377 4097
3904 4687
1486 4154
559 2066
309 3320
2691 1304
4298 4331
4709 624
3477 1016
987 3406
3725 147
2170 2114
3956 237
3896 3271
2320 4961
615 4985
10 109
4304 269
807 3264
1060 4456
1787 4705
2107 2403
3401 4402
1864 1747
2100 2865
1154 4346
2652 582
3261 1650
2969 109
1015 285
1026 3581
3573 4117
3756 748
1060 3578
1347 3371
3347 4953
1204 2835
1967 4999
1782 1920
2695 4329
3779 3491
4488 4108
865 1991
3914 4761
2166 1752
3633 2803
3313 304
1475 2829
557 2912
3489 4220
3396 369
152 106
4460 226
4154 512
23 3620
3600 3483
1465 4849
3866 4035
2077 4389
3740 378
2808 4983
3046 2600
2238 3630
4008 359
3939 2909
4953 3876
432 1889
1720 1040
3184 3190
4912 1575
723 2990
1758 2426
4723 4382
2077 108
4778 1075
2644 4189
2961 1753
408 3953
2179 4338
4583 1800
3776 3367
7 4120
2011 3677
1134 4576
4400 1816
926 2656
4504 663
540 4234
314 2856
2614 846
1633 1742
3749 2006
3754 4332
665 1725
4497 2779
1257 641
561 4561
297 602
1878 2285
2837 4808
4109 4613
4922 1428
147 4499
4583 1108
3995 2078
4342 3040
1922 3065
195 2671
3699 3136
3509 4395
4952 3604
2096 1449
2488 1880
2768 3656
4303 1346
3538 4634
3748 3091
3083 2932
650 4158
2626 1124
3017 4364
1074 3535
3002 4072
937 4461
2971 411
4459 2416
273 675
2227 2675
1178 472
3361 3671
4086 4907
1427 4757
1129 970
1400 4276
3052 4057
2887 2807
4782 3886
2983 4730
3869 3185
4276 4062
1950 1690
348 1786
2861 923
418 4091
4795 3619
1541 4299
1350 3436
4890 2049
844 4083
895 3947
4762 971
656 2890
2829 2387
4162 2903
69 3283
3616 4955
4786 752
4921 1700
743 4424
3494 2111
4291 402
3564 351
4450 1168
2590 3553
1420 2689
2538 3948
3032 918
109 1444
4755 468
4257 4855
1728 2905
2641 1038
1069 1684
2921 4929
3768 2876
2703 3703
1146 3967
1060 4770
4447 3481
255 1102
107 4393
2052 2088
3004 2232
257 589
655 3796
4970 1119
2283 300
418 1222
2817 3098
4652 1295
4264 2119
2766 2225
4388 3240
1010 3085
2904 437
1958 1892
32 4136
383 2047
4040 3427
809 2288
2412 4945
1599 2220
848 2691
4026 2711
4603 1948
2594 3339
3525 3067
943 3972
3828 2514
1401 999
2904 1273
2247 4579
2983 3981
2694 1913
4023 1336
403 2618
4269 4243
3993 4184
2074 2770
2698 1694
155 2203
848 2357
3984 1127
3612 755
2205 1029
3481 896
1136 1028
2221 1689
2696 4549
3805 4741
1593 1280
1631 2904
2874 4377
4530 2010
449 4875
4618 3890
3282 2767
4928 4157
1590 2203
2791 1510
3355 644
579 2320
918 3225
4424 1544
2729 3140
1565 1515
4659 2159
274 1170
3166 2752
4502 4107
1793 4981
3981 155
1795 238
2439 1195
818 3017
4737 3026
3089 4709
4287 2185
751 2915
4173 3575
3722 840
702 251
4875 1806
4807 3649
80 3034
253 4744
90 1470
4940 4888
895 3294
1911 1996
2419 4673
4700 4889
4305 19
3293 2685
4635 3156
3188 2001
19 3950
4394 4168
3049 2355
435 2740
1195 1222
1016 3311
612 1122
2951 2540
1303 198
4425 2284
2191 55
2825 1781
3111 3707
423 2904
4198 826
1757 3418
2486 3807
3368 2208
2451 4393
3705 4524
95 2733
1240 3221
394 2765
3607 223
71 1254
4878 960
3281 3495
3 138
3915 1458
4329 1022
2004 4454
4216 2583
2585 1846
3291 2920
41 335
4386 3649
3984 621
3006 1836
3975 1963
883 2106
3938 1187
643 1675
3961 730
2599 4887
2984 4365
571 496
519 4567
1762 468
2135 4632
1375 1186
3740 1823
4984 2135
4612 1137
4467 4402
4525 1688
3490 1895
1163 1234
4368 1605
139 3948
4440 3387
1093 3432
342 818
2029 4670
2991 2095
1720 1133
3100 495
945 3885
4964 1492
4880 2134
4840 109
2821 846
4222 3003
681 1225
1286 3120
1938 2148
2916 1428
40 587
4984 2149
3990 2504
250 2214
1330 4443
1645 101
3391 1438
3554 3455
106 1836
1605 4923
1852 4983
3603 2423
1547 873
2642 4242
4973 504
3381 3356
1803 2284
775 3426
3690 448
3711 3347
4314 1522
3425 2921
2727 1713
3767 4181
4196 4772
4905 485
246 4735
91 2660
2783 1632
1212 3989
4897 4208
3817 1067
1301 4720
4177 2530
1992 163
268 3815
207 4708
4459 3807
4406 2613
1607 1920
3802 2736
1464 4423
2944 3907
531 293
1907 4927
790 3086
4945 396
3165 3586
3953 4825
4613 528
1522 3617
4804 4788
4730 1036
2240 3369
2010 4656
813 1805
1461 3565
1517 4096
4822 3858
3477 1282
876 4233
4198 2870
2258 3129
626 1862
4409 796
3626 2052
2990 2722
1675 3871
170 2330
395 1831
4502 759
3175 4548
2009 502
3595 1152
2552 3909
3358 2165
1753 4445
576 4723
2163 1083
115 737
3290 98
3198 1832
2531 2395
2881 1167
2704 4558
3737 208
1499 1405
3454 1931
877 2828
271 3309
4638 3647
1525 2947
3598 935
3592 1582
1541 1711
4220 2057
4693 3129
828 2217
3286 1460
3959 3860
130 1662
4430 1611
4550 3980
4982 113
2400 671
108 1020
210 1168
2344 4415
2707 1424
1586 1892
3313 2633
3559 4734
3244 449
1956 2063
3193 2419
3927 3230
4919 4446
1391 2936
921 4899
3210 2966
3688 848
1906 444
3242 4809
1574 3047
944 4495
1383 1943
3992 1393
3675 193
2055 1350
3315 1542
2974 882
618 2855
2565 4084
4747 3192
1442 3217
3291 2069
88 4550
2349 2420
1664 2176
706 2969
4892 4200
2248 3632
571 3844
4633 3638
2856 4429
3181 4638
3058 4014
540 1951
774 1363
758 3867
2951 2192
4849 4591
4796 298
3636 2529
1658 2624
806 205
4084 3407
2540 2375
1045 4276
3425 552
736 233
4978 679
1445 763
1237 2766
4296 2061
3243 2581
2401 4312
3284 1803
4646 4735
1911 2031
2028 267
1213 3731
1079 742
895 2111
952 5
4736 4064
3600 4141
1612 1055
1567 1301
1406 2411
721 3568
1325 1861
2947 848
3176 846
1852 3378
1846 3175
952 1499
2406 1148
3810 1820
2502 2405
1444 1726
10 3769
4204 4883
1052 1658
3249 1604
3820 1838
2334 1329
1275 3260
320 1259
1151 2655
1814 4548
4 2075
2983 3392
2345 298
2371 2369
4220 305
2761 168
1652 4377
1966 2731
2433 4747
4671 2412
2200 1338
3893 4166
4210 2492
1212 1263
3944 4152
4934 1130
2800 4670
1213 221
2105 4043
1533 4510
101 986
2112 3323
323 421
489 4559
2451 1249
4989 1394
3780 4562
2104 577
1670 4867
3728 898
3698 4762
3057 2921
886 3923
3713 81
731 1837
2354 3355
2061 3775
787 991
3176 2490
4879 1526
2024 2278
1025 4519
4082 4776
1144 909
4073 3706
4978 1737
2565 1334
4095 2668
7 3096
1390 1730
1824 4136
2129 3999
4660 4261
281 3383
3651 4852
2087 2348
418 1619
330 75
2634 461
3166 3614
4220 3053
4141 433
4868 838
1130 1785
4173 2205
2438 4093
3336 152
3384 1493
1258 4013
2420 366
3015 4763
211 1058
3804 603
408 4175
3432 3348
1077 2565
4650 2752
2233 926
1807 3035
1575 1431
4703 123
4087 4118
2510 2045
3391 3522
3285 4804
711 2115
3485 4008
4566 3941
2042 369
2234 1282
540 2685
1458 4102
3190 753
2216 87
3603 4396
3439 146
648 1688
2349 4347
3153 952
4525 466
3091 2712
3843 4018
1434 1617
4626 3601
2834 1561
2190 1448
4927 4151
816 2783
2322 603
3367 2225
1731 1607
1610 2619
662 2895
4240 2044
1831 1455
4975 1650
3911 819
4112 4306
1557 1363
825 2852
266 325
786 1333
4864 3471
1392 3289
1542 2188
3132 3364
3523 4869
895 312
803 3660
133 2665
4892 1415
3414 907
4702 4392
3251 3177
480 1125
1696 2920
4362 3804
841 4215
3275 4212
3017 1706
2817 1874
3862 81
1071 44
3981 4209
2175 4187
3276 3443
3075 743
2002 3745
1968 3627
3083 75
4949 1207
4441 1095
2769 3353
3722 1244
1468 4461
2248 2368
4489 2149
2608 4338
4736 1352
4627 2073
4290 4536
403 4217
4911 4094
1733 128
633 4212
1214 540
1296 187
847 4801
3970 5
4635 297
357 3886
545 3967
1354 2190
1863 3422
2872 423
4450 3768
1877 1866
1887 702
4305 4520
3356 2728
1508 3584
2850 4842
961 2981
1539 1304
4252 488
4699 1513
3589 2423
4161 2523
902 766
3265 2711
4146 4217
2463 4477
4682 3629
39 4704
651 767
2366 4681
3308 3460
2046 4478
4993 3861
4159 4368
1460 499
464 1493
2913 2115
1062 2161
1346 471
995 3779
4824 3223
1419 3795
4003 456
1164 1790
393 4441
1809 3307
175 3091
4047 1742
502 2155
2917 2615
2079 613
1977 650
4867 2170
2558 4722
4944 1182
2962 4143
3024 4316
4478 2588
3582 1351
583 4243
1283 420
1205 2461
4861 2798
1288 549
2167 997
1128 180
4693 4259
3667 3522
4302 3329
3950 2890
2626 373
151 2224
3676 2170
2459 3377
1849 1135
3592 688
1570 4207
1900 2567
1410 4060
4692 3628
4147 4421
1015 476
3961 2454
773 3401
963 387
960 4944
795 843
4480 3604
2583 1480
3225 2793
4422 1462
2346 1012
1156 231
3297 1102
1442 3044
4105 576
4300 1649
2773 2807
866 3795
3449 852
85 2803
3427 2174
3090 2693
1981 1293
4729 4239
4710 3070
696 1139
1957 1584
3061 4755
4183 1571
1883 2261
3734 2098
3153 4592
1822 3154
439 3146
4022 4591
2926 55
351 2787
844 1297
493 1770
4911 4666
4369 3597
4606 1876
4371 2565
3716 3752
2865 2189
777 4786
4425 2318
1956 2813
96 4951
2135 2724
4598 4398
523 1227
1633 745
2075 1477
4462 4508
1235 3677
2316 3692
2419 1449
2193 1626
4756 457
3620 1619
2671 4335
4284 785
540 596
3900 1777
408 4601
2388 4343
1364 2202
2319 4729
264 2269
2318 2545
4664 4089
106 4162
2830 4528
1503 1559
4432 250
3623 4689
1822 3736
1145 1649
4414 3452
2106 2730
240 2573
2217 1362
3247 2320
1019 3732
39 3854
635 153
4779 1377
1027 868
2013 3150
2084 721
1461 3698
610 4110
4136 2671
2270 1773
308 1171
2178 1300
2584 394
4542 1516
4833 2846
2876 2336
4789 726
2669 388
4397 1330
3764 3409
4763 3243
3201 4201
2783 1368
1034 4070
1787 1460
3909 681
1980 1910
2988 2820
65 646
3208 1690
3825 4596
2377 3212
2939 2847
1028 913
4239 8
996 2534
3516 1854
3183 2484
2046 1353
2072 2851
2223 2331
1106 2796
2693 3794
4795 1771
2421 2630
2663 4246
4588 1911
35 413
1217 843
4226 2007
2099 3084
1010 4555
4922 2182
3963 1855
3300 2199
2144 2224
1404 4135
3793 2534
932 945
2928 927
2307 1267
1356 2358
506 4976
1562 3071
3633 1442
2996 4981
2627 272
4320 1155
3831 2348
3726 3058
1304 2288
4 2799
344 3046
1986 3533
3163 3561
1869 1361
4856 1005
3804 1351
3312 1549
2858 1830
217 4125
2076 339
948 4733
1840 2474
371 4897
1056 3742
4468 130
126 2762
1758 2284
2904 2102
1811 1908
242 4878
4758 4384
4109 313
239 1104
389 4376
3009 2274
3349 3738
4451 1590
3337 1116
1540 95
4599 1747
4590 1501
4557 2605
875 3871
4972 484
4163 3970
825 2444
2640 2454
2985 1747
3567 4829
978 2104
1517 3142
4045 173
336 2740
2985 1500
2473 4112
2037 4363
294 1528
4192 3408
3487 2013
4769 4796
3640 1413
199 3204
3239 2511
1947 1112
643 2831
314 2410
1458 4228
1010 3494
4627 2521
432 229
2457 4929
3732 872
809 1723
553 4230
1804 4775
1241 154
4468 552
3815 390
697 1075
2849 989
4159 4866
1678 1876
4628 1725
407 2906
1825 1672
4561 425
1797 3697
557 853
4492 3052
4096 166
740 4710
1043 3108
2815 4140
2419 2935
1103 688
1321 1791
278 4340
3165 3107
3266 1137
183 1411
4630 1140
3504 822
4633 4376
1371 1756
4537 3137
2466 3533
376 2962
4883 4915
3607 3334
4766 3829
2689 854
4604 3733
4704 3843
1116 1096
3194 70
2198 3042
3794 229
2691 1729
2565 2352
1882 4135
464 205
2497 4502
4491 4481
4976 1789
829 3785
248 3967
1668 3862
189 929
4728 2279
478 2644
2894 942
2424 3460
4253 1244
176 920
2716 4085
3316 3000
1154 3473
4965 478
3246 1915
1427 4600
2153 237
4690 1555
4955 1989
2709 4975
4684 217
3856 2444
1457 1879
367 2449
1121 4443
4063 3264
1507 4103
1241 1864
4674 4275
4592 1151
3899 3594
1697 3949
2797 139
4091 4420
1826 1230
3458 4459
2296 4503
1618 4584
2941 4021
2496 3258
1480 598
1335 2350
4615 2522
3215 34
4854 3928
2751 78
1586 3927
2629 4389
1797 2104
4915 4040
453 1611
4569 3054
3672 566
3496 4524
1947 2925
3008 3398
4352 4074
925 2551
2550 810
4033 880
485 3019
2400 4979
253 4985
1113 1930
4962 1849
3278 2983
3539 1954
4687 4604
3347 4281
3840 2227
486 4371
2357 945
108 82
2902 4810
3690 4265
112 1629
1298 2762
1386 3932
1511 1704
3384 4037
3577 1700
3998 3527
1931 389
3552 829
1212 623
2421 2423
3366 3915
4843 1336
1849 2189
2721 1276
634 4376
2732 2033
2807 1902
3079 121
2435 362
4864 3341
4788 4736
907 609
3291 1556
607 384
1438 16
4276 3517
4780 187
3394 4758
4143 3765
4443 3441
2283 693
3377 2115
4671 4419
4808 4293
4295 2915
590 1682
926 2217
4934 1238
1796 2399
2141 2723
3320 4187
2989 4530
3829 910
2685 638
745 2579
3798 686
2168 1740
4051 3722
2061 2445
3936 297
4133 2730
3248 3423
1672 3918
4101 2551
607 4698
3285 4932
4086 4429
3242 1922
955 4879
4424 833
1603 4810
1135 4765
1182 4028
816 3799
249 137
4311 2652
2382 1133
4978 2188
1968 413
4613 3713
1403 453
203 1387
1140 1464
625 4168
4453 4225
3309 4378
4543 2005
1855 3664
4923 2054
4476 4172
717 1760
3427 1219
3325 3767
2940 4175
4984 2274
2036 1742
1998 3509
4939 2456
4043 168
357 1570
4075 492
2124 1851
3900 2382
691 3689
161 4699
1896 2437
316 1580
3231 1977
1805 824
2333 2464
982 1681
1921 2744
340 2982
3619 4896
2159 2352
2079 879
3863 4607
4973 517
2784 4212
4037 1421
213 3048
4554 2943
453 3504
2174 4969
2072 461
1921 1128
2280 3849
333 2626
3900 479
1356 2630
3050 2978
242 3476
2434 3403
4472 17
3728 4505
3642 2809
3452 2543
1326 140
2892 2451
1339 2124
901 862
3836 1552
1251 4461
446 1030
4167 1492
1402 3470
1922 2947
456 4715
3062 2554
1872 3501
2289 4472
1649 917
4379 2907
252 4130
3248 4055
2094 822
1383 1578
835 440
601 634
2020 2360
2603 261
4401 3357
3006 4458
282 4426
4763 4821
259 2815
1946 130
3354 3357
3073 4688
1511 2131
2681 273
1117 1266
3521 4736
911 655
1187 4203
987 3428
2978 3661
796 4287
3423 4693
2818 4412
988 4245
720 1142
3115 4827
3602 3203
411 1512
4071 4186
391 2076
1006 322
1344 2357
4090 1382
1180 4824
4224 1255
2122 3229
2483 3243
1596 3818
2118 1830
3598 625
4242 96
3838 178
4749 1379
1376 4450
3505 2406
4624 2028
2784 738
3112 2289
2053 4081
614 1616
2216 1536
2200 4560
3995 4098
2049 4611
4927 4698
3669 2654
421 586
1483 1556
3221 2639
3189 1332
2550 4765
2281 3292
3520 1590
4146 1248
3121 4797
2511 3135
4862 617
167 2536
4572 1294
4518 1933
2835 4861
4124 234
1909 207
986 3970
4705 2767
3524 2779
528 2084
625 1378
559 1160
1403 229
300 132
3364 3981
3730 2715
3357 1928
1250 587
4219 600
1710 1700
1723 3185
3989 4727
1578 3917
1676 1205
1128 4460
567 3382
3503 4346
3547 1537
2603 2864
4915 1047
2729 4823
4616 3116
3209 2266
784 1911
107 3616
3273 1014
4196 4551
1521 4944
1998 2700
1604 3470
4977 1646
4865 3772
2437 244
3708 4385
2816 2425
4433 1692
3060 4672
606 2634
1348 3587
3928 2738
601 4631
4614 1687
2658 221
2750 884
3599 391
3895 1
3747 4091
412 4997
2367 1916
798 2223
2914 2959
1158 2119
1897 3449
124 2712
2946 4488
1126 545
2217 1919
3362 2966
3534 462
1116 2680
2045 3904
2198 719
573 546
2573 4407
4098 3277
1930 239
2309 531
548 4798
1876 739
2762 4259
4420 1210
4388 1141
2600 1561
640 3736
3787 2479
3247 466
1571 3342
796 99
4927 2616
1779 2758
1103 831
3225 3734
505 3134
2326 4065
1752 612
3960 4578
1801 4035
4131 3526
1456 2638
4548 776
3031 2141
1229 4131
1555 778
3184 4047
815 448
253 726
4847 3840
4574 2016
4302 4817
356 3199
2831 1562
2735 658
3956 796
4108 2958
4908 4055
2460 2379
2256 611
948 963
3215 4520
1698 322
460 984
4191 3627
2830 3180
3522 3276
4606 3026
3509 2899
3798 4823
3958 2072
822 4501
440 1347
1204 1929
294 4919
4604 3219
321 2379
743 78
1395 170
2501 3549
690 1645
58 1541
2017 3103
3288 698
4876 3333
1098 2328
3502 4690
2363 3041
183 4444
430 1274
1927 1121
840 465
597 31
2288 1990
3488 4096
502 2784
3322 1183
4689 3605
1367 1746
843 3875
4291 2889
2858 2361
2805 3313
3044 1990
4503 3714
3032 4699
607 1314
26 405
721 4266
4145 1051
1557 2773
1339 1237
97 1295
4469 2143
4952 4406
3206 705
2887 2793
1979 3110
1143 39
296 1292
238 1817
819 4848
730 593
4874 4570
1133 1160
4968 4510
2191 1487
4005 2783
3363 1282
676 4708
1648 4517
3099 968
4505 1800
3925 4702
3137 4839
939 3362
3610 1900
2682 967
4665 295
4899 2685
1986 2242
3187 1611
3554 2665
750 3211
1209 3754
1129 1521
4228 4824
4933 3143
180 3789
1787 2980
698 2984
4825 4749
4601 2358
2393 1557
1996 1899
3863 452
2383 4273
1895 2109
1697 3904
4112 1652
381 3834
2167 1057
342 2600
3073 3230
3721 1549
2658 4538
2031 2338
388 1738
3227 2614
4499 2054
1385 410
4735 2017
1481 1511
4194 663
2027 1983
3592 3171
817 435
4616 1235
4483 2248
513 597
2699 1176
2379 2056
1817 384
4320 3467
1996 2713
1253 1158
4700 42
4076 2581
2728 3208
3504 1698
2485 3661
2922 3842
1503 847
3295 2003
3958 1856
1013 1445
4577 203
1624 1309
4769 997
2652 4377
2572 96
4314 3467
4892 4060
671 1005
2675 2443
2025 2852
4720 2722
4593 2204
1045 4947
3211 2495
4898 3483
3520 4601
4810 977
3138 3571
4559 4303
510 1530
4511 3446
1992 1285
1967 3362
743 1394
624 3506
4675 1199
2426 1060
1152 1277
3518 4615
4765 3799
2876 4380
3075 776
3439 4676
1184 1355
3729 2107
2391 2855
2465 4870
3183 4899
4695 1022
4348 2540
2043 4727
4683 795
588 14
3298 941
4182 2600
2157 4369
1259 4740
4015 143
2540 2872
792 2857
3565 2801
3017 4677
3007 3937
1187 4100
201 3634
76 3893
1985 3029
560 1414
313 3340
2824 4906
257 449
3952 1793
4259 2084
3511 2570
3718 1239
2026 1280
4460 3324
417 3158
4096 613
4013 581
4851 90
4249 4782
722 2710
2574 1565
3930 4488
29 4035
757 4691
4849 2331
2326 3392
1519 182
2880 1573
4989 4218
771 2459
2130 1169
4416 4395
731 154
3937 4318
2513 2414
790 504
3930 3414
4470 3096
614 4611
4651 4232
1810 4473
4638 1674
3463 2392
1091 469
2783 2612
3598 4368
4817 1460
2557 2215
3739 3896
2274 1434
1641 1614
2123 2541
3670 3490
3607 4927
2753 152
2222 4116
3097 4229
4767 4278
1669 1019
1530 4304
4938 3109
1176 98
121 4190
4235 4665
1338 1078
4644 3762
4487 2575
400 589
284 403
4745 3764
21 2811
820 2189
3658 642
310 4344
444 2932
3221 2897
1389 2013
2443 4925
1921 4754
1720 1712
474 4052
4314 4045
1502 2011
855 137
1901 3158
4372 183
4871 3043
4300 751
97 2857
2893 768
619 4206
2969 2018
2640 322
1985 3474
3790 2987
1403 1660
2235 2429
2432 4195
563 3460
892 3554
2097 430
869 3953
3389 4705
2404 4988
4998 4526
479 139
2291 4207
4401 1370
3403 3858
4005 504
1766 4523
3025 3692
2162 1575
1686 4260
3345 2659
3828 3103
763 3697
1907 141
2917 1638
1796 4915
1673 1890
4491 1766
3149 3710
469 1875
4982 2163
4969 3769
859 1832
229 3803
2814 201
1958 3151
1606 4172
2435 1765
1485 1776
4095 17
2788 1713
2918 368
2131 1808
1650 4312
449 1861
3000 4885
2093 4289
2511 470
1285 4260
3424 3345
611 2511
224 2072
1562 2088
1138 1925
776 4832
97 2687
319 911
1817 3564
2364 4418
2434 4066
7 893
2968 177
2206 312
2291 65
3909 4878
2984 4662
3139 3923
2145 2575
3832 4531
1714 1233
2848 726
3311 1698
4846 3324
3953 2513
3098 2033
3009 3540
2623 3559
4588 2640
4471 474
1621 1308
2891 2173
3481 1228
4247 2803
4281 1065
1551 4537
3637 986
775 4961
3715 923
571 4962
4306 3976
4610 2071
2486 4097
375 2759
755 2279
4805 1166
4903 290
3791 1585
4999 1253
1643 2748
3574 2572
2500 697
483 1346
3210 985
3608 2237
4690 4871
2368 526
2048 1155
603 4334
1802 1728
2718 1000
149 2949
1642 4953
3332 857
4927 583
3350 318
4213 2628
2957 2738
4151 2834
65 522
4386 3927
2204 77
1750 4356
2010 1232
2828 4768
4259 3665
1814 264
4980 4704
2572 3522
601 1369
2515 3128
2567 3349
3109 3058
3925 86
4928 2300
36 958
718 1029
3151 3945
131 1106
3307 1435
4549 3972
1766 130
3352 4964
4292 2337
3578 4970
4734 3075
121 1021
1578 1242
4501 890
4820 482
2261 2585
3758 3412
4691 699
2017 2616
2961 977
2941 400
1414 2822
4876 3222
617 225
1395 2954
2678 2890
316 1758
2092 1551
2253 2162
4719 4594
1778 1304
2733 4902
945 3291
4446 1918
2418 1001
2875 2112
1859 1675
2553 2895
4179 548
2496 881
1700 3376
1044 3739
1160 13
3360 3340
559 1514
4703 2219
4494 2253
3233 3942
2184 4245
1563 4737
1964 0
2858 2581
4437 4151
2466 4801
828 490
4545 4689
3216 4973
4297 3637
1601 3777
1529 3832
3045 3519
2520 1134
4940 4305
3694 3552
1624 2696
1290 1411
3837 3249
4859 4533
3739 4543
3022 562
2735 4558
2372 4424
921 2212
2464 3728
3676 3895
1762 694
1019 2695
2796 2330
515 1831
1053 4601
1004 403
3213 4618
2543 699
2654 936
4413 654
4118 1090
57 1440
2272 4824
2415 3368
4827 2256
4312 1555
2398 2977
3226 3722
2364 4626
4382 4922
1158 3907
1346 2346
1150 4265
1445 2418
4668 1612
1573 1583
2215 478
1882 3378
2657 363
1598 411
2114 3035
3095 2633
3218 4666
4295 996
149 215
2665 1688
2609 266
2205 67
758 3601
4837 2491
3669 2576
829 2499
1028 117
1112 3610
2953 4365
745 1415
1892 3802
234 1642
1366 2911
2827 2666
1358 3554
735 1257
3160 2857
3356 568
4257 1862
3165 1692
550 2317
1032 2038
4494 3600
964 3547
3040 305
3438 1730
4292 878
2171 4410
1257 3592
1336 1340
4916 2243
3007 1157
2431 4124
4565 2583
861 1034
3810 1639
2800 234
3097 3131
645 1460
3773 2561
2368 2434
2414 4834
894 635
3492 4936
1264 3234
3540 149
3429 2379
4078 2735
4904 816
503 401
1773 3314
1887 3066
561 2364
4987 1576
1101 1162
1167 1001
3428 35
454 3407
219 514
373 293
2799 3575
856 3128
2187 965
2360 3467
4160 690
3347 3353
3114 521
32 4731
3405 1893
389 3780
11 384
4106 1613
3545 299
4382 1201
642 2969
4387 3148
4247 4003
3922 1829
2175 3286
2049 1836
3703 481
3077 1146
3534 4529
4599 3648
2491 156
2101 3119
3746 1683
164 1020
782 436
3040 1368
1485 4569
2402 1694
1169 1864
1157 1757
4503 118
4903 459
237 2759
3793 1306
4691 1113
3543 1576
4894 226
3014 778
1912 4884
4335 1649
2748 1061
1831 3931
2711 1964
1172 4329
572 3805
1810 2666
3331 281
2346 254
3683 2972
2163 244
782 282
326 4238
1725 2158
2500 62
2609 1848
1106 2819
3204 780
2450 792
1078 4039
3422 176
1221 3846
4086 576
2032 4357
2649 2972
2173 3642
2852 850
232 4341
2738 370
321 3775
1878 1916
1098 1584
42 2895
2653 485
1178 3400
2471 2466
3408 664
2451 4512
4939 3719
627 107
4826 1055
384 104
774 4823
1333 2819
1546 4014
4119 1619
1712 3846
2992 4762
4851 25
3311 4509
4301 2293
4607 185
479 1946
4786 2938
156 1585
4903 1319
4529 1801
280 2588
2746 2803
2682 883
4579 2939
4593 1661
2873 2069
694 4735
2382 3302
634 766
829 4737
2101 2420
1098 4941
4171 2286
1854 758
867 3276
2308 11
1436 4587
1609 3208
3149 729
2561 1571
1952 4475
54 212
4550 4218
2157 2046
656 4668
181 937
237 1427
947 2504
3872 2814
1925 315
4030 84
821 4391
2439 3590
4658 132
738 3416
580 2832
2224 3171
1044 3359
316 2042
474 4180
1846 4227
2915 2517
2201 308
1885 4292
246 2535
4415 1032
775 3827
1892 1918
2334 4067
3414 4323
4624 4053
1522 4929
4297 4855
1916 1958
3000 4476
4822 3937
4179 3349
2143 2557
4558 3591
2351 1813
2998 3053
4032 4756
4655 2655
4328 4569
1504 4880
3174 2614
3250 1828
1420 4212
3079 1329
1971 323
1396 1645
1963 480
4431 3788
2356 1932
2612 3812
4445 4076
4950 3879
3730 3516
3320 1325
2615 2258
309 4376
4501 4863
4382 4381
923 2344
4891 1950
677 1559
1816 2074
3510 29
1814 4794
2440 2875
395 50
1236 2752
114 3706
1196 2857
3831 1594
955 2728
3162 4238
4029 2442
4968 2518
91 1588
4922 481
587 4397
2756 844
1434 1886
1274 436
3268 1557
930 4072
2090 1877
4861 2455
1470 2406
1863 4926
3003 3637
81 1331
633 1356
306 4562
2800 1303
4383 759
2050 708
3734 2148
4519 4863
4079 4049
1349 2738
379 1893
1396 188
3087 1746
3229 3471
1478 3929
1938 3201
1539 1347
3739 2109
2269 1597
2804 559
4243 2962
1371 204
3797 2766
2802 1188
1048 3007
4112 671
3055 757
4583 2646
1784 2181
302 731
1738 2219
4948 1598
4369 414
3009 4849
1550 2783
1546 1999
3339 2316
3959 3127
1452 2551
4882 1591
434 4949
2174 631
2083 1025
3409 1244
2423 2247
2747 3266
4687 2415
935 1322
2985 3682
2441 630
4849 4059
3605 3128
4498 856
3594 3306
4782 547
2877 4353
3509 3687
106 3520
4650 3271
3433 1919
123 1196
1129 519
735 3113
4464 1777
106 4885
1222 2411
4270 3518
3934 1359
4135 1453
1308 1766
4229 4854
3593 152
2059 2980
941 1795
4222 977
4513 1508
3293 4492
2131 4773
3288 313
856 120
3535 1648
29 773
508 4890
475 1069
1789 4445
3014 4515
2398 1288
1292 2849
886 1816
2771 3573
896 3812
3692 3622
761 2919
4295 2742
3768 875
1011 1143
4888 4158
2805 3587
1052 3002
3599 2187
1425 3683
194 2496
1809 2866
2264 2281
2791 1892
2118 3874
3037 3787
1015 3150
2736 4202
1122 1825
134 3913
3884 1128
1615 1349
3308 1106
1550 1384
2922 3700
4957 3668
3819 98
1620 1258
239 3892
4828 3464
4844 2136
1935 3100
942 3064
3758 4777
1611 4866
3715 1765
600 4696
1519 4011
4608 81
3238 2782
3833 1490
936 3275
760 1584
3496 724
161 3943
200 342
471 4323
363 3829
1860 2481
2140 679
3765 4297
4321 3980
1224 2291
4847 2923
2882 2838
1096 1342
334 4249
4154 1758
2685 3139
1048 297
218 13
78 308
407 4708
3530 963
561 982
136 1319
1237 4419
1954 1156
437 3480
4050 2016
614 4841
4168 1745
1930 2717
4977 871
3873 102
3196 2417
3755 4889
1849 323
4560 4537
1616 2060
1252 2724
4081 4924
4624 1397
1422 2168
1928 1950
3083 2857
4335 4741
2494 3881
1821 3333
74 93
2678 243
3160 1441
3412 1176
3279 2502
4648 3073
1594 3758
3663 4403
3033 2181
4482 1951
2115 2979
966 1868
1934 1037
190 1978
836 4873
3851 2636
2985 4362
1566 830
2108 1009
2882 3942
3349 1510
4744 414
695 198
2738 850
2321 2870
2343 3942
2709 3484
4104 2351
970 3981
1725 919
4792 2803
413 2627
1961 922
2285 1307
1471 3494
1917 4140
3816 2122
1481 489
739 4639
1986 2552
4078 995
1851 4752
809 1142
117 102
3447 919
48 1822
3751 1231
2226 2793
4191 4589
3172 1619
4097 3026
2306 3478
4100 2381
3503 4487
648 3123
3251 1174
2297 938
2290 706
0 1999
4382 1205
1331 2462
3675 1055
3092 309
3667 780
1217 4309
74 4757
1844 1319
2604 1177
704 3774
734 1232
1154 3015
2292 996
4839 3867
2929 4110
503 2105
93 2248
3016 395
2800 4103
1584 272
2594 998
3112 3305
969 2832
4735 188
1269 2984
3959 3902
2627 4939
975 3692
1954 4318
4970 4339
275 2118
33 2228
4841 2406
372 2879
1985 2236
1516 4657
4374 3680
2233 3911
1302 1899
596 3201
4035 3223
4817 3008
668 1539
357 261
3590 2434
1971 3183
43 56
3108 4115
3086 2663
135 1717
4910 549
854 2025
2775 817
1256 2252
3244 971
59 3143
775 2838
3956 2061
1741 3701
1520 1396
4948 3910
1432 2177
2733 1004
1801 1275
2205 1324
2599 3966
3183 3552
1159 4685
4703 3911
1885 4997
1519 2199
1413 1940
3960 3577
4803 3563
3557 3952
3331 674
3604 4767
4676 3096
3491 3333
241 3401
529 89
3313 3299
1695 2217
2797 2705
4878 4586
4953 2836
1012 2291
4905 1068
2448 2363
3370 1410
3249 3603
2045 4518
2809 47
76 895
1674 4206
3863 2428
793 4080
2790 553
4497 4948
2204 4023
349 3884
642 4745
1771 913
1278 1972
3622 2844
3225 748
3525 1587
3900 4876
179 4606
1495 2615
849 3487
895 901
1190 2028
1340 2824
2835 405
1484 241
676 4130
4598 4384
2132 3777
3499 3032
783 3976
2649 4443
2369 1950
2770 98
4971 3063
665 896
3009 1946
2555 976
2100 2610
4199 4098
4858 1478
1847 3143
4624 4804
2830 4648
2603 3706
549 625
3381 4840
3655 2862
4852 3123
2528 1738
3921 588
2681 4720
4164 3418
940 1562
1130 2234
4668 4042
4751 1538
4161 2199
744 1334
2827 4065
3351 4806
482 535
4002 3510
3070 106
3800 3351
3907 1091
1761 4072
4969 2948
2326 2289
30 4267
302 4142
760 582
699 1773
2767 1324
2782 1256
2403 4108
2824 2928
4516 3410
1132 417
1441 4010
3023 1416
385 2981
1258 3598
205 3432
4321 4388
4456 1539
432 1941
1204 1925
2371 4529
2111 1097
2226 2611
3085 448
3213 4997
1398 3212
1154 3837
4299 3852
3076 3468
3222 4394
2012 2313
441 4884
651 1997
1503 4536
4327 134
3869 4587
3011 3152
3160 2634
3520 2920
4952 4916
1589 163
3321 2802
2175 4763
2115 1980
551 1178
4430 730
4771 2427
3179 2113
3500 2895
2526 4887
2884 3320
72 1865
1815 3832
1736 2229
2730 2192
3703 2165
3631 1486
2979 2112
3009 2132
1547 4628
2683 3997
123 1047
1770 1936
1298 2871
4479 874
1759 1604
2080 1332
4321 4360
4470 2701
3161 1455
1532 4335
2606 2225
1075 4874
2768 620
3267 1165
3361 707
4603 4912
3760 2777
4666 688
7 76
598 3649
427 2956
4401 4268
836 4300
3911 2136
4122 3712
4061 2001
1195 3199
4457 3732
4748 4490
1890 4584
1334 4074
3882 3876
2288 3575
4713 647
1265 1627
2626 4484
3518 97
3181 4242
1418 3909
2810 2635
4811 2591
1271 2428
4728 1760
3159 1232
1924 1582
3403 3982
3045 4798
4771 2185
2768 2636
1878 3537
1158 2611
1770 2935
1587 2772
65 3105
229 2108
3282 2376
4501 3857
2253 1350
4094 3149
1391 2332
3194 4360
1413 1306
4264 3408
4715 2830
4056 257
2442 384
606 250
534 1500
2822 2829
4736 807
1578 445
3762 4487
1109 1015
963 1484
2013 1052
3742 4337
2013 631
2095 4683
4835 672
2832 3584
361 4314
4788 1762
774 4956
2020 4660
2932 4102
1140 2871
1964 4816
905 4824
1860 2600
719 4384
1144 3492
520 198
2856 2274
1373 3862
1612 2422
2446 3573
1803 3334
2897 2334
4351 1579
1894 369
2924 4154
4370 3012
3961 1647
4988 4711
4551 1037
2586 2973
3957 2261
4167 552
3942 2489
3483 313
1564 2529
3307 3678
3171 1557
294 4317
3220 2168
4808 3161
1487 705
1641 662
1205 2022
1153 3034
1267 2481
1895 4427
1691 2482
1353 633
3769 2895
1763 213
1723 858
3908 2736
4679 1218
1594 1988
584 683
3223 1270
3357 2054
3448 314
3340 2445
4529 4669
1734 4150
1883 251
1347 3095
278 2234
606 3349
892 3059
4334 4174
2035 4741
2203 341
3278 3285
2851 284
1066 2899
784 3537
4696 4885
1031 3927
4243 3468
4122 1745
3524 2419
124 2361
2649 887
3473 1875
373 648
709 173
4240 2120
4273 3022
4417 1385
4680 2376
1732 1111
4352 597
2894 2564
207 1470
1950 1744
4800 3456
1092 2817
2442 1819
1857 4990
3531 780
3752 1687
2187 307
3204 1591
3961 3501
3647 6
511 1086
4702 3839
1973 2272
4020 1555
4918 871
2079 3824
4733 1677
1321 45
2612 1257
4119 1184
3856 243
1046 1387
243 2794
1972 4938
59 2555
2085 4944
3216 3712
1784 3302
2465 416
163 1545
2542 4802
3172 2795
213 17
4732 2747
1661 2490
985 910
3889 969
3888 483
3551 2280
3033 3030
4705 592
3660 3785
3110 2491
182 4371
2466 9
2977 2473
4038 2034
3820 3205
450 3378
3091 1632
172 4199
2450 3836
2613 1728
4954 2837
186 3593
1279 1673
3892 2370
2591 2171
4705 1494
3434 4684
1416 3321
629 190
2622 4186
4103 1843
2111 4250
4291 2554
1634 1692
1439 3567
2553 331
561 3832
1852 2165
329 1897
3801 4317
2105 1577
1225 519
4257 4243
1564 2064
56 1797
238 2780
3151 278
3683 4699
738 2820
4524 502
914 2165
841 2738
4106 3836
777 939
1914 1068
4440 1238
4395 3433
1259 3853
793 1500
886 1581
1218 1173
3457 832
3498 87
1612 2476
179 4160
2683 2621
434 3963
2755 1091
2246 1680
1319 2014
4186 3478
605 4961
2066 2305
1985 1034
3682 2000
396 1879
4549 2468
1121 4988
4859 1184
110 4193
4521 3473
2203 1312
375 357
2235 3185
981 1222
2986 3208
2643 4940
4924 1489
3612 310
1391 2538
3103 4321
3205 4484
3465 4045
78 1970
78 2373
3706 3747
3190 4990
122 1784
2870 3803
3714 3963
2932 4830
3290 1957
3968 4646
2234 2082
2835 2034
1566 1374
4119 1750
2796 2218
3796 1953
1629 1211
4583 1492
4044 3220
4503 4398
1216 3878
2864 4898
1834 3858
522 3299
4056 3325
4630 1298
3335 3724
105 4596
1748 1710
1302 1176
3724 2399
4908 3028
4897 4353
2486 2271
3458 3958
980 3418
624 1957
1902 4871
1779 2906
669 1088
1620 1478
3059 2068
241 4352
3908 229
4705 2019
4249 4349
4612 3545
2179 3628
1400 4391
24 3505
1210 432
463 1015
365 4654
2046 3020
2369 3827
1137 2300
3972 316
1044 2102
2997 4095
4496 2515
816 2388
1684 4745
3727 422
2729 1670
2258 1716
1852 1624
459 1237
1705 2078
1782 4908
284 4498
4918 3830
1813 333
355 2800
234 1191
2917 1589
954 2250
2168 1551
3355 1279
4570 1937
2442 4544
1406 3076
4449 1337
3919 4232
783 3944
1974 4759
4457 3557
2900 1202
4108 1808
587 3
1879 2034
4596 855
2721 4642
3881 2906
4976 2834
2198 767
1364 4888
4113 1719
1900 4906
1141 3340
1513 3557
3179 4636
2896 645
3658 744
2021 41
369 2631
4326 2615
2027 2448
4752 4467
961 2327
780 1987
4325 2400
2518 1890
2965 2011
4805 2007
1846 144
2557 2402
693 3292
4914 4715
2809 802
2110 986
2490 3321
2564 3681
2817 855
4197 3122
4870 4282
116 3623
3113 777
1520 2498
1041 4661
57 1527
2026 3956
1246 4780
3907 2104
3956 2215
2331 439
840 3805
4211 1414
4035 2767
1730 2472
4345 2134
780 62
2804 1643
3640 1800
159 4602
2231 3578
3678 2676
1979 4506
2460 2709
3859 236
1362 974
994 2758
1703 1037
3803 619
557 4483
3668 2831
2872 3320
2130 2937
4471 2944
3755 1267
3520 3079
3000 4020
2521 1663
1266 1507
285 2299
4443 2240
3014 4265
720 1438
3383 283
1544 3203
2249 2251
3193 3509
282 4950
4906 4682
192 2520
4136 1908
2374 3608
3447 3738
385 2552
2962 851
236 1501
4259 4787
3770 1922
4447 175
3950 3695
4836 3097
352 1111
4953 1383
3887 1893
2064 3659
264 1583
2243 610
4912 632
1413 3085
1428 107
3564 1152
2929 4243
1942 4515
4246 3685
112 4332
3844 4868
2389 394
740 4321
2764 2675
1257 1945
820 1731
1059 906
3982 4454
4239 4396
61 2654
4138 2611
1713 3099
2672 2276
4580 2204
1503 4322
1959 3402
3593 146
2628 440
1802 1661
51 4459
675 2701
2919 3920
1663 920
1893 1571
3318 509
2957 1081
1704 4307
508 1675
4906 1510
2901 3661
2123 1193
2521 2909
302 4609
1084 4698
4987 2953
4025 504
779 1830
4354 4814
1692 946
4232 4304
189 4946
435 1400
86 1803
916 4277
3866 2405
1579 4030
2973 1574
1126 2254
3326 1429
3466 4976
1961 2183
676 3000
3939 4927
3954 4512
213 2350
2539 485
1985 4148
941 2315
3310 262
1454 3405
798 3865
2748 4214
4335 3170
2698 876
3194 2243
2552 3136
3088 2383
748 3420
3980 2036
352 3718
2087 3793
4958 4457
4122 1792
4393 3766
490 2218
1292 4435
4084 2188
2414 1165
2042 2430
2205 1975
1912 842
1772 754
2320 2393
2095 805
3730 2351
1712 384
1569 3427
2455 4678
88 1625
1774 2292
3235 1144
3792 1748
4254 654
1339 3812
1797 848
1053 1236
4015 3051
3645 4312
989 3787
2559 958
700 595
4675 3531
1414 279
791 4907
2997 2598
16 2207
3798 615
4529 2049
1715 4899
3940 1826
2112 1729
4028 4980
4919 2605
2775 3920
1975 3280
2907 4423
2276 4979
3002 1175
2874 4686
4528 2472
429 4624
637 2258
4041 3649
2453 3427
3472 3900
2620 761
1406 2003
3700 1894
1963 904
691 295
6 480
1466 4075
1392 960
2571 4011
871 769
2176 1532
1984 901
4729 2189
126 4905
1572 4147
573 1387
4973 4613
2145 2760
2079 106
4491 3892
671 667
407 1115
1902 2734
3229 2818
4358 3293
411 3042
3047 2338
1228 407
303 2339
1485 562
3847 1962
2315 2034
4623 3392
3916 4726
3299 3423
272 1545
2969 4357
758 2258
3014 4090
2830 663
2605 609
2202 1073
4226 4010
2955 4817
59 3652
977 440
2807 4109
1255 1880
3075 1470
552 1023
2663 1669
1035 1355
4158 2639
2029 1251
3748 3271
3249 241
1886 393
3420 3291
3335 1834
1143 140
4669 2265
3277 963
1285 1859
702 4844
1968 2515
4616 2050
1627 4407
1781 17
1999 3981
201 4999
4064 4762
4887 4079
851 1203
1738 376
2390 2647
1575 3981
4491 3740
3806 2453
3793 1679
1643 667
250 1791
4789 163
2958 4540
2381 1190
4902 1676
772 3261
2459 3266
2999 4726
120 4675
2536 2785
2151 1636
1819 1900
1235 3108
2792 2584
3407 2411
2688 1210
1476 4346
134 2731
3706 1560
4262 81
842 1290
1954 4738
10 2608
2277 935
1941 1403
3289 2409
4364 797
3677 1713
4438 2779
3801 4296
78 1288
2851 3196
1376 2510
4609 3018
2918 2921
948 1017
3106 1839
1367 2178
1280 350
3431 2210
1691 736
4435 1353
1284 4637
3312 1230
1695 15
4882 3294
867 4358
3567 1879
1276 438
3853 2585
3744 1378
1301 3771
4282 440
4881 4494
3490 2712
2196 4399
3006 1471
1367 811
2012 3075
3604 3169
2712 3859
345 2313
2821 2959
3952 4101
1661 3210
3318 958
4623 733
1510 4222
2750 2558
4054 2281
3264 128
3226 300
684 324
2968 4919
3510 3759
1026 2392
4502 4599
2232 2438
3145 2703
1290 955
145 2869
3744 3793
3768 2608
2698 2599
1118 2079
208 2994
238 2034
1681 308
3824 1071
381 1056
4788 556
692 3852
1670 694
156 2910
2537 158
4526 625
4093 1399
1675 4114
2040 1406
3035 2368
933 4698
3335 1863
2148 1395
3528 871
2585 4869
4301 2698
1702 1439
4393 633
1172 3280
4945 1136
4691 3327
3450 3846
4710 4476
3105 4655
4082 2902
66 4633
4754 3806
4309 4566
501 680
1807 1820
1205 3493
4059 402
2391 1707
750 3923
1301 4975
219 4960
569 3679
3462 375
4347 3408
2981 4519
1692 4000
2772 4304
853 1922
3501 3815
1880 2477
245 429
1430 1272
200 3248
3915 1854
2911 4334
2667 4889
3588 672
4817 4994
4068 3590
2011 487
479 3584
2046 4422
4693 4808
774 2596
483 1915
2791 3669
2554 3826
166 1113
1022 1527
35 3737
719 4655
3492 3218
597 3756
4610 1846
2167 3616
275 4092
4023 931
653 874
849 3730
1573 2226
1633 3157
916 2378
55 3177
4747 4646
4256 236
4246 1957
4307 4471
3644 3467
1099 3970
2974 2385
4803 984
2504 1736
2608 1714
3021 3688
1376 3892
796 105
4284 4057
3839 1087
2981 395
2220 1005
2180 3801
4291 3150
1134 4607
4185 105
3735 4239
1466 708
4967 4454
1958 777
4224 4142
3893 2976
2014 1221
503 4888
1413 2670
3755 1288
2597 2661
1088 3187
2395 1923
4335 3443
4778 3740
3985 1361
1277 239
1030 918
464 1625
1117 2267
1912 3614
215 820
314 865
4189 4034
3930 2483
4627 1762
4707 3895
875 3480
4876 3394
2189 3707
987 2864
4485 173
4964 1182
3954 3524
202 2358
2134 597
465 827
3795 2699
1351 3639
23 1952
3785 2348
1930 1224
1735 1210
3993 1764
2293 646
1975 1782
2059 2904
273 2587
3831 648
4960 208
1303 1451
1511 4557
170 735
3775 1433
2185 1386
3630 406
2545 2575
1330 4360
4391 2347
1121 4696
758 2803
441 2704
68 123
1536 947
2143 4865
3756 4426
1155 141
462 4959
2377 1877
994 4120
2599 242
3456 1884
4650 3150
782 3490
3522 928
1435 4017
2524 4779
708 4247
3040 3147
2347 778
1745 4543
4008 587
5 2179
4796 4892
1949 4957
4588 328
3430 501
887 3210
134 1253
366 2225
4270 3758
1518 1379
1107 366
2891 4548
4042 4354
3694 3974
3207 988
4926 2551
3802 1492
2983 894
3138 1988
4547 4685
4260 722
663 2038
2462 1922
1694 2491
964 2862
2500 346
2805 3889
1186 4881
3618 2305
3467 3157
3649 2224
1414 1231
373 3596
4012 3661
3678 2134
1419 2986
611 4894
3517 717
3930 817
3444 3169
4964 3284
1812 4239
3929 725
2635 1844
3274 3952
2882 987
2379 4457
328 333
1246 3522
3902 3053
3878 2447
481 984
665 819
4254 4972
725 1979
1612 277
2464 1803
196 408
100 1172
4835 3488
3008 546
4242 2914
1490 2690
4205 2346
1550 4251
3246 3573
3558 1128
4332 1407
33 1669
2704 2682
3349 567
3053 1653
4641 4092
727 312
3250 3084
1435 3775
520 8
6 1711
4134 172
383 3897
1793 4171
2280 2589
3766 2376
1809 3382
885 1311
4387 4003
2657 2803
3026 1591
4117 4699
2474 2694
4620 1764
1010 4850
2520 3171
4664 1262
2656 2741
468 443
3250 2664
3245 4264
2882 1801
849 62
3208 3454
4876 3395
115 105
4167 2792
4196 3488
1111 1539
1904 6
4334 1442
3996 1655
4675 2091
4572 101
4044 4106
3811 1193
2696 2045
2877 4304
4483 3440
1616 2577
3621 3054
1144 139
4479 3859
157 2399
2040 3790
4529 1931
1902 2197
4871 3086
3182 3881
2875 2959
4420 3521
4810 3826
152 360
892 3048
2188 2157
2353 1731
4137 795
1320 3037
775 2077
643 3678
4303 535
3786 1414
3613 3969
130 113
4438 2915
3974 728
1129 4234
3962 2959
567 4547
2783 3947
2597 2801
4166 306
4449 4640
2882 1784
4894 4872
4971 899
3002 195
4679 3515
3260 2673
643 3612
2033 2044
1257 991
4163 35
2705 4893
2531 1968
4571 2495
2813 3738
4727 2900
214 4280
4181 2034
2095 3279
3586 2926
1492 4081
1957 1277
4825 1027
1566 1738
2374 1758
1408 1810
2126 4702
4923 4428
2903 4875
3481 4943
2366 210
4956 4463
4291 4389
1643 3842
4517 3069
611 4992
674 330
2727 4024
2156 4390
532 2334
4486 2398
649 4522
1040 3924
155 3949
3863 4706
530 3697
1187 2973
531 1266
3955 3201
1617 1434
284 47
4919 3568
2691 2621
4216 4288
2291 4400
895 4572
4955 1095
3618 482
2577 3198
4133 3128
3264 2786
1902 4207
903 1789
4176 487
1202 1096
1918 1976
534 4397
2130 1518
2751 4374
4318 4027
29 370
1788 2714
1069 2964
1905 4507
43 425
2485 4659
1808 1953
2116 3148
4121 3711
4409 3117
2189 3343
4473 2642
1817 2369
2817 1687
1196 4875
747 3711
2387 681
7 2838
514 3329
2721 1565
1017 4019
4656 1817
230 3198
3745 4677
383 2258
163 4726
2633 673
4569 4702
3102 2023
1174 2632
4180 553
3659 4160
3634 4315
4478 0
1435 1802
535 4716
3592 2426
1833 4681
3507 4476
704 2099
1129 2613
3737 4270
3477 2584
1588 2977
4967 2025
2106 4643
4805 4817
520 1690
2881 733
4440 2273
4947 442
2881 3536
1876 1653
4253 4910
860 3074
3453 3966
1029 1666
2025 4413
566 1329
2941 4626
1278 2854
2389 4638
928 2324
632 3595
3784 4932
4629 1318
453 312
542 1925
4432 526
7 1312
4771 4535
377 1099
4436 3984
3583 4570
1572 3423
283 962
4750 3807
3784 644
3990 553
2833 693
2246 3644
1968 223
4364 4591
1950 4272
169 4364
3831 3959
2660 3252
2474 2387
413 2109
2603 3781
4483 1186
2789 3296
352 1585
929 3997
4780 1960
613 3342
4638 4383
72 2255
13 3380
2607 4998
3709 765
634 1657
3127 529
898 952
4525 392
3345 633
2038 372
4480 3127
3090 4902
2929 1705
2422 788
1533 3191
1732 4139
606 966
436 736
332 3448
699 4924
3232 4668
4763 2626
248 4137
2576 3799
4015 1537
4054 185
3423 4964
204 4538
4267 348
587 97
471 1193
4545 1157
1874 1391
4308 3784
1015 3793
1001 3769
4153 706
4068 2728
625 3615
1274 52
1991 1024
4695 2693
408 1402
3677 761
40 1575
2174 3809
2888 4193
4138 174
4111 1743
195 1689
3521 4760
4824 2861
329 3177
1668 129
2607 973
782 1400
439 1758
2909 4212
3585 1221
2074 341
1658 4575
1098 4801
4736 1107
3594 1710
1851 4161
509 1912
2919 2540
3761 1528
2450 349
2651 4176
1911 987
4942 3743
4483 4069
2461 1974
661 458
3667 2935
2603 3959
3580 641
3817 2834
1160 3640
3598 1796
4528 2888
73 2845
3147 3304
403 2604
4450 4161
788 216
4152 3253
3778 1204
4124 1571
1094 4603
763 161
1891 4839
660 1411
2377 1187
2665 4938
4344 4073
2809 905
1781 4421
2591 515
1024 323
834 3998
4205 4274
1805 383
375 2878
379 4363
1406 4755
1923 1297
3462 782
148 3363
2869 4820
1518 1983
2020 140
554 4858
4895 3192
3938 4580
3974 1745
367 3403
4957 1454
2263 1078
1679 2581
3838 1449
2160 3156
1349 1378
4655 1655
3240 2542
2745 957
411 1341
3571 2931
3409 1506
690 3054
4991 4391
4162 2319
1226 1577
1812 3849
4321 4601
3183 1524
1324 4553
577 1605
4735 1720
1258 2594
3062 4476
3923 1304
2008 4214
2350 2234
2513 4379
1597 1589
4509 182
1102 413
2837 3987
1655 4789
2294 2500
1100 485
1303 2398
4166 978
933 2237
503 4941
4406 1094
968 2003
3205 2373
2751 2628
2731 2957
3554 4055
843 2512
4850 1799
4949 1107
4770 4179
3842 1587
4778 3120
3028 22
1537 3416
296 986
3313 4077
4606 3083
2266 3448
1723 3347
41 3753
2043 1965
1983 2309
3656 3269
273 4815
189 227
4608 2246
657 2283
1336 2356
498 914
2104 3410
4116 266
4938 4508
514 2213
1715 1642
4043 3702
4047 3260
2193 237
2697 3640
3587 2874
4852 921
4611 4321
3029 2314
3406 2095
2379 3580
924 3233
1219 3446
2663 3930
348 880
2031 4328
1584 4151
2464 3789
4550 216
4046 2027
283 1345
869 2817
4618 2721
1738 1669
4897 70
3518 1843
151 4565
3742 3438
4564 64
1451 3614
1769 3562
2713 3325
3275 2410
2449 3890
961 2573
4296 4039
2300 1410
4211 98
3596 1096
2678 4858
4527 2894
2904 3688
4731 1586
1250 1747
253 626
3857 3264
3996 2817
1649 3949
442 3405
3222 1385
2305 3939
3998 3457
1830 2310
3452 3793
1619 3712
2561 4644
993 2911
956 2795
3762 1779
4346 3407
914 4086
3613 2790
645 3650
3120 3941
3901 2183
541 2215
1524 4123
2052 2386
3037 2645
929 3528
218 2572
102 4716
1934 1174
430 3370
358 4709
281 2323
1043 4181
4295 1922
4732 4321
832 1473
635 3605
3079 1515
982 3798
2358 3038
2098 225
1508 3877
2675 4070
3732 1260
3655 4760
1289 4634
3597 4956
113 295
614 1203
4255 158
235 2788
1671 1027
3468 4723
4159 2624
3066 1322
990 1877
4887 1153
2096 93
4412 3865
1684 1996
2537 3661
4973 3457
1635 4565
211 4526
1508 1883
2660 2972
1283 1629
3611 2364
3528 4781
755 1741
3543 3739
4140 2837
1887 1695
750 3435
855 2898
4974 219
2263 4450
710 945
1574 90
2075 3539
766 1305
1707 3584
2097 2960
493 1950
2202 3900
4037 1578
4023 3233
2910 1997
4658 1827
3639 4194
4402 2756
926 2264
4267 3867
310 1629
1511 1398
3455 2894
358 2462
1335 1148
2586 244
4379 802
1806 222
2053 885
4358 3155
2575 1929
3363 67
3256 2477
1290 4305
4410 30
1631 788
3127 3590
2525 3990
2579 3744
593 1308
4840 1562
2124 3673
3917 469
3602 1582
1725 4068
2047 1084
1895 1691
1918 4230
315 1435
4044 3616
172 2223
450 605
1652 4482
3125 1266
2468 1112
4459 3964
215 2581
2830 997
1034 1202
1048 247
4623 3781
4614 768
136 1950
3130 3087
4498 3319
4802 4486
1377 1821
4923 40
3324 4180
4997 1616
3410 941
3692 903
1394 56
2291 4218
4863 177
2075 1278
4565 2622
4915 93
3031 4504
4046 1535
3783 225
624 3365
964 1149
4200 318
4910 912
3638 4237
2363 2426
1667 2301
3804 2935
3553 4909
4727 3217
1866 3428
2503 477
2366 4632
2210 217
1602 3451
2981 256
3878 636
1234 1031
3557 952
1076 1579
684 3335
63 3454
3165 669
836 3582
323 4015
2806 4409
1544 539
1449 3561
1127 1186
756 3218
1162 4570
4652 1066
218 3755
3023 1964
1968 3096
4687 1628
625 106
1471 2312
4028 2626
3618 2779
562 1190
843 3490
4430 4951
4923 3499
4163 2735
1131 3491
4867 473
550 1347
1912 4521
3784 2448
3373 1923
4980 3635
94 4496
3352 4066
4346 4156
3829 1377
4568 3708
2117 4370
1303 1956
1136 4165
1367 579
3497 3290
4047 4304
2524 1332
1846 1435
2185 2972
4500 4438
192 2600
4832 722
1672 2408
1170 3844
4472 18
4656 2653
1947 2164
3120 4424
2971 2787
3606 1707
4392 4908
1634 1807
1269 2920
2593 4250
2650 643
2897 3481
3435 1345
2729 1695
4662 3111
3883 3564
243 3291
4761 3675
407 4822
3972 1299
354 1151
1887 1896
2796 1661
2490 89
1262 3170
4635 1990
4664 2462
27 274
669 3626
679 793
285 2565
1403 943
1552 770
3239 2882
2319 3411
2494 2013
3635 646
1181 2819
4834 4005
39 1263
467 1159
1700 4695
1005 4347
107 2451
2801 15
4302 232
3103 3117
877 3211
3222 3668
3346 1277
1365 1752
1451 768
4332 633
4328 1203
4302 4729
1505 4854
3327 2752
2527 3659
1377 2496
1078 2599
1637 221
4408 4243
871 3644
86 4085
4876 355
3278 3932
3068 2961
800 4019
4546 677
301 184
1389 1003
869 3429
2384 1536
3748 1516
4907 4185
1602 927
260 1571
1858 480
3239 2702
3546 4508
2694 1369
3843 3177
3121 3593
2362 3530
4465 3394
803 1482
141 3357
2501 3919
1323 4667
2587 2542
1393 3131
1240 3107
3503 2567
4039 3214
1252 4465
60 1033
3851 584
2789 3695
1515 807
193 4881
4703 1876
4584 3308
1654 1009
1107 4558
1728 4738
4861 1365
3596 3785
4875 4670
2604 1661
3153 715
54 4340
4072 522
249 2907
731 2107
1523 3632
1233 3598
3086 1195
4187 4359
1105 1733
556 2783
4986 1494
4973 1221
2819 1101
1424 2969
309 2685
457 4523
3327 458
3974 3221
624 4937
257 2143
1494 1274
4338 2022
4700 2594
612 3642
4526 2733
4754 134
4120 1479
2193 1154
1277 3329
4359 857
738 427
1019 375
197 3533
2567 526
1112 555
3283 2676
4545 4451
674 484
4801 2084
2136 1155
4412 1265
2306 4414
1493 1883
4591 4803
1058 1867
4562 4917
3499 4166
4951 2491
2733 2159
2227 1340
4398 4407
3941 4923
4211 1819
177 1444
1344 3627
1509 831
2753 2470
1685 2596
331 1386
1407 2204
2511 892
1971 18
3349 1407
4341 1226
3642 3644
4736 466
4879 4449
2027 1957
3610 3111
1467 4764
302 775
852 1618
1559 4160
3476 1774
1163 3322
1237 956
1160 2621
4939 4990
1811 2673
1717 2412
2130 4753
4492 2053
2818 4635
2874 2539
3386 4932
1684 1236
592 4255
1623 2705
349 3164
2669 1980
1257 503
2634 4179
3683 4566
1644 1273
2218 2239
2784 2965
2792 3264
1307 53
3746 635
4238 875
1136 1733
344 111
4058 4714
4741 2017
2026 2563
2692 205
2805 1139
3319 1049
3460 4770
2312 2902
4175 2849
890 2871
3347 1565
57 2144
4744 672
1571 3599
1841 3421
3433 1497
994 1386
2760 3669
4010 2526
2674 424
1980 2812
2489 2205
4831 3386
2025 2513
3978 1728
1432 3374
3126 818
1312 4592
1176 2694
1742 1930
4787 2988
3870 62
1276 4084
4722 2032
2428 2766
2529 4364
115 3155
682 2822
4070 3164
1654 129
716 3375
1525 488
3593 4823
4147 3079
3766 2337
4788 446
2880 4683
3812 1454
1322 600
4851 1040
767 4894
4868 3384
3692 2011
1113 262
2619 3839
44 557
875 872
3132 2729
575 625
1712 3988
1753 249
4403 2050
4903 23
4932 3807
1013 510
4575 1588
4797 2766
4559 12
3404 1094
2202 3297
2238 4187
4178 928
4507 2791
4112 1860
167 3898
3323 2877
1321 2611
851 1145
1835 1501
4776 1625
355 3978
2838 3282
277 29
2137 2269
4648 3780
2819 1157
96 3855
3273 1968
1915 1443
3948 4605
1945 1103
1074 2584
1399 4297
1830 4546
875 3851
1676 3325
4111 4144
4585 1763
1315 2836
953 4245
927 73
1010 2221
1570 1902
1183 4056
1779 1140
1499 3789
313 4691
4852 3484
3310 1922
713 456
4044 1205
4088 4645
2822 1316
1474 2371
553 3394
4464 4909
584 368
827 744
2748 3408
3929 2827
1741 2647
4787 1181
4578 3736
3532 4479
2326 2097
4426 1107
3853 3715
408 4455
4971 1839
2387 4860
2553 1661
2886 3048
3674 2551
2737 309
4827 717
1821 1042
2326 1553
4594 681
2432 3593
2329 3651
2368 3726
3737 3531
3593 4807
3608 762
2853 4613
1398 2141
500 1088
3547 457
3310 31
3994 1324
4000 3733
2729 574
1015 2104
3445 4882
3032 2307
2094 3515
1356 1055
4783 1315
2911 1480
100 768
1707 1598
1643 1203
4272 4902
4204 3449
4812 1835
4487 4760
1575 787
640 3610
4522 289
2267 4817
1790 4365
2908 3245
2774 610
3053 4000
291 4659
2974 2252
2781 1080
2152 3557
1814 4549
2964 4813
3159 887
4700 2222
3397 2371
3272 562
656 49
2851 3357
4028 2969
4115 512
4090 401
1655 76
3423 1587
1295 1666
3001 893
1394 3113
445 3957
3991 3839
4069 4272
2449 1358
3640 3555
4854 658
2515 3044
485 4396
3456 4507
4011 147
4982 4346
1945 568
3436 1440
2931 935
3409 4604
708 3139
4492 2109
4512 3627
2981 2999
3349 1923
1585 3487
2014 2674
2611 2116
756 3119
970 940
4255 1815
2521 4947
4322 1134
1724 775
3511 143
1601 113
2335 538
2920 4741
1009 1484
3701 1800
4236 1043
1734 3809
1777 4549
45 3743
317 29
3313 1772
648 4061
1422 2373
2666 2952
3476 479
115 2626
1432 3845
2400 1294
825 4937
2044 241
2350 2166
879 4827
2280 1997
4370 466
1930 1519
761 3478
1118 2426
3279 1851
2406 4073
1070 1691
4933 2124
201 1790
3074 882
2002 4745
70 3307
1326 1582
4172 3436
3306 252
3069 3650
40 3277
2393 3886
2835 3537
1978 2361
787 1326
61 1693
273 708
4543 1437
1262 2574
3230 394
4501 2162
1659 4682
3917 3854
4895 4946
51 4884
792 3127
809 1688
1401 2635
4572 952
2569 3612
777 1167
3386 1180
3070 2746
1401 945
43 1891
3921 1464
1961 284
2139 406
4536 3582
1772 1129
1768 3194
1089 2228
904 3001
4148 353
4705 315
85 3163
1250 1153
1345 3163
326 916
2244 1647
1006 4273
2144 4434
403 201
3592 3990
78 3366
1596 3464
611 2022
1540 210
2506 1835
1179 3396
1880 3645
4525 2902
3007 2964
4926 2855
1673 2798
3714 3495
4334 1583
4961 3299
2818 2242
1165 2121
313 1240
4969 1436
2812 153
825 320
3967 3097
334 2362
2573 1324
3857 2909
2038 910
926 4392
3241 2931
2658 4427
4226 2955
1138 119
1367 981
1436 1690
1770 4421
3774 338
3073 1854
3284 4309
3435 2322
667 2883
3119 3697
293 584
304 3012
1230 1643
2272 3783
51 1316
1989 3652
4559 1223
1623 567
138 1289
4462 2373
2854 1382
2935 2635
182 179
4764 4641
4421 2319
3667 782
3365 4176
2853 2062
3942 2123
3171 3354
2103 3044
2847 1854
4563 698
1178 2780
231 1813
4541 2021
1247 760
3242 3446
1637 3319
3913 3933
502 1889
700 1801
963 1676
4245 2379
1965 900
3237 3422
3522 3294
1250 1190
2154 2933
2707 2164
2268 262
1474 4796
4276 2853
3812 3268
1979 3648
4420 3886
4432 1278
3507 4269
1333 2022
4305 233
3258 4092
1491 128
4297 1794
4391 4853
3243 3596
2002 3672
348 3481
3455 3944
595 3386
2644 1005
4684 3775
1971 1615
3345 3769
4158 2925
4026 1899
4635 2743
1838 620
4977 2707
3914 2986
3404 3145
151 3509
980 2422
4069 2431
920 1855
971 3228
2614 4963
162 4141
456 3623
1521 4871
1457 920
4547 2947
4088 4517
986 3894
430 1965
1863 3041
624 4129
3599 1581
1183 2074
4378 2328
895 3270
3769 3829
70 701
3305 22
4280 2133
4361 3042
1374 4570
1975 1777
1376 3017
1601 4204
2623 1310
1221 2475
2939 4817
1398 4933
2844 4510
1385 90
685 4324
1410 3246
4939 2356
3493 1774
562 430
4555 2677
3005 452
981 2280
4124 4835
1991 4899
1294 3714
3492 3641
4831 3926
1005 1778
971 3510
3847 4839
3984 4451
2217 2033
2760 4162
744 687
1383 3530
535 1762
1224 3834
4254 4434
324 2740
683 289
4909 3870
78 2455
471 415
4049 487
125 649
4606 4587
4376 89
1850 2830
4629 1881
1152 1610
3199 3908
3144 1222
310 1971
2341 4300
2859 4036
1629 4773
4998 153
2143 2193
1689 1716
2802 963
1609 1890
4225 4475
1236 2809
3374 497
4757 771
810 2102
4654 554
2573 1431
1467 3371
1491 2736
4466 1868
2062 4814
4286 2963
617 1282
4812 4251
2938 435
238 402
885 3840
4642 572
4352 49
4317 1846
4006 4697
2524 2307
1940 4996
2494 1153
1156 4483
2189 4790
1013 855
2877 1428
735 1888
3460 1231
467 906
1084 3522
4642 1354
3392 1237
3857 2202
2829 2817
4505 570
2350 768
1460 3180
3646 119
295 3798
1108 4047
4016 3709
1141 3904
3504 1020
508 4681
2089 4197
4324 837
11 4879
4207 371
3566 2416
3125 1389
1698 3910
1571 3521
4852 3428
2645 1966
2969 1880
1564 231
2727 2498
4291 3210
3276 1265
2861 2197
668 3128
292 2878
4145 2264
641 4152
4280 1067
2596 1465
519 2049
2300 916
122 4043
3150 477
809 2073
657 2082
2715 3479
817 2454
3152 3847
3383 3325
566 122
2996 4450
4910 1415
3220 3194
3548 3608
4366 1039
4538 3471
2587 1625
3052 2203
2909 205
2171 51
4864 1120
732 2819
1878 1834
1090 2752
1089 4844
3897 749
3309 4734
2080 2794
3383 1929
4980 4438
1143 4917
3423 3041
391 2819
2385 4504
1746 1792
1316 2899
1086 2884
899 2605
4990 3345
817 2820
314 4564
2208 3420
130 4472
2773 4947
2511 1721
1223 313
3624 1720
4463 2712
84 2574
4723 3967
3725 1699
1940 3091
3116 4443
2680 453
3512 4063
2003 1649
4258 258
1682 695
3604 1094
1143 2898
269 4502
2995 506
3804 2144
3253 840
3861 921
2043 1001
737 31
1882 2392
4848 2934
692 3498
237 4279
177 2006
3094 3851
357 379
4923 3570
1033 3687
2202 1711
2944 2279
3466 3474
3574 1000
918 296
1034 3465
882 3005
2846 4736
1085 164
984 4857
1908 3631
1383 213
2358 3972
3700 3920
1023 513
3750 2784
1159 3440
4636 1227
1607 1168
4971 1569
2539 4993
1510 2345
2900 4154
3282 1974
3173 454
1453 4468
2394 1032
4100 2591
2579 866
2866 954
1273 2307
1979 991
3227 315
3396 3448
2745 3251
2280 4922
1961 3547
1724 3181
2024 2323
2991 4217
441 4108
1316 4983
4884 2353
2563 2840
1455 1272
1897 3006
4756 1175
1494 2277
2128 4834
4839 2592
1056 2051
2971 4194
3149 1293
4553 567
2273 2617
3584 3826
186 1847
3613 2237
4846 447
3181 1277
568 1470
4047 1338
4884 2437
1055 3369
3336 1021
2782 3771
1429 4019
1380 8
1914 3322
374 1388
2312 650
4438 4348
3333 1179
2286 544
3670 4131
2800 1123
1562 2960
2661 2647
3259 3365
2196 37
2016 3783
2150 2564
2721 4568
3713 3348
3878 1186
4123 414
4413 623
2888 3352
2326 1642
2358 2988
2765 1077
4114 4219
2436 1877
1726 202
1989 981
2394 811
2732 3
696 3108
81 1682
3349 566
532 3211
903 2912
2168 2732
4402 3941
4254 4593
1136 4953
3188 1084
3162 757
2179 2417
766 4722
3015 512
1843 2682
1985 3348
1410 2428
4775 3638
2186 1943
562 4160
2816 4351
1295 4043
2838 1044
266 2922
4871 939
573 423
1512 4027
3001 3116
2400 4662
3784 4555
4643 2761
2611 369
1483 2298
1748 1522
3843 3997
3711 3568
883 2531
2297 10
2738 695
3900 3063
2979 1701
2819 1521
3643 200
804 4656
1086 3337
1057 3145
1851 1104
4662 1283
1083 4507
326 3888
999 1292
3299 4416
2670 1684
4768 2059
2093 538
3890 2194
3486 3329
4870 1854
3207 3410
372 1987
4180 655
3465 2529
2495 1605
3397 3034
2579 694
175 700
4027 1198
705 3318
3403 141
2859 1752
2444 4446
2611 1992
616 3229
690 732
609 277
2794 513
690 4117
859 1915
2426 4981
1503 4392
3783 2977
2250 3414
824 4224
650 3266
3887 3142
1045 4710
1890 2611
2868 4330
822 964
1585 476
1550 4833
2944 929
1597 4305
3914 3279
3781 1054
3986 550
3929 3915
1953 4473
1134 209
1100 1254
4255 1634
2470 4863
3475 1892
4194 3495
2538 3961
1830 1930
2551 4246
152 2001
2877 1531
3831 3319
1868 3509
1263 4583
2093 911
4232 3284
4909 4759
4552 1317
2832 4030
3823 2156
4711 2542
2765 1086
1805 2259
3400 1953
488 2237
1947 3020
2345 3340
3460 3104
1826 4955
2793 4082
2467 3510
3514 433
4211 2846
2283 4118
3186 1948
897 3655
1077 2178
1871 3322
4968 1059
1686 2778
217 425
3112 3282
1592 4135
2704 4927
512 2778
4443 89
1256 1798
1774 1557
3802 4219
1548 3661
2689 517
222 397
2678 1709
3334 1162
495 4625
1917 2842
1669 3832
3207 4239
1803 1244
4301 4122
955 3654
3622 2853
2418 4813
2992 4723
2938 4528
734 2253
3663 3954
1641 4163
3458 1428
55 51
2547 2238
4140 3271
2828 939
1742 62
282 2994
3326 4002
1076 102
2833 1499
585 1524
4713 4648
4456 998
2047 4136
4113 2139
4649 702
4 4038
4553 4797
4693 4070
3247 4366
4768 259
3233 1760
4030 2139
4238 1391
871 3355
4499 2141
1396 3006
2497 2214
2127 3186
2804 818
331 1935
1242 2747
1388 4513
587 1408
1693 1009
904 2835
3874 4986
2114 3109
1522 2405
4725 4526
2540 3095
2917 3559
3672 319
1140 1723
4936 3949
4047 1219
1105 491
3326 2940
2895 3802
1205 536
1033 4284
118 4830
2155 1881
768 2072
4446 1736
507 128
2774 2921
2230 2771
1918 2830
4516 774
904 1939
1059 3502
1646 1214
3485 2714
525 3406
3113 1868
2960 3881
989 4138
4836 872
4488 2929
3982 3502
3374 40
4919 3418
6 217
899 297
464 1827
2864 4430
123 3236
3120 4699
4433 2768
4028 3698
4465 1277
3056 4551
1524 2251
2627 2519
2661 3839
2496 1303
3248 2442
4692 568
4144 2291
2988 3873
4037 3478
760 3859
2922 2662
1733 1480
1666 1201
18 1196
4880 2857
3344 4491
2222 3508
2777 4096
2598 4784
1751 986
4764 2642
4142 3580
3625 242
2102 2240
3702 611
2697 3629
4170 1093
402 4248
4872 3345
1566 2311
3376 2454
4344 2461
421 3095
638 3098
1855 3820
3283 3026
3512 828
2441 2932
604 2804
2558 3165
1288 207
766 4591
3928 270
672 2468
345 1990
1208 2706
1770 4091
4808 2913
4778 1760
3018 3600
1593 4574
3269 4852
3372 1483
4605 861
1341 1333
3084 197
713 3628
1335 64
4748 4007
2675 2015
4619 1500
4854 1248
3792 2807
442 1365
4307 3701
2164 1869
3037 2056
1459 3391
4434 4332
4495 3447
4752 412
1650 4713
2624 2361
2538 1268
4678 3491
3757 217
474 1516
515 439
3136 3370
2280 3794
740 4897
119 4890
1720 3024
3631 2289
4998 1927
2231 4246
1783 2417
818 2266
112 1397
1904 1499
4608 693
747 4486
1912 2552
733 563
2172 1173
1587 3887
4594 1492
151 4337
2601 1536
3297 2793
1951 4883
1794 202
1655 756
2092 2968
2265 1694
2160 2588
4951 3556
4173 3779
1335 1442
557 3455
2392 2731
2623 1187
3658 1070
3339 1596
2945 3092
3722 220
4616 4243
3 26
3698 2605
4761 692
4506 3160
644 1793
409 4355
1917 4790
3572 1906
3255 2040
2891 3950
4466 2334
4226 657
1695 1767
1631 2537
3191 1571
3320 735
2326 2945
993 4250
3500 4632
2541 3336
4696 3464
1722 422
4605 61
2416 2823
980 299
3470 3964
607 3714
4274 593
3620 550
3325 1848
1181 2815
3961 4261
907 985
718 4918
1509 1602
178 386
1550 3119
1483 3389
184 4502
1785 1001
4291 2679
798 3935
1952 1112
4371 2128
1056 1906
1995 3880
2347 1426
544 2972
2208 4791
1224 2715
4679 3151
4108 131
3320 942
3821 2061
4610 1632
4618 3938
484 218
4394 2117
1053 4720
993 2037
4173 1364
1066 2743
1013 4456
2734 3934
3999 3220
1722 4457
3275 1006
3673 802
267 2366
1990 1454
1130 3020
2144 3309
1654 4842
2168 32
2404 2975
1989 990
1787 1764
2549 4373
2623 114
4228 3934
4387 2054
209 834
522 1296
4170 986
4732 1693
2824 3239
840 3837
251 648
1306 2964
3103 2405
2543 4065
2677 2125
2589 260
1673 527
1021 2956
2383 45
962 4223
3976 4438
168 794
2142 4875
2093 4691
175 703
3587 535
3802 4334
4786 606
288 4355
1404 218
137 4065
2086 4684
4797 2771
3502 233
3668 2638
3485 987
3873 1448
4175 2319
785 372
2915 3549
1948 4066
2191 2331
4883 1433
2369 4292
2611 2283
1628 3544
3392 507
4885 2279
314 3639
916 262
4502 2772
4608 2313
119 2659
768 1415
3890 1668
1617 3374
98 4199
1393 2691
1200 3772
2374 4493
2284 2737
2841 2736
1409 1204
151 4830
1880 1095
4203 307
2361 4571
2116 1374
4307 3292
3097 1808
708 3642
4405 2923
3060 399
3186 518
2892 3490
1336 1245
231 921
4391 930
2702 458
3750 1634
1159 1151
831 2742
1260 2722
2363 2893
4867 2378
4946 4113
525 2255
3120 4365
4116 1664
2616 1369
3204 950
960 3703
682 253
574 3293
1127 599
1420 1648
26 2404
1036 998
4417 3557
2000 4986
2418 3965
1408 3410
3440 4357
926 2244
822 4330
1755 2390
1348 4453
180 1315
2462 1150
2278 2464
1185 1681
3279 3939
502 2635
173 2288
3483 4680
4464 668
4278 2232
3074 355
175 155
247 2584
3467 3858
4472 4803
2918 2960
2914 4030
4411 315
3860 1922
2937 648
2422 3913
1450 798
1662 3703
3114 3435
660 4513
4016 1172
1506 2952
1755 4886
3864 3248
859 360
3426 2757
2720 3458
1217 2505
4006 2291
695 3337
1560 2835
3247 1364
216 3919
4031 3610
2043 4076
42 3236
2850 456
4410 1517
1047 4106
2307 1776
3298 4626
2765 2510
1001 2898
939 1988
1967 984
4046 1807
2498 2395
1797 1240
2535 1946
3817 1284
1158 1560
3132 558
2680 2911
4495 2241
2199 2656
2535 4497
286 2385
838 548
2710 2717
448 2947
4211 4390
4028 353
2514 2403
1123 1662
4024 2983
304 616
3311 18
2088 4699
738 879
2850 561
1539 4446
233 3610
4933 1101
892 2364
3160 1607
113 2642
2949 2866
504 785
1609 3274
4814 4376
298 659
2361 1673
1588 4613
1818 422
2927 4303
519 3229
3041 2563
3894 1081
618 325
138 3339
3167 4060
4757 4000
96 3141
3944 4714
3241 8
1851 1783
388 3096
375 4000
3452 1140
1646 3379
4879 1545
2177 2981
4049 1223
1400 3660
4614 3919
3734 2013
896 4593
3270 4694
269 4073
1840 1321
4126 822
152 2848
895 2376
4016 4269
943 1149
3570 4497
4822 978
4462 1363
1372 2041
1967 4926
162 3127
3067 1845
4425 4317
2691 371
2780 2413
2163 3779
4043 4707
543 2007
2850 1407
2149 2587
1306 827
3839 4854
3020 2466
4506 2681
4700 994
2048 2806
4812 1839
1953 4798
4787 4243
633 4197
3269 3525
4561 3704
3972 968
3958 4553
431 3034
1233 1454
2053 2733
2286 2073
418 3064
1810 4467
2478 251
2739 921
3593 381
3450 2207
2531 230
608 858
3831 609
2225 4809
86 2372
2621 1000
4605 3996
1341 2106
1231 3354
3814 953
2197 3876
4034 1042
3794 2335
1404 2485
2581 2293
4179 4080
1731 2241
3394 187
2313 4370
3847 2296
396 4894
3961 16
485 941
4386 1697
2728 4884
172 521
2720 1823
1504 1944
1074 1950
4084 1631
3819 1247
873 3817
710 1956
4185 3234
587 1786
3248 551
720 2728
3528 3507
615 3209
4458 46
3794 2853
3199 3585
799 2450
3426 806
1514 3158
2003 1120
1748 947
2067 664
2700 1197
4575 236
4461 1423
469 1200
460 3304
819 1497
4988 3249
3582 4487
4131 3075
900 447
4380 2318
4524 2138
1008 2726
1109 3599
2220 3119
4431 3341
4009 4962
3078 25
718 2833
3157 2568
3560 2734
855 3860
3557 2816
404 2355
4274 3306
2602 4469
2545 1903
3709 288
2626 2934
2836 1894
2852 414
2546 1533
4234 787
706 1942
3209 4185
2691 2763
1641 2945
341 679
3809 1214
2349 4255
1928 3371
1731 62
4489 1917
4093 3200
179 3840
4439 4546
2144 11
4767 583
1812 4431
264 4518
794 329
4616 2215
956 4809
1216 2261
3219 377
1965 980
251 4363
4185 1430
1992 3978
2745 3218
3480 4838
4864 2089
2238 2325
39 3642
912 2046
1646 1204
1846 1486
3744 345
2146 299
664 2516
158 2522
1221 2948
880 2061
4338 2603
2408 1606
1273 2463
944 454
2055 1953
514 1356
2166 655
1152 416
295 1908
2312 139
291 4284
4714 2436
4778 4087
2717 1518
4282 3509
1879 1904
759 4291
3226 592
480 1345
4117 3853
2067 321
758 2662
1125 4163
2050 3046
4900 2493
1372 3668
3068 1957
1313 2086
1385 2477
1116 2324
2841 1722
3158 2471
4332 1862
3860 630
1226 2165
3779 1600
1504 1718
4537 1403
1391 3060
3899 2644
3495 627
1288 2522
467 193
834 4425
151 2260
3117 4376
4855 2653
4857 566
3158 2256
1972 2802
1537 1907
801 3839
661 1917
645 1999
3876 2210
2409 4802
1491 3007
1191 694
4504 4686
2693 962
3787 1035
1172 3261
1825 1556
1530 1507
1803 2361
4238 2710
248 1349
3358 182
2234 3494
3795 3726
3970 1708
1735 4746
2909 117
922 4680
1138 1563
3350 2384
2613 1614
3084 4869
322 2169
1545 433
3873 2409
4890 2980
2319 3997
2076 777
2173 4161
1325 1907
3844 564
3207 2556
1554 4505
1879 855
3866 478
1831 40
98 2218
1404 1996
914 611
1468 1939
3011 380
1750 3691
389 4332
3529 439
4387 4922
857 4131
2878 3078
1568 399
978 4381
509 4682
989 3865
3269 2050
3567 3284
1346 1344
1100 253
773 4840
1236 4580
4380 2148
4386 4707
983 2670
3085 2465
262 2689
4709 1862
569 3514
1862 209
1497 1148
88 340
423 3264
2278 3269
3943 2673
4691 257
1202 4111
2118 1733
189 2312
2265 3640
3089 2490
2927 4756
4359 229
2140 2838
288 4759
1051 4009
4856 3428
2301 2794
796 619
663 765
2206 4632
581 61
723 2929
2203 4765
4090 482
1522 4202
473 943
2439 877
3513 3888
3531 2717
2669 3139
1070 4571
962 3343
4189 1566
1765 3429
1931 1360
4918 2268
239 4113
4052 3610
3222 2404
4333 3698
3080 4302
4535 367
704 4236
3783 3053
4329 731
2788 3848
511 4101
1221 2256
3279 2620
1511 1421
4024 4342
3233 778
300 2092
2336 3600
2626 4078
1007 2323
1943 4371
1548 25
1318 3736
4381 2814
456 1076
2077 3740
2567 4232
2492 4613
4302 433
3408 204
1568 3614
1033 2012
1535 2896
1454 3533
3861 4145
521 1544
1076 4476
83 4940
8 786
4520 2333
2356 353
1605 1830
1473 4232
2441 1349
136 720
19 435
2322 1033
942 1370
1233 3466
30 535
2495 4222
1822 3939
4570 3769
3019 493
3527 3422
2162 2936
3448 385
762 2078
3017 1651
1997 2640
1999 3921
678 4485
1017 236
2102 2882
2102 112
3135 2606
1269 2653
3917 3837
4163 527
3749 3547
1487 4498
3107 3595
1410 1231
2292 1125
2878 4838
3596 3212
3948 1606
4739 912
135 2985
2799 4742
2285 482
655 3984
4005 422
4231 349
3365 1290
857 938
3963 1586
3742 4416
1507 1016
659 4736
1355 4589
1839 3615
3772 1806
4705 1573
4833 3750
1044 2136
2982 791
3829 760
183 599
4280 4215
3538 2986
966 1851
2538 4801
390 34
3856 3763
4386 2897
2443 394
4228 2428
3425 4627
2922 4000
4135 2078
1903 2319
3419 666
3361 986
2616 1341
2193 1442
2838 1926
2384 732
2905 1236
4449 968
2436 1586
2655 1561
581 1934
837 3064
4340 4697
3205 1848
13 4579
1981 3914
512 2743
838 229
2243 3662
1835 863
658 4580
4144 2853
2192 2579
1799 3669
1170 2615
2251 3761
2583 2177
4642 1546
3059 3457
1512 2607
3650 3365
1916 2471
2555 3388
4165 3146
3860 3962
1559 1875
4755 2938
312 1448
4786 1850
2342 1785
2778 332
3828 2719
1243 2353
1225 2561
1129 3939
832 339
4161 3866
3695 4914
1902 2763
2914 3880
2221 16
4379 495
2325 3933
4864 424
1139 1862
2265 4175
3490 210
1329 4316
2398 997
4034 3440
620 4669
448 2072
3128 2978
4801 804
4032 4588
3350 1187
1084 3211
2421 3393
562 2928
4110 2367
1690 4333
4769 1772
3147 642
3802 2313
163 437
3337 1524
2059 744
458 4644
1570 4437
2130 1010
4044 3011
4009 3771
2464 4131
1207 2200
2185 2625
3827 2607
893 3602
1264 4128
3602 1922
1326 634
2329 3533
1293 3940
1598 4909
4631 41
2708 3276
2957 2998
1994 390
1976 523
3918 153
2995 1077
2492 2425
2762 4166
4813 4765
2125 3887
1875 1979
4449 2350
2160 934
1712 3926
4293 4773
294 3807
75 1351
2926 578
940 3083
823 3585
2100 3569
732 883
758 2111
3902 3459
4961 295
1648 4600
3905 393
4992 3446
3990 2851
866 3822
695 890
4242 869
1087 3387
250 4324
1098 775
3300 4203
4020 3788
4577 1301
3036 3714
1459 4477
2698 473
4766 1404
3418 3127
398 1590
1592 4653
2006 2025
1372 3445
138 4523
1064 1999
4979 2694
4704 3241
119 4711
4736 2691
2867 1670
4791 1193
4762 445
1863 4431
1614 964
951 4057
4885 2541
4626 1472
2382 4428
4798 1112
1585 3135
3922 3997
144 4227
171 1313
2387 2863
211 4237
2553 4872
807 3090
490 2349
52 1880
4098 1790
664 3163
118 1735
671 283
521 2335
222 3900
3307 373
4736 1858
2614 4848
3244 2389
2500 1668
2032 1503
2736 1455
1806 4650
1375 3613
177 473
3459 1640
1834 2321
877 1185
3116 500
3073 2650
54 294
272 1866
4322 2548
4080 1765
2280 2786
1240 1228
3576 819
3553 1678
141 3063
3633 3174
4599 3307
535 696
82 3157
1034 1952
349 4805
2053 4022
114 4156
2307 4455
2465 1457
4506 671
3523 326
3757 1765
1678 1859
4188 4996
4377 1018
3361 835
2027 2655
3392 2558
1075 1649
1622 29
1671 2321
4999 1733
2232 2381
2466 303
2450 1709
554 3376
3560 1787
4005 4171
1583 3883
1959 2937
2889 2669
3773 4117
756 28
4150 3165
2445 2341
4869 133
2610 1930
733 3268
1041 717
3515 3950
2890 3983
786 1357
2202 2792
1591 4142
3991 3027
2291 4715
2412 3620
3343 367
3914 3278
4850 1036
1667 1819
3046 509
1378 440
805 3686
1918 3653
2122 221
3317 1998
1403 4907
4393 1023
1441 2057
3881 2687
3101 2329
4941 4841
3290 1157
1104 3446
1211 4088
4751 3225
2023 4701
4353 1718
943 130
681 197
4553 2668
1055 1349
1342 380
4997 1492
1933 1335
271 4558
3380 937
710 3894
4669 4018
4563 2954
3712 4529
3363 2551
3101 2410
190 1687
4550 2924
3720 4822
3527 4405
611 1563
2960 1163
498 1370
2098 2927
3384 2832
943 3059
2843 2532
326 2782
2386 3466
1401 1555
992 4049
515 3243
2379 2376
759 638
316 2360
1314 1810
1418 186
2929 4103
366 4774
4342 4028
1841 3608
678 697
914 4666
432 3293
4195 3758
4614 1520
4736 503
1967 3120
2329 47
4988 3419
3445 2398
3735 642
4405 4917
4286 4071
3211 3210
355 773
4496 272
4464 3034
3579 2477
1195 939
1748 3065
190 2062
3558 2896
1931 480
2568 3355
2252 1784
759 1623
4265 1990
119 4916
1279 425
2049 508
3854 1815
1830 3127
2304 4990
4883 1025
2179 200
2234 3283
2912 2721
1226 148
2116 688
3609 1810
2063 4665
2315 4639
379 3501
112 3685
3993 3274
6 528
373 3319
1572 1448
3625 858
2681 940
3146 3367
2191 4531
1603 2201
607 3394
4768 434
2260 363
3952 3069
2353 101
803 4234
2429 4826
4381 4527
2785 177
2829 481
1587 2041
4198 1814
4825 3670
613 1773
3495 1150
4588 1117
997 556
894 707
1272 2980
503 752
1979 3999
1257 1618
2437 553
1034 1187
1145 3388
3096 2316
51 3846
4233 679
640 4728
3094 4911
2857 4964
2287 4624
1782 422
3331 2779
3789 455
4934 8
1815 292
3889 986
2902 352
494 460
2188 622
2366 3009
479 372
3088 3613
1152 3186
3164 1225
1228 3125
3614 4612
1385 2256
3246 3711
2455 904
97 582
811 1807
2902 393
2485 834
2471 851
2008 1785
4422 4604
890 2469
974 1136
35 868
2223 119
1241 4644
1250 3756
2390 2304
1409 3105
1973 119
1853 1001
2256 1074
988 4895
2657 2894
263 3931
4658 174
2869 610
3421 3659
141 3763
2374 726
2906 1966
1392 2291
349 1320
227 1787
491 2807
4011 4372
3901 3060
2655 3375
2757 530
2407 930
3250 4826
557 1340
422 964
3942 35
1576 637
4864 2410
236 3206
2280 1245
2372 4887
3871 2092
756 3314
4246 2926
1235 103
1098 983
3395 127
2593 4311
2719 232
1392 3598
4416 2258
1319 3111
3903 2756
2050 415
921 460
1907 2236
2196 1090
3864 1223
2909 4731
2532 2153
3465 2190
1551 2070
4358 3571
1176 3896
2635 2913
1118 414
3835 4544
3682 3175
2724 4164
1425 3042
3364 1866
4984 1936
97 1971
2357 4582
1712 1018
568 4303
1476 3567
2596 440
1549 4692
3878 3096
2682 986
1705 4976
3850 4447
4478 2973
2124 1982
514 4319
1216 4607
4350 605
599 4814
1180 3345
1552 4359
222 2111
1593 4965
911 3460
1432 1103
1203 2785
4515 3606
3479 390
3887 1016
1378 131
4102 1431
4871 2729
3159 2523
3950 2825
1432 4522
2791 1119
4833 2672
3659 229
4407 2901
4660 1128
1660 1444
2018 3397
3334 2014
2568 2190
353 4686
2433 4146
2201 3209
508 3891
4198 2071
562 371
4694 48
4884 4567
4284 4522
405 1872
559 485
2520 2554
4291 4056
4178 743
2853 2510
1768 1026
1235 4656
3430 3603
4379 3127
1553 1758
1660 1276
4560 170
440 1890
1374 1704
1333 4605
2163 3481
1356 3924
607 2191
2158 2621
2091 3024
159 785
3503 1842
1337 1966
711 4948
2414 609
253 605
3570 2641
2677 2333
3693 217
591 3478
4451 2752
1850 4219
2476 907
1476 964
2979 3931
537 3758
779 287
295 3330
3758 3594
4826 3913
4833 4355
2132 2956
897 2363
1291 3732
2663 1521
2109 168
543 4188
497 1371
1573 984
300 848
2536 2764
1169 3373
2667 3971
4175 1164
2523 2752
1245 4706
894 3288
3025 1734
4516 1921
576 3379
3188 4203
1103 779
773 2439
895 4935
2814 4586
3277 3346
971 3910
1800 517
276 3457
1062 2393
4586 2089
1484 155
4140 4086
2866 996
2251 1389
170 3052
386 3261
3318 420
4205 3324
2083 3627
3873 3497
2173 2682
3084 3160
2382 3724
2456 1466
1906 958
2973 2653
2808 1615
1571 4304
3005 4113
3364 3583
4905 3217
2332 1597
1966 3378
3620 3171
3556 1671
1245 1212
4675 3747
4938 2368
646 4832
2865 2730
299 419
660 2007
3451 4573
465 4648
3853 4531
752 4646
1848 4226
2933 3935
2251 1102
652 3962
2114 3962
1170 2461
2266 1867
3055 4750
4420 2131
1347 3686
2154 3588
3386 2129
1794 2021
2372 4144
4051 511
3791 4490
3267 4852
3653 2541
3435 2137
1742 2838
1007 2847
1041 3559
2259 336
1334 2078
362 2498
2207 3955
2102 320
1254 2630
3560 3137
3712 1195
1248 410
1697 3668
2418 899
1039 2159
3008 644
189 2839
703 4580
4835 95
336 3016
2995 4540
4365 2973
831 1911
517 4800
3940 1528
4991 270
1793 2652
1603 919
3614 821
1336 3557
4110 3749
130 1481
3060 2867
699 952
1449 89
1306 4134
2792 1612
2836 4320
3913 4597
3780 445
1268 421
2671 2621
3755 3652
2826 4535
3634 2698
473 902
1346 4570
1286 4834
4461 4884
4755 1232
4312 2429
629 2737
2705 1501
4781 1080
851 1576
1200 2102
4953 1606
2697 2338
1173 1217
230 1119
1598 2836
3308 4146
2561 2242
4175 377
985 2145
10 3315
3740 622
3279 4634
4531 1227
598 3800
1660 4772
2835 3776
2737 3052
743 2806
741 360
3735 1419
4999 3289
1573 4846
3502 1166
1870 1413
3394 2069
2166 1538
3428 4749
2377 1507
1475 2337
3982 4160
3173 3513
3112 3134
507 3330
2308 810
2713 3746
2815 1195
1332 807
907 2966
929 2617
3488 4679
3748 4552
2831 4877
2992 1656
269 306
265 532
1341 4872
1065 2135
4956 2467
3372 4452
2995 4437
3101 4244
297 2892
3166 3812
2367 3242
3516 4192
4880 2927
1612 1982
2809 541
4588 4609
3052 924
1190 2138
3695 2994
1412 4626
3569 4723
4451 1854
1116 2476
2436 1705
4349 4988
2255 4855
2304 791
3601 2861
325 1243
4614 4916
4072 2065
39 24
4022 3870
566 4806
1229 3077
1199 979
1038 601
579 29
3958 3247
1631 2591
3962 1901
3202 62
1706 3417
1823 976
3035 2338
1180 2143
4009 1506
4877 309
1766 2605
4575 4336
168 351
1077 2692
2280 636
4184 1465
95 3318
4141 854
324 1980
4103 1786
4565 1275
3942 3444
1617 2192
1970 277
2401 3267
727 2483
3892 737
374 4210
4060 2361
4102 3691
4814 2940
922 519
179 4328
2395 3795
3245 3496
4300 1879
2655 4870
3992 196
2585 1086
4183 4836
2351 292
2717 28
306 854
955 2702
3603 1837
611 4223
1112 2630
492 2707
4401 2908
1522 638
4336 2041
4751 3749
1617 4761
1436 895
726 936
567 1983
4970 3963
2095 1654
1078 2917
3042 4289
3689 4593
277 3621
1884 1126
4375 57
1060 657
1461 2736
4206 475
4488 2920
2427 404
3562 4476
1946 2901
3340 3280
1527 1408
3499 910
4333 765
2848 3618
3750 4912
4676 3505
2703 359
4867 4897
3743 2400
1307 2226
4043 4153
4951 1831
3222 1245
32 4905
733 1956
1566 1706
4172 1732
4142 4066
4707 1258
4206 2812
1319 411
55 3032
1774 1202
3821 4745
99 887
1819 1678
899 976
1721 3738
4869 2100
4997 270
1168 1069
600 1088
959 1203
2892 1688
72 2022
1653 2873
816 3717
1434 2823
91 3958
4033 3741
775 3514
3951 1722
1796 4708
1846 4347
1378 2464
2552 766
1836 561
3916 3694
824 4549
2270 3471
3557 4848
4388 2849
4630 1561
2914 2052
392 1886
1605 2328
738 4385
2305 4049
1114 1219
4319 1450
4630 1285
3161 2476
2431 1810
1671 1607
834 608
928 3419
3293 2455
2372 3590
4338 1813
31 55
373 3214
4700 630
3370 3786
3915 3442
4518 3771
3814 2924
2527 3303
3674 4806
2549 4314
1335 4092
2675 4891
397 2342
3000 1335
391 1977
4187 3705
3518 2361
1211 4619
4044 4206
58 3880
2205 1382
4390 646
3363 2729
3243 244
4087 4266
2532 4768
3075 3188
3251 2857
3920 4907
4416 911
3880 2077
4216 1644
2937 464
4517 2818
2565 1165
30 350
584 477
4194 4320
425 2700
2807 4430
920 1448
2828 4056
3196 1517
581 589
1464 4367
4494 3612
1510 484
34 3869
639 4900
4424 876
3636 2949
3438 559
3510 861
917 4230
3092 4203
3404 1084
3952 2072
3534 597
14 2470
3275 4395
2797 2401
1164 4795
878 2827
1126 576
2093 3124
1748 3314
464 3589
2149 2435
4292 1588
3722 2358
2485 2782
4577 4693
4267 4054
3178 376
2713 3364
827 4091
3167 3695
1931 1257
3032 525
62 4505
1338 4758
3995 300
2668 313
3829 2732
2099 4181
745 3536
4210 4987
3477 1200
4955 2583
4675 2878
3929 3740
4905 2944
4355 1199
2464 1182
3660 187
4555 1994
2598 293
4754 564
1751 2080
1387 4262
2116 4112
4487 1625
970 1523
2701 4118
2380 4875
514 186
4218 1234
3156 3302
2536 2690
3951 4522
3208 4126
4107 931
811 1950
2665 3774
2421 2666
1024 200
2774 2482
241 4090
4248 1016
3731 303
125 1100
710 46
755 3684
3427 96
4014 4215
1736 2544
292 1913
1313 831
3395 2718
3291 517
519 1994
178 2545
106 1057
3076 4655
4487 3038
3590 763
4009 1814
4206 3494
1697 2363
1013 403
588 710
2120 1506
2002 257
4118 1430
1415 842
3107 1072
3060 2040
3374 1406
2546 1615
4955 549
4879 4347
2296 1220
4820 2076
2825 2393
2618 2308
4730 892
2685 4548
4024 2070
1460 4196
3880 2410
3531 4854
2612 280
3817 4310
3173 1477
1459 3187
2022 2151
2982 4574
814 4197
2396 4316
2735 4827
3689 3049
3992 265
2345 2571
2030 1943
3737 2971
1628 3884
4202 1641
4509 1096
4242 1401
299 2130
2598 4077
4683 1455
3634 4429
3859 3026
147 67
4480 4438
319 4991
308 232
3483 1142
4463 2824
4935 3991
1940 3043
383 3247
3207 669
3654 1764
1400 1839
2500 3347
3771 4064
4363 4969
2418 1159
4594 525
1250 50
147 2052
3675 3484
872 2094
1132 21
2254 2207
2568 4646
1972 3156
3135 4631
1142 1666
2365 1907
4910 3316
2348 1060
2821 4693
1641 3451
4628 2291
4035 2847
2591 301
4005 2857
4411 3851
1987 180
4636 4623
2993 3376
1404 317
1225 3696
3202 1622
4392 2398
4645 4669
3024 3673
2093 1032
764 4941
3856 3828
2485 1076
867 261
3904 3610
4425 4318
3033 3498
1672 439
2001 1720
3609 1166
2486 2577
4888 4593
1063 3972
4226 3244
4580 3088
1997 1390
1140 2378
3308 4804
2634 2349
4797 4485
3021 4566
3501 4969
4911 2595
1971 3114
4809 49
2482 2735
923 4675
4197 3468
3222 4559
4674 2675
1011 2145
687 2093
2574 2485
348 4904
1980 4899
3760 2851
4668 4698
4104 3057
3428 257
2312 2261
2858 2614
288 1414
2269 1200
291 3582
1261 3796
2469 3709
2343 585
3049 3995
3543 254
886 4323
840 444
2177 2689
3831 4076
4605 4018
4936 494
4940 1177
2953 1518
4999 1482
3125 4891
741 3419
2501 2307
1407 3629
2745 3771
1477 1826
3675 2913
3503 473
4627 481
3658 1107
2607 3468
4732 1080
3158 229
4493 3450
2140 3858
4949 4459
505 384
1526 4049
3453 528
1120 331
204 549
1513 295
3387 187
1450 4402
1223 4625
3780 2121
2128 4985
4550 1333
628 3305
3495 3489
3202 3925
2045 3685
1054 847
26 2678
4136 2812
2082 2539
4698 761
2228 3571
2260 3693
249 2401
2984 4626
3002 2604
3027 3199
3168 282
4651 4311
3557 3566
1480 4392
4644 2902
4223 4720
131 4974
4364 2169
2440 2890
593 2126
4896 4194
3003 4132
2627 2529
619 3727
2281 1797
1571 3108
756 3641
3873 132
2840 1000
4661 2777
1199 2137
2983 4086
3653 4913
61 1467
949 1816
3692 2234
2707 866
13 4533
2772 2821
4050 1601
1405 2304
2702 2627
2169 1788
2248 1673
643 2275
2682 3453
4479 1133
1732 4218
503 2654
2914 1491
2409 2785
4956 890
742 3261
515 16
4415 889
755 1982
3025 1301
2215 2891
2329 4131
1787 2077
3128 1889
1463 2045
4155 3045
2875 3000
622 2447
457 349
3496 1112
2145 3672
3566 1979
3010 941
3025 9
2702 4546
3911 3625
1126 4079
450 1904
2199 2692
1005 4423
1892 1778
3965 3497
4080 1607
4573 276
1208 1010
2485 2699
2745 3065
4937 1667
1503 234
2110 4798
610 2802
1304 2263
860 1738
2611 2914
2277 4831
3003 1492
3524 2557
980 3514
1198 3141
2629 3811
1432 1714
2950 536
1290 1686
3853 4542
2367 1565
170 412
4251 3699
1808 2067
435 4625
3760 1975
1211 569
2761 2342
2421 811
592 2972
4637 1271
525 2555
1493 1043
3411 2669
1132 3040
1843 2620
239 335
4160 2989
3262 4621
4410 4603
3395 1862
3021 928
808 3636
4784 4508
19 1316
2267 1781
4746 3037
378 4987
2678 1628
2589 2091
2863 3992
4534 4002
1801 2766
975 3838
2557 2410
3460 1684
2823 1584
3170 3088
1419 2252
3608 3495
3081 45
2309 1531
922 4362
2423 2211
3563 4524
1222 571
4493 3718
3738 256
410 4525
248 4212
2938 1992
4847 1248
2381 4571
2960 1263
4621 18
4814 909
611 3693
219 2922
3416 2729
684 1868
4896 4872
1043 4841
4172 272
4278 2010
337 3670
315 3681
1109 1772
1024 4273
1476 4552
117 2438
3930 2896
2109 2672
4695 1966
1675 1759
1130 2092
521 422
2489 771
1981 99
2979 1884
1520 3850
4419 1160
4355 357
4576 10
3091 761
1518 1946
4566 2680
2901 1867
4030 1785
4655 3734
3903 3061
2807 3360
4749 2398
1812 1801
146 3170
2775 3095
1450 2221
922 2057
4195 2289
1437 3410
2465 3603
3951 4090
3154 1904
816 4824
1434 4449
1456 4239
2723 4106
1280 3003
584 272
3108 3291
524 3881
3199 1636
1410 160
981 1136
3848 190
1486 946
2217 2537
1969 897
970 2994
1268 4139
2988 1685
4476 638
1661 340
2958 220
3265 879
4595 1824
4185 3519
3579 4023
3384 3134
1133 2747
2554 252
3434 1476
4136 3988
9 1415
4397 1793
2228 217
2270 4046
4197 3239
2894 3414
149 2338
1105 1890
4788 4094
2635 1256
299 1407
3346 4539
3721 3775
4120 1425
4186 3933
2968 3297
287 4920
3899 1127
3098 363
3061 311
3682 3809
1724 1573
3438 28
1562 743
3376 1872
4206 4276
2952 1859
4276 879
2312 1040
311 83
4069 4615
1753 3926
2435 3409
2553 3547
1489 1041
4483 1582
3733 4288
1360 801
589 1598
1770 3045
4947 209
4134 4776
3486 1681
1485 2423
4751 3343
3960 2795
215 460
4159 3459
1438 1644
1106 4222
2775 3569
2043 4229
966 3910
582 4745
390 2705
399 2514
4987 1519
1522 711
4602 4301
2740 3136
1634 3873
4616 2096
345 161
1966 4926
4333 469
952 4995
387 2423
1966 1102
2882 3712
2588 2969
4397 3286
4630 273
667 1857
1189 3602
342 269
1862 4384
3759 4787
1261 2253
977 3679
199 4528
841 2850
3005 1915
333 580
40 4680
2861 2856
2492 52
1748 4466
359 3390
1808 3266
723 598
4125 3991
1266 2503
1052 3263
1487 4647
3214 2334
1055 1491
3236 292
334 947
3099 3195
264 4788
750 1282
1087 903
879 2913
1330 4019
3937 265
3958 4147
3322 689
1223 3450
3556 2519
3674 2663
1692 2078
1325 4812
2934 418
2504 1878
1020 4288
3720 3713
3450 4435
885 1406
4603 423
2633 4854
4503 39
2333 3578
3116 121
23 1869
343 3609
3669 1405
4847 594
4424 3703
3705 1867
76 857
911 1095
2181 1295
4408 2131
1939 4492
640 2048
2800 4577
453 664
3839 1670
2344 2282
2502 4205
708 1927
1320 828
267 3847
3733 1541
4260 3467
3545 3162
301 1015
1618 1997
1430 4930
1834 4990
3969 1693
4793 541
1036 485
2886 3745
2728 738
3037 1779
4368 4091
4587 2350
3922 19
1476 2745
1411 2486
599 3267
3190 1677
3772 2848
1770 1149
3791 1637
2982 2646
3966 4124
4834 1833
2023 893
4412 4558
635 711
1609 2200
499 4465
1735 3110
2889 655
4086 624
1670 4234
4539 1518
4217 2625
655 2203
4659 2516
607 802
3397 2891
4558 4985
2822 3753
3288 165
2739 4725
4915 744
896 4404
4499 3641
2213 4077
1080 110
1028 4878
3356 4789
2011 2261
4927 2920
2360 3124
1687 3410
3537 4103
3955 2362
2062 3094
3377 1066
3861 4385
2190 4327
2847 254
1125 651
2029 4962
3026 524
1663 148
4858 4047
4263 3115
4588 629
4324 621
2567 4042
3562 4151
1500 3038
4377 925
733 2817
4260 2321
2146 2967
4221 4695
2716 3300
2244 703
2216 3196
1645 2856
2307 3946
4735 627
1956 1175
3476 3890
2378 147
4749 2175
309 4113
3329 4888
3662 266
3528 1027
3252 3598
629 3630
632 2965
4356 3250
1131 2733
2228 4019
3768 469
4654 3014
1292 2503
3030 2411
4585 3387
2765 1261
3430 4776
2894 2158
3666 1737
3510 1365
474 2345
2826 4060
3470 2955
3330 4672
3054 1007
1018 4859
638 2873
4083 2743
908 1813
2877 533
1925 168
3743 1225
4253 222
949 2971
2890 1555
179 281
3967 828
285 3915
4773 4604
1723 4807
1315 2385
4994 751
1845 913
4240 1798
2452 4562
1638 776
3627 339
7 3724
4914 4573
476 1594
3982 216
2528 4823
393 2592
4929 788
309 2640
4279 3387
2259 1735
4410 756
3886 3715
630 1074
1417 684
4406 221
331 2545
1551 835
3202 1999
4983 4446
926 4594
1124 1389
668 2208
1567 4705
4902 771
432 4285
4381 2668
1445 1745
1028 1476
926 403
2941 1360
725 160
4798 2467
1444 4948
899 730
695 4514
1038 2993
2077 3642
3799 4622
1772 877
2393 2323
3904 4123
2057 2612
3925 2036
646 1634
375 3753
88 2192
929 3719
4967 2210
1436 2644
1359 4415
924 4450
3225 976
105 2785
2958 2109
2122 1328
3648 1834
131 778
589 169
755 1224
1231 3632
4305 173
3003 1412
3742 3094
3891 3399
4679 44
1364 4133
2867 3837
2728 1400
3048 2343
2209 2854
4730 748
1336 2012
3616 4681
990 1178
534 3971
389 3831
1187 3504
903 4260
4561 2988
4287 3143
1649 775
32 2399
2640 2129
3179 4601
4384 3120
1206 2567
4371 1200
2418 2599
4457 3629
3501 3931
4854 1172
305 4214
425 3589
2717 3708
1505 4497
1619 1651
3247 4838
2899 1007
1633 1325
2135 1138
578 4124
3593 1812
2235 1909
963 1054
2898 4129
2535 1873
1557 2068
1750 1136
2756 2330
143 1174
850 2439
1347 3215
2862 2056
2383 4433
1620 4637
31 3373
2589 2108
1324 2294
2421 323
786 4965
4172 2176
3241 3733
3128 4613
4845 4575
4327 519
2467 1674
3987 4477
512 3335
4960 505
4693 4780
1777 741
1845 1369
953 3751
4071 3382
777 426
4614 3870
256 1387
3617 1081
311 387
3497 3222
2687 1386
636 1132
4595 1027
1448 3866
4993 3983
3396 1952
4886 1324
2075 1664
3704 1838
2141 1228
126 1791
27 1295
871 455
1383 4684
1698 2066
3449 852
4223 4495
4704 3407
3836 4130
771 2332
3072 653
1041 3954
2166 4208
617 4470
4727 299
4213 3676
1102 251
2373 1635
2484 1116
3353 3357
1347 849
685 850
2408 2498
4333 855
1045 3321
4905 540
1267 3743
296 4504
4049 1901
2738 103
2306 1015
4228 3031
3410 1253
2280 1308
320 2682
502 3925
4825 2167
749 4054
1685 358
4040 3905
3684 2730
824 2883
2075 328
3102 1080
3822 2571
4995 3216
188 4019
377 4269
1281 889
317 921
2492 1936
3403 3127
3739 1350
3595 2442
3928 404
1717 4073
2482 2614
1405 4318
4734 630
3102 4403
825 3057
3219 3282
4902 2722
4898 3566
187 2214
3778 88
2552 3677
1419 1798
2778 3151
1604 1767
2751 55
4042 4465
1464 4131
2469 3296
4805 3219
2016 4675
1677 4108
4984 1184
4858 2234
1732 2000
2196 3945
4612 4906
3667 3119
1388 4418
2678 4098
4009 4587
1633 1094
738 2139
845 737
54 2798
2334 592
2056 4148
642 3295
2776 2579
4888 1893
4396 4863
4324 1584
2737 3680
167 710
1318 4130
1602 582
1992 1718
622 3925
1982 3739
1362 4341
1267 1272
202 1807
3244 1206
864 1740
3006 2153
3191 2332
1781 4963
275 1074
4666 3140
1815 2645
1241 3857
4056 2442
869 2757
1248 319
3341 909
4223 2872
1177 3853
2678 1646
2383 2850
3497 2063
4339 3817
2589 1318
3142 364
1379 3505
1259 4698
4651 4938
4486 4574
2962 2512
645 938
4753 3250
3010 96
1402 1929
4537 4161
2522 4042
4977 4011
2762 694
2593 2801
1947 4790
2038 4584
2054 2778
3633 1100
2109 1856
3289 1579
2078 3018
3441 2100
4668 3768
2843 2475
2340 2625
1254 4944
4604 355
728 1011
26 4751
3682 3162
4658 1671
3685 1395
1941 1178
974 331
1270 4603
1144 1952
2833 1409
2828 4003
4341 3432
4645 2460
1602 4739
1621 210
4517 864
2146 2788
1044 4197
866 1971
1630 2625
4728 4403
4351 242
895 1561
2660 4319
4966 3691
4878 4654
4720 460
3820 666
4618 777
2335 4973
1410 1939
67 3333
2259 4234
3867 2744
680 1210
2476 1807
2858 3202
1470 1777
2375 4589
816 2564
1674 2956
4192 1870
4414 2476
2146 3983
3449 1833
3821 2456
4592 3136
3972 3938
1479 3682
4860 910
2218 3556
3673 3849
2517 3276
2253 1444
910 4649
408 3829
536 537
2808 435
517 503
3360 189
2696 2497
3500 102
3122 3788
442 2504
2709 3594
1145 1128
2035 3219
2626 2748
2874 2495
3118 888
2431 1811
1390 3834
3444 3595
2419 3434
1588 2560
659 147
2333 3762
1387 3652
1259 2756
1462 1708
3504 1222
2951 4604
669 3919
4885 887
1627 2136
2935 3600
2648 529
4659 1174
2276 1770
3439 2041
2068 3510
1040 1530
3507 2366
1118 2952
1981 1041
1691 3084
666 3808
4864 3331
3588 4157
1917 3863
1120 2978
489 4878
2478 3122
2819 419
553 2672
1193 4682
3008 3263
4189 1026
3411 2591
787 1498
1982 3088
3718 4912
4515 2338
1452 858
1179 1326
2752 527
2563 2222
541 584
2169 4845
2398 3009
4118 3464
4124 4860
4816 2300
2376 60
845 952
1223 1993
1805 4357
2257 445
790 971
3872 1163
4548 512
1753 273
844 3837
1391 1445
1146 3765
466 719
2239 2625
814 1222
1043 4238
1990 2275
3584 2844
4772 3590
701 3856
448 2389
2233 4075
398 1793
3206 4888
3338 950
354 2600
4532 4603
1588 3030
4574 4326
4456 4121
4742 2130
4185 4887
1413 413
4818 2749
4492 1993
2178 4002
2701 4860
376 13
3455 4674
3631 255
3004 3258
1726 4919
119 4114
1194 1145
4160 148
3010 3957
3200 3924
906 1136
1413 233
3755 2906
4545 2680
2855 954
2677 1248
4082 694
357 3529
1017 4714
4912 3267
3737 281
1326 4369
3652 3650
2098 302
1273 2298
2386 1797
4413 4711
3580 441
6 4100
2372 3285
4752 330
3696 1940
3238 2485
3538 4480
4606 4682
1899 4266
471 510
3312 683
801 1521
3214 1390
1129 472
1585 4202
1449 3174
950 1083
2916 3957
220 4524
1608 4493
3651 743
3032 3140
4215 3798
3757 4173
455 3808
1997 4581
2833 4257
1276 1677
2714 2956
1943 4365
2557 4667
256 1661
637 2996
3766 664
2040 3243
962 3244
591 3410
3440 4100
3815 3313
2037 470
4928 2071
3206 2435
2690 2632
2969 2426
3635 1146
2504 43
4436 1547
3052 1090
2160 265
1655 2594
2631 202
1238 1704
792 487
2072 4152
4113 3676
2976 2042
932 1174
1738 763
2823 4681
4001 2577
1309 1904
3552 4632
3912 1828
4965 4592
2967 4193
2804 3844
3612 2996
3845 2942
2584 1445
4151 1173
883 3943
1974 1035
2368 2856
4693 886
1252 522
2466 2997
1885 1302
3181 4806
2148 821
61 4542
1956 4287
3513 4592
434 3067
910 4001
929 2924
1120 96
4565 2500
2636 2353
4397 3661
123 1747
3883 1321
4184 394
817 805
4974 1090
238 2113
370 3961
3599 4908
3618 2236
4312 1516
4241 1452
4069 3935
2353 559
4755 3970
3757 4716
586 1710
945 420
80 4883
3670 2514
3447 4292
612 3178
4584 2856
2203 3146
2497 2982
4224 253
993 2204
593 3704
4699 1094
3360 2183
1044 3555
3437 4750
1982 4884
1157 678
4032 1978
2881 1998
3117 2156
4142 4080
1853 4794
2768 4897
2548 3475
237 4278
1794 256
633 3904
2544 4236
4865 466
2195 4566
502 1187
2596 4721
1154 1945
2036 64
4921 1599
2341 731
2598 2848
3706 1226
3141 131
3633 4489
1747 383
3401 225
39 3045
4075 2293
6 2210
3009 4933
4437 3468
4988 1766
183 1345
4741 1505
3052 2833
1035 2750
2516 457
2055 797
1854 1919
4662 685
920 4580
4806 2498
1673 3069
661 4325
4822 2724
1032 4263
2996 2749
1590 4000
3265 1293
4472 4034
993 4694
2342 4482
3384 4259
122 3400
764 2388
4999 2566
946 2958
300 1599
2013 4901
1843 1620
2760 1555
2199 168
2386 318
3169 4094
3104 4225
4393 1485
3794 1999
1231 4861
1509 3260
1578 1281
3372 1231
2189 2720
1940 4013
2615 253
1351 3666
381 2832
376 3612
79 1881
4811 2944
2345 1193
2317 4031
89 3470
3411 2370
79 30
2944 4817
3056 1534
2160 3321
3828 3022
1079 3289
356 1412
3340 3653
3113 3526
1502 4871
1094 956
487 1874
2581 1048
1236 1788
3246 3414
1132 1391
3043 3202
2451 3534
3601 2611
1211 2614
4281 1764
2149 633
4916 1523
2710 1112
1127 2478
2393 1955
2726 78
952 4545
2500 3166
4694 2434
3873 3844
4548 3779
4883 99
4115 289
2421 3518
1484 3127
4065 3660
4660 512
1210 2413
2706 3304
568 871
3303 876
3031 2940
984 215
2546 1864
4990 3315
2382 3805
3750 338
2388 2119
1410 2465
3163 1146
3760 3813
85 4416
1103 4062
4111 2725
1363 2168
3375 1183
3539 272
2765 1806
2341 4712
2145 2327
2214 4855
3668 2936
1851 7
2033 4404
1201 4795
224 2290
2400 4592
2126 4175
2987 4513
1013 1683
4995 4300
4327 2860
3595 1785
3812 1165
2257 1731
1586 592
1363 2633
4353 1647
4823 987
346 1394
1677 794
4297 1388
4005 4004
437 3177
2108 2625
2077 2897
3898 637
240 2199
1278 4453
2279 273
2254 3272
2763 2352
1508 2630
4231 2889
2962 2008
1931 1308
3363 2154
2987 3992
4422 12
806 4927
2569 744
863 3736
954 4337
88 1181
4214 3870
3527 297
852 570
3435 230
3605 4911
4182 4630
716 139
3746 569
832 2442
3808 3151
105 3306
3341 745
3608 2430
213 2146
1777 174
3133 3298
1865 3978
2986 4898
1180 3138
3078 463
3462 1456
996 668
3631 3499
1719 2634
3411 3565
926 1598
454 1435
4108 3664
4050 3541
410 664
2828 2850
3279 3075
593 2193
949 3211
987 1970
2021 2314
1639 3555
766 2163
444 3053
1238 2409
3988 3535
2977 1173
3790 1300
3467 765
1547 2534
670 1176
4743 180
3122 2869
3835 1470
3290 3932
2585 1127
734 3028
1851 1109
4226 751
2101 1691
2067 2836
4562 569
2988 4974
431 1346
3487 4063
1825 1086
418 957
4697 144
1503 4756
2660 2352
2799 3595
3164 1190
1598 3948
2397 3832
4173 4631
2198 672
4409 335
3721 4573
4835 3519
4438 172
970 2593
4293 1880
3800 1536
1133 3790
4007 3845
3992 1760
3706 732
479 175
1619 3381
2171 3199
1668 949
4902 1388
1370 4282
1215 2704
3452 1716
1143 689
3625 1330
4933 210
4325 3558
1073 2486
1323 4327
1121 701
1483 2511
4305 3872
234 2236
4651 4474
76 1328
4763 445
3754 932
2802 2815
2132 515
1765 4023
1404 261
3158 2654
1383 2321
1975 2214
4915 1341
4692 1887
276 714
3075 2428
1248 3989
2644 4860
2822 4975
4641 2105
2351 2570
55 1086
2842 4430
1831 522
3698 2912
3437 249
1553 2405
1933 3996
4883 4391
3281 4755
2981 3497
3932 4203
108 1876
4658 855
3415 950
3496 596
4074 4563
3709 1698
2077 943
4249 4766
3702 1598
2862 2719
702 4115
4145 2092
1357 3604
1601 1780
2431 3093
3492 379
296 2941
4843 4320
3749 4218
4572 3708
2761 4295
1124 3891
3732 2309
2158 2037
262 3971
2839 910
3145 294
3785 3403
2228 374
3426 3861
3289 416
4617 1727
1688 3303
1939 17
3469 3013
480 2385
2110 58
1803 3488
4201 2888
530 2792
4472 2528
4757 633
2626 3256
4109 2086
773 3592
529 2660
1795 3598
3653 4211
3145 1725
2131 3809
4222 4883
567 4141
4815 4468
2078 4264
1194 888
2693 4347
1564 4368
158 3433
187 2732
4308 2930
4486 4365
4502 894
1101 525
3104 3013
1329 1290
4977 1591
1920 2613
789 985
4692 4636
1631 137
4840 3917
2779 2529
3028 3029
1075 350
3456 4322
3162 2951
1427 4728
1296 416
3026 2590
4498 4049
1629 1787
2395 4059
2435 2965
1769 4137
2713 2646
2001 2329
3299 613
3412 4411
3132 1023
582 1879
2222 371
1177 1724
1530 1753
4622 3767
2499 1229
4948 4677
1522 1377
1399 3780
2577 4118
1099 1812
1426 1081
1622 4630
4886 85
2445 3907
593 3248
4488 1519
244 2776
828 1522
3047 3180
3950 1031
3871 1745
4277 1865
3166 4615
1400 710
3575 2537
1576 319
3933 3217
3734 3482
3651 224
2601 2239
811 1240
600 251
3331 2259
3710 3193
2785 4387
4681 4891
3894 2790
3668 156
183 1077
2960 1389
2092 3493
3372 4049
4275 908
3695 1139
413 4307
3842 4722
3807 1613
4032 1943
1110 4259
2962 2120
4969 4846
3085 4330
1764 647
3712 1765
1391 3806
1597 3358
4428 2923
4033 3948
3718 959
4351 2847
645 2870
3078 1378
1504 4742
2920 3778
1279 2675
1526 3300
1198 3004
1657 3900
855 4370
3899 4
3622 1796
2848 1757
3082 3412
2258 3238
1886 3216
144 693
4540 4302
4328 3743
566 487
91 207
3911 973
1112 2620
4458 1323
2412 4829
4596 805
2931 142
3559 3229
1635 2813
1281 3315
2457 3470
1297 1456
255 4806
2269 888
219 1855
322 461
4641 2575
3517 2169
2528 3973
416 2498
4433 1331
4693 1037
2887 2767
2128 3019
3806 3724
4246 3612
1824 2613
3712 657
2514 4858
4633 16
1047 4266
2967 2238
3545 4718
2884 1877
3212 4112
1051 3899
3728 2469
453 4144
4468 2090
433 2678
4164 1296
1248 1307
2124 1510
3554 1386
3956 2512
2662 442
1047 4364
3605 1303
341 2905
1351 4353
67 4555
2310 684
326 3763
4786 1289
2417 3124
3196 1422
1776 3631
3061 1611
3325 4699
2285 4031
4653 4136
1739 380
519 3442
4901 4267
1924 2476
4565 1351
3217 4246
1925 1930
521 3232
780 1711
103 1569
917 3638
1132 1072
2302 1160
1409 705
3513 3493
2892 3973
37 3239
4084 2278
2993 4904
1913 3589
2632 936
3045 91
2492 3071
458 3401
809 4705
3420 2055
1524 3628
185 4425
4922 3414
288 4983
828 4475
714 2835
4953 3847
1790 1200
2551 4312
3501 3858
2977 2562
1746 4298
2211 2588
601 1829
1402 2429
3479 2529
47 503
3491 1530
4532 2232
3123 2093
1135 379
1920 4265
1126 3526
4851 589
2610 1262
1914 1064
343 4153
2548 607
615 3184
3281 1509
4845 1484
4172 2484
1288 4137
3277 648
3797 1884
171 4336
4497 3237
2794 1534
2816 4450
4359 3221
236 315
3208 475
3638 376
2232 4118
2810 1662
1097 4397
468 4046
3110 2415
2791 2314
3518 3448
1174 4300
3060 167
4031 310
2202 332
126 4664
2345 3396
3195 719
502 2336
4378 628
2860 2406
478 2403
1214 3242
4124 246
879 20
1045 1316
4337 1366
3216 2927
4724 1908
2886 3296
640 3607
291 1156
4652 1345
3671 1013
2239 41
1920 2387
2859 2032
3269 4121
709 1836
204 2483
2113 3318
3217 4664
4999 1164
3604 921
4173 1246
4843 3465
3363 4518
2833 260
1119 1309
3075 3032
4159 2013
182 2096
3718 3894
740 421
354 553
222 4591
3773 858
2888 4249
1674 1118
4570 2867
864 738
850 3805
2216 3456
3369 3640
1564 1395
1153 1463
2571 72
543 883
778 3119
3127 1598
517 3540
3418 3304
2122 1214
2143 4769
4626 2511
2358 1319
4424 586
1702 611
1927 1381
366 1111
982 673
774 4038
4656 678
2816 3755
1758 2261
4882 58
1661 1046
2374 1340
2291 3556
1702 2018
4951 1772
3526 397
23 2738
4376 1337
4481 3254
3657 4199
3282 1586
2049 1027
1282 846
1220 1309
599 3740
4430 2541
2204 2968
2506 3336
3107 2686
1973 170
1014 1348
680 1188
1992 22
4944 4127
3483 1947
1872 4550
2494 1015
4475 901
3139 2479
3826 4342
2506 214
1722 560
3063 4188
1743 683
4315 2446
1490 4463
4225 2906
3828 4965
1606 1243
4577 317
3990 2915
108 3082
232 184
1681 599
2 581
84 851
4309 2656
1925 1938
4664 1860
274 4917
144 3778
721 1502
4296 4812
3854 626
1879 4245
567 4209
3408 1750
4179 3288
3358 1049
2726 2949
1745 1326
4680 4811
1415 2208
3610 3877
2569 3723
1715 3622
4774 1582
857 725
3826 25
4269 2900
1163 510
1568 2655
4060 4398
4852 4204
1266 1517
1376 3906
1366 2870
911 4924
2499 3227
4076 4497
2677 2697
4072 4264
996 4425
2067 2335
4748 1862
1850 1760
4668 1166
3367 4319
3231 386
2120 366
3221 3370
1035 4697
3803 3770
4429 2533
216 3729
4532 2650
4679 2312
3856 1145
1699 3764
770 2998
2995 448
4541 3692
419 464
2310 4972
1130 3543
1415 2831
2974 1441
4403 1443
1721 1373
4299 3632
198 2183
1236 4211
2640 1038
2327 3539
730 3018
4146 3830
4684 47
2417 2409
4918 3094
646 4761
775 4193
813 3477
2240 2360
2114 3117
1670 4653
3358 182
2400 4042
2149 2393
568 453
448 3353
677 1491
1044 830
1563 2851
2282 4994
4478 1589
3623 3127
4368 858
4629 4988
3842 4912
1932 343
1692 3122
3211 4448
4314 3846
3233 3292
1309 2689
2135 1987
1698 3946
3849 2049
614 3413
270 4177
1399 4874
3813 1072
3371 505
2363 2169
3386 2088
518 3349
3293 4463
3414 1452
2695 2330
3190 125
1787 3563
3887 3176
753 892
580 4583
921 3874
3270 1215
1115 3536
275 4614
2218 2813
3157 4508
3830 705
3618 3552
831 3086
3856 2771
1689 3929
1764 3328
3725 4326
2758 1093
1536 4974
808 2521
3149 432
1147 2789
2968 1977
3079 3857
4996 3254
280 4063
2552 2238
670 2430
4698 2275
4347 926
3525 4964
3137 3431
4241 2770
3415 1315
1618 2323
807 3458
3116 4723
4293 3690
3254 4516
3552 2512
2048 3916
2248 3763
4622 1093
574 3239
3963 1863
1455 1730
997 3587
1595 1028
2285 4721
2268 4502
3135 451
2851 3413
3540 3460
856 322
4459 2376
255 475
824 4842
3378 3366
4102 1300
1974 1478
4860 4785
2938 3099
4536 1714
4448 1750
245 4687
2499 4553
3993 3137
1507 3922
442 1624
3619 15
1103 1960
3817 3231
212 1862
293 3470
1129 4968
69 4710
3931 238
3859 2414
4030 3002
1242 2665
1619 4442
4075 3438
1138 1910
1621 3129
131 1240
1715 3606
23 1474
235 4963
2397 3329
3256 1730
2503 3194
2369 2787
1073 3219
4818 4720
170 1447
2679 316
1637 1748
2232 4297
1170 878
3446 0
4002 3350
2427 2814
2051 3866
3757 4205
1313 857
408 3601
623 3026
2615 4538
4758 1434
1900 2649
4933 3684
4993 2873
302 2668
50 3827
392 880
4439 430
2346 742
29 110
686 4944
102 1104
2203 2888
3435 346
608 1326
3452 2179
1183 4621
1714 4704
3498 2466
3523 2748
4751 4469
1914 4806
2740 2541
2898 211
3702 2939
2828 1057
1042 3722
4481 2261
4814 1905
2914 3375
2762 956
183 671
2848 2174
3068 1113
13 2310
3086 112
1707 2886
3799 3482
2898 4421
499 2426
2082 3654
2430 2906
1514 1410
4330 379
1567 975
1167 575
716 68
1747 4948
3276 4265
356 233
4021 1385
3796 3219
3027 71
2866 2544
4464 4412
4188 37
562 1774
510 1751
402 3632
2882 1536
549 260
3574 2017
1567 3927
3602 1255
2886 424
733 4443
3940 1506
481 3292
2883 1694
1923 4636
4373 2891
650 430
322 4452
3301 3120
2444 1252
810 1155
1046 2909
1157 3750
1870 1865
2807 4532
1221 1922
4172 2557
3330 409
2198 2487
4272 1568
2383 2286
3902 1326
4351 3767
1328 4534
2113 2853
4401 1345
3710 2996
2069 4844
1003 1202
3731 1805
3860 3663
4976 300
2488 3702
718 2927
4002 1788
1787 4348
1022 2202
403 4267
1733 1831
279 2945
308 2923
2865 347
2188 2606
2152 808
4728 3140
4489 266
1991 1564
1970 1518
334 656
3148 1543
3643 1917
4280 135
3399 1101
1361 150
3536 1186
4934 3535
586 2123
2640 654
1416 442
1846 2893
1951 3101
805 212
2625 4454
589 74
3012 3109
1901 877
1632 2177
4933 2172
3888 2096
1192 1295
2713 2398
3459 2796
3810 3548
1018 565
4489 1202
4753 1029
3623 4969
10 1211
4830 1576
4195 3824
1719 2349
1903 4003
4156 3371
4658 4196
3946 4698
3078 2520
1739 389
3941 3468
2575 2401
323 3000
516 4572
2978 4468
3962 480
4206 2830
691 3691
2749 1748
4105 4154
4194 4084
946 3902
2188 1522
4662 951
3885 1903
2483 1453
364 4604
2672 4776
3151 1575
3821 1175
1255 2414
2438 1950
3340 2457
3208 4678
866 1497
3658 4767
841 1809
1 793
4068 1330
4265 294
2699 3799
3844 3748
4745 2401
928 3101
3772 3485
804 1417
1680 1618
1987 944
1814 4703
695 113
2770 3905
924 4982
3720 386
227 711
2013 1609
4296 632
966 3676
615 1500
3423 282
2122 4001
3418 3818
4729 3666
1584 3335
967 486
3023 2710
2742 306
2824 1509
1973 2052
63 1904
361 3727
4242 504
54 1473
322 4767
349 2266
2192 3701
1501 3733
720 30
4631 3632
429 796
1429 4306
1538 3168
4966 3267
3544 2048
4991 3754
2673 3449
4181 1004
1015 4936
3060 3565
551 4732
1930 1507
803 4568
418 3237
3797 4289
1402 3248
3693 3037
1327 264
2488 2949
2022 341
2484 2454
2165 4178
1518 3165
57 1146
2616 517
400 1399
814 3801
281 4156
4234 1788
2612 1612
3861 1897
2864 2936
1009 3236
980 3255
1281 1983
3898 3738
258 3803
3306 1246
2145 99
3586 2045
3597 2626
1514 1454
1320 4386
1385 3535
4635 1454
2913 468
4027 2004
4135 2761
1725 3331
2919 4888
4147 2492
2158 883
4995 3315
2686 3873
74 2405
494 1342
1834 247
3643 312
1809 2071
945 4276
4163 2401
3143 2966
4796 2455
1270 3338
4665 854
2510 931
1788 180
1543 2503
1103 1270
836 429
2818 1890
3474 3753
185 3916
4499 1694
1383 1116
2987 3393
768 2249
2397 4218
493 2168
4798 4360
3114 3929
1033 3649
1125 3560
3750 2516
897 3872
2030 554
542 2565
443 1980
594 1709
191 883
2505 4479
2395 264
617 4874
2782 2563
2388 1163
2331 4268
4601 3436
3676 1215
2768 4197
4887 822
2493 4324
2386 4415
3254 3489
2895 4700
1334 2435
1281 3504
1851 4070
1988 138
4362 3943
1638 3186
2024 3927
1896 3166
4935 359
4134 1716
2037 2216
544 861
2538 2514
107 4999
992 4560
667 1927
137 3569
792 2186
4344 2296
3564 818
2504 3406
102 2814
1695 2795
1000 2303
1848 4190
1717 603
562 1118
1523 2668
3486 1828
801 355
4176 4923
3275 579
3787 6
4794 328
1764 4575
758 1045
3308 1050
2952 244
3390 2575
792 3702
1688 2487
3701 1928
998 2366
4346 1057
1821 4301
4042 2987
3603 3911
3101 2027
3358 1747
3496 2846
1994 1407
2203 1675
3546 3588
3878 280
2670 2919
4297 1997
857 596
4064 2558
1398 2566
2762 489
1581 165
4125 4129
4723 3744
1034 3026
4132 3085
2617 297
4854 330
3791 1625
4560 1101
3765 562
3272 497
2848 321
354 3489
2209 2223
3313 2255
3452 3521
1564 4299
1386 1045
1628 2468
1419 2861
1887 4833
2434 2584
3892 2073
97 3490
158 1644
3657 2575
327 4609
2855 555
2907 432
4901 401
83 3311
657 286
2787 2771
3795 3302
934 1189
3153 2393
4950 4282
1296 4694
84 3920
1051 3135
3255 2829
4818 1288
1046 4185
4342 4683
2445 2294
133 1201
182 3351
3100 526
656 1075
4341 1270
4549 3872
777 2440
766 3862
976 1531
2281 2712
4944 3251
43 2341
380 4442
2809 2697
3165 3258
469 3700
2768 4058
722 4018
4915 281
4063 3290
1980 2208
1868 121
1087 4819
2013 2820
2549 1445
2251 4235
483 589
1978 381
1652 2620
1898 2934
2310 2331
1887 1751
4218 2020
2263 4616
3074 364
2609 4731
2280 2522
2016 4066
4111 3700
851 2999
2253 1285
1817 4872
254 4288
417 3396
3012 3685
3213 2719
3401 3261
4812 4609
3190 535
3429 4762
321 734
2558 4054
816 1765
3494 3876
4894 700
272 4820
2587 3674
370 90
345 403
967 2827
2374 3629
4996 1445
4774 4271
2303 2854
3481 540
2427 2304
664 4652
1317 370
1918 3970
3242 2738
2287 520
1942 1416
646 2848
2145 4883
776 3772
601 1505
4961 2330
267 710
3782 919
3317 3510
1373 862
4887 1892
2894 2221
4601 4765
2 64
1067 304
3760 2464
1450 972
401 3228
4511 656
129 4043
3043 1051
4282 1605
3082 2082
4969 2015
3941 4796
4622 1205
442 2826
1031 1546
788 3053
4027 2811
2684 4560
4710 3329
248 2747
1329 4853
2732 1629
139 1538
2856 2678
1699 890
3202 3572
3995 4020
2183 4890
2043 3867
25 670
1750 2478
756 3152
2738 81
834 133
673 760
573 2460
465 592
3817 2303
